Time_PC,Time_Dev,Target,Yaw,Rate,Servo_Angle,Servo_PWM
1768640185.6893847,0,0.0,-0.01,-0.03,90.0,307.0
1768640185.6899223,20,0.0,-0.01,-0.08,90.0,307.0
1768640185.6987085,40,0.0,-0.01,-0.01,90.0,307.0
1768640185.7087584,60,0.0,-0.01,0.06,90.0,307.0
1768640185.731666,80,0.0,-0.01,-0.01,91.0,309.0
1768640185.7425833,100,0.0,-0.01,-0.01,90.0,307.0
1768640185.7681832,120,0.0,-0.01,-0.04,90.0,307.0
1768640185.785618,140,0.0,-0.01,0.02,90.0,307.0
1768640185.799245,160,0.0,-0.01,-0.01,90.0,307.0
1768640185.8102224,180,0.0,-0.01,-0.05,90.0,307.0
1768640185.838867,200,0.0,-0.01,-0.01,90.0,307.0
1768640185.8605793,220,0.0,-0.01,-0.01,90.0,307.0
1768640185.8700972,240,0.0,-0.01,0.03,90.0,307.0
1768640185.9025505,260,0.0,-0.01,0.06,90.0,307.0
1768640185.9294121,280,0.0,-0.01,-0.08,90.0,307.0
1768640185.9455864,300,0.0,-0.01,0.03,90.0,307.0
1768640185.9600434,320,0.0,-0.01,0.06,90.0,307.0
1768640185.967902,340,0.0,-0.01,-0.01,90.0,307.0
1768640186.004426,360,0.0,-0.01,-0.01,90.0,307.0
1768640186.0220354,380,0.0,-0.01,-0.03,90.0,307.0
1768640186.030126,400,0.0,-0.01,-0.01,90.0,307.0
1768640186.053006,420,0.0,-0.01,-0.05,90.0,307.0
1768640186.0626569,440,0.0,-0.01,-0.08,90.0,307.0
1768640186.103111,460,0.0,-0.01,-0.08,90.0,307.0
1768640186.1318858,480,0.0,-0.01,-0.01,91.0,309.0
1768640186.1355264,500,0.0,-0.01,-0.08,90.0,307.0
1768640186.159984,520,0.0,-0.02,-0.08,90.0,307.0
1768640186.186826,540,0.0,-0.02,0.06,90.0,307.0
1768640186.194356,560,0.0,-0.02,0.06,91.0,309.0
1768640186.212784,580,0.0,-0.02,-0.01,90.0,307.0
1768640186.2230191,600,0.0,-0.02,-0.15,90.0,307.0
1768640186.2679994,620,0.0,-0.02,-0.01,90.0,307.0
1768640186.2858062,640,0.0,-0.02,-0.08,90.0,307.0
1768640186.2875373,660,0.0,-0.02,-0.1,90.0,307.0
1768640186.3248675,680,0.0,-0.02,0.13,89.0,305.0
1768640186.350281,700,0.0,-0.02,-0.01,90.0,307.0
1768640186.3563666,720,0.0,-0.02,-0.01,90.0,307.0
1768640186.3734765,740,0.0,-0.02,-0.01,90.0,307.0
1768640186.3835506,760,0.0,-0.02,-0.01,90.0,307.0
1768640186.431425,780,0.0,-0.02,-0.01,91.0,309.0
1768640186.4387524,800,0.0,-0.02,-0.08,91.0,309.0
1768640186.4696617,820,0.0,-0.02,-0.08,90.0,307.0
1768640186.4728003,840,0.0,-0.02,0.02,90.0,307.0
1768640186.5061219,860,0.0,-0.02,-0.01,90.0,307.0
1768640186.5267925,880,0.0,-0.03,-0.01,90.0,307.0
1768640186.5317905,900,0.0,-0.03,-0.08,90.0,307.0
1768640186.5542858,920,0.0,-0.03,0.06,90.0,307.0
1768640186.5816963,940,0.0,-0.03,-0.08,90.0,307.0
1768640186.5924613,960,0.0,-0.03,-0.08,90.0,307.0
1768640186.614033,980,0.0,-0.03,0.11,90.0,307.0
1768640186.624292,1000,0.0,-0.03,0.06,90.0,307.0
1768640186.6791894,1020,0.0,-0.03,-0.08,90.0,307.0
1768640186.6983316,1040,0.0,-0.03,-0.01,90.0,307.0
1768640186.7209685,1060,0.0,-0.03,0.06,90.0,307.0
1768640186.7390811,1080,0.0,-0.03,-0.08,90.0,307.0
1768640186.7510254,1100,0.0,-0.03,-0.04,90.0,307.0
1768640186.7730784,1120,0.0,-0.03,-0.04,90.0,307.0
1768640186.7832694,1140,0.0,-0.03,-0.08,90.0,307.0
1768640186.8040774,1160,0.0,-0.03,-0.08,90.0,307.0
1768640186.8423915,1180,0.0,-0.03,-0.08,90.0,307.0
1768640186.8556352,1200,0.0,-0.03,-0.03,90.0,307.0
1768640186.876299,1220,0.0,-0.03,-0.08,90.0,307.0
1768640186.885091,1240,0.0,-0.03,0.03,91.0,309.0
1768640186.907623,1260,0.0,-0.03,0.13,90.0,307.0
1768640186.9275897,1280,0.0,-0.03,-0.08,90.0,307.0
1768640186.9494934,1300,0.0,-0.04,-0.01,90.0,307.0
1768640186.9584856,1320,0.0,-0.04,-0.01,90.0,307.0
1768640186.9916818,1340,0.0,-0.04,-0.01,90.0,307.0
1768640187.0251064,1360,0.0,-0.04,-0.06,90.0,307.0
1768640187.0300677,1380,0.0,-0.04,-0.01,90.0,307.0
1768640187.0608437,1400,0.0,-0.04,-0.01,90.0,307.0
1768640187.0800693,1420,0.0,-0.04,-0.08,90.0,307.0
1768640187.0892231,1440,0.0,-0.04,-0.08,90.0,307.0
1768640187.1111724,1460,0.0,-0.04,-0.01,90.0,307.0
1768640187.119269,1480,0.0,-0.04,-0.15,90.0,307.0
1768640187.1440003,1500,0.0,-0.04,0.06,90.0,307.0
1768640187.17386,1520,0.0,-0.04,-0.08,90.0,307.0
1768640187.1963735,1540,0.0,-0.04,-0.08,90.0,307.0
1768640187.205989,1560,0.0,-0.04,-0.01,91.0,309.0
1768640187.2365673,1580,0.0,-0.04,0.01,90.0,307.0
1768640187.2458022,1600,0.0,-0.04,0.06,91.0,309.0
1768640187.2705488,1620,0.0,-0.04,-0.15,90.0,307.0
1768640187.280156,1640,0.0,-0.05,-0.08,90.0,307.0
1768640187.3125792,1660,0.0,-0.05,-0.08,90.0,307.0
1768640187.334694,1680,0.0,-0.05,-0.15,90.0,307.0
1768640187.344897,1700,0.0,-0.05,0.03,90.0,307.0
1768640187.3680053,1720,0.0,-0.05,-0.08,90.0,307.0
1768640187.3997433,1740,0.0,-0.05,-0.08,90.0,307.0
1768640187.4103837,1760,0.0,-0.05,-0.08,90.0,307.0
1768640187.4314225,1780,0.0,-0.05,-0.01,90.0,307.0
1768640187.4417484,1800,0.0,-0.05,-0.08,90.0,307.0
1768640187.463348,1820,0.0,-0.05,-0.01,90.0,307.0
1768640187.4952223,1840,0.0,-0.05,-0.05,91.0,309.0
1768640187.505266,1860,0.0,-0.05,0.11,90.0,307.0
1768640187.5269525,1880,0.0,-0.05,-0.08,90.0,307.0
1768640187.5355663,1900,0.0,-0.05,-0.08,90.0,307.0
1768640187.56983,1920,0.0,-0.05,-0.01,90.0,307.0
1768640187.5917115,1940,0.0,-0.05,-0.08,90.0,307.0
1768640187.6051402,1960,0.0,-0.05,0.03,90.0,307.0
1768640187.6232781,1980,0.0,-0.05,0.06,90.0,307.0
1768640187.6550934,2000,0.0,-0.05,-0.01,90.0,307.0
1768640187.6653574,2020,0.0,-0.06,-0.01,90.0,307.0
1768640187.6878645,2040,0.0,-0.06,-0.01,90.0,307.0
1768640187.7059898,2060,0.0,-0.06,-0.08,90.0,307.0
1768640187.7307985,2080,0.0,-0.06,-0.01,90.0,307.0
1768640187.7532341,2100,0.0,-0.06,-0.12,90.0,307.0
1768640187.7622123,2120,0.0,-0.06,-0.08,90.0,307.0
1768640187.7837856,2140,0.0,-0.06,-0.08,90.0,307.0
1768640187.800159,2160,0.0,-0.06,0.16,90.0,307.0
1768640187.8179452,2180,0.0,-0.06,0.01,90.0,307.0
1768640187.848228,2200,0.0,-0.06,-0.01,90.0,307.0
1768640187.8570652,2220,0.0,-0.06,-0.01,90.0,307.0
1768640187.8938963,2240,0.0,-0.06,0.01,90.0,307.0
1768640187.915209,2260,0.0,-0.06,-0.01,90.0,307.0
1768640187.9277356,2280,0.0,-0.06,-0.04,90.0,307.0
1768640187.9514055,2300,0.0,-0.06,-0.12,90.0,307.0
1768640187.9770951,2320,0.0,-0.06,-0.01,90.0,307.0
1768640187.9862936,2340,0.0,-0.06,0.03,90.0,307.0
1768640188.0087976,2360,0.0,-0.06,0.06,90.0,307.0
1768640188.0172813,2380,0.0,-0.06,0.06,90.0,307.0
1768640188.042424,2400,0.0,-0.06,0.01,90.0,307.0
1768640188.0726802,2420,0.0,-0.06,-0.08,90.0,307.0
1768640188.0965068,2440,0.0,-0.06,0.06,90.0,307.0
1768640188.110809,2460,0.0,-0.06,0.06,90.0,307.0
1768640188.1423752,2480,0.0,-0.06,-0.08,90.0,307.0
1768640188.153283,2500,0.0,-0.06,-0.01,90.0,307.0
1768640188.163849,2520,0.0,-0.07,-0.04,90.0,307.0
1768640188.1839652,2540,0.0,-0.06,0.13,90.0,307.0
1768640188.1966097,2560,0.0,-0.06,0.02,90.0,307.0
1768640188.218197,2580,0.0,-0.06,0.06,90.0,307.0
1768640188.249922,2600,0.0,-0.07,-0.08,90.0,307.0
1768640188.2585952,2620,0.0,-0.06,-0.01,90.0,307.0
1768640188.3086398,2640,0.0,-0.06,0.06,90.0,307.0
1768640188.3204777,2660,0.0,-0.07,-0.08,90.0,307.0
1768640188.3316627,2680,0.0,-0.07,0.01,90.0,307.0
1768640188.3463693,2700,0.0,-0.07,-0.08,90.0,307.0
1768640188.3776398,2720,0.0,-0.07,-0.08,90.0,307.0
1768640188.3875198,2740,0.0,-0.07,-0.01,90.0,307.0
1768640188.412325,2760,0.0,-0.07,0.06,90.0,307.0
1768640188.4195518,2780,0.0,-0.07,-0.15,91.0,309.0
1768640188.4526649,2800,0.0,-0.07,0.06,91.0,309.0
1768640188.473743,2820,0.0,-0.07,0.06,90.0,307.0
1768640188.491341,2840,0.0,-0.07,-0.08,90.0,307.0
1768640188.509713,2860,0.0,-0.07,-0.08,90.0,307.0
1768640188.5237143,2880,0.0,-0.07,0.03,90.0,307.0
1768640188.5541854,2900,0.0,-0.07,-0.01,90.0,307.0
1768640188.581227,2920,0.0,-0.07,-0.01,90.0,307.0
1768640188.5845165,2940,0.0,-0.07,-0.01,90.0,307.0
1768640188.6185153,2960,0.0,-0.07,-0.15,90.0,307.0
1768640188.628462,2980,0.0,-0.07,-0.01,90.0,307.0
1768640188.6514602,3000,0.0,-0.07,-0.01,90.0,307.0
1768640188.658875,3020,0.0,-0.07,0.06,90.0,307.0
1768640188.692568,3040,0.0,-0.07,-0.08,90.0,307.0
1768640188.7158558,3060,0.0,-0.08,-0.01,90.0,307.0
1768640188.7456312,3080,0.0,-0.08,-0.08,90.0,307.0
1768640188.756393,3100,0.0,-0.08,-0.08,90.0,307.0
1768640188.7827039,3120,0.0,-0.08,-0.08,90.0,307.0
1768640188.798582,3140,0.0,-0.08,-0.04,90.0,307.0
1768640188.8146875,3160,0.0,-0.08,-0.04,90.0,307.0
1768640188.8200061,3180,0.0,-0.08,-0.05,90.0,307.0
1768640188.8558347,3200,0.0,-0.08,-0.01,90.0,307.0
1768640188.893859,3220,0.0,-0.08,0.06,90.0,307.0
1768640188.895649,3240,0.0,-0.08,0.06,90.0,307.0
1768640188.9055915,3260,0.0,-0.08,-0.01,90.0,307.0
1768640188.9389374,3280,0.0,-0.08,-0.08,90.0,307.0
1768640188.9490714,3300,0.0,-0.08,-0.08,90.0,307.0
1768640188.971228,3320,0.0,-0.08,-0.01,90.0,307.0
1768640188.9878497,3340,0.0,-0.08,-0.01,90.0,307.0
1768640189.0070546,3360,0.0,-0.08,0.06,90.0,307.0
1768640189.0374439,3380,0.0,-0.08,-0.01,90.0,307.0
1768640189.058766,3400,0.0,-0.08,-0.01,90.0,307.0
1768640189.0736804,3420,0.0,-0.08,-0.01,90.0,307.0
1768640189.0879204,3440,0.0,-0.08,-0.01,90.0,307.0
1768640189.1095686,3460,0.0,-0.08,-0.08,90.0,307.0
1768640189.1316967,3480,0.0,-0.08,-0.04,90.0,307.0
1768640189.141675,3500,0.0,-0.08,-0.01,90.0,307.0
1768640189.1627169,3520,0.0,-0.08,-0.01,90.0,307.0
1768640189.2068257,3540,0.0,-0.08,-0.08,90.0,307.0
1768640189.2201872,3560,0.0,-0.09,-0.08,90.0,307.0
1768640189.2332664,3580,0.0,-0.09,-0.15,90.0,307.0
1768640189.2439861,3600,0.0,-0.09,-0.01,90.0,307.0
1768640189.2723196,3620,0.0,-0.09,-0.01,90.0,307.0
1768640189.292038,3640,0.0,-0.09,0.02,90.0,307.0
1768640189.3021312,3660,0.0,-0.09,-0.01,90.0,307.0
1768640189.322586,3680,0.0,-0.09,-0.01,90.0,307.0
1768640189.3562515,3700,0.0,-0.09,-0.01,90.0,307.0
1768640189.372458,3720,0.0,-0.09,-0.01,90.0,307.0
1768640189.391285,3740,0.0,-0.09,0.03,91.0,309.0
1768640189.3992004,3760,0.0,-0.09,-0.13,90.0,307.0
1768640189.4340537,3780,0.0,-0.09,-0.04,91.0,309.0
1768640189.4588733,3800,0.0,-0.09,-0.08,90.0,307.0
1768640189.4792464,3820,0.0,-0.09,-0.08,90.0,307.0
1768640189.4896348,3840,0.0,-0.09,-0.04,90.0,307.0
1768640189.5064266,3860,0.0,-0.09,0.02,90.0,307.0
1768640189.5260475,3880,0.0,-0.09,-0.01,90.0,307.0
1768640189.5485463,3900,0.0,-0.09,0.03,90.0,307.0
1768640189.5573015,3920,0.0,-0.09,-0.06,90.0,307.0
1768640189.5878954,3940,0.0,-0.09,0.06,90.0,307.0
1768640189.6143882,3960,0.0,-0.09,-0.08,90.0,307.0
1768640189.6227577,3980,0.0,-0.09,-0.01,90.0,307.0
1768640189.6453185,4000,0.0,-0.09,-0.08,91.0,309.0
1768640189.6698463,4020,0.0,-0.09,0.06,90.0,307.0
1768640189.686818,4040,0.0,-0.09,-0.08,91.0,309.0
1768640189.709179,4060,0.0,-0.09,-0.08,90.0,307.0
1768640189.7177892,4080,0.0,-0.09,-0.04,89.0,305.0
1768640189.7711039,4100,0.0,-0.09,0.03,90.0,307.0
1768640189.7803295,4120,0.0,-0.09,-0.01,90.0,307.0
1768640189.8012862,4140,0.0,-0.09,-0.08,90.0,307.0
1768640189.8066442,4160,0.0,-0.09,-0.01,90.0,307.0
1768640189.842451,4180,0.0,-0.08,0.1,90.0,307.0
1768640189.8494768,4200,0.0,-0.08,0.06,90.0,307.0
1768640189.8592184,4220,0.0,-0.08,0.13,91.0,309.0
1768640189.884155,4240,0.0,-0.08,-0.08,90.0,307.0
1768640189.9176853,4260,0.0,-0.08,-0.01,90.0,307.0
1768640189.9277208,4280,0.0,-0.08,0.06,90.0,307.0
1768640189.9532456,4300,0.0,-0.08,-0.01,90.0,307.0
1768640189.9599602,4320,0.0,-0.08,-0.05,90.0,307.0
1768640189.9851904,4340,0.0,-0.08,0.02,90.0,307.0
1768640190.017342,4360,0.0,-0.08,-0.08,90.0,307.0
1768640190.0242693,4380,0.0,-0.08,-0.15,90.0,307.0
1768640190.0460746,4400,0.0,-0.08,-0.01,90.0,307.0
1768640190.0775745,4420,0.0,-0.08,-0.04,90.0,307.0
1768640190.0875237,4440,0.0,-0.08,-0.01,90.0,307.0
1768640190.1167545,4460,0.0,-0.08,-0.01,90.0,307.0
1768640190.1202762,4480,0.0,-0.08,-0.01,90.0,307.0
1768640190.1532712,4500,0.0,-0.08,-0.01,90.0,307.0
1768640190.1747253,4520,0.0,-0.08,-0.01,90.0,307.0
1768640190.187313,4540,0.0,-0.08,-0.08,90.0,307.0
1768640190.2061791,4560,0.0,-0.08,0.06,90.0,307.0
1768640190.2325857,4580,0.0,-0.08,-0.08,91.0,309.0
1768640190.2546108,4600,0.0,-0.08,0.06,90.0,307.0
1768640190.2711875,4620,0.0,-0.08,-0.01,90.0,307.0
1768640190.2904885,4640,0.0,-0.08,-0.01,90.0,307.0
1768640190.3196945,4660,0.0,-0.08,-0.01,90.0,307.0
1768640190.3292673,4680,0.0,-0.08,0.03,90.0,307.0
1768640190.35239,4700,0.0,-0.08,-0.01,90.0,307.0
1768640190.360741,4720,0.0,-0.08,0.06,90.0,307.0
1768640190.392934,4740,0.0,-0.08,-0.08,90.0,307.0
1768640190.4153345,4760,0.0,-0.08,-0.01,90.0,307.0
1768640190.425219,4780,0.0,-0.08,-0.05,90.0,307.0
1768640190.4482293,4800,0.0,-0.08,0.01,90.0,307.0
1768640190.4805243,4820,0.0,-0.08,-0.08,90.0,307.0
1768640190.49252,4840,0.0,-0.08,-0.01,89.0,305.0
1768640190.5188487,4860,0.0,-0.08,0.06,90.0,307.0
1768640190.5331683,4880,0.0,-0.08,-0.11,90.0,307.0
1768640190.5425828,4900,0.0,-0.08,-0.08,90.0,307.0
1768640190.562006,4920,0.0,-0.09,0.06,91.0,309.0
1768640190.585568,4940,0.0,-0.08,-0.01,90.0,307.0
1768640190.6074097,4960,0.0,-0.08,-0.08,90.0,307.0
1768640190.6313627,4980,0.0,-0.09,-0.01,90.0,307.0
1768640190.661634,5000,0.0,-0.08,-0.01,90.0,307.0
1768640190.6696672,5020,0.0,-0.08,-0.01,90.0,307.0
1768640190.697394,5040,0.0,-0.09,-0.15,90.0,307.0
1768640190.710742,5060,0.0,-0.09,0.09,90.0,307.0
1768640190.7332196,5080,0.0,-0.09,-0.08,90.0,307.0
1768640190.752174,5100,0.0,-0.09,-0.15,90.0,307.0
1768640190.7621374,5120,0.0,-0.09,-0.05,90.0,307.0
1768640190.7828522,5140,0.0,-0.09,0.06,90.0,307.0
1768640190.8167174,5160,0.0,-0.09,-0.01,90.0,307.0
1768640190.8262782,5180,0.0,-0.09,0.04,90.0,307.0
1768640190.8484316,5200,0.0,-0.08,-0.04,90.0,307.0
1768640190.8597693,5220,0.0,-0.08,-0.01,90.0,307.0
1768640190.8911717,5240,0.0,-0.09,-0.08,90.0,307.0
1768640190.9145722,5260,0.0,-0.09,-0.05,90.0,307.0
1768640190.9224532,5280,0.0,-0.09,0.06,90.0,307.0
1768640190.9430492,5300,0.0,-0.09,-0.08,90.0,307.0
1768640190.980099,5320,0.0,-0.09,-0.01,90.0,307.0
1768640191.001031,5340,0.0,-0.09,-0.01,90.0,307.0
1768640191.0277941,5360,0.0,-0.09,-0.08,90.0,307.0
1768640191.0362303,5380,0.0,-0.09,-0.01,90.0,307.0
1768640191.0772753,5400,0.0,-0.09,-0.08,90.0,307.0
1768640191.0943274,5420,0.0,-0.09,-0.01,90.0,307.0
1768640191.095494,5440,0.0,-0.09,-0.01,90.0,307.0
1768640191.1038916,5460,0.0,-0.09,-0.08,90.0,307.0
1768640191.1369126,5480,0.0,-0.09,-0.08,90.0,307.0
1768640191.1511745,5500,0.0,-0.09,-0.08,90.0,307.0
1768640191.170098,5520,0.0,-0.09,-0.08,90.0,307.0
1768640191.1786568,5540,0.0,-0.09,0.1,90.0,307.0
1768640191.2127504,5560,0.0,-0.09,-0.01,90.0,307.0
1768640191.2384934,5580,0.0,-0.09,-0.01,91.0,309.0
1768640191.245056,5600,0.0,-0.09,-0.01,90.0,307.0
1768640191.2641685,5620,0.0,-0.09,0.08,90.0,307.0
1768640191.2769449,5640,0.0,-0.09,0.03,90.0,307.0
1768640191.3076437,5660,0.0,-0.09,-0.01,90.0,307.0
1768640191.329645,5680,0.0,-0.09,-0.01,90.0,307.0
1768640191.3387554,5700,0.0,-0.09,0.03,90.0,307.0
1768640191.3879528,5720,0.0,-0.09,-0.15,90.0,307.0
1768640191.4026358,5740,0.0,-0.09,-0.01,89.0,305.0
1768640191.4045236,5760,0.0,-0.09,-0.01,90.0,307.0
1768640191.4260402,5780,0.0,-0.09,-0.01,91.0,309.0
1768640191.45776,5800,0.0,-0.09,-0.08,89.0,305.0
1768640191.4679236,5820,0.0,-0.09,-0.01,91.0,309.0
1768640191.4962187,5840,0.0,-0.09,0.06,90.0,307.0
1768640191.499044,5860,0.0,-0.09,-0.01,90.0,307.0
1768640191.5348406,5880,0.0,-0.09,-0.01,90.0,307.0
1768640191.559229,5900,0.0,-0.09,-0.01,90.0,307.0
1768640191.5737038,5920,0.0,-0.09,0.03,91.0,309.0
1768640191.585668,5940,0.0,-0.09,-0.01,90.0,307.0
1768640191.6181445,5960,0.0,-0.09,-0.08,90.0,307.0
1768640191.628282,5980,0.0,-0.09,-0.01,90.0,307.0
1768640191.6505115,6000,0.0,-0.09,-0.06,90.0,307.0
1768640191.6634903,6020,0.0,-0.09,0.03,90.0,307.0
1768640191.6918252,6040,0.0,-0.09,-0.04,90.0,307.0
1768640191.7147024,6060,0.0,-0.09,-0.01,90.0,307.0
1768640191.7261667,6080,0.0,-0.09,-0.04,90.0,307.0
1768640191.7484357,6100,0.0,-0.09,-0.05,90.0,307.0
1768640191.7785401,6120,0.0,-0.09,-0.08,91.0,309.0
1768640191.7888162,6140,0.0,-0.09,-0.01,90.0,307.0
1768640191.8105671,6160,0.0,-0.09,-0.06,90.0,307.0
1768640191.8195004,6180,0.0,-0.09,-0.15,90.0,307.0
1768640191.8517816,6200,0.0,-0.09,0.13,90.0,307.0
1768640191.8766434,6220,0.0,-0.09,-0.08,90.0,307.0
1768640191.8900747,6240,0.0,-0.09,-0.11,90.0,307.0
1768640191.9134836,6260,0.0,-0.09,-0.01,90.0,307.0
1768640191.9396274,6280,0.0,-0.09,-0.01,90.0,307.0
1768640191.9562502,6300,0.0,-0.09,0.06,90.0,307.0
1768640191.9644482,6320,0.0,-0.09,-0.01,91.0,309.0
1768640191.9856162,6340,0.0,-0.09,0.06,90.0,307.0
1768640192.0004466,6360,0.0,-0.09,0.06,90.0,307.0
1768640192.039003,6380,0.0,-0.09,0.04,90.0,307.0
1768640192.0517585,6400,0.0,-0.09,-0.08,90.0,307.0
1768640192.0759518,6420,0.0,-0.09,-0.08,90.0,307.0
1768640192.1101363,6440,0.0,-0.09,-0.01,90.0,307.0
1768640192.1170428,6460,0.0,-0.09,-0.04,90.0,307.0
1768640192.1288412,6480,0.0,-0.09,-0.01,90.0,307.0
1768640192.1470861,6500,0.0,-0.09,-0.01,90.0,307.0
1768640192.155781,6520,0.0,-0.09,-0.01,90.0,307.0
1768640192.180298,6540,0.0,-0.09,0.02,90.0,307.0
1768640192.2123814,6560,0.0,-0.09,-0.01,91.0,309.0
1768640192.226309,6580,0.0,-0.09,0.13,90.0,307.0
1768640192.2475452,6600,0.0,-0.09,-0.08,90.0,307.0
1768640192.2756405,6620,0.0,-0.09,-0.01,90.0,307.0
1768640192.2989092,6640,0.0,-0.09,-0.01,90.0,307.0
1768640192.3094254,6660,0.0,-0.09,-0.01,90.0,307.0
1768640192.317892,6680,0.0,-0.09,0.09,91.0,309.0
1768640192.3497322,6700,0.0,-0.09,-0.01,90.0,307.0
1768640192.3712344,6720,0.0,-0.09,0.06,90.0,307.0
1768640192.381278,6740,0.0,-0.09,-0.15,90.0,307.0
1768640192.4123373,6760,0.0,-0.09,0.13,90.0,307.0
1768640192.4401996,6780,0.0,-0.09,-0.08,90.0,307.0
1768640192.4485474,6800,0.0,-0.09,0.03,90.0,307.0
1768640192.4744895,6820,0.0,-0.09,-0.01,90.0,307.0
1768640192.4885483,6840,0.0,-0.09,0.09,90.0,307.0
1768640192.508494,6860,0.0,-0.09,0.02,90.0,307.0
1768640192.5318346,6880,0.0,-0.09,-0.08,90.0,307.0
1768640192.54202,6900,0.0,-0.09,-0.04,90.0,307.0
1768640192.563147,6920,0.0,-0.09,0.06,90.0,307.0
1768640192.5965633,6940,0.0,-0.09,-0.01,90.0,307.0
1768640192.606814,6960,0.0,-0.09,-0.01,90.0,307.0
1768640192.6286619,6980,0.0,-0.09,-0.06,90.0,307.0
1768640192.6410856,7000,0.0,-0.09,-0.01,90.0,307.0
1768640192.6726522,7020,0.0,-0.09,-0.15,90.0,307.0
1768640192.6951025,7040,0.0,-0.09,-0.13,90.0,307.0
1768640192.7029443,7060,0.0,-0.09,-0.01,90.0,307.0
1768640192.723443,7080,0.0,-0.09,-0.04,90.0,307.0
1768640192.7575898,7100,0.0,-0.09,-0.01,90.0,307.0
1768640192.775156,7120,0.0,-0.09,-0.08,90.0,307.0
1768640192.789315,7140,0.0,-0.09,-0.01,90.0,307.0
1768640192.809019,7160,0.0,-0.09,0.06,90.0,307.0
1768640192.8376424,7180,0.0,-0.09,-0.15,90.0,307.0
1768640192.854435,7200,0.0,-0.09,-0.08,90.0,307.0
1768640192.8704903,7220,0.0,-0.09,-0.08,90.0,307.0
1768640192.8781302,7240,0.0,-0.09,-0.05,90.0,307.0
1768640192.9114034,7260,0.0,-0.09,-0.08,90.0,307.0
1768640192.933411,7280,0.0,-0.09,-0.08,90.0,307.0
1768640192.9602988,7300,0.0,-0.09,-0.01,90.0,307.0
1768640192.968229,7320,0.0,-0.09,-0.04,91.0,309.0
1768640192.9937012,7340,0.0,-0.09,0.02,90.0,307.0
1768640193.011206,7360,0.0,-0.09,-0.08,91.0,309.0
1768640193.0335298,7380,0.0,-0.09,-0.08,90.0,307.0
1768640193.039964,7400,0.0,-0.1,-0.01,91.0,309.0
1768640193.0631902,7420,0.0,-0.1,0.06,90.0,307.0
1768640193.0937917,7440,0.0,-0.1,-0.01,90.0,307.0
1768640193.1207287,7460,0.0,-0.1,-0.15,90.0,307.0
1768640193.132917,7480,0.0,-0.1,0.06,90.0,307.0
1768640193.1579523,7500,0.0,-0.09,-0.08,90.0,307.0
1768640193.1717615,7520,0.0,-0.09,-0.01,90.0,307.0
1768640193.1954207,7540,0.0,-0.09,-0.01,90.0,307.0
1768640193.205496,7560,0.0,-0.09,-0.05,90.0,307.0
1768640193.238386,7580,0.0,-0.1,-0.01,90.0,307.0
1768640193.2483234,7600,0.0,-0.1,-0.08,90.0,307.0
1768640193.2703924,7620,0.0,-0.1,0.03,90.0,307.0
1768640193.3009777,7640,0.0,-0.1,-0.01,90.0,307.0
1768640193.3149009,7660,0.0,-0.1,-0.08,90.0,307.0
1768640193.334246,7680,0.0,-0.1,0.06,90.0,307.0
1768640193.3489048,7700,0.0,-0.09,-0.04,90.0,307.0
1768640193.372093,7720,0.0,-0.1,-0.01,90.0,307.0
1768640193.3991766,7740,0.0,-0.1,-0.01,90.0,307.0
1768640193.4086986,7760,0.0,-0.1,-0.01,90.0,307.0
1768640193.4309154,7780,0.0,-0.1,0.03,90.0,307.0
1768640193.4397597,7800,0.0,-0.1,-0.01,90.0,307.0
1768640193.47575,7820,0.0,-0.1,-0.15,90.0,307.0
1768640193.5049915,7840,0.0,-0.1,0.06,91.0,309.0
1768640193.5127056,7860,0.0,-0.1,-0.15,90.0,307.0
1768640193.5379884,7880,0.0,-0.1,-0.01,90.0,307.0
1768640193.559527,7900,0.0,-0.1,-0.08,90.0,307.0
1768640193.5742276,7920,0.0,-0.1,-0.01,90.0,307.0
1768640193.5912058,7940,0.0,-0.1,-0.15,90.0,307.0
1768640193.6013138,7960,0.0,-0.1,-0.01,90.0,307.0
1768640193.6221867,7980,0.0,-0.1,0.06,91.0,309.0
1768640193.6619983,8000,0.0,-0.1,-0.08,90.0,307.0
1768640193.674992,8020,0.0,-0.1,-0.08,91.0,309.0
1768640193.6958675,8040,0.0,-0.1,-0.01,90.0,307.0
1768640193.706639,8060,0.0,-0.1,-0.08,90.0,307.0
1768640193.730609,8080,0.0,-0.1,0.02,90.0,307.0
1768640193.747745,8100,0.0,-0.1,-0.04,90.0,307.0
1768640193.7690558,8120,0.0,-0.1,0.06,90.0,307.0
1768640193.7764237,8140,0.0,-0.1,-0.01,91.0,309.0
1768640193.8096368,8160,0.0,-0.1,-0.01,90.0,307.0
1768640193.8335216,8180,0.0,-0.1,-0.15,90.0,307.0
1768640193.849461,8200,0.0,-0.1,0.06,90.0,307.0
1768640193.8634188,8220,0.0,-0.1,-0.08,90.0,307.0
1768640193.8985918,8240,0.0,-0.1,-0.01,90.0,307.0
1768640193.9166782,8260,0.0,-0.1,-0.01,90.0,307.0
1768640193.9349818,8280,0.0,-0.1,-0.01,90.0,307.0
1768640193.9396918,8300,0.0,-0.1,-0.08,90.0,307.0
1768640193.9701884,8320,0.0,-0.1,-0.01,90.0,307.0
1768640193.9916556,8340,0.0,-0.1,-0.08,90.0,307.0
1768640194.002035,8360,0.0,-0.1,-0.01,90.0,307.0
1768640194.027837,8380,0.0,-0.1,-0.15,90.0,307.0
1768640194.0642405,8400,0.0,-0.1,-0.01,90.0,307.0
1768640194.066646,8420,0.0,-0.1,0.13,90.0,307.0
1768640194.0888963,8440,0.0,-0.1,-0.01,90.0,307.0
1768640194.1048305,8460,0.0,-0.1,-0.01,90.0,307.0
1768640194.1306324,8480,0.0,-0.1,-0.08,90.0,307.0
1768640194.1524112,8500,0.0,-0.1,0.02,90.0,307.0
1768640194.162705,8520,0.0,-0.1,-0.01,90.0,307.0
1768640194.183578,8540,0.0,-0.1,-0.01,90.0,307.0
1768640194.2197046,8560,0.0,-0.1,0.09,90.0,307.0
1768640194.2422748,8580,0.0,-0.1,0.06,90.0,307.0
1768640194.255602,8600,0.0,-0.1,-0.08,90.0,307.0
1768640194.2920208,8620,0.0,-0.1,-0.08,90.0,307.0
1768640194.2986445,8640,0.0,-0.1,-0.01,90.0,307.0
1768640194.3127842,8660,0.0,-0.1,-0.01,90.0,307.0
1768640194.3224857,8680,0.0,-0.1,0.03,90.0,307.0
1768640194.3437192,8700,0.0,-0.1,0.03,90.0,307.0
1768640194.3783715,8720,0.0,-0.1,-0.01,91.0,309.0
1768640194.3952756,8740,0.0,-0.1,-0.01,90.0,307.0
1768640194.4208658,8760,0.0,-0.1,-0.04,90.0,307.0
1768640194.4379318,8780,0.0,-0.1,-0.01,90.0,307.0
1768640194.4619308,8800,0.0,-0.1,0.06,90.0,307.0
1768640194.4737349,8820,0.0,-0.09,-0.01,90.0,307.0
1768640194.492157,8840,0.0,-0.09,-0.08,90.0,307.0
1768640194.4985156,8860,0.0,-0.1,-0.08,90.0,307.0
1768640194.5317478,8880,0.0,-0.1,-0.08,91.0,309.0
1768640194.555229,8900,0.0,-0.1,0.06,90.0,307.0
1768640194.5672152,8920,0.0,-0.1,-0.01,90.0,307.0
1768640194.5900857,8940,0.0,-0.09,-0.08,90.0,307.0
1768640194.61949,8960,0.0,-0.09,-0.08,90.0,307.0
1768640194.632616,8980,0.0,-0.09,0.06,90.0,307.0
1768640194.6498814,9000,0.0,-0.09,0.06,90.0,307.0
1768640194.659124,9020,0.0,-0.09,-0.01,90.0,307.0
1768640194.6914673,9040,0.0,-0.09,-0.05,90.0,307.0
1768640194.7176652,9060,0.0,-0.09,-0.01,91.0,309.0
1768640194.7306728,9080,0.0,-0.09,0.13,90.0,307.0
1768640194.7454658,9100,0.0,-0.09,0.03,90.0,307.0
1768640194.7795722,9120,0.0,-0.09,-0.08,90.0,307.0
1768640194.8014073,9140,0.0,-0.09,-0.08,90.0,307.0
1768640194.8125734,9160,0.0,-0.09,0.06,90.0,307.0
1768640194.8207648,9180,0.0,-0.09,0.06,90.0,307.0
1768640194.8517604,9200,0.0,-0.09,-0.01,90.0,307.0
1768640194.8740172,9220,0.0,-0.09,-0.1,90.0,307.0
1768640194.8997343,9240,0.0,-0.09,0.06,90.0,307.0
1768640194.9070456,9260,0.0,-0.09,0.06,90.0,307.0
1768640194.9377222,9280,0.0,-0.09,0.06,90.0,307.0
1768640194.9488926,9300,0.0,-0.09,-0.01,90.0,307.0
1768640194.9753401,9320,0.0,-0.09,-0.01,90.0,307.0
1768640194.9815593,9340,0.0,-0.09,-0.04,90.0,307.0
1768640195.0126595,9360,0.0,-0.09,-0.01,90.0,307.0
1768640195.0348158,9380,0.0,-0.09,-0.08,90.0,307.0
1768640195.0447407,9400,0.0,-0.09,-0.01,90.0,307.0
1768640195.0738592,9420,0.0,-0.09,-0.08,90.0,307.0
1768640195.0997412,9440,0.0,-0.09,-0.08,90.0,307.0
1768640195.1153333,9460,0.0,-0.09,0.06,89.0,305.0
1768640195.1403618,9480,0.0,-0.09,-0.05,90.0,307.0
1768640195.156367,9500,0.0,-0.09,-0.08,91.0,309.0
1768640195.1734319,9520,0.0,-0.09,-0.08,90.0,307.0
1768640195.1946826,9540,0.0,-0.09,0.06,90.0,307.0
1768640195.204619,9560,0.0,-0.09,0.02,90.0,307.0
1768640195.2273536,9580,0.0,-0.09,-0.04,90.0,307.0
1768640195.2533166,9600,0.0,-0.09,0.06,90.0,307.0
1768640195.269344,9620,0.0,-0.09,-0.08,90.0,307.0
1768640195.2917645,9640,0.0,-0.09,-0.08,90.0,307.0
1768640195.3038738,9660,0.0,-0.09,-0.01,90.0,307.0
1768640195.3237247,9680,0.0,-0.09,-0.04,90.0,307.0
1768640195.3586438,9700,0.0,-0.09,-0.11,90.0,307.0
1768640195.3657238,9720,0.0,-0.09,-0.01,90.0,307.0
1768640195.3887963,9740,0.0,-0.09,-0.08,90.0,307.0
1768640195.3964543,9760,0.0,-0.09,0.06,90.0,307.0
1768640195.4370887,9780,0.0,-0.09,-0.01,89.0,305.0
1768640195.4618723,9800,0.0,-0.09,-0.01,90.0,307.0
1768640195.466389,9820,0.0,-0.08,0.04,90.0,307.0
1768640195.4976065,9840,0.0,-0.08,-0.01,90.0,307.0
1768640195.518616,9860,0.0,-0.09,-0.08,90.0,307.0
1768640195.5302339,9880,0.0,-0.09,-0.03,90.0,307.0
1768640195.5482097,9900,0.0,-0.09,0.02,90.0,307.0
1768640195.5569777,9920,0.0,-0.09,0.06,91.0,309.0
1768640195.590026,9940,0.0,-0.09,-0.08,91.0,309.0
1768640195.6139097,9960,0.0,-0.09,-0.01,90.0,307.0
1768640195.6284904,9980,0.0,-0.09,-0.01,90.0,307.0
1768640195.64429,10000,0.0,-0.09,-0.01,91.0,309.0
1768640195.6821508,10020,0.0,-0.09,-0.01,90.0,307.0
1768640195.6895232,10040,0.0,-0.09,-0.08,90.0,307.0
1768640195.7092564,10060,0.0,-0.09,0.06,90.0,307.0
1768640195.718475,10080,0.0,-0.09,-0.05,90.0,307.0
1768640195.750157,10100,0.0,-0.09,-0.15,90.0,307.0
1768640195.772611,10120,0.0,-0.09,-0.08,90.0,307.0
1768640195.7829251,10140,0.0,-0.09,-0.11,90.0,307.0
1768640195.8144855,10160,0.0,-0.09,0.1,90.0,307.0
1768640195.8403687,10180,0.0,-0.09,-0.01,90.0,307.0
1768640195.8508446,10200,0.0,-0.09,-0.01,90.0,307.0
1768640195.8791144,10220,0.0,-0.09,-0.08,90.0,307.0
1768640195.8881118,10240,0.0,-0.09,-0.01,90.0,307.0
1768640195.9140668,10260,0.0,-0.09,-0.03,90.0,307.0
1768640195.9324932,10280,0.0,-0.09,-0.08,90.0,307.0
1768640195.9425137,10300,0.0,-0.09,-0.04,90.0,307.0
1768640195.9641879,10320,0.0,-0.09,-0.08,90.0,307.0
1768640196.0046153,10340,0.0,-0.09,0.06,90.0,307.0
1768640196.014079,10360,0.0,-0.09,-0.01,90.0,307.0
1768640196.0338795,10380,0.0,-0.09,-0.08,90.0,307.0
1768640196.0388613,10400,0.0,-0.09,-0.08,90.0,307.0
1768640196.0777497,10420,0.0,-0.09,-0.01,90.0,307.0
1768640196.0941842,10440,0.0,-0.09,-0.08,90.0,307.0
1768640196.1038349,10460,0.0,-0.09,0.03,90.0,307.0
1768640196.1247828,10480,0.0,-0.09,-0.01,90.0,307.0
1768640196.1578734,10500,0.0,-0.09,-0.01,90.0,307.0
1768640196.1794763,10520,0.0,-0.09,-0.11,90.0,307.0
1768640196.190771,10540,0.0,-0.09,-0.08,90.0,307.0
1768640196.212228,10560,0.0,-0.09,0.02,90.0,307.0
1768640196.2489796,10580,0.0,-0.09,-0.01,90.0,307.0
1768640196.2569194,10600,0.0,-0.09,-0.01,90.0,307.0
1768640196.2648215,10620,0.0,-0.09,-0.08,90.0,307.0
1768640196.2850258,10640,0.0,-0.09,-0.01,91.0,309.0
1768640196.3177927,10660,0.0,-0.09,-0.08,90.0,307.0
1768640196.3421934,10680,0.0,-0.09,0.06,90.0,307.0
1768640196.3523605,10700,0.0,-0.09,0.01,90.0,307.0
1768640196.359984,10720,0.0,-0.09,-0.01,90.0,307.0
1768640196.39205,10740,0.0,-0.09,-0.15,90.0,307.0
1768640196.4142835,10760,0.0,-0.09,-0.01,90.0,307.0
1768640196.4266636,10780,0.0,-0.09,-0.08,90.0,307.0
1768640196.4464316,10800,0.0,-0.09,-0.01,90.0,307.0
1768640196.4781854,10820,0.0,-0.09,0.02,90.0,307.0
1768640196.4883034,10840,0.0,-0.09,-0.01,90.0,307.0
1768640196.519886,10860,0.0,-0.09,-0.01,90.0,307.0
1768640196.531924,10880,0.0,-0.09,-0.01,90.0,307.0
1768640196.5646303,10900,0.0,-0.09,-0.08,90.0,307.0
1768640196.5881329,10920,0.0,-0.09,-0.06,90.0,307.0
1768640196.6033988,10940,0.0,-0.09,0.06,90.0,307.0
1768640196.621128,10960,0.0,-0.09,-0.08,90.0,307.0
1768640196.638652,10980,0.0,-0.09,-0.01,90.0,307.0
1768640196.6488492,11000,0.0,-0.09,-0.01,90.0,307.0
1768640196.690906,11020,0.0,-0.09,-0.08,90.0,307.0
1768640196.6956608,11040,0.0,-0.09,-0.08,90.0,307.0
1768640196.72576,11060,0.0,-0.09,-0.01,90.0,307.0
1768640196.7363954,11080,0.0,-0.09,-0.08,90.0,307.0
1768640196.7678835,11100,0.0,-0.09,-0.01,90.0,307.0
1768640196.7912028,11120,0.0,-0.09,-0.01,90.0,307.0
1768640196.7990754,11140,0.0,-0.09,0.06,90.0,307.0
1768640196.8091648,11160,0.0,-0.09,-0.08,90.0,307.0
1768640196.83151,11180,0.0,-0.09,-0.01,90.0,307.0
1768640196.8494158,11200,0.0,-0.09,-0.01,90.0,307.0
1768640196.8771067,11220,0.0,-0.09,-0.01,90.0,307.0
1768640196.9013183,11240,0.0,-0.09,-0.01,91.0,309.0
1768640196.9339538,11260,0.0,-0.09,0.02,91.0,309.0
1768640196.9456742,11280,0.0,-0.09,-0.01,90.0,307.0
1768640196.950996,11300,0.0,-0.09,-0.03,90.0,307.0
1768640196.972358,11320,0.0,-0.09,0.03,90.0,307.0
1768640196.9915113,11340,0.0,-0.09,-0.11,90.0,307.0
1768640197.001413,11360,0.0,-0.09,0.02,90.0,307.0
1768640197.030132,11380,0.0,-0.09,0.02,90.0,307.0
1768640197.0588775,11400,0.0,-0.09,-0.08,91.0,309.0
1768640197.0831852,11420,0.0,-0.09,-0.05,90.0,307.0
1768640197.086396,11440,0.0,-0.09,0.03,90.0,307.0
1768640197.1137726,11460,0.0,-0.09,-0.01,90.0,307.0
1768640197.136316,11480,0.0,-0.09,-0.08,90.0,307.0
1768640197.146375,11500,0.0,-0.09,-0.04,90.0,307.0
1768640197.1680858,11520,0.0,-0.09,-0.08,90.0,307.0
1768640197.1772451,11540,0.0,-0.09,-0.08,90.0,307.0
1768640197.2246213,11560,0.0,-0.09,-0.01,90.0,307.0
1768640197.2324417,11580,0.0,-0.09,-0.01,90.0,307.0
1768640197.2546842,11600,0.0,-0.1,-0.08,90.0,307.0
1768640197.264042,11620,0.0,-0.1,-0.04,90.0,307.0
1768640197.2965798,11640,0.0,-0.1,-0.01,90.0,307.0
1768640197.3076606,11660,0.0,-0.1,-0.01,90.0,307.0
1768640197.3288715,11680,0.0,-0.1,-0.01,90.0,307.0
1768640197.3379958,11700,0.0,-0.1,-0.08,90.0,307.0
1768640197.371254,11720,0.0,-0.1,0.06,90.0,307.0
1768640197.3937845,11740,0.0,-0.1,-0.13,90.0,307.0
1768640197.402585,11760,0.0,-0.1,-0.01,90.0,307.0
1768640197.441927,11780,0.0,-0.1,-0.01,90.0,307.0
1768640197.4573421,11800,0.0,-0.1,-0.04,90.0,307.0
1768640197.4797835,11820,0.0,-0.09,0.06,90.0,307.0
1768640197.4891315,11840,0.0,-0.09,-0.08,90.0,307.0
1768640197.51979,11860,0.0,-0.09,-0.01,90.0,307.0
1768640197.5385895,11880,0.0,-0.1,-0.05,90.0,307.0
1768640197.5536199,11900,0.0,-0.09,0.06,90.0,307.0
1768640197.5691283,11920,0.0,-0.09,0.06,90.0,307.0
1768640197.5781898,11940,0.0,-0.09,-0.08,90.0,307.0
1768640197.6266263,11960,0.0,-0.09,0.03,90.0,307.0
1768640197.6337671,11980,0.0,-0.09,-0.08,90.0,307.0
1768640197.6591606,12000,0.0,-0.09,0.06,90.0,307.0
1768640197.664492,12020,0.0,-0.09,-0.01,90.0,307.0
1768640197.6978269,12040,0.0,-0.09,-0.15,90.0,307.0
1768640197.7087603,12060,0.0,-0.1,-0.01,90.0,307.0
1768640197.729833,12080,0.0,-0.1,-0.01,90.0,307.0
1768640197.7389262,12100,0.0,-0.09,-0.01,90.0,307.0
1768640197.7717278,12120,0.0,-0.1,-0.01,90.0,307.0
1768640197.7946258,12140,0.0,-0.1,-0.01,90.0,307.0
1768640197.8105066,12160,0.0,-0.1,-0.08,90.0,307.0
1768640197.8270574,12180,0.0,-0.1,-0.01,90.0,307.0
1768640197.869197,12200,0.0,-0.1,-0.11,90.0,307.0
1768640197.880541,12220,0.0,-0.1,-0.08,89.0,305.0
1768640197.8940618,12240,0.0,-0.1,-0.01,90.0,307.0
1768640197.9099748,12260,0.0,-0.1,-0.01,90.0,307.0
1768640197.9321034,12280,0.0,-0.1,0.06,90.0,307.0
1768640197.954123,12300,0.0,-0.09,-0.01,90.0,307.0
1768640197.973782,12320,0.0,-0.09,-0.08,90.0,307.0
1768640197.9870515,12340,0.0,-0.1,-0.08,90.0,307.0
1768640198.0250692,12360,0.0,-0.1,-0.01,90.0,307.0
1768640198.0444555,12380,0.0,-0.1,-0.04,90.0,307.0
1768640198.0541677,12400,0.0,-0.1,-0.01,90.0,307.0
1768640198.0598536,12420,0.0,-0.1,-0.04,90.0,307.0
1768640198.092513,12440,0.0,-0.1,0.06,90.0,307.0
1768640198.1145928,12460,0.0,-0.09,0.06,90.0,307.0
1768640198.1246119,12480,0.0,-0.09,-0.01,90.0,307.0
1768640198.1632588,12500,0.0,-0.09,-0.01,90.0,307.0
1768640198.1817207,12520,0.0,-0.09,-0.01,90.0,307.0
1768640198.201349,12540,0.0,-0.09,-0.08,90.0,307.0
1768640198.2133741,12560,0.0,-0.09,0.03,90.0,307.0
1768640198.2395256,12580,0.0,-0.09,-0.01,90.0,307.0
1768640198.2553484,12600,0.0,-0.09,-0.04,90.0,307.0
1768640198.2782426,12620,0.0,-0.09,-0.04,90.0,307.0
1768640198.2852368,12640,0.0,-0.09,-0.11,90.0,307.0
1768640198.3063393,12660,0.0,-0.09,0.03,89.0,305.0
1768640198.3497188,12680,0.0,-0.09,-0.08,90.0,307.0
1768640198.3627305,12700,0.0,-0.09,-0.01,90.0,307.0
1768640198.3725529,12720,0.0,-0.09,-0.01,90.0,307.0
1768640198.3981047,12740,0.0,-0.09,-0.15,90.0,307.0
1768640198.4047968,12760,0.0,-0.09,-0.01,90.0,307.0
1768640198.4388325,12780,0.0,-0.09,0.06,90.0,307.0
1768640198.4461644,12800,0.0,-0.09,-0.08,90.0,307.0
1768640198.4678478,12820,0.0,-0.09,-0.01,90.0,307.0
1768640198.4765515,12840,0.0,-0.09,0.06,90.0,307.0
1768640198.5091202,12860,0.0,-0.09,-0.11,90.0,307.0
1768640198.5334258,12880,0.0,-0.09,-0.08,90.0,307.0
1768640198.5449593,12900,0.0,-0.09,0.03,90.0,307.0
1768640198.572029,12920,0.0,-0.1,-0.05,91.0,309.0
1768640198.598915,12940,0.0,-0.1,-0.06,90.0,307.0
1768640198.6129904,12960,0.0,-0.1,-0.01,90.0,307.0
1768640198.630945,12980,0.0,-0.1,-0.01,90.0,307.0
1768640198.6371965,13000,0.0,-0.1,-0.15,90.0,307.0
1768640198.6700416,13020,0.0,-0.1,-0.01,90.0,307.0
1768640198.6917317,13040,0.0,-0.1,-0.08,90.0,307.0
1768640198.7199414,13060,0.0,-0.1,-0.01,90.0,307.0
1768640198.7251573,13080,0.0,-0.1,-0.08,90.0,307.0
1768640198.7574885,13100,0.0,-0.1,-0.03,90.0,307.0
1768640198.7667072,13120,0.0,-0.1,-0.01,90.0,307.0
1768640198.7910585,13140,0.0,-0.1,0.03,90.0,307.0
1768640198.8033612,13160,0.0,-0.1,-0.01,90.0,307.0
1768640198.830386,13180,0.0,-0.1,0.06,90.0,307.0
1768640198.8525174,13200,0.0,-0.1,0.06,90.0,307.0
1768640198.862771,13220,0.0,-0.1,-0.01,90.0,307.0
1768640198.8997986,13240,0.0,-0.1,-0.11,90.0,307.0
1768640198.9184377,13260,0.0,-0.1,-0.01,89.0,305.0
1768640198.9366481,13280,0.0,-0.09,-0.08,90.0,307.0
1768640198.9507346,13300,0.0,-0.09,0.1,90.0,307.0
1768640198.9716992,13320,0.0,-0.09,-0.06,90.0,307.0
1768640199.0001078,13340,0.0,-0.09,-0.01,90.0,307.0
1768640199.0132287,13360,0.0,-0.09,0.06,90.0,307.0
1768640199.0232916,13380,0.0,-0.09,-0.01,90.0,307.0
1768640199.0443187,13400,0.0,-0.09,0.02,90.0,307.0
1768640199.0784404,13420,0.0,-0.09,0.06,90.0,307.0
1768640199.0912466,13440,0.0,-0.09,-0.01,90.0,307.0
1768640199.1099887,13460,0.0,-0.09,0.06,90.0,307.0
1768640199.1243427,13480,0.0,-0.09,-0.01,91.0,309.0
1768640199.1535037,13500,0.0,-0.09,-0.01,91.0,309.0
1768640199.1746364,13520,0.0,-0.09,-0.04,90.0,307.0
1768640199.183667,13540,0.0,-0.09,0.01,90.0,307.0
1768640199.204865,13560,0.0,-0.09,-0.01,90.0,307.0
1768640199.2419052,13580,0.0,-0.09,-0.08,90.0,307.0
1768640199.2479627,13600,0.0,-0.1,-0.08,90.0,307.0
1768640199.2799108,13620,0.0,-0.1,-0.01,90.0,307.0
1768640199.284282,13640,0.0,-0.09,0.06,90.0,307.0
1768640199.321015,13660,0.0,-0.09,0.03,90.0,307.0
1768640199.3340929,13680,0.0,-0.09,0.06,91.0,309.0
1768640199.3441482,13700,0.0,-0.09,-0.01,90.0,307.0
1768640199.365114,13720,0.0,-0.09,-0.04,90.0,307.0
1768640199.3982422,13740,0.0,-0.09,-0.08,90.0,307.0
1768640199.42036,13760,0.0,-0.1,-0.01,90.0,307.0
1768640199.4304671,13780,0.0,-0.1,-0.01,90.0,307.0
1768640199.4423993,13800,0.0,-0.09,-0.04,89.0,305.0
1768640199.4759011,13820,0.0,-0.09,-0.01,90.0,307.0
1768640199.4944787,13840,0.0,-0.09,0.2,90.0,307.0
1768640199.5073793,13860,0.0,-0.09,-0.01,90.0,307.0
1768640199.5280635,13880,0.0,-0.09,0.06,90.0,307.0
1768640199.5587015,13900,0.0,-0.09,-0.04,90.0,307.0
1768640199.5697606,13920,0.0,-0.09,-0.01,90.0,307.0
1768640199.5908399,13940,0.0,-0.09,-0.08,90.0,307.0
1768640199.5997982,13960,0.0,-0.09,0.1,90.0,307.0
1768640199.6340396,13980,0.0,-0.09,-0.1,90.0,307.0
1768640199.6577265,14000,0.0,-0.09,-0.01,90.0,307.0
1768640199.6647995,14020,0.0,-0.09,0.06,90.0,307.0
1768640199.6891923,14040,0.0,-0.09,0.06,90.0,307.0
1768640199.7213788,14060,0.0,-0.09,-0.01,90.0,307.0
1768640199.729045,14080,0.0,-0.09,-0.08,90.0,307.0
1768640199.7511706,14100,0.0,-0.09,0.06,89.0,305.0
1768640199.760249,14120,0.0,-0.09,-0.01,90.0,307.0
1768640199.7958388,14140,0.0,-0.09,-0.06,90.0,307.0
1768640199.824544,14160,0.0,-0.09,-0.01,90.0,307.0
1768640199.828787,14180,0.0,-0.08,-0.01,90.0,307.0
1768640199.8524613,14200,0.0,-0.08,-0.01,90.0,307.0
1768640199.8794386,14220,0.0,-0.08,-0.01,90.0,307.0
1768640199.8898687,14240,0.0,-0.08,-0.01,90.0,307.0
1768640199.9114017,14260,0.0,-0.08,-0.15,90.0,307.0
1768640199.9216442,14280,0.0,-0.08,-0.08,90.0,307.0
1768640199.962421,14300,0.0,-0.09,-0.15,90.0,307.0
1768640199.9769583,14320,0.0,-0.09,-0.08,90.0,307.0
1768640199.9954758,14340,0.0,-0.09,-0.08,90.0,307.0
1768640200.020774,14360,0.0,-0.09,-0.15,90.0,307.0
1768640200.0315988,14380,0.0,-0.09,-0.04,90.0,307.0
1768640200.0618494,14400,0.0,-0.09,0.06,90.0,307.0
1768640200.071962,14420,0.0,-0.09,-0.01,90.0,307.0
1768640200.0819385,14440,0.0,-0.09,-0.01,90.0,307.0
1768640200.103089,14460,0.0,-0.09,-0.01,90.0,307.0
1768640200.1391344,14480,0.0,-0.09,-0.08,90.0,307.0
1768640200.1564867,14500,0.0,-0.09,-0.08,90.0,307.0
1768640200.1692533,14520,0.0,-0.09,0.02,90.0,307.0
1768640200.1923637,14540,0.0,-0.08,0.06,90.0,307.0
1768640200.2271855,14560,0.0,-0.08,-0.04,90.0,307.0
1768640200.234926,14580,0.0,-0.08,0.01,90.0,307.0
1768640200.2450094,14600,0.0,-0.08,-0.08,90.0,307.0
1768640200.2636924,14620,0.0,-0.09,-0.08,90.0,307.0
1768640200.2964027,14640,0.0,-0.09,-0.08,90.0,307.0
1768640200.3063376,14660,0.0,-0.09,0.06,90.0,307.0
1768640200.3341417,14680,0.0,-0.08,-0.01,90.0,307.0
1768640200.345799,14700,0.0,-0.08,-0.05,90.0,307.0
1768640200.3852046,14720,0.0,-0.09,-0.08,90.0,307.0
1768640200.4109662,14740,0.0,-0.09,-0.03,90.0,307.0
1768640200.4292367,14760,0.0,-0.08,0.06,90.0,307.0
1768640200.4409716,14780,0.0,-0.09,-0.15,90.0,307.0
1768640200.4508471,14800,0.0,-0.09,0.04,90.0,307.0
1768640200.4723709,14820,0.0,-0.09,-0.01,90.0,307.0
1768640200.482462,14840,0.0,-0.08,-0.01,90.0,307.0
1768640200.5057971,14860,0.0,-0.08,-0.01,90.0,307.0
1768640200.5387585,14880,0.0,-0.08,0.06,90.0,307.0
1768640200.5517569,14900,0.0,-0.09,-0.08,91.0,309.0
1768640200.5824637,14920,0.0,-0.09,-0.01,90.0,307.0
1768640200.590137,14940,0.0,-0.09,0.06,90.0,307.0
1768640200.6212654,14960,0.0,-0.09,-0.01,90.0,307.0
1768640200.6364717,14980,0.0,-0.09,-0.01,91.0,309.0
1768640200.643691,15000,0.0,-0.09,-0.08,90.0,307.0
1768640200.6647575,15020,0.0,-0.09,-0.04,90.0,307.0
1768640200.6974986,15040,0.0,-0.09,0.06,90.0,307.0
1768640200.709478,15060,0.0,-0.09,0.1,90.0,307.0
1768640200.7459302,15080,0.0,-0.09,-0.01,90.0,307.0
1768640200.7567713,15100,0.0,-0.09,-0.08,90.0,307.0
1768640200.8068764,15120,0.0,-0.09,0.06,90.0,307.0
1768640200.8212743,15140,0.0,-0.09,-0.01,90.0,307.0
1768640200.8221505,15160,0.0,-0.09,-0.08,90.0,307.0
1768640200.8398473,15180,0.0,-0.09,-0.08,90.0,307.0
1768640200.8579957,15200,0.0,-0.09,-0.01,90.0,307.0
1768640200.868093,15220,0.0,-0.09,-0.08,90.0,307.0
1768640200.8900406,15240,0.0,-0.09,-0.08,90.0,307.0
1768640200.8993087,15260,0.0,-0.09,0.02,90.0,307.0
1768640200.9379056,15280,0.0,-0.09,-0.08,90.0,307.0
1768640200.9679825,15300,0.0,-0.09,-0.01,90.0,307.0
1768640201.0025418,15320,0.0,-0.09,-0.08,90.0,307.0
1768640201.0219834,15340,0.0,-0.09,-0.03,90.0,307.0
1768640201.0325677,15360,0.0,-0.09,-0.08,90.0,307.0
1768640201.0335624,15380,0.0,-0.09,-0.15,90.0,307.0
1768640201.0505316,15400,0.0,-0.09,-0.01,90.0,307.0
1768640201.0598664,15420,0.0,-0.09,-0.01,90.0,307.0
1768640201.0926542,15440,0.0,-0.09,-0.08,90.0,307.0
1768640201.12038,15460,0.0,-0.09,-0.04,90.0,307.0
1768640201.1253402,15480,0.0,-0.09,-0.01,90.0,307.0
1768640201.1562119,15500,0.0,-0.09,-0.04,90.0,307.0
1768640201.1794596,15520,0.0,-0.09,0.06,90.0,307.0
1768640201.1906006,15540,0.0,-0.09,-0.22,90.0,307.0
1768640201.213362,15560,0.0,-0.09,-0.03,90.0,307.0
1768640201.2200813,15580,0.0,-0.09,-0.04,90.0,307.0
1768640201.2531538,15600,0.0,-0.09,-0.08,90.0,307.0
1768640201.2746148,15620,0.0,-0.09,-0.06,90.0,307.0
1768640201.3130703,15640,0.0,-0.09,-0.08,9090.0,307.0
1768640201.3448417,15680,0.0,-0.09,-0.08,90.0,307.0
1768640201.349347,15700,0.0,-0.09,-0.01,90.0,307.0
1768640201.376416,15720,0.0,-0.09,-0.08,90.0,307.0
1768640201.3825908,15740,0.0,-0.09,-0.11,90.0,307.0
1768640201.4058485,15760,0.0,-0.09,-0.04,90.0,307.0
1768640201.4348636,15780,0.0,-0.09,0.01,90.0,307.0
1768640201.4450376,15800,0.0,-0.09,-0.01,90.0,307.0
1768640201.4675477,15820,0.0,-0.09,0.06,90.0,307.0
1768640201.477498,15840,0.0,-0.09,0.03,90.0,307.0
1768640201.5283747,15860,0.0,-0.09,0.03,90.0,307.0
1768640201.53449,15880,0.0,-0.09,-0.12,90.0,307.0
1768640201.5467253,15900,0.0,-0.09,-0.01,90.0,307.0
1768640201.5695596,15920,0.0,-0.09,-0.01,90.0,307.0
1768640201.601172,15940,0.0,-0.09,-0.08,90.0,307.0
1768640201.6134245,15960,0.0,-0.09,-0.04,90.0,307.0
1768640201.6289718,15980,0.0,-0.09,-0.08,90.0,307.0
1768640201.6404972,16000,0.0,-0.09,-0.13,91.0,309.0
1768640201.6701126,16020,0.0,-0.09,0.13,90.0,307.0
1768640201.698894,16040,0.0,-0.09,0.06,90.0,307.0
1768640201.7151577,16060,0.0,-0.09,0.02,90.0,307.0
1768640201.7242968,16080,0.0,-0.09,-0.01,90.0,307.0
1768640201.762679,16100,0.0,-0.09,-0.01,90.0,307.0
1768640201.7751148,16120,0.0,-0.09,0.06,90.0,307.0
1768640201.7911885,16140,0.0,-0.09,-0.01,90.0,307.0
1768640201.8021426,16160,0.0,-0.09,0.06,90.0,307.0
1768640201.830665,16180,0.0,-0.09,-0.01,90.0,307.0
1768640201.8533466,16200,0.0,-0.09,0.06,90.0,307.0
1768640201.8627903,16220,0.0,-0.09,0.06,90.0,307.0
1768640201.8885236,16240,0.0,-0.09,-0.08,90.0,307.0
1768640201.9178221,16260,0.0,-0.09,-0.01,91.0,309.0
1768640201.9308124,16280,0.0,-0.09,-0.08,90.0,307.0
1768640201.9555886,16300,0.0,-0.09,-0.01,91.0,309.0
1768640201.9630244,16320,0.0,-0.09,-0.01,90.0,307.0
1768640201.990533,16340,0.0,-0.09,-0.05,90.0,307.0
1768640202.0129974,16360,0.0,-0.09,-0.08,90.0,307.0
1768640202.0232518,16380,0.0,-0.09,-0.01,90.0,307.0
1768640202.0488565,16400,0.0,-0.09,-0.01,90.0,307.0
1768640202.0803342,16420,0.0,-0.09,-0.01,90.0,307.0
1768640202.0879285,16440,0.0,-0.09,-0.01,90.0,307.0
1768640202.1154702,16460,0.0,-0.09,-0.15,90.0,307.0
1768640202.1229868,16480,0.0,-0.09,-0.08,90.0,307.0
1768640202.1514866,16500,0.0,-0.09,-0.08,90.0,307.0
1768640202.1734655,16520,0.0,-0.09,-0.04,90.0,307.0
1768640202.1838713,16540,0.0,-0.09,-0.01,90.0,307.0
1768640202.2086782,16560,0.0,-0.09,-0.01,90.0,307.0
1768640202.239459,16580,0.0,-0.09,0.06,91.0,309.0
1768640202.25248,16600,0.0,-0.09,-0.01,90.0,307.0
1768640202.2708583,16620,0.0,-0.09,0.06,90.0,307.0
1768640202.2808795,16640,0.0,-0.09,-0.08,90.0,307.0
1768640202.3118515,16660,0.0,-0.09,-0.01,90.0,307.0
1768640202.3339036,16680,0.0,-0.09,-0.01,90.0,307.0
1768640202.3453298,16700,0.0,-0.09,0.06,90.0,307.0
1768640202.3828824,16720,0.0,-0.09,-0.08,90.0,307.0
1768640202.398759,16740,0.0,-0.09,0.02,90.0,307.0
1768640202.4162934,16760,0.0,-0.09,0.03,90.0,307.0
1768640202.44102,16780,0.0,-0.09,-0.01,90.0,307.0
1768640202.4531186,16800,0.0,-0.09,-0.01,90.0,307.0
1768640202.4732804,16820,0.0,-0.09,0.01,90.0,307.0
1768640202.4943893,16840,0.0,-0.09,-0.01,90.0,307.0
1768640202.5044389,16860,0.0,-0.09,-0.08,90.0,307.0
1768640202.544175,16880,0.0,-0.09,-0.04,90.0,307.0
1768640202.5594285,16900,0.0,-0.09,0.1,90.0,307.0
1768640202.590808,16920,0.0,-0.09,0.06,90.0,307.0
1768640202.6186283,16940,0.0,-0.09,-0.08,90.0,307.0
1768640202.6260574,16960,0.0,-0.09,-0.04,91.0,309.0
1768640202.6345193,16980,0.0,-0.09,-0.08,90.0,307.0
1768640202.654308,17000,0.0,-0.09,-0.04,90.0,307.0
1768640202.6643062,17020,0.0,-0.09,0.06,90.0,307.0
1768640202.6866949,17040,0.0,-0.09,-0.03,90.0,307.0
1768640202.7228694,17060,0.0,-0.09,-0.08,90.0,307.0
1768640202.728492,17080,0.0,-0.09,0.06,90.0,307.0
1768640202.756842,17100,0.0,-0.09,0.06,90.0,307.0
1768640202.7643054,17120,0.0,-0.09,-0.01,90.0,307.0
1768640202.7949793,17140,0.0,-0.09,0.06,90.0,307.0
1768640202.8166838,17160,0.0,-0.09,-0.08,90.0,307.0
1768640202.8252091,17180,0.0,-0.09,-0.08,90.0,307.0
1768640202.846402,17200,0.0,-0.09,0.06,90.0,307.0
1768640202.8894937,17220,0.0,-0.09,-0.01,90.0,307.0
1768640202.8958752,17240,0.0,-0.09,0.06,90.0,307.0
1768640202.9233415,17260,0.0,-0.09,-0.01,90.0,307.0
1768640202.9310234,17280,0.0,-0.09,-0.08,90.0,307.0
1768640202.9532518,17300,0.0,-0.09,0.06,90.0,307.0
1768640202.9766493,17320,0.0,-0.09,-0.04,90.0,307.0
1768640202.987939,17340,0.0,-0.09,0.03,90.0,307.0
1768640203.0077627,17360,0.0,-0.09,-0.01,90.0,307.0
1768640203.0170007,17380,0.0,-0.09,-0.04,90.0,307.0
1768640203.0611734,17400,0.0,-0.09,-0.08,90.0,307.0
1768640203.074976,17420,0.0,-0.09,-0.08,90.0,307.0
1768640203.0980065,17440,0.0,-0.09,-0.15,90.0,307.0
1768640203.126565,17460,0.0,-0.09,-0.08,90.0,307.0
1768640203.13903,17480,0.0,-0.09,-0.01,90.0,307.0
1768640203.150915,17500,0.0,-0.09,0.06,90.0,307.0
1768640203.1680205,17520,0.0,-0.09,0.03,90.0,307.0
1768640203.17696,17540,0.0,-0.09,0.03,90.0,307.0
1768640203.2095466,17560,0.0,-0.09,-0.01,90.0,307.0
1768640203.232823,17580,0.0,-0.09,-0.04,90.0,307.0
1768640203.2445953,17600,0.0,-0.09,-0.08,91.0,309.0
1768640203.2658205,17620,0.0,-0.09,-0.01,90.0,307.0
1768640203.298343,17640,0.0,-0.09,0.01,90.0,307.0
1768640203.3080404,17660,0.0,-0.09,-0.08,90.0,307.0
1768640203.3310094,17680,0.0,-0.09,0.03,90.0,307.0
1768640203.3372774,17700,0.0,-0.09,0.06,89.0,305.0
1768640203.3719966,17720,0.0,-0.09,-0.01,90.0,307.0
1768640203.4053998,17740,0.0,-0.09,-0.08,90.0,307.0
1768640203.4073796,17760,0.0,-0.09,-0.04,90.0,307.0
1768640203.424698,17780,0.0,-0.09,-0.08,90.0,307.0
1768640203.4571197,17800,0.0,-0.09,-0.06,90.0,307.0
1768640203.4831648,17820,0.0,-0.09,-0.08,90.0,307.0
1768640203.4903245,17840,0.0,-0.09,-0.01,90.0,307.0
1768640203.5047553,17860,0.0,-0.09,-0.01,90.0,307.0
1768640203.5308874,17880,0.0,-0.09,-0.01,90.0,307.0
1768640203.552842,17900,0.0,-0.1,-0.08,90.0,307.0
1768640203.5631442,17920,0.0,-0.1,-0.08,90.0,307.0
1768640203.591905,17940,0.0,-0.1,-0.05,90.0,307.0
1768640203.620629,17960,0.0,-0.1,0.06,90.0,307.0
1768640203.6315389,17980,0.0,-0.1,0.03,90.0,307.0
1768640203.6520371,18000,0.0,-0.09,-0.01,90.0,307.0
1768640203.6680408,18020,0.0,-0.09,-0.01,90.0,307.0
1768640203.6913629,18040,0.0,-0.09,0.06,90.0,307.0
1768640203.713549,18060,0.0,-0.09,-0.15,90.0,307.0
1768640203.7235415,18080,0.0,-0.09,0.04,90.0,307.0
1768640203.7676027,18100,0.0,-0.09,-0.08,90.0,307.0
1768640203.7779515,18120,0.0,-0.09,-0.01,90.0,307.0
1768640203.7995827,18140,0.0,-0.09,0.06,90.0,307.0
1768640203.810712,18160,0.0,-0.09,0.03,90.0,307.0
1768640203.8342955,18180,0.0,-0.09,0.06,90.0,307.0
1768640203.8578184,18200,0.0,-0.09,0.06,90.0,307.0
1768640203.8678377,18220,0.0,-0.09,0.06,90.0,307.0
1768640203.8899398,18240,0.0,-0.09,0.04,90.0,307.0
1768640203.8989089,18260,0.0,-0.09,-0.11,90.0,307.0
1768640203.9420493,18280,0.0,-0.09,-0.15,90.0,307.0
1768640203.9549613,18300,0.0,-0.09,0.09,90.0,307.0
1768640203.9747458,18320,0.0,-0.09,-0.01,90.0,307.0
1768640203.9880428,18340,0.0,-0.09,-0.01,90.0,307.0
1768640204.0184433,18360,0.0,-0.09,-0.01,90.0,307.0
1768640204.0291936,18380,0.0,-0.09,-0.08,90.0,307.0
1768640204.0499856,18400,0.0,-0.09,-0.01,90.0,307.0
1768640204.0592425,18420,0.0,-0.09,-0.01,90.0,307.0
1768640204.092037,18440,0.0,-0.09,-0.08,90.0,307.0
1768640204.1198945,18460,0.0,-0.09,-0.01,91.0,309.0
1768640204.1258454,18480,0.0,-0.09,0.06,90.0,307.0
1768640204.1524892,18500,0.0,-0.09,-0.11,91.0,309.0
1768640204.1835485,18520,0.0,-0.09,-0.01,90.0,307.0
1768640204.1976256,18540,0.0,-0.09,-0.01,90.0,307.0
1768640204.2123067,18560,0.0,-0.09,0.06,90.0,307.0
1768640204.2213209,18580,0.0,-0.09,0.02,90.0,307.0
1768640204.2529356,18600,0.0,-0.09,-0.01,90.0,307.0
1768640204.2860634,18620,0.0,-0.09,-0.01,90.0,307.0
1768640204.3022475,18640,0.0,-0.09,-0.04,90.0,307.0
1768640204.327472,18660,0.0,-0.09,-0.04,90.0,307.0
1768640204.356024,18680,0.0,-0.09,0.04,90.0,307.0
1768640204.3668509,18700,0.0,-0.09,-0.01,90.0,307.0
1768640204.3738492,18720,0.0,-0.09,-0.08,90.0,307.0
1768640204.3880646,18740,0.0,-0.09,0.06,90.0,307.0
1768640204.4134727,18760,0.0,-0.09,-0.04,90.0,307.0
1768640204.4354215,18780,0.0,-0.09,-0.05,90.0,307.0
1768640204.461866,18800,0.0,-0.09,0.13,90.0,307.0
1768640204.468035,18820,0.0,-0.09,-0.01,90.0,307.0
1768640204.479607,18840,0.0,-0.09,-0.08,90.0,307.0
1768640204.517654,18860,0.0,-0.09,-0.08,90.0,307.0
1768640204.5327027,18880,0.0,-0.09,0.06,90.0,307.0
1768640204.5422382,18900,0.0,-0.09,-0.08,90.0,307.0
1768640204.5625944,18920,0.0,-0.09,-0.01,91.0,309.0
1768640204.5953248,18940,0.0,-0.09,0.06,90.0,307.0
1768640204.6055837,18960,0.0,-0.09,-0.08,90.0,307.0
1768640204.6413298,18980,0.0,-0.09,-0.01,90.0,307.0
1768640204.6476018,19000,0.0,-0.09,-0.08,90.0,307.0
1768640204.6902387,19020,0.0,-0.09,-0.08,90.0,307.0
1768640204.7171712,19040,0.0,-0.09,-0.08,91.0,309.0
1768640204.7197325,19060,0.0,-0.09,0.01,90.0,307.0
1768640204.7259278,19080,0.0,-0.09,-0.08,90.0,307.0
1768640204.75036,19100,0.0,-0.09,-0.08,90.0,307.0
1768640204.7726734,19120,0.0,-0.09,-0.01,90.0,307.0
1768640204.782662,19140,0.0,-0.1,-0.05,90.0,307.0
1768640204.8113356,19160,0.0,-0.09,-0.08,90.0,307.0
1768640204.841047,19180,0.0,-0.09,-0.08,90.0,307.0
1768640204.8578002,19200,0.0,-0.1,-0.05,90.0,307.0
1768640204.8743649,19220,0.0,-0.1,-0.01,90.0,307.0
1768640204.8850713,19240,0.0,-0.1,-0.15,90.0,307.0
1768640204.9103882,19260,0.0,-0.1,-0.01,90.0,307.0
1768640204.9327097,19280,0.0,-0.1,-0.08,90.0,307.0
1768640204.9427652,19300,0.0,-0.1,-0.08,90.0,307.0
1768640204.9798956,19320,0.0,-0.1,-0.08,90.0,307.0
1768640205.0025954,19340,0.0,-0.1,-0.05,90.0,307.0
1768640205.023875,19360,0.0,-0.1,-0.05,90.0,307.0
1768640205.0504458,19380,0.0,-0.1,-0.08,90.0,307.0
1768640205.0679135,19400,0.0,-0.1,-0.01,90.0,307.0
1768640205.0783226,19420,0.0,-0.1,0.03,90.0,307.0
1768640205.09327,19440,0.0,-0.1,-0.03,90.0,307.0
1768640205.1032178,19460,0.0,-0.1,-0.01,90.0,307.0
1768640205.1245847,19480,0.0,-0.1,-0.08,90.0,307.0
1768640205.159309,19500,0.0,-0.1,-0.06,90.0,307.0
1768640205.180955,19520,0.0,-0.1,-0.01,90.0,307.0
1768640205.1950316,19540,0.0,-0.1,-0.01,90.0,307.0
1768640205.2117662,19560,0.0,-0.1,0.06,90.0,307.0
1768640205.2341833,19580,0.0,-0.1,-0.04,90.0,307.0
1768640205.2531345,19600,0.0,-0.1,0.13,89.0,305.0
1768640205.2633128,19620,0.0,-0.1,0.1,90.0,307.0
1768640205.2848825,19640,0.0,-0.09,-0.01,90.0,307.0
1768640205.3245318,19660,0.0,-0.09,0.01,90.0,307.0
1768640205.3275292,19680,0.0,-0.09,-0.08,90.0,307.0
1768640205.356942,19700,0.0,-0.09,-0.08,90.0,307.0
1768640205.3613405,19720,0.0,-0.1,-0.13,90.0,307.0
1768640205.3953924,19740,0.0,-0.09,-0.01,89.0,305.0
1768640205.4154053,19760,0.0,-0.1,-0.15,90.0,307.0
1768640205.4258356,19780,0.0,-0.1,-0.05,90.0,307.0
1768640205.4453707,19800,0.0,-0.1,0.03,90.0,307.0
1768640205.48363,19820,0.0,-0.1,-0.04,90.0,307.0
1768640205.495318,19840,0.0,-0.1,-0.05,90.0,307.0
1768640205.5252213,19860,0.0,-0.1,-0.01,90.0,307.0
1768640205.5374258,19880,0.0,-0.1,-0.01,90.0,307.0
1768640205.5580242,19900,0.0,-0.1,0.06,90.0,307.0
1768640205.5754316,19920,0.0,-0.09,0.06,90.0,307.0
1768640205.585758,19940,0.0,-0.09,-0.08,90.0,307.0
1768640205.605845,19960,0.0,-0.09,-0.01,90.0,307.0
1768640205.6447353,19980,0.0,-0.09,0.1,90.0,307.0
1768640205.6622598,20000,0.0,-0.09,-0.01,90.0,307.0
1768640205.6703398,20020,0.0,-0.09,-0.11,90.0,307.0
1768640205.690701,20040,0.0,-0.09,-0.08,90.0,307.0
1768640205.7234957,20060,0.0,-0.09,-0.08,90.0,307.0
1768640205.7380848,20080,0.0,-0.09,-0.08,90.0,307.0
1768640205.7450902,20100,0.0,-0.09,-0.01,90.0,307.0
1768640205.7664654,20120,0.0,-0.09,-0.01,90.0,307.0
1768640205.7984743,20140,0.0,-0.09,-0.08,90.0,307.0
1768640205.823432,20160,0.0,-0.09,-0.01,90.0,307.0
1768640205.831968,20180,0.0,-0.09,0.06,90.0,307.0
1768640205.8536973,20200,0.0,-0.09,-0.05,90.0,307.0
1768640205.88406,20220,0.0,-0.09,-0.04,90.0,307.0
1768640205.8955476,20240,0.0,-0.09,0.06,90.0,307.0
1768640205.9052343,20260,0.0,-0.09,-0.08,90.0,307.0
1768640205.9257221,20280,0.0,-0.09,0.06,90.0,307.0
1768640205.9594274,20300,0.0,-0.09,-0.08,90.0,307.0
1768640205.987516,20320,0.0,-0.09,0.08,90.0,307.0
1768640205.9921532,20340,0.0,-0.09,-0.01,90.0,307.0
1768640206.0019503,20360,0.0,-0.09,-0.01,90.0,307.0
1768640206.0235696,20380,0.0,-0.09,0.06,90.0,307.0
1768640206.0558476,20400,0.0,-0.09,-0.15,90.0,307.0
1768640206.0687034,20420,0.0,-0.09,-0.04,90.0,307.0
1768640206.087855,20440,0.0,-0.09,-0.05,90.0,307.0
1768640206.0970569,20460,0.0,-0.09,-0.01,90.0,307.0
1768640206.1359236,20480,0.0,-0.09,-0.01,90.0,307.0
1768640206.153412,20500,0.0,-0.09,-0.08,90.0,307.0
1768640206.1631296,20520,0.0,-0.09,-0.08,90.0,307.0
1768640206.1843874,20540,0.0,-0.09,-0.01,90.0,307.0
1768640206.2171822,20560,0.0,-0.09,-0.05,90.0,307.0
1768640206.2276125,20580,0.0,-0.09,-0.01,90.0,307.0
1768640206.2483149,20600,0.0,-0.09,-0.01,90.0,307.0
1768640206.2576149,20620,0.0,-0.09,-0.01,90.0,307.0
1768640206.2905548,20640,0.0,-0.09,-0.01,90.0,307.0
1768640206.3137646,20660,0.0,-0.09,-0.08,90.0,307.0
1768640206.323837,20680,0.0,-0.09,-0.08,90.0,307.0
1768640206.3483794,20700,0.0,-0.09,0.06,90.0,307.0
1768640206.3822324,20720,0.0,-0.09,-0.11,90.0,307.0
1768640206.3887103,20740,0.0,-0.09,0.06,90.0,307.0
1768640206.4099095,20760,0.0,-0.09,-0.01,90.0,307.0
1768640206.4179258,20780,0.0,-0.09,-0.01,90.0,307.0
1768640206.466118,20800,0.0,-0.09,-0.05,90.0,307.0
1768640206.4803724,20820,0.0,-0.09,-0.08,90.0,307.0
1768640206.491907,20840,0.0,-0.09,-0.01,90.0,307.0
1768640206.5085201,20860,0.0,-0.09,0.06,90.0,307.0
1768640206.5414376,20880,0.0,-0.09,-0.01,90.0,307.0
1768640206.5546377,20900,0.0,-0.09,0.13,90.0,307.0
1768640206.5630832,20920,0.0,-0.09,-0.01,90.0,307.0
1768640206.5842507,20940,0.0,-0.09,0.06,90.0,307.0
1768640206.6173587,20960,0.0,-0.09,-0.01,90.0,307.0
1768640206.64751,20980,0.0,-0.09,-0.04,90.0,307.0
1768640206.6734817,21000,0.0,-0.09,-0.01,90.0,307.0
1768640206.7007935,21020,0.0,-0.09,-0.08,90.0,307.0
1768640206.7189834,21040,0.0,-0.09,0.02,90.0,307.0
1768640206.7297006,21060,0.0,-0.09,-0.05,90.0,307.0
1768640206.7456715,21080,0.0,-0.09,-0.08,90.0,307.0
1768640206.755679,21100,0.0,-0.09,0.03,90.0,307.0
1768640206.7781546,21120,0.0,-0.09,-0.08,90.0,307.0
1768640206.8026278,21140,0.0,-0.09,0.08,90.0,307.0
1768640206.8146558,21160,0.0,-0.09,-0.01,90.0,307.0
1768640206.8431175,21180,0.0,-0.09,-0.01,90.0,307.0
1768640206.881061,21200,0.0,-0.09,-0.01,90.0,307.0
1768640206.8978887,21220,0.0,-0.09,-0.04,90.0,307.0
1768640206.9027393,21240,0.0,-0.09,0.06,90.0,307.0
1768640206.9045966,21260,0.0,-0.09,-0.01,90.0,307.0
1768640206.9380205,21280,0.0,-0.09,0.02,90.0,307.0
1768640206.9662135,21300,0.0,-0.09,-0.03,90.0,307.0
1768640206.9701972,21320,0.0,-0.09,-0.08,90.0,307.0
1768640206.9836538,21340,0.0,-0.09,0.06,90.0,307.0
1768640207.0157802,21360,0.0,-0.09,-0.01,90.0,307.0
1768640207.0395982,21380,0.0,-0.09,-0.01,90.0,307.0
1768640207.0492868,21400,0.0,-0.09,0.06,90.0,307.0
1768640207.0683377,21420,0.0,-0.09,-0.11,90.0,307.0
1768640207.098476,21440,0.0,-0.09,-0.08,90.0,307.0
1768640207.1085823,21460,0.0,-0.09,-0.08,90.0,307.0
1768640207.1441925,21480,0.0,-0.09,-0.04,90.0,307.0
1768640207.1492636,21500,0.0,-0.09,-0.01,90.0,307.0
1768640207.1729074,21520,0.0,-0.09,0.06,90.0,307.0
1768640207.1969905,21540,0.0,-0.09,-0.01,90.0,307.0
1768640207.2066662,21560,0.0,-0.09,-0.15,90.0,307.0
1768640207.2263465,21580,0.0,-0.09,0.06,90.0,307.0
1768640207.2586107,21600,0.0,-0.09,-0.01,90.0,307.0
1768640207.275229,21620,0.0,-0.09,0.02,90.0,307.0
1768640207.2898352,21640,0.0,-0.09,-0.08,90.0,307.0
1768640207.3085713,21660,0.0,-0.09,-0.01,90.0,307.0
1768640207.3409703,21680,0.0,-0.09,-0.01,90.0,307.0
1768640207.3503373,21700,0.0,-0.09,-0.08,90.0,307.0
1768640207.3735378,21720,0.0,-0.09,0.06,90.0,307.0
1768640207.3847404,21740,0.0,-0.08,0.06,90.0,307.0
1768640207.4045208,21760,0.0,-0.08,0.06,90.0,307.0
1768640207.4355898,21780,0.0,-0.08,-0.01,90.0,307.0
1768640207.4455955,21800,0.0,-0.08,0.06,91.0,309.0
1768640207.475292,21820,0.0,-0.08,-0.08,90.0,307.0
1768640207.4786816,21840,0.0,-0.08,-0.01,90.0,307.0
1768640207.5126219,21860,0.0,-0.08,-0.08,90.0,307.0
1768640207.5346334,21880,0.0,-0.08,-0.04,90.0,307.0
1768640207.5438766,21900,0.0,-0.08,-0.01,90.0,307.0
1768640207.5645995,21920,0.0,-0.08,-0.08,90.0,307.0
1768640207.5961049,21940,0.0,-0.09,-0.08,90.0,307.0
1768640207.6061249,21960,0.0,-0.08,0.04,90.0,307.0
1768640207.6425743,21980,0.0,-0.08,-0.01,90.0,307.0
1768640207.6520283,22000,0.0,-0.08,-0.08,90.0,307.0
1768640207.6872315,22020,0.0,-0.08,-0.01,90.0,307.0
1768640207.7135603,22040,0.0,-0.08,0.03,90.0,307.0
1768640207.7263663,22060,0.0,-0.08,-0.01,90.0,307.0
1768640207.7281704,22080,0.0,-0.08,0.06,89.0,305.0
1768640207.7565153,22100,0.0,-0.08,-0.01,90.0,307.0
1768640207.7664406,22120,0.0,-0.08,0.01,90.0,307.0
1768640207.794106,22140,0.0,-0.08,0.03,90.0,307.0
1768640207.812811,22160,0.0,-0.08,-0.01,90.0,307.0
1768640207.8442304,22180,0.0,-0.08,-0.01,90.0,307.0
1768640207.8671324,22200,0.0,-0.08,0.06,90.0,307.0
1768640207.8947158,22220,0.0,-0.08,0.06,91.0,309.0
1768640207.9037404,22240,0.0,-0.08,-0.01,90.0,307.0
1768640207.9167635,22260,0.0,-0.08,-0.01,90.0,307.0
1768640207.9269662,22280,0.0,-0.08,-0.01,90.0,307.0
1768640207.9491725,22300,0.0,-0.08,0.02,90.0,307.0
1768640207.958488,22320,0.0,-0.08,-0.15,90.0,307.0
1768640207.9944165,22340,0.0,-0.08,-0.03,90.0,307.0
1768640208.015142,22360,0.0,-0.08,-0.08,91.0,309.0
1768640208.02334,22380,0.0,-0.08,0.09,90.0,307.0
1768640208.0552554,22400,0.0,-0.08,-0.08,90.0,307.0
1768640208.0793464,22420,0.0,-0.08,-0.01,90.0,307.0
1768640208.0872304,22440,0.0,-0.08,-0.12,90.0,307.0
1768640208.1092987,22460,0.0,-0.08,-0.01,90.0,307.0
1768640208.1247199,22480,0.0,-0.08,-0.08,90.0,307.0
1768640208.159443,22500,0.0,-0.08,-0.04,90.0,307.0
1768640208.1705766,22520,0.0,-0.08,-0.01,90.0,307.0
1768640208.1903217,22540,0.0,-0.08,-0.08,90.0,307.0
1768640208.201793,22560,0.0,-0.08,-0.08,90.0,307.0
1768640208.2319524,22580,0.0,-0.08,0.03,90.0,307.0
1768640208.2540886,22600,0.0,-0.08,0.06,90.0,307.0
1768640208.2638044,22620,0.0,-0.08,0.03,90.0,307.0
1768640208.2839708,22640,0.0,-0.08,0.03,91.0,309.0
1768640208.3181045,22660,0.0,-0.08,-0.08,90.0,307.0
1768640208.3338013,22680,0.0,-0.08,-0.08,90.0,307.0
1768640208.3501103,22700,0.0,-0.08,-0.08,90.0,307.0
1768640208.3716636,22720,0.0,-0.08,-0.01,90.0,307.0
1768640208.3995905,22740,0.0,-0.08,0.06,90.0,307.0
1768640208.4146678,22760,0.0,-0.08,-0.01,90.0,307.0
1768640208.425592,22780,0.0,-0.08,-0.06,90.0,307.0
1768640208.4453025,22800,0.0,-0.08,-0.01,90.0,307.0
1768640208.4784985,22820,0.0,-0.08,0.06,90.0,307.0
1768640208.4882822,22840,0.0,-0.08,0.06,90.0,307.0
1768640208.5125976,22860,0.0,-0.08,-0.05,90.0,307.0
1768640208.5216982,22880,0.0,-0.08,0.09,90.0,307.0
1768640208.5538995,22900,0.0,-0.08,-0.08,90.0,307.0
1768640208.5748255,22920,0.0,-0.08,0.03,90.0,307.0
1768640208.5854034,22940,0.0,-0.08,-0.01,90.0,307.0
1768640208.6088934,22960,0.0,-0.08,-0.01,90.0,307.0
1768640208.638591,22980,0.0,-0.07,0.03,90.0,307.0
1768640208.649263,23000,0.0,-0.07,0.06,90.0,307.0
1768640208.68233,23020,0.0,-0.07,0.06,90.0,307.0
1768640208.6857476,23040,0.0,-0.07,-0.01,90.0,307.0
1768640208.7254064,23060,0.0,-0.07,-0.08,90.0,307.0
1768640208.7486942,23080,0.0,-0.07,-0.15,90.0,307.0
1768640208.7599862,23100,0.0,-0.07,0.02,90.0,307.0
1768640208.7667809,23120,0.0,-0.08,-1.08,90.0,307.0
1768640208.7984495,23140,0.0,-0.12,-0.61,103.0,337.0
1768640208.8086116,23160,0.0,-0.15,-3.02,97.0,323.0
1768640208.831242,23180,0.0,-0.16,-0.6,90.0,307.0
1768640208.848975,23200,0.0,-0.18,-0.01,95.0,318.0
1768640208.8746164,23220,0.0,-0.18,-0.01,91.0,309.0
1768640208.9019804,23240,0.0,-0.18,-0.01,90.0,307.0
1768640208.9075234,23260,0.0,-0.18,-0.08,90.0,307.0
1768640208.926678,23280,0.0,-0.18,-0.01,90.0,307.0
1768640208.9594326,23300,0.0,-0.18,-0.08,90.0,307.0
1768640208.970333,23320,0.0,-0.18,-0.08,91.0,309.0
1768640208.9913936,23340,0.0,-0.18,0.1,91.0,309.0
1768640209.0012817,23360,0.0,-0.18,-0.15,90.0,307.0
1768640209.0225792,23380,0.0,-0.18,0.04,91.0,309.0
1768640209.0581403,23400,0.0,-0.18,-0.01,90.0,307.0
1768640209.0706935,23420,0.0,-0.18,-0.01,90.0,307.0
1768640209.0885174,23440,0.0,-0.18,-0.08,90.0,307.0
1768640209.1024356,23460,0.0,-0.19,-0.08,91.0,309.0
1768640209.1445212,23480,0.0,-0.18,-0.01,90.0,307.0
1768640209.1541069,23500,0.0,-0.18,-0.01,90.0,307.0
1768640209.1678705,23520,0.0,-0.18,-0.01,90.0,307.0
1768640209.1839657,23540,0.0,-0.18,-0.01,90.0,307.0
1768640209.2166579,23560,0.0,-0.19,-0.12,90.0,307.0
1768640209.2275794,23580,0.0,-0.19,0.03,90.0,307.0
1768640209.2484975,23600,0.0,-0.19,-0.01,90.0,307.0
1768640209.2577765,23620,0.0,-0.18,0.13,90.0,307.0
1768640209.2906353,23640,0.0,-0.18,-0.11,90.0,307.0
1768640209.3126876,23660,0.0,-0.18,-0.11,90.0,307.0
1768640209.3228495,23680,0.0,-0.18,-0.05,90.0,307.0
1768640209.3444424,23700,0.0,-0.18,-0.08,90.0,307.0
1768640209.3767087,23720,0.0,-0.18,-0.08,90.0,307.0
1768640209.3864036,23740,0.0,-0.19,-0.01,91.0,309.0
1768640209.409028,23760,0.0,-0.19,-0.01,90.0,307.0
1768640209.4185338,23780,0.0,-0.19,-0.04,90.0,307.0
1768640209.451345,23800,0.0,-0.19,0.09,90.0,307.0
1768640209.4740367,23820,0.0,-0.18,0.06,90.0,307.0
1768640209.4888146,23840,0.0,-0.18,0.06,90.0,307.0
1768640209.514877,23860,0.0,-0.18,-0.08,90.0,307.0
1768640209.5418744,23880,0.0,-0.18,-0.01,90.0,307.0
1768640209.5487359,23900,0.0,-0.18,-0.01,90.0,307.0
1768640209.5757682,23920,0.0,-0.18,-0.01,90.0,307.0
1768640209.58479,23940,0.0,-0.18,-0.08,90.0,307.0
1768640209.6113815,23960,0.0,-0.18,-0.04,90.0,307.0
1768640209.633697,23980,0.0,-0.19,-0.13,90.0,307.0
1768640209.6439176,24000,0.0,-0.19,-0.01,90.0,307.0
1768640209.6642218,24020,0.0,-0.19,0.03,90.0,307.0
1768640209.6978123,24040,0.0,-0.19,-0.01,90.0,307.0
1768640209.7077818,24060,0.0,-0.19,-0.01,90.0,307.0
1768640209.7314138,24080,0.0,-0.19,-0.01,90.0,307.0
1768640209.7406418,24100,0.0,-0.19,0.09,90.0,307.0
1768640209.772485,24120,0.0,-0.19,-0.08,90.0,307.0
1768640209.7936413,24140,0.0,-0.19,-0.08,90.0,307.0
1768640209.8040128,24160,0.0,-0.19,0.06,90.0,307.0
1768640209.8316522,24180,0.0,-0.19,-0.05,90.0,307.0
1768640209.8526168,24200,0.0,-0.18,0.11,90.0,307.0
1768640209.8956852,24220,0.0,-0.19,-0.01,90.0,307.0
1768640209.9030695,24240,0.0,-0.19,-0.01,90.0,307.0
1768640209.9067678,24260,0.0,-0.19,-0.04,90.0,307.0
1768640209.9401145,24280,0.0,-0.18,0.1,90.0,307.0
1768640209.9486492,24300,0.0,-0.19,-0.15,91.0,309.0
1768640209.975939,24320,0.0,-0.18,-0.01,90.0,307.0
1768640209.9825578,24340,0.0,-0.18,-0.01,90.0,307.0
1768640210.0122206,24360,0.0,-0.19,-0.15,90.0,307.0
1768640210.0349545,24380,0.0,-0.19,-0.01,90.0,307.0
1768640210.0449433,24400,0.0,-0.18,0.06,90.0,307.0
1768640210.0661948,24420,0.0,-0.18,-0.08,90.0,307.0
1768640210.0988932,24440,0.0,-0.19,0.02,90.0,307.0
1768640210.1091304,24460,0.0,-0.18,-0.11,90.0,307.0
1768640210.1306412,24480,0.0,-0.19,0.06,91.0,309.0
1768640210.139682,24500,0.0,-0.19,0.06,90.0,307.0
1768640210.1793966,24520,0.0,-0.18,-0.08,90.0,307.0
1768640210.2067034,24540,0.0,-0.19,-0.01,90.0,307.0
1768640210.215361,24560,0.0,-0.18,-0.01,90.0,307.0
1768640210.2386436,24580,0.0,-0.18,-0.01,90.0,307.0
1768640210.2762725,24600,0.0,-0.18,-0.08,90.0,307.0
1768640210.2941844,24620,0.0,-0.18,0.03,89.0,305.0
1768640210.3034565,24640,0.0,-0.18,-0.01,90.0,307.0
1768640210.3448455,24660,0.0,-0.18,0.06,90.0,307.0
1768640210.376505,24680,0.0,-0.18,-0.01,91.0,309.0
1768640210.3829303,24700,0.0,-0.18,-0.01,90.0,307.0
1768640210.3937628,24720,0.0,-0.18,0.06,90.0,307.0
1768640210.4097822,24740,0.0,-0.18,-0.01,90.0,307.0
1768640210.423892,24760,0.0,-0.18,-0.08,90.0,307.0
1768640210.429874,24780,0.0,-0.18,-0.08,90.0,307.0
1768640210.4523728,24800,0.0,-0.18,-0.08,90.0,307.0
1768640210.4622028,24820,0.0,-0.18,-0.01,90.0,307.0
1768640210.4836752,24840,0.0,-0.18,-0.15,90.0,307.0
1768640210.5161111,24860,0.0,-0.18,0.13,90.0,307.0
1768640210.526321,24880,0.0,-0.18,-0.01,90.0,307.0
1768640210.5497758,24900,0.0,-0.18,-0.01,90.0,307.0
1768640210.5643492,24920,0.0,-0.18,-0.01,90.0,307.0
1768640210.5909626,24940,0.0,-0.18,0.03,90.0,307.0
1768640210.6175466,24960,0.0,-0.18,-0.05,90.0,307.0
1768640210.623047,24980,0.0,-0.18,0.06,90.0,307.0
1768640210.6440036,25000,0.0,-0.18,-0.08,90.0,307.0
1768640210.6791668,25020,0.0,-0.18,-0.01,90.0,307.0
1768640210.6928444,25040,0.0,-0.18,-0.01,90.0,307.0
1768640210.7138622,25060,0.0,-0.18,0.06,90.0,307.0
1768640210.7289424,25080,0.0,-0.18,-0.01,90.0,307.0
1768640210.754101,25100,0.0,-0.18,-0.01,91.0,309.0
1768640210.772907,25120,0.0,-0.18,-0.01,90.0,307.0
1768640210.7831647,25140,0.0,-0.18,-0.08,90.0,307.0
1768640210.8045194,25160,0.0,-0.18,-0.04,90.0,307.0
1768640210.8365421,25180,0.0,-0.18,0.03,90.0,307.0
1768640210.8466272,25200,0.0,-0.18,-0.01,90.0,307.0
1768640210.8695521,25220,0.0,-0.18,-0.01,90.0,307.0
1768640210.9151452,25240,0.0,-0.18,0.11,90.0,307.0
1768640210.916261,25260,0.0,-0.18,-0.01,90.0,307.0
1768640210.9370677,25280,0.0,-0.18,0.03,90.0,307.0
1768640210.9466445,25300,0.0,-0.18,-0.08,90.0,307.0
1768640210.9675884,25320,0.0,-0.18,0.06,90.0,307.0
1768640210.9987092,25340,0.0,-0.18,-0.01,90.0,307.0
1768640211.0120573,25360,0.0,-0.18,-0.01,89.0,305.0
1768640211.0315473,25380,0.0,-0.18,-0.01,90.0,307.0
1768640211.0521176,25400,0.0,-0.18,0.04,90.0,307.0
1768640211.0773165,25420,0.0,-0.18,-0.01,90.0,307.0
1768640211.0942802,25440,0.0,-0.18,-0.04,90.0,307.0
1768640211.1046526,25460,0.0,-0.18,-0.01,90.0,307.0
1768640211.1252363,25480,0.0,-0.18,-0.08,90.0,307.0
1768640211.1578755,25500,0.0,-0.18,0.03,90.0,307.0
1768640211.1680455,25520,0.0,-0.18,-0.08,90.0,307.0
1768640211.1902902,25540,0.0,-0.18,0.03,90.0,307.0
1768640211.1991699,25560,0.0,-0.18,-0.05,90.0,307.0
1768640211.232191,25580,0.0,-0.18,0.13,90.0,307.0
1768640211.2543497,25600,0.0,-0.18,-0.01,90.0,307.0
1768640211.264392,25620,0.0,-0.18,-0.03,90.0,307.0
1768640211.2857788,25640,0.0,-0.18,-0.08,90.0,307.0
1768640211.3425708,25660,0.0,-0.18,-0.01,90.0,307.0
1768640211.3551903,25680,0.0,-0.18,-0.08,90.0,307.0
1768640211.3625445,25700,0.0,-0.18,-0.04,90.0,307.0
1768640211.3743129,25720,0.0,-0.18,0.13,90.0,307.0
1768640211.394472,25740,0.0,-0.18,0.06,90.0,307.0
1768640211.4151835,25760,0.0,-0.18,0.06,90.0,307.0
1768640211.4257176,25780,0.0,-0.18,-0.01,90.0,307.0
1768640211.4463995,25800,0.0,-0.18,0.03,90.0,307.0
1768640211.5033383,25820,0.0,-0.17,-0.01,90.0,307.0
1768640211.5256798,25840,0.0,-0.17,0.13,90.0,307.0
1768640211.534354,25860,0.0,-0.17,-0.01,90.0,307.0
1768640211.5515807,25880,0.0,-0.17,-0.11,89.0,305.0
1768640211.5679598,25900,0.0,-0.17,-0.01,90.0,307.0
1768640211.577264,25920,0.0,-0.17,-0.01,90.0,307.0
1768640211.5856414,25940,0.0,-0.17,-0.05,90.0,307.0
1768640211.6067042,25960,0.0,-0.17,-0.08,90.0,307.0
1768640211.639263,25980,0.0,-0.17,0.13,91.0,309.0
1768640211.6494627,26000,0.0,-0.17,-0.08,90.0,307.0
1768640211.6715386,26020,0.0,-0.17,-0.01,90.0,307.0
1768640211.6817338,26040,0.0,-0.17,-0.08,89.0,305.0
1768640211.7032757,26060,0.0,-0.17,0.08,90.0,307.0
1768640211.7607415,26080,0.0,-0.17,0.03,90.0,307.0
1768640211.771645,26100,0.0,-0.17,-0.05,90.0,307.0
1768640211.7845812,26120,0.0,-0.17,0.06,90.0,307.0
1768640211.7883615,26140,0.0,-0.17,-0.01,90.0,307.0
1768640211.827339,26160,0.0,-0.17,-0.01,90.0,307.0
1768640211.8441885,26180,0.0,-0.17,-0.11,90.0,307.0
1768640211.8717706,26200,0.0,-0.17,0.06,90.0,307.0
1768640211.8754227,26220,0.0,-0.17,0.08,90.0,307.0
1768640211.8978071,26240,0.0,-0.17,-0.01,90.0,307.0
1768640211.9100924,26260,0.0,-0.17,0.1,90.0,307.0
1768640211.931874,26280,0.0,-0.17,-0.01,90.0,307.0
1768640211.9386528,26300,0.0,-0.17,0.13,90.0,307.0
1768640211.9714026,26320,0.0,-0.16,-0.01,90.0,307.0
1768640211.9924402,26340,0.0,-0.16,-0.01,90.0,307.0
1768640212.002655,26360,0.0,-0.17,-0.15,90.0,307.0
1768640212.023818,26380,0.0,-0.17,-0.01,90.0,307.0
1768640212.0565162,26400,0.0,-0.17,-0.04,90.0,307.0
1768640212.0667417,26420,0.0,-0.17,-0.08,90.0,307.0
1768640212.0888317,26440,0.0,-0.17,-0.13,90.0,307.0
1768640212.098136,26460,0.0,-0.17,-0.01,90.0,307.0
1768640212.1320312,26480,0.0,-0.17,-0.11,90.0,307.0
1768640212.1642158,26500,0.0,-0.17,0.06,90.0,307.0
1768640212.171477,26520,0.0,-0.17,-0.04,90.0,307.0
1768640212.1866767,26540,0.0,-0.17,0.02,90.0,307.0
1768640212.2394235,26560,0.0,-0.17,-0.08,90.0,307.0
1768640212.2448845,26580,0.0,-0.17,0.06,90.0,307.0
1768640212.2693045,26600,0.0,-0.17,-0.01,91.0,309.0
1768640212.2989247,26620,0.0,-0.17,-0.01,90.0,307.0
1768640212.3000004,26640,0.0,-0.17,-0.01,90.0,307.0
1768640212.319812,26660,0.0,-0.17,0.04,90.0,307.0
1768640212.3339674,26680,0.0,-0.17,-0.08,90.0,307.0
1768640212.3494797,26700,0.0,-0.17,-0.01,90.0,307.0
1768640212.3841736,26720,0.0,-0.17,-0.01,90.0,307.0
1768640212.393526,26740,0.0,-0.17,-0.01,90.0,307.0
1768640212.4036329,26760,0.0,-0.17,0.06,90.0,307.0
1768640212.4248586,26780,0.0,-0.17,-0.08,90.0,307.0
1768640212.4575589,26800,0.0,-0.17,-0.04,90.0,307.0
1768640212.4677389,26820,0.0,-0.17,0.06,90.0,307.0
1768640212.4897392,26840,0.0,-0.17,0.06,90.0,307.0
1768640212.4989204,26860,0.0,-0.17,-0.01,90.0,307.0
1768640212.535054,26880,0.0,-0.17,0.06,90.0,307.0
1768640212.5556226,26900,0.0,-0.17,-0.01,90.0,307.0
1768640212.5653458,26920,0.0,-0.17,-0.01,90.0,307.0
1768640212.6016119,26940,0.0,-0.17,-0.08,90.0,307.0
1768640212.6176844,26960,0.0,-0.17,-0.04,90.0,307.0
1768640212.6281755,26980,0.0,-0.17,-0.01,90.0,307.0
1768640212.650869,27000,0.0,-0.17,-0.01,90.0,307.0
1768640212.6597302,27020,0.0,-0.17,-0.04,90.0,307.0
1768640212.6943371,27040,0.0,-0.17,0.06,90.0,307.0
1768640212.7178495,27060,0.0,-0.17,-0.01,90.0,307.0
1768640212.7287395,27080,0.0,-0.17,-0.08,90.0,307.0
1768640212.745531,27100,0.0,-0.17,0.06,90.0,307.0
1768640212.7784715,27120,0.0,-0.17,0.02,90.0,307.0
1768640212.7886782,27140,0.0,-0.17,-0.08,90.0,307.0
1768640212.8109155,27160,0.0,-0.17,0.03,90.0,307.0
1768640212.8199146,27180,0.0,-0.17,-0.01,90.0,307.0
1768640212.8528757,27200,0.0,-0.17,0.06,90.0,307.0
1768640212.8749394,27220,0.0,-0.17,0.06,90.0,307.0
1768640212.8851373,27240,0.0,-0.17,-0.08,91.0,309.0
1768640212.9192836,27260,0.0,-0.17,-0.01,91.0,309.0
1768640212.9524827,27280,0.0,-0.17,-0.01,90.0,307.0
1768640212.9623652,27300,0.0,-0.17,-0.04,90.0,307.0
1768640213.0115132,27320,0.0,-0.17,-0.03,90.0,307.0
1768640213.0218482,27340,0.0,-0.17,0.06,90.0,307.0
1768640213.0272973,27360,0.0,-0.17,-0.01,90.0,307.0
1768640213.045614,27380,0.0,-0.17,-0.04,90.0,307.0
1768640213.04645,27400,0.0,-0.17,-0.08,90.0,307.0
1768640213.0679865,27420,0.0,-0.17,0.03,90.0,307.0
1768640213.0801382,27440,0.0,-0.17,0.03,90.0,307.0
1768640213.115967,27460,0.0,-0.17,0.03,90.0,307.0
1768640213.1315935,27480,0.0,-0.17,0.04,90.0,307.0
1768640213.1453037,27500,0.0,-0.17,-0.01,90.0,307.0
1768640213.1621897,27520,0.0,-0.17,-0.01,91.0,309.0
1768640213.195574,27540,0.0,-0.17,0.03,90.0,307.0
1768640213.2059345,27560,0.0,-0.17,-0.01,90.0,307.0
1768640213.2278543,27580,0.0,-0.17,0.03,90.0,307.0
1768640213.2370446,27600,0.0,-0.17,-0.08,90.0,307.0
1768640213.27003,27620,0.0,-0.17,-0.08,90.0,307.0
1768640213.319367,27640,0.0,-0.17,-0.01,90.0,307.0
1768640213.3255029,27660,0.0,-0.17,-0.08,90.0,307.0
1768640213.3410833,27680,0.0,-0.17,0.02,90.0,307.0
1768640213.3660498,27700,0.0,-0.17,-0.01,91.0,309.0
1768640213.3956811,27720,0.0,-0.17,-0.01,90.0,307.0
1768640213.4007914,27740,0.0,-0.17,0.03,90.0,307.0
1768640213.4155076,27760,0.0,-0.17,-0.01,90.0,307.0
1768640213.4682648,27780,0.0,-0.17,-0.01,90.0,307.0
1768640213.4861429,27800,0.0,-0.17,-0.01,90.0,307.0
1768640213.4995115,27820,0.0,-0.16,-0.01,89.0,305.0
1768640213.5191395,27840,0.0,-0.16,0.06,90.0,307.0
1768640213.5414941,27860,0.0,-0.16,-0.08,90.0,307.0
1768640213.5426931,27880,0.0,-0.17,-0.08,91.0,309.0
1768640213.5446475,27900,0.0,-0.17,-0.01,90.0,307.0
1768640213.564076,27920,0.0,-0.17,-0.01,90.0,307.0
1768640213.5963352,27940,0.0,-0.17,-0.01,90.0,307.0
1768640213.6064053,27960,0.0,-0.17,-0.01,90.0,307.0
1768640213.6286623,27980,0.0,-0.17,-0.04,90.0,307.0
1768640213.637702,28000,0.0,-0.17,-0.01,90.0,307.0
1768640213.6962037,28020,0.0,-0.17,-0.04,90.0,307.0
1768640213.7126586,28040,0.0,-0.17,-0.08,90.0,307.0
1768640213.7629359,28060,0.0,-0.17,-0.01,90.0,307.0
1768640213.7898602,28080,0.0,-0.17,0.18,90.0,307.0
1768640213.82697,28100,0.0,-0.17,0.03,90.0,307.0
1768640213.859448,28120,0.0,-0.17,-0.01,90.0,307.0
1768640213.8758187,28140,0.0,-0.17,-0.1,90.0,307.0
1768640213.8771136,28160,0.0,-0.17,-0.04,90.0,307.0
1768640213.8806145,28180,0.0,-0.17,-0.01,90.0,307.0
1768640213.8890922,28200,0.0,-0.17,-0.01,91.0,309.0
1768640213.8902586,28220,0.0,-0.17,-0.15,90.0,307.0
1768640213.8931842,28240,0.0,-0.17,0.06,90.0,307.0
1768640213.9153395,28260,0.0,-0.17,0.02,90.0,307.0
1768640213.9341185,28280,0.0,-0.17,-0.11,90.0,307.0
1768640213.9439874,28300,0.0,-0.17,-0.08,90.0,307.0
1768640213.96528,28320,0.0,-0.17,-0.01,90.0,307.0
1768640213.9982445,28340,0.0,-0.17,-0.04,90.0,307.0
1768640214.008243,28360,0.0,-0.17,-0.04,90.0,307.0
1768640214.0311685,28380,0.0,-0.17,0.06,90.0,307.0
1768640214.0540428,28400,0.0,-0.17,-0.08,90.0,307.0
1768640214.0832133,28420,0.0,-0.17,-0.01,91.0,309.0
1768640214.1312656,28440,0.0,-0.17,-0.01,90.0,307.0
1768640214.1685736,28460,0.0,-0.17,-0.15,90.0,307.0
1768640214.205966,28480,0.0,-0.17,-0.01,90.0,307.0
1768640214.2106893,28500,0.0,-0.17,-0.15,90.0,307.0
1768640214.240395,28520,0.0,-0.17,-0.08,91.0,309.0
1768640214.2575428,28540,0.0,-0.18,-0.01,90.0,307.0
1768640214.263751,28560,0.0,-0.18,-0.15,91.0,309.0
1768640214.2649148,28580,0.0,-0.18,-0.01,90.0,307.0
1768640214.2659595,28600,0.0,-0.18,-0.04,89.0,305.0
1768640214.2670162,28620,0.0,-0.18,-0.01,90.0,307.0
1768640214.2861931,28640,0.0,-0.18,0.03,90.0,307.0
1768640214.3184917,28660,0.0,-0.18,0.06,90.0,307.0
1768640214.328369,28680,0.0,-0.18,-0.01,90.0,307.0
1768640214.35069,28700,0.0,-0.18,-0.11,90.0,307.0
1768640214.3598547,28720,0.0,-0.18,-0.15,91.0,309.0
1768640214.4145124,28740,0.0,-0.18,0.04,90.0,307.0
1768640214.420758,28760,0.0,-0.18,-0.01,90.0,307.0
1768640214.4284983,28780,0.0,-0.18,-0.04,90.0,307.0
1768640214.4522598,28800,0.0,-0.18,-0.01,90.0,307.0
1768640214.4799943,28820,0.0,-0.18,-0.01,90.0,307.0
1768640214.4914272,28840,0.0,-0.18,-0.05,90.0,307.0
1768640214.5278475,28860,0.0,-0.18,-0.01,90.0,307.0
1768640214.559335,28880,0.0,-0.18,-0.08,90.0,307.0
1768640214.5764067,28900,0.0,-0.18,-0.01,90.0,307.0
1768640214.593656,28920,0.0,-0.18,-0.04,90.0,307.0
1768640214.6026826,28940,0.0,-0.18,0.03,90.0,307.0
1768640214.6083636,28960,0.0,-0.18,-0.01,90.0,307.0
1768640214.6188297,28980,0.0,-0.18,0.02,90.0,307.0
1768640214.6498728,29000,0.0,-0.18,-0.01,90.0,307.0
1768640214.6714025,29020,0.0,-0.18,0.03,90.0,307.0
1768640214.687968,29040,0.0,-0.18,-0.05,90.0,307.0
1768640214.6971505,29060,0.0,-0.18,0.13,90.0,307.0
1768640214.7300916,29080,0.0,-0.18,-0.15,90.0,307.0
1768640214.7529953,29100,0.0,-0.18,-0.15,90.0,307.0
1768640214.7622263,29120,0.0,-0.18,0.11,90.0,307.0
1768640214.7862911,29140,0.0,-0.18,-0.01,90.0,307.0
1768640214.8162894,29160,0.0,-0.18,-0.08,90.0,307.0
1768640214.8267014,29180,0.0,-0.18,0.06,90.0,307.0
1768640214.8532574,29200,0.0,-0.18,0.06,90.0,307.0
1768640214.8611887,29220,0.0,-0.18,0.06,91.0,309.0
1768640214.902726,29240,0.0,-0.18,0.06,90.0,307.0
1768640214.9229805,29260,0.0,-0.18,0.06,90.0,307.0
1768640214.9298112,29280,0.0,-0.18,-0.08,90.0,307.0
1768640214.944055,29300,0.0,-0.18,-0.08,90.0,307.0
1768640214.9784305,29320,0.0,-0.18,-0.01,90.0,307.0
1768640214.987144,29340,0.0,-0.18,0.01,90.0,307.0
1768640215.0134094,29360,0.0,-0.18,-0.08,91.0,309.0
1768640215.0284078,29380,0.0,-0.18,0.06,90.0,307.0
1768640215.0510545,29400,0.0,-0.18,-0.01,90.0,307.0
1768640215.0731914,29420,0.0,-0.18,-0.01,90.0,307.0
1768640215.0833468,29440,0.0,-0.18,-0.04,90.0,307.0
1768640215.1045473,29460,0.0,-0.18,-0.08,90.0,307.0
1768640215.1365693,29480,0.0,-0.18,-0.04,90.0,307.0
1768640215.1467671,29500,0.0,-0.18,-0.04,90.0,307.0
1768640215.1693408,29520,0.0,-0.18,0.13,90.0,307.0
1768640215.1822243,29540,0.0,-0.18,-0.01,90.0,307.0
1768640215.2424734,29560,0.0,-0.18,-0.03,90.0,307.0
1768640215.257702,29580,0.0,-0.18,0.13,90.0,307.0
1768640215.3057275,29600,0.0,-0.18,0.13,90.0,307.0
1768640215.3158195,29620,0.0,-0.18,-0.18,90.0,307.0
1768640215.3348517,29640,0.0,-0.18,0.1,90.0,307.0
1768640215.3812096,29660,0.0,-0.18,-0.04,90.0,307.0
1768640215.3935027,29680,0.0,-0.18,-0.01,90.0,307.0
1768640215.4056592,29700,0.0,-0.18,-0.01,90.0,307.0
1768640215.4068773,29720,0.0,-0.18,-0.1,90.0,307.0
1768640215.424402,29740,0.0,-0.18,-0.08,90.0,307.0
1768640215.4385357,29760,0.0,-0.18,0.03,90.0,307.0
1768640215.4568648,29780,0.0,-0.18,-0.08,91.0,309.0
1768640215.4576826,29800,0.0,-0.18,-0.08,90.0,307.0
1768640215.4675822,29820,0.0,-0.18,-0.01,90.0,307.0
1768640215.490346,29840,0.0,-0.18,-0.01,90.0,307.0
1768640215.4994283,29860,0.0,-0.18,-0.01,90.0,307.0
1768640215.5323608,29880,0.0,-0.18,-0.01,90.0,307.0
1768640215.5544527,29900,0.0,-0.18,-0.11,90.0,307.0
1768640215.5642915,29920,0.0,-0.19,-0.01,90.0,307.0
1768640215.6028266,29940,0.0,-0.19,-0.08,90.0,307.0
1768640215.6189282,29960,0.0,-0.19,-0.08,90.0,307.0
1768640215.634895,29980,0.0,-0.19,-0.01,90.0,307.0
1768640215.6668794,30000,0.0,-0.18,0.09,90.0,307.0
1768640215.6827166,30020,0.0,-0.19,-0.15,90.0,307.0
1768640215.7009163,30040,0.0,-0.18,-0.01,90.0,307.0
1768640215.743547,30060,0.0,-0.19,0.06,90.0,307.0
1768640215.7554286,30080,0.0,-0.18,-0.08,90.0,307.0
1768640215.7685156,30100,0.0,-0.19,-0.01,90.0,307.0
1768640215.7915857,30120,0.0,-0.19,-0.08,90.0,307.0
1768640215.8055897,30140,0.0,-0.19,0.06,90.0,307.0
1768640215.8154328,30160,0.0,-0.19,-0.06,90.0,307.0
1768640215.8261583,30180,0.0,-0.19,-0.08,90.0,307.0
1768640215.8591032,30200,0.0,-0.19,-0.01,90.0,307.0
1768640215.8690917,30220,0.0,-0.19,0.06,90.0,307.0
1768640215.8911994,30240,0.0,-0.19,0.03,90.0,307.0
1768640215.900195,30260,0.0,-0.19,-0.01,90.0,307.0
1768640215.9332466,30280,0.0,-0.19,-0.08,90.0,307.0
1768640215.9548345,30300,0.0,-0.19,-0.08,90.0,307.0
1768640215.9760818,30320,0.0,-0.19,-0.04,90.0,307.0
1768640215.9965174,30340,0.0,-0.19,-0.01,90.0,307.0
1768640216.0202398,30360,0.0,-0.19,-0.01,90.0,307.0
1768640216.0305796,30380,0.0,-0.19,-0.01,90.0,307.0
1768640216.0535524,30400,0.0,-0.19,0.06,90.0,307.0
1768640216.071442,30420,0.0,-0.19,0.06,90.0,307.0
1768640216.0830846,30440,0.0,-0.19,0.13,90.0,307.0
1768640216.1193757,30460,0.0,-0.19,-0.01,90.0,307.0
1768640216.154494,30480,0.0,-0.19,-0.01,90.0,307.0
1768640216.176079,30500,0.0,-0.19,-0.08,90.0,307.0
1768640216.1969867,30520,0.0,-0.19,0.06,90.0,307.0
1768640216.2227545,30540,0.0,-0.19,-0.08,90.0,307.0
1768640216.241171,30560,0.0,-0.19,-0.15,90.0,307.0
1768640216.2422643,30580,0.0,-0.19,0.02,90.0,307.0
1768640216.2440338,30600,0.0,-0.19,0.06,91.0,309.0
1768640216.2761784,30620,0.0,-0.19,-0.08,90.0,307.0
1768640216.2861698,30640,0.0,-0.19,0.13,90.0,307.0
1768640216.3083942,30660,0.0,-0.19,-0.08,90.0,307.0
1768640216.3176005,30680,0.0,-0.19,-0.08,90.0,307.0
1768640216.3498838,30700,0.0,-0.19,0.06,90.0,307.0
1768640216.3769622,30720,0.0,-0.19,0.06,90.0,307.0
1768640216.3979805,30740,0.0,-0.19,-0.08,90.0,307.0
1768640216.410732,30760,0.0,-0.19,-0.01,90.0,307.0
1768640216.4374547,30780,0.0,-0.19,-0.01,90.0,307.0
1768640216.4642906,30800,0.0,-0.19,-0.01,90.0,307.0
1768640216.473003,30820,0.0,-0.19,-0.06,91.0,309.0
1768640216.4872396,30840,0.0,-0.19,-0.01,90.0,307.0
1768640216.5322716,30860,0.0,-0.19,-0.08,90.0,307.0
1768640216.54536,30880,0.0,-0.19,0.06,90.0,307.0
1768640216.5513682,30900,0.0,-0.19,-0.01,90.0,307.0
1768640216.565223,30920,0.0,-0.19,0.06,90.0,307.0
1768640216.597322,30940,0.0,-0.19,0.06,90.0,307.0
1768640216.6073236,30960,0.0,-0.19,-0.01,90.0,307.0
1768640216.6297133,30980,0.0,-0.19,0.04,90.0,307.0
1768640216.6384761,31000,0.0,-0.19,-0.01,90.0,307.0
1768640216.67091,31020,0.0,-0.19,0.06,90.0,307.0
1768640216.693762,31040,0.0,-0.19,-0.04,90.0,307.0
1768640216.7037237,31060,0.0,-0.19,0.02,90.0,307.0
1768640216.7249608,31080,0.0,-0.19,-0.08,90.0,307.0
1768640216.7581668,31100,0.0,-0.19,-0.01,90.0,307.0
1768640216.7750993,31120,0.0,-0.18,0.06,90.0,307.0
1768640216.784251,31140,0.0,-0.18,-0.08,90.0,307.0
1768640216.8174365,31160,0.0,-0.18,-0.01,90.0,307.0
1768640216.837883,31180,0.0,-0.18,-0.08,90.0,307.0
1768640216.8487165,31200,0.0,-0.18,-0.06,90.0,307.0
1768640216.8789842,31220,0.0,-0.19,-0.01,90.0,307.0
1768640216.899047,31240,0.0,-0.19,-0.05,90.0,307.0
1768640216.916999,31260,0.0,-0.19,-0.01,90.0,307.0
1768640216.9355605,31280,0.0,-0.19,-0.08,90.0,307.0
1768640216.9459,31300,0.0,-0.19,-0.01,91.0,309.0
1768640216.9656038,31320,0.0,-0.19,-0.08,90.0,307.0
1768640216.9985774,31340,0.0,-0.19,-0.01,90.0,307.0
1768640217.0086253,31360,0.0,-0.19,0.04,90.0,307.0
1768640217.0306811,31380,0.0,-0.19,-0.08,90.0,307.0
1768640217.0397875,31400,0.0,-0.19,-0.01,90.0,307.0
1768640217.0726852,31420,0.0,-0.19,0.11,90.0,307.0
1768640217.0978775,31440,0.0,-0.19,-0.08,90.0,307.0
1768640217.1049976,31460,0.0,-0.19,-0.15,91.0,309.0
1768640217.130847,31480,0.0,-0.19,0.06,90.0,307.0
1768640217.1656673,31500,0.0,-0.19,-0.04,90.0,307.0
1768640217.1726098,31520,0.0,-0.19,-0.15,90.0,307.0
1768640217.1986427,31540,0.0,-0.19,-0.08,90.0,307.0
1768640217.2083163,31560,0.0,-0.19,-0.01,90.0,307.0
1768640217.232744,31580,0.0,-0.19,-0.01,90.0,307.0
1768640217.2561953,31600,0.0,-0.19,-0.01,90.0,307.0
1768640217.2660913,31620,0.0,-0.19,0.03,90.0,307.0
1768640217.3002157,31640,0.0,-0.19,0.06,90.0,307.0
1768640217.3244538,31660,0.0,-0.19,-0.01,90.0,307.0
1768640217.3482268,31680,0.0,-0.19,0.03,90.0,307.0
1768640217.3603501,31700,0.0,-0.19,-0.01,90.0,307.0
1768640217.3748538,31720,0.0,-0.19,-0.08,90.0,307.0
1768640217.3916578,31740,0.0,-0.19,0.06,90.0,307.0
1768640217.4151475,31760,0.0,-0.19,-0.01,90.0,307.0
1768640217.4252405,31780,0.0,-0.19,-0.01,90.0,307.0
1768640217.447583,31800,0.0,-0.19,-0.03,91.0,309.0
1768640217.4568782,31820,0.0,-0.19,-0.08,90.0,307.0
1768640217.4898355,31840,0.0,-0.19,0.06,90.0,307.0
1768640217.5186422,31860,0.0,-0.19,-0.01,90.0,307.0
1768640217.5459719,31880,0.0,-0.19,-0.01,90.0,307.0
1768640217.5594773,31900,0.0,-0.19,-0.01,90.0,307.0
1768640217.5872107,31920,0.0,-0.19,-0.08,90.0,307.0
1768640217.6211112,31940,0.0,-0.19,-0.15,90.0,307.0
1768640217.6232457,31960,0.0,-0.19,-0.01,90.0,307.0
1768640217.6297915,31980,0.0,-0.19,0.09,90.0,307.0
1768640217.6800609,32000,0.0,-0.19,-0.01,90.0,307.0
1768640217.6896303,32020,0.0,-0.19,-0.15,90.0,307.0
1768640217.713544,32040,0.0,-0.2,-0.01,90.0,307.0
1768640217.72953,32060,0.0,-0.2,-0.08,90.0,307.0
1768640217.7501523,32080,0.0,-0.2,-0.01,90.0,307.0
1768640217.7619402,32100,0.0,-0.19,0.03,90.0,307.0
1768640217.7751837,32120,0.0,-0.19,-0.01,90.0,307.0
1768640217.7778566,32140,0.0,-0.19,-0.08,90.0,307.0
1768640217.8103414,32160,0.0,-0.2,-0.01,91.0,309.0
1768640217.833024,32180,0.0,-0.2,-0.08,90.0,307.0
1768640217.8433137,32200,0.0,-0.2,-0.15,90.0,307.0
1768640217.8646948,32220,0.0,-0.2,-0.08,90.0,307.0
1768640217.8979726,32240,0.0,-0.2,-0.03,90.0,307.0
1768640217.9108927,32260,0.0,-0.2,0.06,91.0,309.0
1768640217.9349716,32280,0.0,-0.2,-0.04,90.0,307.0
1768640217.946722,32300,0.0,-0.2,-0.08,90.0,307.0
1768640217.9780142,32320,0.0,-0.2,-0.01,90.0,307.0
1768640218.009221,32340,0.0,-0.2,-0.08,90.0,307.0
1768640218.0213466,32360,0.0,-0.2,-0.01,90.0,307.0
1768640218.060897,32380,0.0,-0.2,-0.04,90.0,307.0
1768640218.0850856,32400,0.0,-0.2,-0.08,90.0,307.0
1768640218.09733,32420,0.0,-0.2,-0.01,90.0,307.0
1768640218.1176503,32440,0.0,-0.2,-0.01,90.0,307.0
1768640218.1389909,32460,0.0,-0.2,0.01,90.0,307.0
1768640218.1529076,32480,0.0,-0.2,-0.01,90.0,307.0
1768640218.1589317,32500,0.0,-0.2,-0.01,90.0,307.0
1768640218.163836,32520,0.0,-0.2,0.06,90.0,307.0
1768640218.1850457,32540,0.0,-0.2,-0.08,90.0,307.0
1768640218.2176592,32560,0.0,-0.2,0.03,90.0,307.0
1768640218.2281163,32580,0.0,-0.2,0.1,90.0,307.0
1768640218.2498841,32600,0.0,-0.2,-0.04,90.0,307.0
1768640218.2588272,32620,0.0,-0.2,0.06,90.0,307.0
1768640218.2917721,32640,0.0,-0.2,-0.01,90.0,307.0
1768640218.3152874,32660,0.0,-0.2,-0.01,90.0,307.0
1768640218.324835,32680,0.0,-0.2,0.03,90.0,307.0
1768640218.3527455,32700,0.0,-0.2,-0.01,90.0,307.0
1768640218.3956852,32720,0.0,-0.2,-0.01,90.0,307.0
1768640218.4161906,32740,0.0,-0.2,-0.08,90.0,307.0
1768640218.424666,32760,0.0,-0.2,0.06,90.0,307.0
1768640218.4669595,32780,0.0,-0.2,-0.01,90.0,307.0
1768640218.472457,32800,0.0,-0.2,-0.08,90.0,307.0
1768640218.4758067,32820,0.0,-0.2,-0.01,90.0,307.0
1768640218.488978,32840,0.0,-0.2,-0.01,90.0,307.0
1768640218.5102654,32860,0.0,-0.2,0.06,90.0,307.0
1768640218.5400946,32880,0.0,-0.2,-0.08,90.0,307.0
1768640218.5482564,32900,0.0,-0.2,-0.01,91.0,309.0
1768640218.571093,32920,0.0,-0.2,-0.08,90.0,307.0
1768640218.5806108,32940,0.0,-0.2,-0.01,90.0,307.0
1768640218.6130774,32960,0.0,-0.2,0.06,90.0,307.0
1768640218.6352978,32980,0.0,-0.2,-0.08,90.0,307.0
1768640218.6452875,33000,0.0,-0.2,0.06,90.0,307.0
1768640218.66639,33020,0.0,-0.2,-0.01,90.0,307.0
1768640218.7071528,33040,0.0,-0.2,-0.01,90.0,307.0
1768640218.722149,33060,0.0,-0.2,0.04,90.0,307.0
1768640218.732794,33080,0.0,-0.2,-0.08,90.0,307.0
1768640218.7404656,33100,0.0,-0.2,0.06,91.0,309.0
1768640218.7917047,33120,0.0,-0.2,-0.01,90.0,307.0
1768640218.7947948,33140,0.0,-0.2,-0.08,90.0,307.0
1768640218.8079693,33160,0.0,-0.2,0.06,90.0,307.0
1768640218.85115,33180,0.0,-0.2,-0.01,90.0,307.0
1768640218.871993,33200,0.0,-0.2,-0.01,90.0,307.0
1768640218.8796659,33220,0.0,-0.2,-0.08,90.0,307.0
1768640218.8971996,33240,0.0,-0.2,-0.08,90.0,307.0
1768640218.9082205,33260,0.0,-0.2,-0.01,90.0,307.0
1768640218.9274194,33280,0.0,-0.2,0.11,90.0,307.0
1768640218.9559958,33300,0.0,-0.2,-0.01,90.0,307.0
1768640218.9660997,33320,0.0,-0.2,0.06,90.0,307.0
1768640218.9875605,33340,0.0,-0.2,-0.01,90.0,307.0
1768640218.9967086,33360,0.0,-0.2,-0.15,90.0,307.0
1768640219.0306084,33380,0.0,-0.2,0.1,90.0,307.0
1768640219.055975,33400,0.0,-0.2,-0.08,90.0,307.0
1768640219.0904963,33420,0.0,-0.2,0.02,90.0,307.0
1768640219.106848,33440,0.0,-0.2,-0.06,90.0,307.0
1768640219.156581,33460,0.0,-0.2,-0.08,90.0,307.0
1768640219.1576357,33480,0.0,-0.2,0.13,90.0,307.0
1768640219.16397,33500,0.0,-0.19,0.06,90.0,307.0
1768640219.190489,33520,0.0,-0.19,0.06,90.0,307.0
1768640219.21533,33540,0.0,-0.19,-0.01,90.0,307.0
1768640219.2253957,33560,0.0,-0.19,0.06,90.0,307.0
1768640219.226493,33580,0.0,-0.19,-0.08,91.0,309.0
1768640219.2456095,33600,0.0,-0.19,-0.01,90.0,307.0
1768640219.2810445,33620,0.0,-0.19,0.03,89.0,305.0
1768640219.2988367,33640,0.0,-0.19,-0.04,90.0,307.0
1768640219.3152468,33660,0.0,-0.19,-0.06,90.0,307.0
1768640219.3178911,33680,0.0,-0.19,-0.08,90.0,307.0
1768640219.3503692,33700,0.0,-0.19,0.06,90.0,307.0
1768640219.372962,33720,0.0,-0.19,-0.08,90.0,307.0
1768640219.383149,33740,0.0,-0.19,0.06,89.0,305.0
1768640219.4036877,33760,0.0,-0.19,-0.08,90.0,307.0
1768640219.4372609,33780,0.0,-0.19,-0.08,90.0,307.0
1768640219.4473653,33800,0.0,-0.19,-0.08,90.0,307.0
1768640219.469639,33820,0.0,-0.19,-0.04,90.0,307.0
1768640219.4901123,33840,0.0,-0.19,0.03,90.0,307.0
1768640219.5202658,33860,0.0,-0.19,-0.01,90.0,307.0
1768640219.5615287,33880,0.0,-0.19,-0.08,90.0,307.0
1768640219.5765238,33900,0.0,-0.19,-0.01,90.0,307.0
1768640219.6091235,33920,0.0,-0.19,-0.04,90.0,307.0
1768640219.6102734,33940,0.0,-0.19,-0.05,90.0,307.0
1768640219.6169748,33960,0.0,-0.19,-0.01,91.0,309.0
1768640219.6320107,33980,0.0,-0.19,0.03,89.0,305.0
1768640219.6413167,34000,0.0,-0.19,-0.01,90.0,307.0
1768640219.6778555,34020,0.0,-0.19,-0.01,90.0,307.0
1768640219.6940703,34040,0.0,-0.19,-0.08,90.0,307.0
1768640219.7045696,34060,0.0,-0.19,-0.08,90.0,307.0
1768640219.7253923,34080,0.0,-0.19,-0.01,90.0,307.0
1768640219.7582471,34100,0.0,-0.19,-0.01,90.0,307.0
1768640219.768252,34120,0.0,-0.19,0.13,90.0,307.0
1768640219.7905545,34140,0.0,-0.19,-0.04,90.0,307.0
1768640219.7993147,34160,0.0,-0.19,0.03,90.0,307.0
1768640219.8323157,34180,0.0,-0.19,-0.04,90.0,307.0
1768640219.854629,34200,0.0,-0.19,0.06,90.0,307.0
1768640219.8784695,34220,0.0,-0.19,-0.08,90.0,307.0
1768640219.8868704,34240,0.0,-0.19,-0.01,90.0,307.0
1768640219.9283912,34260,0.0,-0.19,-0.01,90.0,307.0
1768640219.940928,34280,0.0,-0.19,-0.01,90.0,307.0
1768640219.9649296,34300,0.0,-0.19,0.06,90.0,307.0
1768640219.966061,34320,0.0,-0.19,-0.01,91.0,309.0
1768640219.99624,34340,0.0,-0.19,-0.01,90.0,307.0
1768640220.0164835,34360,0.0,-0.19,-0.01,90.0,307.0
1768640220.0364454,34380,0.0,-0.19,-0.15,90.0,307.0
1768640220.0490346,34400,0.0,-0.19,-0.04,90.0,307.0
1768640220.0814667,34420,0.0,-0.19,0.09,90.0,307.0
1768640220.0950975,34440,0.0,-0.19,-0.15,90.0,307.0
1768640220.1051364,34460,0.0,-0.19,0.13,90.0,307.0
1768640220.1263402,34480,0.0,-0.19,0.06,90.0,307.0
1768640220.1591835,34500,0.0,-0.19,0.06,90.0,307.0
1768640220.1694324,34520,0.0,-0.19,-0.01,90.0,307.0
1768640220.1908894,34540,0.0,-0.18,-0.04,90.0,307.0
1768640220.2011113,34560,0.0,-0.18,0.06,90.0,307.0
1768640220.2228868,34580,0.0,-0.19,-0.01,91.0,309.0
1768640220.2751334,34600,0.0,-0.19,-0.08,90.0,307.0
1768640220.2825103,34620,0.0,-0.19,-0.01,90.0,307.0
1768640220.2950413,34640,0.0,-0.19,-0.01,90.0,307.0
1768640220.3018246,34660,0.0,-0.19,-0.05,90.0,307.0
1768640220.36156,34680,0.0,-0.19,-0.01,90.0,307.0
1768640220.3761716,34700,0.0,-0.18,-0.01,90.0,307.0
1768640220.4162989,34720,0.0,-0.18,0.06,90.0,307.0
1768640220.4340289,34740,0.0,-0.18,-0.08,90.0,307.0
1768640220.4436502,34760,0.0,-0.18,0.06,90.0,307.0
1768640220.4605234,34780,0.0,-0.18,-0.15,90.0,307.0
1768640220.4711394,34800,0.0,-0.18,0.06,90.0,307.0
1768640220.4893668,34820,0.0,-0.18,0.06,90.0,307.0
1768640220.5005195,34840,0.0,-0.18,-0.08,90.0,307.0
1768640220.514818,34860,0.0,-0.18,-0.03,90.0,307.0
1768640220.5225356,34880,0.0,-0.18,-0.05,90.0,307.0
1768640220.5438333,34900,0.0,-0.18,-0.01,90.0,307.0
1768640220.5766175,34920,0.0,-0.18,-0.01,90.0,307.0
1768640220.586637,34940,0.0,-0.18,-0.01,90.0,307.0
1768640220.608829,34960,0.0,-0.18,-0.01,90.0,307.0
1768640220.6184604,34980,0.0,-0.18,-0.15,90.0,307.0
1768640220.654624,35000,0.0,-0.18,0.06,90.0,307.0
1768640220.6807933,35020,0.0,-0.18,0.06,90.0,307.0
1768640220.6848867,35040,0.0,-0.18,-0.01,90.0,307.0
1768640220.7070057,35060,0.0,-0.18,-0.01,90.0,307.0
1768640220.7530146,35080,0.0,-0.18,0.08,90.0,307.0
1768640220.7798362,35100,0.0,-0.18,-0.01,90.0,307.0
1768640220.8087575,35120,0.0,-0.18,-0.04,90.0,307.0
1768640220.828507,35140,0.0,-0.18,0.04,89.0,305.0
1768640220.8438206,35160,0.0,-0.18,-0.04,90.0,307.0
1768640220.8589768,35180,0.0,-0.18,-0.01,90.0,307.0
1768640220.8600502,35200,0.0,-0.18,-0.01,90.0,307.0
1768640220.8680067,35220,0.0,-0.18,0.06,90.0,307.0
1768640220.8976893,35240,0.0,-0.18,-0.08,90.0,307.0
1768640220.9076161,35260,0.0,-0.18,0.06,91.0,309.0
1768640220.9298706,35280,0.0,-0.18,-0.01,90.0,307.0
1768640220.938932,35300,0.0,-0.18,-0.01,90.0,307.0
1768640220.971913,35320,0.0,-0.18,-0.08,91.0,309.0
1768640220.9933074,35340,0.0,-0.18,-0.08,90.0,307.0
1768640221.0033822,35360,0.0,-0.18,-0.01,90.0,307.0
1768640221.0246236,35380,0.0,-0.18,0.06,90.0,307.0
1768640221.0774548,35400,0.0,-0.18,-0.01,90.0,307.0
1768640221.1028664,35420,0.0,-0.19,-0.01,91.0,309.0
1768640221.1401057,35440,0.0,-0.19,-0.08,90.0,307.0
1768640221.1516159,35460,0.0,-0.19,0.03,90.0,307.0
1768640221.166454,35480,0.0,-0.19,-0.01,90.0,307.0
1768640221.21243,35500,0.0,-0.18,-0.08,90.0,307.0
1768640221.224513,35520,0.0,-0.19,-0.01,90.0,307.0
1768640221.243346,35540,0.0,-0.19,-0.01,90.0,307.0
1768640221.2597692,35560,0.0,-0.19,-0.01,90.0,307.0
1768640221.2686157,35580,0.0,-0.19,-0.01,90.0,307.0
1768640221.2833362,35600,0.0,-0.19,-0.01,90.0,307.0
1768640221.2845016,35620,0.0,-0.19,0.06,91.0,309.0
1768640221.2985501,35640,0.0,-0.19,0.06,91.0,309.0
1768640221.3085556,35660,0.0,-0.19,-0.04,90.0,307.0
1768640221.330766,35680,0.0,-0.19,0.06,90.0,307.0
1768640221.3399472,35700,0.0,-0.19,-0.15,90.0,307.0
1768640221.3733213,35720,0.0,-0.19,0.06,90.0,307.0
1768640221.3943195,35740,0.0,-0.19,-0.06,90.0,307.0
1768640221.4044201,35760,0.0,-0.19,-0.08,90.0,307.0
1768640221.4261074,35780,0.0,-0.19,0.03,90.0,307.0
1768640221.4872658,35800,0.0,-0.19,0.06,90.0,307.0
1768640221.5028095,35820,0.0,-0.19,-0.08,90.0,307.0
1768640221.5491672,35840,0.0,-0.19,-0.08,90.0,307.0
1768640221.562928,35860,0.0,-0.19,-0.15,90.0,307.0
1768640221.588654,35880,0.0,-0.19,-0.11,89.0,305.0
1768640221.5953584,35900,0.0,-0.19,-0.01,91.0,309.0
1768640221.5959885,35920,0.0,-0.19,0.03,90.0,307.0
1768640221.6161518,35940,0.0,-0.19,0.06,90.0,307.0
1768640221.6198654,35960,0.0,-0.19,0.01,90.0,307.0
1768640221.6306143,35980,0.0,-0.19,-0.08,90.0,307.0
1768640221.6533086,36000,0.0,-0.19,0.03,90.0,307.0
1768640221.662845,36020,0.0,-0.19,-0.15,90.0,307.0
1768640221.6863256,36040,0.0,-0.19,-0.01,90.0,307.0
1768640221.7159352,36060,0.0,-0.19,-0.01,90.0,307.0
1768640221.7263024,36080,0.0,-0.19,-0.01,91.0,309.0
1768640221.7481596,36100,0.0,-0.19,0.03,91.0,309.0
1768640221.7571502,36120,0.0,-0.19,-0.08,90.0,307.0
1768640221.7900374,36140,0.0,-0.19,0.06,90.0,307.0
1768640221.8140337,36160,0.0,-0.19,-0.01,90.0,307.0
1768640221.8223903,36180,0.0,-0.19,0.02,90.0,307.0
1768640221.8817782,36200,0.0,-0.19,-0.05,90.0,307.0
1768640221.8920512,36220,0.0,-0.19,-0.08,90.0,307.0
1768640221.9060342,36240,0.0,-0.19,-0.08,90.0,307.0
1768640221.9505427,36260,0.0,-0.19,0.03,90.0,307.0
1768640221.958982,36280,0.0,-0.19,-0.01,90.0,307.0
1768640221.9809306,36300,0.0,-0.19,-0.01,90.0,307.0
1768640222.0183094,36320,0.0,-0.19,-0.01,90.0,307.0
1768640222.0357378,36340,0.0,-0.19,-0.08,90.0,307.0
1768640222.0481691,36360,0.0,-0.19,-0.01,90.0,307.0
1768640222.0652096,36380,0.0,-0.19,-0.01,90.0,307.0
1768640222.0949187,36400,0.0,-0.19,-0.01,90.0,307.0
1768640222.0966525,36420,0.0,-0.19,-0.01,90.0,307.0
1768640222.0978067,36440,0.0,-0.19,-0.08,90.0,307.0
1768640222.1169405,36460,0.0,-0.19,0.13,91.0,309.0
1768640222.1269567,36480,0.0,-0.19,-0.01,90.0,307.0
1768640222.1487734,36500,0.0,-0.19,-0.08,90.0,307.0
1768640222.158043,36520,0.0,-0.19,-0.05,90.0,307.0
1768640222.1911342,36540,0.0,-0.19,0.06,90.0,307.0
1768640222.213442,36560,0.0,-0.19,-0.01,90.0,307.0
1768640222.2234647,36580,0.0,-0.19,-0.01,90.0,307.0
1768640222.269247,36600,0.0,-0.19,0.03,89.0,305.0
1768640222.281067,36620,0.0,-0.19,-0.15,89.0,305.0
1768640222.3047464,36640,0.0,-0.19,-0.04,90.0,307.0
1768640222.3589926,36660,0.0,-0.19,-0.08,90.0,307.0
1768640222.4209793,36680,0.0,-0.19,-0.04,90.0,307.0
1768640222.433894,36700,0.0,-0.19,-0.01,90.0,307.0
1768640222.4626226,36720,0.0,-0.19,-0.08,90.0,307.0
1768640222.4732387,36740,0.0,-0.19,-0.08,90.0,307.0
1768640222.4938586,36760,0.0,-0.19,-0.01,90.0,307.0
1768640222.4959457,36780,0.0,-0.19,-0.01,90.0,307.0
1768640222.497105,36800,0.0,-0.19,-0.01,91.0,309.0
1768640222.4983003,36820,0.0,-0.19,-0.08,90.0,307.0
1768640222.4993887,36840,0.0,-0.19,-0.04,90.0,307.0
1768640222.51215,36860,0.0,-0.19,0.03,90.0,307.0
1768640222.534362,36880,0.0,-0.2,-0.01,91.0,309.0
1768640222.5444088,36900,0.0,-0.2,-0.08,90.0,307.0
1768640222.5655656,36920,0.0,-0.2,-0.01,90.0,307.0
1768640222.5982573,36940,0.0,-0.2,0.06,90.0,307.0
1768640222.608033,36960,0.0,-0.2,-0.08,91.0,309.0
1768640222.6618063,36980,0.0,-0.2,-0.01,90.0,307.0
1768640222.6666813,37000,0.0,-0.2,-0.08,90.0,307.0
1768640222.6796882,37020,0.0,-0.2,-0.15,91.0,309.0
1768640222.7073662,37040,0.0,-0.2,-0.08,90.0,307.0
1768640222.7385008,37060,0.0,-0.2,-0.01,90.0,307.0
1768640222.781282,37080,0.0,-0.2,-0.01,90.0,307.0
1768640222.8005235,37100,0.0,-0.2,-0.01,89.0,305.0
1768640222.8152394,37120,0.0,-0.2,-0.08,90.0,307.0
1768640222.8329656,37140,0.0,-0.2,-0.01,90.0,307.0
1768640222.8614447,37160,0.0,-0.2,-0.01,90.0,307.0
1768640222.8712673,37180,0.0,-0.2,-0.11,90.0,307.0
1768640222.8724182,37200,0.0,-0.2,-0.01,90.0,307.0
1768640222.873533,37220,0.0,-0.2,-0.01,90.0,307.0
1768640222.8867218,37240,0.0,-0.2,-0.01,90.0,307.0
1768640222.9193845,37260,0.0,-0.2,-0.08,90.0,307.0
1768640222.9295127,37280,0.0,-0.2,0.06,90.0,307.0
1768640222.951652,37300,0.0,-0.2,-0.01,90.0,307.0
1768640222.961855,37320,0.0,-0.2,0.06,90.0,307.0
1768640223.0244977,37340,0.0,-0.2,-0.01,90.0,307.0
1768640223.0430703,37360,0.0,-0.2,-0.04,90.0,307.0
1768640223.050488,37380,0.0,-0.19,-0.01,90.0,307.0
1768640223.0960534,37400,0.0,-0.2,-0.08,90.0,307.0
1768640223.1136236,37420,0.0,-0.2,-0.08,90.0,307.0
1768640223.139704,37440,0.0,-0.2,0.06,90.0,307.0
1768640223.1405444,37460,0.0,-0.2,-0.01,90.0,307.0
1768640223.1415691,37480,0.0,-0.19,0.13,90.0,307.0
1768640223.15233,37500,0.0,-0.19,-0.01,90.0,307.0
1768640223.1778169,37520,0.0,-0.19,-0.05,90.0,307.0
1768640223.185915,37540,0.0,-0.19,-0.01,90.0,307.0
1768640223.208403,37560,0.0,-0.19,0.1,90.0,307.0
1768640223.2176993,37580,0.0,-0.19,-0.15,90.0,307.0
1768640223.2622313,37600,0.0,-0.19,-0.08,90.0,307.0
1768640223.272503,37620,0.0,-0.19,-0.04,90.0,307.0
1768640223.2828438,37640,0.0,-0.19,0.06,90.0,307.0
1768640223.3039622,37660,0.0,-0.19,-0.01,90.0,307.0
1768640223.336602,37680,0.0,-0.19,-0.08,90.0,307.0
1768640223.346689,37700,0.0,-0.2,-0.01,90.0,307.0
1768640223.3688476,37720,0.0,-0.2,-0.01,90.0,307.0
1768640223.3780944,37740,0.0,-0.19,0.06,90.0,307.0
1768640223.4147997,37760,0.0,-0.19,-0.08,90.0,307.0
1768640223.4342349,37780,0.0,-0.19,0.06,90.0,307.0
1768640223.469429,37800,0.0,-0.2,-0.05,90.0,307.0
1768640223.4770153,37820,0.0,-0.2,-0.06,90.0,307.0
1768640223.526135,37840,0.0,-0.2,-0.08,90.0,307.0
1768640223.5327816,37860,0.0,-0.2,-0.04,90.0,307.0
1768640223.5440714,37880,0.0,-0.2,-0.08,90.0,307.0
1768640223.5570471,37900,0.0,-0.2,-0.08,90.0,307.0
1768640223.5802839,37920,0.0,-0.2,-0.08,90.0,307.0
1768640223.5944352,37940,0.0,-0.2,0.06,90.0,307.0
1768640223.607577,37960,0.0,-0.19,0.06,90.0,307.0
1768640223.629969,37980,0.0,-0.19,0.01,90.0,307.0
1768640223.657676,38000,0.0,-0.19,-0.04,90.0,307.0
1768640223.667839,38020,0.0,-0.19,-0.08,90.0,307.0
1768640223.6894224,38040,0.0,-0.19,-0.01,90.0,307.0
1768640223.6986582,38060,0.0,-0.19,-0.01,90.0,307.0
1768640223.7320123,38080,0.0,-0.19,-0.15,90.0,307.0
1768640223.7533636,38100,0.0,-0.19,-0.05,90.0,307.0
1768640223.7634742,38120,0.0,-0.19,-0.11,90.0,307.0
1768640223.7939346,38140,0.0,-0.2,-0.08,90.0,307.0
1768640223.8178577,38160,0.0,-0.2,-0.04,91.0,309.0
1768640223.828274,38180,0.0,-0.2,-0.08,90.0,307.0
1768640223.8815536,38200,0.0,-0.2,-0.06,90.0,307.0
1768640223.890742,38220,0.0,-0.2,-0.01,90.0,307.0
1768640223.90555,38240,0.0,-0.2,-0.08,90.0,307.0
1768640223.919601,38260,0.0,-0.2,-0.08,91.0,309.0
1768640223.9348238,38280,0.0,-0.2,-0.15,90.0,307.0
1768640223.9586072,38300,0.0,-0.2,-0.01,90.0,307.0
1768640223.979235,38320,0.0,-0.2,-0.08,90.0,307.0
1768640223.9952705,38340,0.0,-0.21,-0.08,91.0,309.0
1768640224.0103278,38360,0.0,-0.21,-0.11,90.0,307.0
1768640224.028341,38380,0.0,-0.21,-0.01,90.0,307.0
1768640224.0589335,38400,0.0,-0.21,-0.08,90.0,307.0
1768640224.0689273,38420,0.0,-0.21,-0.01,90.0,307.0
1768640224.0909476,38440,0.0,-0.21,-0.08,90.0,307.0
1768640224.1004245,38460,0.0,-0.21,-0.01,90.0,307.0
1768640224.1332722,38480,0.0,-0.21,-0.01,90.0,307.0
1768640224.1551025,38500,0.0,-0.21,0.06,90.0,307.0
1768640224.165264,38520,0.0,-0.21,-0.01,90.0,307.0
1768640224.186041,38540,0.0,-0.21,0.06,90.0,307.0
1768640224.2288492,38560,0.0,-0.21,0.02,90.0,307.0
1768640224.2560334,38580,0.0,-0.21,-0.1,90.0,307.0
1768640224.2576876,38600,0.0,-0.21,0.06,90.0,307.0
1768640224.260981,38620,0.0,-0.2,0.1,90.0,307.0
1768640224.2995365,38640,0.0,-0.2,-0.08,90.0,307.0
1768640224.325354,38660,0.0,-0.2,-0.01,90.0,307.0
1768640224.3495843,38680,0.0,-0.2,-0.01,90.0,307.0
1768640224.3573837,38700,0.0,-0.2,-0.04,90.0,307.0
1768640224.3734934,38720,0.0,-0.2,0.13,90.0,307.0
1768640224.4038138,38740,0.0,-0.2,-0.15,90.0,307.0
1768640224.4551394,38760,0.0,-0.21,-0.08,90.0,307.0
1768640224.4674735,38780,0.0,-0.2,-0.01,90.0,307.0
1768640224.4804087,38800,0.0,-0.2,0.11,90.0,307.0
1768640224.4983523,38820,0.0,-0.2,-0.01,90.0,307.0
1768640224.5004869,38840,0.0,-0.2,-0.01,90.0,307.0
1768640224.5142207,38860,0.0,-0.2,-0.01,90.0,307.0
1768640224.5347989,38880,0.0,-0.2,-0.08,90.0,307.0
1768640224.5496519,38900,0.0,-0.2,-0.01,90.0,307.0
1768640224.572366,38920,0.0,-0.2,-0.01,90.0,307.0
1768640224.5823853,38940,0.0,-0.2,-0.08,90.0,307.0
1768640224.6037486,38960,0.0,-0.2,0.02,90.0,307.0
1768640224.6361814,38980,0.0,-0.2,0.06,90.0,307.0
1768640224.6464012,39000,0.0,-0.2,-0.04,90.0,307.0
1768640224.6681774,39020,0.0,-0.2,-0.01,91.0,309.0
1768640224.6797185,39040,0.0,-0.2,-0.01,90.0,307.0
1768640224.7211318,39060,0.0,-0.2,0.06,90.0,307.0
1768640224.7381077,39080,0.0,-0.2,-0.01,90.0,307.0
1768640224.7506618,39100,0.0,-0.2,-0.01,90.0,307.0
1768640224.7696557,39120,0.0,-0.2,-0.04,90.0,307.0
1768640224.7975554,39140,0.0,-0.2,0.03,90.0,307.0
1768640224.8082454,39160,0.0,-0.2,0.1,90.0,307.0
1768640224.8483639,39180,0.0,-0.2,-0.04,90.0,307.0
1768640224.871777,39200,0.0,-0.2,0.06,90.0,307.0
1768640224.882438,39220,0.0,-0.2,0.13,91.0,309.0
1768640224.9011073,39240,0.0,-0.2,-0.03,90.0,307.0
1768640224.9045305,39260,0.0,-0.2,-0.01,90.0,307.0
1768640224.9304202,39280,0.0,-0.2,0.02,91.0,309.0
1768640224.9571142,39300,0.0,-0.2,-0.08,90.0,307.0
1768640224.9673772,39320,0.0,-0.2,-0.01,90.0,307.0
1768640224.9893842,39340,0.0,-0.2,0.06,90.0,307.0
1768640224.9985394,39360,0.0,-0.2,-0.04,90.0,307.0
1768640225.0315926,39380,0.0,-0.2,-0.04,90.0,307.0
1768640225.053586,39400,0.0,-0.2,-0.08,90.0,307.0
1768640225.0637074,39420,0.0,-0.2,-0.04,90.0,307.0
1768640225.0848424,39440,0.0,-0.2,0.03,90.0,307.0
1768640225.1184504,39460,0.0,-0.2,-0.01,90.0,307.0
1768640225.1456668,39480,0.0,-0.2,-0.01,90.0,307.0
1768640225.1502306,39500,0.0,-0.2,0.06,90.0,307.0
1768640225.1590073,39520,0.0,-0.2,-0.01,90.0,307.0
1768640225.192398,39540,0.0,-0.2,-0.08,90.0,307.0
1768640225.2257216,39560,0.0,-0.2,-0.01,90.0,307.0
1768640225.2278714,39580,0.0,-0.2,-0.01,90.0,307.0
1768640225.2453725,39600,0.0,-0.2,-0.01,90.0,307.0
1768640225.2775936,39620,0.0,-0.2,-0.03,90.0,307.0
1768640225.3077698,39640,0.0,-0.2,0.06,90.0,307.0
1768640225.3222964,39660,0.0,-0.2,-0.11,90.0,307.0
1768640225.3435054,39680,0.0,-0.2,0.06,90.0,307.0
1768640225.353039,39700,0.0,-0.2,-0.04,90.0,307.0
1768640225.3796108,39720,0.0,-0.2,0.02,90.0,307.0
1768640225.3912835,39740,0.0,-0.2,-0.01,90.0,307.0
1768640225.4054034,39760,0.0,-0.2,0.06,90.0,307.0
1768640225.4386165,39780,0.0,-0.2,-0.01,90.0,307.0
1768640225.4486873,39800,0.0,-0.2,-0.08,89.0,305.0
1768640225.4707735,39820,0.0,-0.2,-0.08,90.0,307.0
1768640225.4798226,39840,0.0,-0.19,0.01,90.0,307.0
1768640225.5130694,39860,0.0,-0.2,-0.08,90.0,307.0
1768640225.5348125,39880,0.0,-0.19,-0.01,90.0,307.0
1768640225.578532,39900,0.0,-0.2,-0.15,90.0,307.0
1768640225.5839646,39920,0.0,-0.2,0.02,90.0,307.0
1768640225.6004405,39940,0.0,-0.2,-0.08,90.0,307.0
1768640225.6128092,39960,0.0,-0.2,-0.01,90.0,307.0
1768640225.6529531,39980,0.0,-0.2,-0.01,90.0,307.0
1768640225.6585376,40000,0.0,-0.2,-0.01,91.0,309.0
1768640225.68851,40020,0.0,-0.2,-0.11,90.0,307.0
1768640225.701117,40040,0.0,-0.2,-0.01,91.0,309.0
1768640225.7234163,40060,0.0,-0.2,-0.08,90.0,307.0
1768640225.726475,40080,0.0,-0.2,-0.01,90.0,307.0
1768640225.7616196,40100,0.0,-0.19,-0.01,90.0,307.0
1768640225.7704918,40120,0.0,-0.19,-0.08,90.0,307.0
1768640225.7917545,40140,0.0,-0.19,-0.08,90.0,307.0
1768640225.8007722,40160,0.0,-0.19,-0.01,90.0,307.0
1768640225.833461,40180,0.0,-0.19,0.06,90.0,307.0
1768640225.8552575,40200,0.0,-0.19,-0.08,90.0,307.0
1768640225.8715804,40220,0.0,-0.19,0.04,90.0,307.0
1768640225.8819237,40240,0.0,-0.19,-0.01,90.0,307.0
1768640225.9030488,40260,0.0,-0.19,-0.08,90.0,307.0
1768640225.935343,40280,0.0,-0.19,-0.1,90.0,307.0
1768640225.9451408,40300,0.0,-0.19,0.06,89.0,305.0
1768640225.967776,40320,0.0,-0.19,0.06,90.0,307.0
1768640225.9793427,40340,0.0,-0.19,-0.12,90.0,307.0
1768640226.01952,40360,0.0,-0.19,-0.01,90.0,307.0
1768640226.035615,40380,0.0,-0.19,0.09,90.0,307.0
1768640226.0431519,40400,0.0,-0.19,-0.08,91.0,309.0
1768640226.0751154,40420,0.0,-0.19,-0.01,90.0,307.0
1768640226.0997314,40440,0.0,-0.19,0.01,90.0,307.0
1768640226.1171105,40460,0.0,-0.19,-0.15,90.0,307.0
1768640226.1314762,40480,0.0,-0.19,-0.01,90.0,307.0
1768640226.179156,40500,0.0,-0.19,-0.08,90.0,307.0
1768640226.210598,40520,0.0,-0.19,-0.08,90.0,307.0
1768640226.2236114,40540,0.0,-0.19,-0.08,90.0,307.0
1768640226.2345674,40560,0.0,-0.19,-0.01,90.0,307.0
1768640226.2436345,40580,0.0,-0.19,-0.08,90.0,307.0
1768640226.2564764,40600,0.0,-0.19,0.03,90.0,307.0
1768640226.2665434,40620,0.0,-0.19,-0.01,90.0,307.0
1768640226.288541,40640,0.0,-0.19,-0.08,90.0,307.0
1768640226.2978215,40660,0.0,-0.19,0.06,90.0,307.0
1768640226.3309107,40680,0.0,-0.19,-0.01,90.0,307.0
1768640226.3526397,40700,0.0,-0.19,0.03,90.0,307.0
1768640226.3625116,40720,0.0,-0.19,-0.05,90.0,307.0
1768640226.3870883,40740,0.0,-0.19,0.06,90.0,307.0
1768640226.4169972,40760,0.0,-0.19,-0.15,91.0,309.0
1768640226.4279442,40780,0.0,-0.19,-0.01,90.0,307.0
1768640226.4506125,40800,0.0,-0.19,-0.08,90.0,307.0
1768640226.4590938,40820,0.0,-0.19,-0.04,90.0,307.0
1768640226.491221,40840,0.0,-0.19,0.06,90.0,307.0
1768640226.514526,40860,0.0,-0.19,-0.01,90.0,307.0
1768640226.5237243,40880,0.0,-0.19,-0.06,90.0,307.0
1768640226.545351,40900,0.0,-0.19,-0.01,90.0,307.0
1768640226.5812259,40920,0.0,-0.19,-0.08,90.0,307.0
1768640226.5902429,40940,0.0,-0.19,0.06,90.0,307.0
1768640226.6098292,40960,0.0,-0.19,-0.01,90.0,307.0
1768640226.6222596,40980,0.0,-0.19,0.06,90.0,307.0
1768640226.657883,41000,0.0,-0.19,-0.08,90.0,307.0
1768640226.6737604,41020,0.0,-0.19,-0.01,90.0,307.0
1768640226.6840808,41040,0.0,-0.18,-0.01,90.0,307.0
1768640226.7051857,41060,0.0,-0.18,-0.04,90.0,307.0
1768640226.7378736,41080,0.0,-0.19,-0.15,90.0,307.0
1768640226.7480257,41100,0.0,-0.19,-0.01,90.0,307.0
1768640226.7703443,41120,0.0,-0.19,-0.04,90.0,307.0
1768640226.779215,41140,0.0,-0.19,-0.01,90.0,307.0
1768640226.8129244,41160,0.0,-0.19,0.06,90.0,307.0
1768640226.839986,41180,0.0,-0.19,0.06,90.0,307.0
1768640226.8456228,41200,0.0,-0.19,-0.01,91.0,309.0
1768640226.8756995,41220,0.0,-0.19,-0.01,90.0,307.0
1768640226.919543,41240,0.0,-0.19,-0.05,90.0,307.0
1768640226.9306378,41260,0.0,-0.19,0.06,90.0,307.0
1768640226.9566884,41280,0.0,-0.18,-0.01,90.0,307.0
1768640226.9880238,41300,0.0,-0.19,-0.01,91.0,309.0
1768640226.999676,41320,0.0,-0.19,-0.01,90.0,307.0
1768640227.014818,41340,0.0,-0.19,-0.05,90.0,307.0
1768640227.0263884,41360,0.0,-0.19,0.02,90.0,307.0
1768640227.0282514,41380,0.0,-0.19,-0.01,90.0,307.0
1768640227.069319,41400,0.0,-0.19,-0.01,90.0,307.0
1768640227.0706825,41420,0.0,-0.19,-0.01,90.0,307.0
1768640227.0910509,41440,0.0,-0.18,-0.01,90.0,307.0
1768640227.1001468,41460,0.0,-0.19,-0.08,90.0,307.0
1768640227.1324453,41480,0.0,-0.19,-0.08,90.0,307.0
1768640227.1552231,41500,0.0,-0.19,-0.01,90.0,307.0
1768640227.1651778,41520,0.0,-0.19,-0.08,90.0,307.0
1768640227.1863894,41540,0.0,-0.19,-0.01,90.0,307.0
1768640227.2312999,41560,0.0,-0.19,-0.01,90.0,307.0
1768640227.2600422,41580,0.0,-0.18,-0.01,90.0,307.0
1768640227.2712398,41600,0.0,-0.19,-0.08,90.0,307.0
1768640227.2832289,41620,0.0,-0.19,-0.01,90.0,307.0
1768640227.3195736,41640,0.0,-0.19,0.06,90.0,307.0
1768640227.3222065,41660,0.0,-0.19,-0.08,90.0,307.0
1768640227.330891,41680,0.0,-0.19,-0.01,90.0,307.0
1768640227.3567073,41700,0.0,-0.19,-0.08,90.0,307.0
1768640227.3920913,41720,0.0,-0.19,-0.04,90.0,307.0
1768640227.4094627,41740,0.0,-0.18,0.03,90.0,307.0
1768640227.4149442,41760,0.0,-0.18,-0.01,90.0,307.0
1768640227.4279487,41780,0.0,-0.19,0.06,90.0,307.0
1768640227.4458601,41800,0.0,-0.18,-0.01,90.0,307.0
1768640227.4757464,41820,0.0,-0.19,-0.08,90.0,307.0
1768640227.4862375,41840,0.0,-0.19,-0.08,90.0,307.0
1768640227.508256,41860,0.0,-0.19,-0.15,90.0,307.0
1768640227.5175822,41880,0.0,-0.19,-0.01,90.0,307.0
1768640227.5502486,41900,0.0,-0.19,-0.01,90.0,307.0
1768640227.5746794,41920,0.0,-0.19,-0.03,90.0,307.0
1768640227.58236,41940,0.0,-0.19,-0.08,90.0,307.0
1768640227.6035695,41960,0.0,-0.19,-0.01,90.0,307.0
1768640227.6362958,41980,0.0,-0.19,0.03,90.0,307.0
1768640227.6557992,42000,0.0,-0.19,0.1,90.0,307.0
1768640227.673155,42020,0.0,-0.19,-0.01,90.0,307.0
1768640227.6811686,42040,0.0,-0.19,0.06,90.0,307.0
1768640227.727477,42060,0.0,-0.19,-0.01,90.0,307.0
1768640227.735597,42080,0.0,-0.19,0.06,90.0,307.0
1768640227.7436335,42100,0.0,-0.19,-0.08,90.0,307.0
1768640227.7716846,42120,0.0,-0.19,-0.01,90.0,307.0
1768640227.806971,42140,0.0,-0.19,-0.01,90.0,307.0
1768640227.8202722,42160,0.0,-0.19,-0.01,91.0,309.0
1768640227.8312044,42180,0.0,-0.19,-0.01,90.0,307.0
1768640227.8382318,42200,0.0,-0.19,-0.01,90.0,307.0
1768640227.875196,42220,0.0,-0.19,-0.04,90.0,307.0
1768640227.897228,42240,0.0,-0.19,-0.01,91.0,309.0
1768640227.902743,42260,0.0,-0.19,-0.01,90.0,307.0
1768640227.924513,42280,0.0,-0.19,-0.01,90.0,307.0
1768640227.9568572,42300,0.0,-0.19,-0.03,90.0,307.0
1768640227.9734635,42320,0.0,-0.19,-0.08,90.0,307.0
1768640227.9835653,42340,0.0,-0.19,-0.08,90.0,307.0
1768640228.0048268,42360,0.0,-0.19,-0.1,90.0,307.0
1768640228.0401351,42380,0.0,-0.19,0.06,90.0,307.0
1768640228.0805047,42400,0.0,-0.19,-0.01,90.0,307.0
1768640228.091749,42420,0.0,-0.19,-0.01,90.0,307.0
1768640228.0982075,42440,0.0,-0.19,0.03,90.0,307.0
1768640228.1449916,42460,0.0,-0.19,-0.15,90.0,307.0
1768640228.1554227,42480,0.0,-0.19,0.06,90.0,307.0
1768640228.179692,42500,0.0,-0.19,-0.04,90.0,307.0
1768640228.1802,42520,0.0,-0.19,0.06,90.0,307.0
1768640228.2016249,42540,0.0,-0.19,-0.01,90.0,307.0
1768640228.2199912,42560,0.0,-0.19,-0.01,90.0,307.0
1768640228.2353728,42580,0.0,-0.19,-0.15,90.0,307.0
1768640228.2413154,42600,0.0,-0.19,0.06,90.0,307.0
1768640228.2897093,42620,0.0,-0.19,-0.08,90.0,307.0
1768640228.3008804,42640,0.0,-0.19,0.06,90.0,307.0
1768640228.304368,42660,0.0,-0.19,0.06,90.0,307.0
1768640228.3258061,42680,0.0,-0.19,-0.01,90.0,307.0
1768640228.358512,42700,0.0,-0.19,-0.01,90.0,307.0
1768640228.3685296,42720,0.0,-0.19,0.13,90.0,307.0
1768640228.390717,42740,0.0,-0.19,-0.01,90.0,307.0
1768640228.399798,42760,0.0,-0.19,-0.01,90.0,307.0
1768640228.432488,42780,0.0,-0.19,0.06,90.0,307.0
1768640228.4546654,42800,0.0,-0.19,-0.15,90.0,307.0
1768640228.465249,42820,0.0,-0.19,-0.08,90.0,307.0
1768640228.4861732,42840,0.0,-0.19,-0.04,91.0,309.0
1768640228.5206604,42860,0.0,-0.19,0.03,90.0,307.0
1768640228.539894,42880,0.0,-0.19,-0.04,90.0,307.0
1768640228.5692453,42900,0.0,-0.19,-0.08,90.0,307.0
1768640228.6033258,42920,0.0,-0.19,-0.01,90.0,307.0
1768640228.6043956,42940,0.0,-0.19,-0.08,90.0,307.0
1768640228.6335204,42960,0.0,-0.19,-0.08,90.0,307.0
1768640228.6549954,42980,0.0,-0.19,-0.01,90.0,307.0
1768640228.6695583,43000,0.0,-0.19,-0.01,90.0,307.0
1768640228.6878026,43020,0.0,-0.19,-0.01,90.0,307.0
1768640228.7068338,43040,0.0,-0.19,-0.01,90.0,307.0
1768640228.7268043,43060,0.0,-0.19,0.03,90.0,307.0
1768640228.7274032,43080,0.0,-0.2,-0.01,91.0,309.0
1768640228.7535932,43100,0.0,-0.19,-0.01,90.0,307.0
1768640228.7753305,43120,0.0,-0.19,-0.03,90.0,307.0
1768640228.7918577,43140,0.0,-0.19,0.06,90.0,307.0
1768640228.8017962,43160,0.0,-0.19,0.03,90.0,307.0
1768640228.8230495,43180,0.0,-0.19,0.01,90.0,307.0
1768640228.8650193,43200,0.0,-0.2,-0.01,91.0,309.0
1768640228.8833077,43220,0.0,-0.19,0.06,90.0,307.0
1768640228.8948977,43240,0.0,-0.19,-0.08,90.0,307.0
1768640228.8977344,43260,0.0,-0.2,-0.15,90.0,307.0
1768640228.9624548,43280,0.0,-0.2,-0.01,91.0,309.0
1768640228.9725068,43300,0.0,-0.2,-0.08,90.0,307.0
1768640228.973203,43320,0.0,-0.2,0.06,90.0,307.0
1768640228.9969356,43340,0.0,-0.2,0.08,90.0,307.0
1768640229.0167437,43360,0.0,-0.2,-0.08,91.0,309.0
1768640229.0285602,43380,0.0,-0.2,-0.08,90.0,307.0
1768640229.0490324,43400,0.0,-0.2,-0.01,90.0,307.0
1768640229.058821,43420,0.0,-0.2,-0.08,90.0,307.0
1768640229.0910907,43440,0.0,-0.2,-0.01,90.0,307.0
1768640229.1140966,43460,0.0,-0.2,-0.08,91.0,309.0
1768640229.1231089,43480,0.0,-0.2,-0.01,90.0,307.0
1768640229.1439323,43500,0.0,-0.2,-0.01,90.0,307.0
1768640229.1768618,43520,0.0,-0.2,0.1,90.0,307.0
1768640229.1867754,43540,0.0,-0.2,-0.01,90.0,307.0
1768640229.2090988,43560,0.0,-0.2,-0.03,90.0,307.0
1768640229.2184508,43580,0.0,-0.2,-0.01,90.0,307.0
1768640229.2511747,43600,0.0,-0.2,-0.01,90.0,307.0
1768640229.2726343,43620,0.0,-0.2,-0.11,90.0,307.0
1768640229.2828906,43640,0.0,-0.2,-0.08,90.0,307.0
1768640229.3043368,43660,0.0,-0.2,0.06,90.0,307.0
1768640229.350776,43680,0.0,-0.2,-0.01,90.0,307.0
1768640229.3734887,43700,0.0,-0.2,-0.08,90.0,307.0
1768640229.3746457,43720,0.0,-0.2,0.03,90.0,307.0
1768640229.3836513,43740,0.0,-0.2,-0.11,90.0,307.0
1768640229.4141073,43760,0.0,-0.2,-0.08,90.0,307.0
1768640229.4631424,43780,0.0,-0.2,-0.03,90.0,307.0
1768640229.4698143,43800,0.0,-0.2,0.06,90.0,307.0
1768640229.477893,43820,0.0,-0.2,0.06,90.0,307.0
1768640229.502968,43840,0.0,-0.2,-0.01,90.0,307.0
1768640229.5343056,43860,0.0,-0.2,-0.01,90.0,307.0
1768640229.5462859,43880,0.0,-0.2,0.1,89.0,305.0
1768640229.5492225,43900,0.0,-0.2,0.06,90.0,307.0
1768640229.5730977,43920,0.0,-0.2,0.06,90.0,307.0
1768640229.599243,43940,0.0,-0.2,0.04,90.0,307.0
1768640229.6042995,43960,0.0,-0.2,-0.01,90.0,307.0
1768640229.6295726,43980,0.0,-0.2,0.06,90.0,307.0
1768640229.6576765,44000,0.0,-0.2,-0.1,91.0,309.0
1768640229.6678643,44020,0.0,-0.2,-0.15,90.0,307.0
1768640229.6902702,44040,0.0,-0.2,0.06,90.0,307.0
1768640229.7057762,44060,0.0,-0.2,0.13,90.0,307.0
1768640229.738908,44080,0.0,-0.2,-0.01,91.0,309.0
1768640229.7711866,44100,0.0,-0.2,-0.01,90.0,307.0
1768640229.786635,44120,0.0,-0.2,-0.01,90.0,307.0
1768640229.8014748,44140,0.0,-0.2,-0.05,90.0,307.0
1768640229.8446627,44160,0.0,-0.2,0.01,90.0,307.0
1768640229.8580108,44180,0.0,-0.2,-0.01,90.0,307.0
1768640229.889189,44200,0.0,-0.2,-0.01,91.0,309.0
1768640229.8916612,44220,0.0,-0.2,0.04,90.0,307.0
1768640229.8994586,44240,0.0,-0.2,-0.01,90.0,307.0
1768640229.909594,44260,0.0,-0.2,-0.01,90.0,307.0
1768640229.9332182,44280,0.0,-0.2,-0.01,90.0,307.0
1768640229.942614,44300,0.0,-0.2,0.02,90.0,307.0
1768640229.9862041,44320,0.0,-0.2,-0.11,90.0,307.0
1768640229.995688,44340,0.0,-0.2,-0.01,90.0,307.0
1768640230.005652,44360,0.0,-0.2,-0.01,90.0,307.0
1768640230.0278797,44380,0.0,-0.2,-0.01,90.0,307.0
1768640230.0373354,44400,0.0,-0.2,-0.08,90.0,307.0
1768640230.0698113,44420,0.0,-0.2,-0.08,90.0,307.0
1768640230.0913057,44440,0.0,-0.2,-0.01,90.0,307.0
1768640230.126957,44460,0.0,-0.2,0.13,91.0,309.0
1768640230.1378179,44480,0.0,-0.2,-0.01,90.0,307.0
1768640230.1598053,44500,0.0,-0.2,-0.04,90.0,307.0
1768640230.1805258,44520,0.0,-0.2,-0.01,90.0,307.0
1768640230.2022853,44540,0.0,-0.2,-0.01,90.0,307.0
1768640230.214494,44560,0.0,-0.2,-0.08,90.0,307.0
1768640230.2547688,44580,0.0,-0.2,-0.08,90.0,307.0
1768640230.2667177,44600,0.0,-0.2,-0.03,90.0,307.0
1768640230.2893531,44620,0.0,-0.2,0.06,90.0,307.0
1768640230.313767,44640,0.0,-0.2,0.06,91.0,309.0
1768640230.3328543,44660,0.0,-0.2,-0.01,90.0,307.0
1768640230.3335392,44680,0.0,-0.2,-0.01,90.0,307.0
1768640230.3488069,44700,0.0,-0.2,-0.08,90.0,307.0
1768640230.35817,44720,0.0,-0.2,-0.01,90.0,307.0
1768640230.3907032,44740,0.0,-0.21,-0.11,90.0,307.0
1768640230.4122217,44760,0.0,-0.21,-0.01,90.0,307.0
1768640230.42227,44780,0.0,-0.21,-0.01,90.0,307.0
1768640230.4547422,44800,0.0,-0.21,0.03,90.0,307.0
1768640230.4825685,44820,0.0,-0.2,-0.01,90.0,307.0
1768640230.4872768,44840,0.0,-0.2,-0.08,90.0,307.0
1768640230.51286,44860,0.0,-0.21,-0.08,90.0,307.0
1768640230.5202332,44880,0.0,-0.21,-0.22,90.0,307.0
1768640230.561822,44900,0.0,-0.21,-0.01,90.0,307.0
1768640230.5843675,44920,0.0,-0.21,0.03,90.0,307.0
1768640230.6116133,44940,0.0,-0.21,0.06,90.0,307.0
1768640230.632341,44960,0.0,-0.21,-0.01,90.0,307.0
1768640230.6395688,44980,0.0,-0.21,-0.01,90.0,307.0
1768640230.6475916,45000,0.0,-0.2,-0.01,90.0,307.0
1768640230.6713717,45020,0.0,-0.2,0.06,90.0,307.0
1768640230.6817122,45040,0.0,-0.2,-0.08,90.0,307.0
1768640230.7115197,45060,0.0,-0.2,-0.01,89.0,305.0
1768640230.7337146,45080,0.0,-0.2,-0.15,90.0,307.0
1768640230.7436225,45100,0.0,-0.21,-0.01,91.0,309.0
1768640230.7649033,45120,0.0,-0.21,0.03,90.0,307.0
1768640230.8025837,45140,0.0,-0.21,0.06,89.0,305.0
1768640230.826166,45160,0.0,-0.2,-0.01,90.0,307.0
1768640230.8300064,45180,0.0,-0.2,-0.05,90.0,307.0
1768640230.8401878,45200,0.0,-0.2,0.04,90.0,307.0
1768640230.8827612,45220,0.0,-0.2,-0.08,90.0,307.0
1768640230.9054284,45240,0.0,-0.2,-0.01,91.0,309.0
1768640230.9447503,45260,0.0,-0.2,-0.15,90.0,307.0
1768640230.9551969,45280,0.0,-0.2,-0.01,90.0,307.0
1768640230.972581,45300,0.0,-0.2,0.1,90.0,307.0
1768640230.9880302,45320,0.0,-0.2,0.03,90.0,307.0
1768640230.9916883,45340,0.0,-0.2,-0.01,90.0,307.0
1768640231.0072668,45360,0.0,-0.2,-0.01,90.0,307.0
1768640231.0323613,45380,0.0,-0.2,0.06,90.0,307.0
1768640231.054413,45400,0.0,-0.2,-0.01,90.0,307.0
1768640231.0644596,45420,0.0,-0.2,-0.08,90.0,307.0
1768640231.0865276,45440,0.0,-0.2,0.06,90.0,307.0
1768640231.1213412,45460,0.0,-0.2,0.03,90.0,307.0
1768640231.1486418,45480,0.0,-0.2,-0.08,90.0,307.0
1768640231.161894,45500,0.0,-0.2,-0.08,90.0,307.0
1768640231.19697,45520,0.0,-0.2,-0.04,90.0,307.0
1768640231.211747,45540,0.0,-0.2,-0.01,90.0,307.0
1768640231.2522173,45560,0.0,-0.2,0.06,90.0,307.0
1768640231.276097,45580,0.0,-0.2,-0.08,90.0,307.0
1768640231.2907386,45600,0.0,-0.2,0.06,90.0,307.0
1768640231.3026235,45620,0.0,-0.2,-0.04,90.0,307.0
1768640231.3037026,45640,0.0,-0.2,0.06,90.0,307.0
1768640231.3146656,45660,0.0,-0.2,0.02,91.0,309.0
1768640231.3228064,45680,0.0,-0.2,-0.01,89.0,305.0
1768640231.3534048,45700,0.0,-0.2,-0.01,90.0,307.0
1768640231.3749895,45720,0.0,-0.2,-0.01,90.0,307.0
1768640231.3849547,45740,0.0,-0.2,-0.01,90.0,307.0
1768640231.406752,45760,0.0,-0.2,-0.15,90.0,307.0
1768640231.4400814,45780,0.0,-0.2,-0.11,90.0,307.0
1768640231.449617,45800,0.0,-0.2,-0.01,90.0,307.0
1768640231.4719398,45820,0.0,-0.2,-0.01,90.0,307.0
1768640231.4858286,45840,0.0,-0.2,0.06,90.0,307.0
1768640231.5037358,45860,0.0,-0.2,-0.08,90.0,307.0
1768640231.5367324,45880,0.0,-0.2,0.13,90.0,307.0
1768640231.5462067,45900,0.0,-0.2,-0.04,90.0,307.0
1768640231.5729694,45920,0.0,-0.2,-0.01,90.0,307.0
1768640231.5773902,45940,0.0,-0.2,0.06,90.0,307.0
1768640231.6272023,45960,0.0,-0.2,-0.01,90.0,307.0
1768640231.6416562,45980,0.0,-0.2,-0.08,90.0,307.0
1768640231.6734555,46000,0.0,-0.2,-0.01,90.0,307.0
1768640231.6948955,46020,0.0,-0.2,-0.06,90.0,307.0
1768640231.708526,46040,0.0,-0.2,-0.01,90.0,307.0
1768640231.7171438,46060,0.0,-0.2,0.06,90.0,307.0
1768640231.7304618,46080,0.0,-0.2,-0.1,90.0,307.0
1768640231.7376838,46100,0.0,-0.2,-0.15,90.0,307.0
1768640231.7704587,46120,0.0,-0.2,-0.01,90.0,307.0
1768640231.7924006,46140,0.0,-0.2,-0.05,90.0,307.0
1768640231.802604,46160,0.0,-0.2,0.06,90.0,307.0
1768640231.823228,46180,0.0,-0.2,-0.08,90.0,307.0
1768640231.8565595,46200,0.0,-0.2,-0.08,90.0,307.0
1768640231.8668714,46220,0.0,-0.2,-0.08,90.0,307.0
1768640231.9196734,46240,0.0,-0.2,-0.03,90.0,307.0
1768640231.9368978,46260,0.0,-0.2,0.06,90.0,307.0
1768640231.9432843,46280,0.0,-0.2,-0.08,90.0,307.0
1768640231.9633412,46300,0.0,-0.2,-0.08,90.0,307.0
1768640231.998975,46320,0.0,-0.2,-0.08,90.0,307.0
1768640232.015937,46340,0.0,-0.2,-0.04,90.0,307.0
1768640232.0170212,46360,0.0,-0.2,-0.01,90.0,307.0
1768640232.055558,46380,0.0,-0.2,0.03,90.0,307.0
1768640232.063348,46400,0.0,-0.2,-0.11,90.0,307.0
1768640232.0639753,46420,0.0,-0.2,0.06,90.0,307.0
1768640232.1078665,46440,0.0,-0.2,0.03,90.0,307.0
1768640232.1285324,46460,0.0,-0.2,-0.01,90.0,307.0
1768640232.1387472,46480,0.0,-0.2,-0.01,90.0,307.0
1768640232.1445334,46500,0.0,-0.2,-0.01,90.0,307.0
1768640232.1773684,46520,0.0,-0.2,-0.01,91.0,309.0
1768640232.187383,46540,0.0,-0.2,0.06,90.0,307.0
1768640232.209352,46560,0.0,-0.2,-0.01,90.0,307.0
1768640232.2186978,46580,0.0,-0.2,0.06,90.0,307.0
1768640232.2555964,46600,0.0,-0.21,-0.05,91.0,309.0
1768640232.2855132,46620,0.0,-0.21,-0.08,90.0,307.0
1768640232.2870297,46640,0.0,-0.21,0.03,90.0,307.0
1768640232.3042824,46660,0.0,-0.21,0.03,90.0,307.0
1768640232.3505845,46680,0.0,-0.2,0.04,90.0,307.0
1768640232.3693469,46700,0.0,-0.2,-0.01,90.0,307.0
1768640232.3973434,46720,0.0,-0.2,-0.08,90.0,307.0
1768640232.4148638,46740,0.0,-0.2,-0.01,90.0,307.0
1768640232.4157546,46760,0.0,-0.2,0.06,90.0,307.0
1768640232.4389682,46780,0.0,-0.2,0.06,90.0,307.0
1768640232.4473195,46800,0.0,-0.2,-0.08,90.0,307.0
1768640232.4647923,46820,0.0,-0.2,-0.15,90.0,307.0
1768640232.4978786,46840,0.0,-0.2,-0.01,90.0,307.0
1768640232.5076935,46860,0.0,-0.2,0.06,90.0,307.0
1768640232.5305357,46880,0.0,-0.2,0.09,90.0,307.0
1768640232.5394635,46900,0.0,-0.2,-0.03,90.0,307.0
1768640232.571824,46920,0.0,-0.2,-0.11,90.0,307.0
1768640232.594347,46940,0.0,-0.2,-0.08,90.0,307.0
1768640232.6176658,46960,0.0,-0.2,0.03,90.0,307.0
1768640232.6418407,46980,0.0,-0.2,0.02,90.0,307.0
1768640232.6625543,47000,0.0,-0.2,0.06,90.0,307.0
1768640232.668174,47020,0.0,-0.2,-0.01,90.0,307.0
1768640232.6981995,47040,0.0,-0.2,-0.08,90.0,307.0
1768640232.7067072,47060,0.0,-0.2,-0.03,90.0,307.0
1768640232.758645,47080,0.0,-0.2,-0.05,89.0,305.0
1768640232.7699792,47100,0.0,-0.2,0.02,90.0,307.0
1768640232.7823453,47120,0.0,-0.2,-0.01,91.0,309.0
1768640232.792846,47140,0.0,-0.2,-0.01,90.0,307.0
1768640232.8213873,47160,0.0,-0.21,-0.08,91.0,309.0
1768640232.8330903,47180,0.0,-0.21,-0.01,90.0,307.0
1768640232.8513813,47200,0.0,-0.2,-0.04,90.0,307.0
1768640232.8605802,47220,0.0,-0.21,-0.08,90.0,307.0
1768640232.8931808,47240,0.0,-0.21,0.03,90.0,307.0
1768640232.914779,47260,0.0,-0.21,0.03,90.0,307.0
1768640232.9249277,47280,0.0,-0.21,-0.06,90.0,307.0
1768640232.9464011,47300,0.0,-0.21,-0.01,90.0,307.0
1768640232.9916441,47320,0.0,-0.21,-0.01,90.0,307.0
1768640232.9969323,47340,0.0,-0.21,-0.11,90.0,307.0
1768640233.0116265,47360,0.0,-0.21,-0.01,90.0,307.0
1768640233.054526,47380,0.0,-0.21,-0.08,90.0,307.0
1768640233.0760996,47400,0.0,-0.21,-0.08,90.0,307.0
1768640233.118069,47420,0.0,-0.21,0.06,90.0,307.0
1768640233.1296146,47440,0.0,-0.21,0.1,90.0,307.0
1768640233.148888,47460,0.0,-0.21,-0.01,90.0,307.0
1768640233.1596706,47480,0.0,-0.21,0.02,90.0,307.0
1768640233.1879895,47500,0.0,-0.21,-0.01,90.0,307.0
1768640233.1885138,47520,0.0,-0.21,-0.11,90.0,307.0
1768640233.189742,47540,0.0,-0.21,-0.01,90.0,307.0
1768640233.2035644,47560,0.0,-0.21,0.1,90.0,307.0
1768640233.2361307,47580,0.0,-0.21,0.06,91.0,309.0
1768640233.2465327,47600,0.0,-0.21,-0.01,90.0,307.0
1768640233.268544,47620,0.0,-0.21,-0.05,90.0,307.0
1768640233.2775636,47640,0.0,-0.21,-0.01,90.0,307.0
1768640233.3104525,47660,0.0,-0.21,-0.01,90.0,307.0
1768640233.3323884,47680,0.0,-0.21,-0.08,90.0,307.0
1768640233.3448799,47700,0.0,-0.21,0.06,90.0,307.0
1768640233.3638115,47720,0.0,-0.2,0.06,90.0,307.0
1768640233.3974116,47740,0.0,-0.2,-0.01,90.0,307.0
1768640233.4067683,47760,0.0,-0.21,-0.08,90.0,307.0
1768640233.4293349,47780,0.0,-0.21,0.06,90.0,307.0
1768640233.4448183,47800,0.0,-0.21,-0.01,90.0,307.0
1768640233.4871347,47820,0.0,-0.2,-0.05,90.0,307.0
1768640233.5312572,47840,0.0,-0.2,-0.08,89.0,305.0
1768640233.5323367,47860,0.0,-0.2,0.06,90.0,307.0
1768640233.5355284,47880,0.0,-0.2,0.01,90.0,307.0
1768640233.5527782,47900,0.0,-0.2,-0.04,90.0,307.0
1768640233.5824883,47920,0.0,-0.21,-0.08,90.0,307.0
1768640233.591669,47940,0.0,-0.2,-0.01,90.0,307.0
1768640233.6048124,47960,0.0,-0.2,0.06,90.0,307.0
1768640233.637909,47980,0.0,-0.2,-0.01,90.0,307.0
1768640233.6479075,48000,0.0,-0.2,-0.08,90.0,307.0
1768640233.6696138,48020,0.0,-0.2,-0.01,90.0,307.0
1768640233.6788352,48040,0.0,-0.2,-0.08,90.0,307.0
1768640233.712053,48060,0.0,-0.2,0.06,90.0,307.0
1768640233.739031,48080,0.0,-0.2,-0.04,90.0,307.0
1768640233.7666187,48100,0.0,-0.2,-0.08,90.0,307.0
1768640233.7703881,48120,0.0,-0.2,-0.05,90.0,307.0
1768640233.8021371,48140,0.0,-0.2,-0.01,90.0,307.0
1768640233.813967,48160,0.0,-0.21,-0.11,90.0,307.0
1768640233.829706,48180,0.0,-0.21,-0.08,90.0,307.0
1768640233.8437066,48200,0.0,-0.21,-0.08,90.0,307.0
1768640233.905119,48220,0.0,-0.21,-0.01,90.0,307.0
1768640233.929629,48240,0.0,-0.21,-0.01,90.0,307.0
1768640233.9546413,48260,0.0,-0.21,-0.01,90.0,307.0
1768640233.9561706,48280,0.0,-0.21,-0.04,90.0,307.0
1768640233.9617417,48300,0.0,-0.21,-0.08,90.0,307.0
1768640233.9835904,48320,0.0,-0.21,-0.08,90.0,307.0
1768640233.9909697,48340,0.0,-0.21,-0.01,90.0,307.0
1768640234.000031,48360,0.0,-0.21,0.02,90.0,307.0
1768640234.0322886,48380,0.0,-0.21,0.06,90.0,307.0
1768640234.0565844,48400,0.0,-0.21,0.06,90.0,307.0
1768640234.0650532,48420,0.0,-0.21,-0.01,90.0,307.0
1768640234.0933259,48440,0.0,-0.21,-0.01,91.0,309.0
1768640234.1226633,48460,0.0,-0.21,0.1,90.0,307.0
1768640234.1312325,48480,0.0,-0.21,-0.12,90.0,307.0
1768640234.1601548,48500,0.0,-0.21,-0.22,90.0,307.0
1768640234.1649818,48520,0.0,-0.21,0.06,90.0,307.0
1768640234.205422,48540,0.0,-0.21,0.06,90.0,307.0
1768640234.2204301,48560,0.0,-0.21,-0.05,90.0,307.0
1768640234.2507524,48580,0.0,-0.21,-0.15,90.0,307.0
1768640234.2512546,48600,0.0,-0.21,0.13,89.0,305.0
1768640234.2672424,48620,0.0,-0.21,-0.01,90.0,307.0
1768640234.2897692,48640,0.0,-0.21,0.06,90.0,307.0
1768640234.3210719,48660,0.0,-0.21,0.04,90.0,307.0
1768640234.3222563,48680,0.0,-0.21,0.1,90.0,307.0
1768640234.3453138,48700,0.0,-0.21,-0.08,90.0,307.0
1768640234.3758159,48720,0.0,-0.21,-0.04,90.0,307.0
1768640234.3860664,48740,0.0,-0.21,0.03,90.0,307.0
1768640234.4082868,48760,0.0,-0.21,-0.01,90.0,307.0
1768640234.4175313,48780,0.0,-0.21,-0.08,91.0,309.0
1768640234.4502485,48800,0.0,-0.21,-0.08,90.0,307.0
1768640234.4723203,48820,0.0,-0.21,0.06,90.0,307.0
1768640234.4824436,48840,0.0,-0.21,-0.01,90.0,307.0
1768640234.5123613,48860,0.0,-0.21,-0.01,90.0,307.0
1768640234.537814,48880,0.0,-0.21,-0.01,90.0,307.0
1768640234.5484383,48900,0.0,-0.21,-0.11,90.0,307.0
1768640234.5979092,48920,0.0,-0.21,-0.01,90.0,307.0
1768640234.609661,48940,0.0,-0.21,-0.01,90.0,307.0
1768640234.629952,48960,0.0,-0.21,-0.04,90.0,307.0
1768640234.665733,48980,0.0,-0.21,-0.08,90.0,307.0
1768640234.6797183,49000,0.0,-0.21,-0.01,91.0,309.0
1768640234.6896007,49020,0.0,-0.21,-0.15,91.0,309.0
1768640234.7055676,49040,0.0,-0.21,-0.03,90.0,307.0
1768640234.7235913,49060,0.0,-0.21,-0.01,89.0,305.0
1768640234.7289596,49080,0.0,-0.21,0.03,90.0,307.0
1768640234.7380884,49100,0.0,-0.21,-0.13,90.0,307.0
1768640234.7709897,49120,0.0,-0.21,0.06,90.0,307.0
1768640234.7931883,49140,0.0,-0.21,0.03,91.0,309.0
1768640234.8034267,49160,0.0,-0.21,0.06,90.0,307.0
1768640234.8235319,49180,0.0,-0.21,0.06,90.0,307.0
1768640234.8643603,49200,0.0,-0.21,0.06,90.0,307.0
1768640234.8784878,49220,0.0,-0.21,-0.04,90.0,307.0
1768640234.8903477,49240,0.0,-0.21,-0.11,91.0,309.0
1768640234.8988945,49260,0.0,-0.21,-0.01,90.0,307.0
1768640234.9352195,49280,0.0,-0.22,-0.01,90.0,307.0
1768640234.963525,49300,0.0,-0.22,-0.04,90.0,307.0
1768640234.9651701,49320,0.0,-0.22,-0.08,90.0,307.0
1768640234.993679,49340,0.0,-0.22,-0.01,90.0,307.0
1768640235.0362427,49360,0.0,-0.22,-0.01,90.0,307.0
1768640235.0395014,49380,0.0,-0.22,0.06,90.0,307.0
1768640235.0493834,49400,0.0,-0.22,0.06,90.0,307.0
1768640235.0711038,49420,0.0,-0.22,-0.03,90.0,307.0
1768640235.0997834,49440,0.0,-0.22,-0.12,91.0,309.0
1768640235.1111352,49460,0.0,-0.22,0.06,90.0,307.0
1768640235.1295214,49480,0.0,-0.22,0.06,90.0,307.0
1768640235.1388905,49500,0.0,-0.22,-0.01,90.0,307.0
1768640235.1722896,49520,0.0,-0.22,-0.08,90.0,307.0
1768640235.1944141,49540,0.0,-0.22,-0.08,90.0,307.0
1768640235.2056234,49560,0.0,-0.22,-0.01,90.0,307.0
1768640235.225742,49580,0.0,-0.22,0.02,90.0,307.0
1768640235.272434,49600,0.0,-0.22,-0.01,91.0,309.0
1768640235.2969952,49620,0.0,-0.22,0.17,90.0,307.0
1768640235.3091252,49640,0.0,-0.22,-0.03,90.0,307.0
1768640235.3231308,49660,0.0,-0.22,-0.01,90.0,307.0
1768640235.3708265,49680,0.0,-0.22,-0.15,90.0,307.0
1768640235.3783464,49700,0.0,-0.22,0.01,90.0,307.0
1768640235.3926158,49720,0.0,-0.22,0.13,90.0,307.0
1768640235.411374,49740,0.0,-0.22,0.06,90.0,307.0
1768640235.4232676,49760,0.0,-0.22,0.06,91.0,309.0
1768640235.4291012,49780,0.0,-0.22,-0.04,90.0,307.0
1768640235.4530807,49800,0.0,-0.22,0.03,90.0,307.0
1768640235.4614472,49820,0.0,-0.22,-0.01,90.0,307.0
1768640235.4941351,49840,0.0,-0.22,-0.15,90.0,307.0
1768640235.5165732,49860,0.0,-0.21,-0.01,89.0,305.0
1768640235.5254157,49880,0.0,-0.22,-0.05,90.0,307.0
1768640235.5468564,49900,0.0,-0.22,-0.01,90.0,307.0
1768640235.579396,49920,0.0,-0.22,-0.06,90.0,307.0
1768640235.589392,49940,0.0,-0.21,-0.01,90.0,307.0
1768640235.6111045,49960,0.0,-0.22,-0.01,90.0,307.0
1768640235.620473,49980,0.0,-0.22,-0.01,90.0,307.0
1768640235.6707487,50000,0.0,-0.22,-0.01,90.0,307.0
1768640235.67603,50020,0.0,-0.21,-0.01,90.0,307.0
1768640235.6898026,50040,0.0,-0.21,-0.05,90.0,307.0
1768640235.7093046,50060,0.0,-0.22,-0.08,90.0,307.0
1768640235.7226844,50080,0.0,-0.21,0.01,90.0,307.0
1768640235.761187,50100,0.0,-0.22,-0.15,91.0,309.0
1768640235.8034503,50120,0.0,-0.22,0.06,90.0,307.0
1768640235.8255475,50140,0.0,-0.22,-0.01,90.0,307.0
1768640235.832958,50160,0.0,-0.22,0.17,90.0,307.0
1768640235.8440878,50180,0.0,-0.21,0.06,90.0,307.0
1768640235.861038,50200,0.0,-0.21,-0.04,90.0,307.0
1768640235.8695986,50220,0.0,-0.21,0.03,90.0,307.0
1768640235.8777516,50240,0.0,-0.21,0.01,90.0,307.0
1768640235.9102852,50260,0.0,-0.21,0.13,90.0,307.0
1768640235.9323735,50280,0.0,-0.21,0.06,90.0,307.0
1768640235.942369,50300,0.0,-0.21,0.01,90.0,307.0
1768640235.9633675,50320,0.0,-0.21,0.03,90.0,307.0
1768640235.9968479,50340,0.0,-0.21,-0.01,90.0,307.0
1768640236.0117087,50360,0.0,-0.21,-0.08,90.0,307.0
1768640236.0446355,50380,0.0,-0.21,-0.08,90.0,307.0
1768640236.060053,50400,0.0,-0.21,-0.01,90.0,307.0
1768640236.07246,50420,0.0,-0.21,-0.08,89.0,305.0
1768640236.1060662,50440,0.0,-0.21,0.03,90.0,307.0
1768640236.1221278,50460,0.0,-0.21,0.01,90.0,307.0
1768640236.159953,50480,0.0,-0.21,-0.08,90.0,307.0
1768640236.1841257,50500,0.0,-0.21,-0.04,90.0,307.0
1768640236.186692,50520,0.0,-0.21,-0.01,90.0,307.0
1768640236.1940043,50540,0.0,-0.21,-0.01,90.0,307.0
1768640236.2123132,50560,0.0,-0.21,0.02,90.0,307.0
1768640236.2439938,50580,0.0,-0.21,-0.08,90.0,307.0
1768640236.2541404,50600,0.0,-0.21,0.06,91.0,309.0
1768640236.2633417,50620,0.0,-0.21,0.06,90.0,307.0
1768640236.2843394,50640,0.0,-0.21,0.06,90.0,307.0
1768640236.3168576,50660,0.0,-0.21,-0.01,90.0,307.0
1768640236.333452,50680,0.0,-0.21,-0.01,90.0,307.0
1768640236.3436112,50700,0.0,-0.21,-0.05,90.0,307.0
1768640236.383149,50720,0.0,-0.21,-0.01,90.0,307.0
1768640236.4011323,50740,0.0,-0.21,-0.1,90.0,307.0
1768640236.4081848,50760,0.0,-0.21,0.09,90.0,307.0
1768640236.4306054,50780,0.0,-0.21,-0.08,90.0,307.0
1768640236.443339,50800,0.0,-0.21,0.06,90.0,307.0
1768640236.47356,50820,0.0,-0.21,-0.04,91.0,309.0
1768640236.501707,50840,0.0,-0.21,0.04,90.0,307.0
1768640236.520355,50860,0.0,-0.21,-0.08,90.0,307.0
1768640236.5481849,50880,0.0,-0.21,-0.08,90.0,307.0
1768640236.566956,50900,0.0,-0.21,-0.03,90.0,307.0
1768640236.5808012,50920,0.0,-0.21,-0.08,90.0,307.0
1768640236.5904996,50940,0.0,-0.22,-0.04,90.0,307.0
1768640236.6020975,50960,0.0,-0.21,0.18,90.0,307.0
1768640236.6322846,50980,0.0,-0.21,-0.01,90.0,307.0
1768640236.6544635,51000,0.0,-0.21,0.06,90.0,307.0
1768640236.6644387,51020,0.0,-0.21,-0.11,90.0,307.0
1768640236.6849492,51040,0.0,-0.21,-0.01,90.0,307.0
1768640236.718351,51060,0.0,-0.22,0.06,90.0,307.0
1768640236.757808,51080,0.0,-0.22,-0.04,90.0,307.0
1768640236.765885,51100,0.0,-0.22,0.06,90.0,307.0
1768640236.777526,51120,0.0,-0.21,-0.08,90.0,307.0
1768640236.7934272,51140,0.0,-0.21,-0.04,90.0,307.0
1768640236.8332365,51160,0.0,-0.21,0.06,90.0,307.0
1768640236.8411944,51180,0.0,-0.21,-0.01,90.0,307.0
1768640236.8524196,51200,0.0,-0.21,-0.01,90.0,307.0
1768640236.901959,51220,0.0,-0.21,-0.05,90.0,307.0
1768640236.9118056,51240,0.0,-0.21,-0.08,90.0,307.0
1768640236.9251413,51260,0.0,-0.21,0.03,90.0,307.0
1768640236.935435,51280,0.0,-0.21,-0.01,90.0,307.0
1768640236.9620204,51300,0.0,-0.21,-0.01,90.0,307.0
1768640236.9753036,51320,0.0,-0.21,0.1,90.0,307.0
1768640236.9854033,51340,0.0,-0.21,-0.01,90.0,307.0
1768640237.0059478,51360,0.0,-0.21,0.06,90.0,307.0
1768640237.0388265,51380,0.0,-0.21,-0.08,90.0,307.0
1768640237.0489106,51400,0.0,-0.21,-0.08,91.0,309.0
1768640237.0714064,51420,0.0,-0.21,0.06,90.0,307.0
1768640237.080543,51440,0.0,-0.21,-0.04,90.0,307.0
1768640237.113407,51460,0.0,-0.21,-0.05,90.0,307.0
1768640237.1414256,51480,0.0,-0.21,-0.04,90.0,307.0
1768640237.147309,51500,0.0,-0.21,0.01,90.0,307.0
1768640237.169603,51520,0.0,-0.21,-0.04,90.0,307.0
1768640237.215794,51540,0.0,-0.21,-0.08,90.0,307.0
1768640237.2292194,51560,0.0,-0.21,-0.01,90.0,307.0
1768640237.2425213,51580,0.0,-0.21,0.06,90.0,307.0
1768640237.2813957,51600,0.0,-0.21,0.06,90.0,307.0
1768640237.2907104,51620,0.0,-0.21,-0.15,90.0,307.0
1768640237.3083205,51640,0.0,-0.21,-0.04,90.0,307.0
1768640237.329248,51660,0.0,-0.21,0.06,90.0,307.0
1768640237.337625,51680,0.0,-0.21,-0.08,90.0,307.0
1768640237.34768,51700,0.0,-0.21,-0.08,90.0,307.0
1768640237.3696113,51720,0.0,-0.21,0.06,90.0,307.0
1768640237.3926008,51740,0.0,-0.21,-0.01,90.0,307.0
1768640237.402714,51760,0.0,-0.21,-0.01,91.0,309.0
1768640237.4236844,51780,0.0,-0.21,-0.01,90.0,307.0
1768640237.4566572,51800,0.0,-0.21,-0.01,91.0,309.0
1768640237.4667833,51820,0.0,-0.21,-0.01,90.0,307.0
1768640237.4885674,51840,0.0,-0.21,-0.01,90.0,307.0
1768640237.5060036,51860,0.0,-0.21,-0.04,90.0,307.0
1768640237.534245,51880,0.0,-0.21,-0.01,90.0,307.0
1768640237.5535617,51900,0.0,-0.21,-0.08,90.0,307.0
1768640237.5901144,51920,0.0,-0.21,-0.01,90.0,307.0
1768640237.6150274,51940,0.0,-0.21,-0.03,90.0,307.0
1768640237.6323864,51960,0.0,-0.21,-0.01,90.0,307.0
1768640237.6384797,51980,0.0,-0.21,-0.08,90.0,307.0
1768640237.6498008,52000,0.0,-0.21,-0.01,90.0,307.0
1768640237.6582346,52020,0.0,-0.21,-0.01,90.0,307.0
1768640237.691482,52040,0.0,-0.21,-0.08,90.0,307.0
1768640237.715486,52060,0.0,-0.21,-0.01,90.0,307.0
1768640237.7248747,52080,0.0,-0.21,0.06,90.0,307.0
1768640237.748952,52100,0.0,-0.21,-0.08,90.0,307.0
1768640237.777485,52120,0.0,-0.21,-0.01,90.0,307.0
1768640237.7876928,52140,0.0,-0.21,-0.01,91.0,309.0
1768640237.8095486,52160,0.0,-0.21,-0.08,90.0,307.0
1768640237.8188837,52180,0.0,-0.21,-0.04,90.0,307.0
1768640237.8685622,52200,0.0,-0.21,-0.01,90.0,307.0
1768640237.8888676,52220,0.0,-0.22,-0.11,91.0,309.0
1768640237.8918533,52240,0.0,-0.22,-0.01,90.0,307.0
1768640237.9059691,52260,0.0,-0.22,-0.04,90.0,307.0
1768640237.943224,52280,0.0,-0.22,-0.04,91.0,309.0
1768640237.9649336,52300,0.0,-0.22,0.2,90.0,307.0
1768640237.9703987,52320,0.0,-0.22,-0.08,90.0,307.0
1768640237.9955502,52340,0.0,-0.22,-0.04,90.0,307.0
1768640238.0229685,52360,0.0,-0.22,0.06,90.0,307.0
1768640238.0378299,52380,0.0,-0.22,-0.01,90.0,307.0
1768640238.0474331,52400,0.0,-0.22,-0.08,90.0,307.0
1768640238.0681047,52420,0.0,-0.22,-0.04,90.0,307.0
1768640238.1033075,52440,0.0,-0.22,-0.05,90.0,307.0
1768640238.1083765,52460,0.0,-0.22,-0.08,90.0,307.0
1768640238.129938,52480,0.0,-0.22,-0.01,90.0,307.0
1768640238.1391869,52500,0.0,-0.22,-0.08,90.0,307.0
1768640238.1724386,52520,0.0,-0.22,0.06,90.0,307.0
1768640238.1940236,52540,0.0,-0.22,0.01,90.0,307.0
1768640238.2111833,52560,0.0,-0.22,-0.11,90.0,307.0
1768640238.2431555,52580,0.0,-0.22,-0.08,90.0,307.0
1768640238.2588124,52600,0.0,-0.22,-0.08,90.0,307.0
1768640238.2696884,52620,0.0,-0.22,-0.08,90.0,307.0
1768640238.2947307,52640,0.0,-0.22,-0.01,90.0,307.0
1768640238.3030841,52660,0.0,-0.22,-0.01,90.0,307.0
1768640238.3373117,52680,0.0,-0.22,-0.01,90.0,307.0
1768640238.358263,52700,0.0,-0.22,0.08,90.0,307.0
1768640238.3650506,52720,0.0,-0.22,-0.08,90.0,307.0
1768640238.3915982,52740,0.0,-0.22,-0.01,91.0,309.0
1768640238.4192972,52760,0.0,-0.22,-0.01,90.0,307.0
1768640238.429394,52780,0.0,-0.22,-0.01,90.0,307.0
1768640238.4515152,52800,0.0,-0.22,-0.08,90.0,307.0
1768640238.4607646,52820,0.0,-0.22,-0.03,90.0,307.0
1768640238.4935012,52840,0.0,-0.22,0.06,91.0,309.0
1768640238.5155187,52860,0.0,-0.22,0.06,90.0,307.0
1768640238.5256848,52880,0.0,-0.22,-0.01,90.0,307.0
1768640238.5564866,52900,0.0,-0.22,-0.08,90.0,307.0
1768640238.579115,52920,0.0,-0.22,-0.01,90.0,307.0
1768640238.593468,52940,0.0,-0.22,-0.08,90.0,307.0
1768640238.6168106,52960,0.0,-0.22,-0.08,89.0,305.0
1768640238.6359508,52980,0.0,-0.22,0.04,90.0,307.0
1768640238.644686,53000,0.0,-0.22,-0.01,90.0,307.0
1768640238.6754556,53020,0.0,-0.22,-0.01,90.0,307.0
1768640238.7007196,53040,0.0,-0.22,-0.08,91.0,309.0
1768640238.7173507,53060,0.0,-0.22,-0.08,90.0,307.0
1768640238.7205212,53080,0.0,-0.22,-0.01,90.0,307.0
1768640238.7605517,53100,0.0,-0.22,-0.01,90.0,307.0
1768640238.7904258,53120,0.0,-0.22,-0.08,90.0,307.0
1768640238.7923121,53140,0.0,-0.22,0.04,90.0,307.0
1768640238.803578,53160,0.0,-0.22,-0.08,90.0,307.0
1768640238.8364792,53180,0.0,-0.22,-0.08,91.0,309.0
1768640238.8465538,53200,0.0,-0.22,0.04,90.0,307.0
1768640238.8687422,53220,0.0,-0.22,-0.01,90.0,307.0
1768640238.8778772,53240,0.0,-0.22,-0.05,90.0,307.0
1768640238.9123433,53260,0.0,-0.22,-0.01,90.0,307.0
1768640238.9331477,53280,0.0,-0.22,-0.04,90.0,307.0
1768640238.946854,53300,0.0,-0.22,-0.08,90.0,307.0
1768640238.9641595,53320,0.0,-0.22,0.03,90.0,307.0
1768640238.9982355,53340,0.0,-0.22,0.03,90.0,307.0
1768640239.0072334,53360,0.0,-0.22,-0.08,90.0,307.0
1768640239.036246,53380,0.0,-0.22,0.03,90.0,307.0
1768640239.0445945,53400,0.0,-0.22,-0.05,90.0,307.0
1768640239.099137,53420,0.0,-0.22,-0.01,91.0,309.0
1768640239.1089306,53440,0.0,-0.22,-0.08,89.0,305.0
1768640239.1094546,53460,0.0,-0.22,-0.05,90.0,307.0
1768640239.124629,53480,0.0,-0.22,0.06,90.0,307.0
1768640239.1576571,53500,0.0,-0.22,-0.01,90.0,307.0
1768640239.1713982,53520,0.0,-0.22,-0.01,90.0,307.0
1768640239.189764,53540,0.0,-0.22,-0.04,90.0,307.0
1768640239.1987822,53560,0.0,-0.22,-0.01,90.0,307.0
1768640239.2316258,53580,0.0,-0.23,-0.06,90.0,307.0
1768640239.2537367,53600,0.0,-0.23,-0.01,90.0,307.0
1768640239.2636964,53620,0.0,-0.23,-0.08,90.0,307.0
1768640239.2845612,53640,0.0,-0.23,-0.06,91.0,309.0
1768640239.3453982,53660,0.0,-0.23,-0.01,90.0,307.0
1768640239.3465378,53680,0.0,-0.23,-0.01,90.0,307.0
1768640239.3568625,53700,0.0,-0.23,-0.01,90.0,307.0
1768640239.37327,53720,0.0,-0.23,-0.04,90.0,307.0
1768640239.4084568,53740,0.0,-0.23,-0.08,90.0,307.0
1768640239.417018,53760,0.0,-0.23,-0.01,90.0,307.0
1768640239.424776,53780,0.0,-0.23,-0.01,90.0,307.0
1768640239.4559548,53800,0.0,-0.23,0.06,90.0,307.0
1768640239.4778085,53820,0.0,-0.23,0.03,90.0,307.0
1768640239.4878209,53840,0.0,-0.23,0.03,90.0,307.0
1768640239.5118709,53860,0.0,-0.23,-0.08,90.0,307.0
1768640239.5228252,53880,0.0,-0.23,-0.01,89.0,305.0
1768640239.5556598,53900,0.0,-0.23,-0.01,90.0,307.0
1768640239.5750277,53920,0.0,-0.23,0.06,90.0,307.0
1768640239.5896535,53940,0.0,-0.22,0.02,90.0,307.0
1768640239.6057334,53960,0.0,-0.22,0.06,90.0,307.0
1768640239.6323948,53980,0.0,-0.22,-0.01,90.0,307.0
1768640239.6548238,54000,0.0,-0.22,0.13,90.0,307.0
1768640239.6646667,54020,0.0,-0.22,-0.06,90.0,307.0
1768640239.6860933,54040,0.0,-0.22,-0.01,90.0,307.0
1768640239.7187684,54060,0.0,-0.22,0.06,90.0,307.0
1768640239.7290487,54080,0.0,-0.22,-0.08,90.0,307.0
1768640239.7550385,54100,0.0,-0.22,-0.05,90.0,307.0
1768640239.7951715,54120,0.0,-0.22,0.06,90.0,307.0
1768640239.8089514,54140,0.0,-0.22,0.02,91.0,309.0
1768640239.8167267,54160,0.0,-0.22,-0.04,90.0,307.0
1768640239.863119,54180,0.0,-0.22,-0.01,90.0,307.0
1768640239.8762393,54200,0.0,-0.22,-0.08,90.0,307.0
1768640239.9110029,54220,0.0,-0.22,-0.01,90.0,307.0
1768640239.9326453,54240,0.0,-0.22,-0.08,90.0,307.0
1768640239.946031,54260,0.0,-0.22,-0.01,90.0,307.0
1768640239.9574997,54280,0.0,-0.22,-0.05,91.0,309.0
1768640239.9599576,54300,0.0,-0.22,-0.15,90.0,307.0
1768640239.9787693,54320,0.0,-0.22,-0.01,90.0,307.0
1768640239.9911218,54340,0.0,-0.22,-0.08,90.0,307.0
1768640240.0113664,54360,0.0,-0.22,-0.08,90.0,307.0
1768640240.02336,54380,0.0,-0.23,-0.01,90.0,307.0
1768640240.0558982,54400,0.0,-0.22,-0.01,90.0,307.0
1768640240.0660112,54420,0.0,-0.22,-0.01,90.0,307.0
1768640240.087653,54440,0.0,-0.22,-0.08,90.0,307.0
1768640240.0967066,54460,0.0,-0.22,0.04,90.0,307.0
1768640240.137995,54480,0.0,-0.22,-0.08,90.0,307.0
1768640240.1663842,54500,0.0,-0.22,0.06,90.0,307.0
1768640240.1811023,54520,0.0,-0.22,-0.01,90.0,307.0
1768640240.1968093,54540,0.0,-0.22,-0.01,90.0,307.0
1768640240.2324886,54560,0.0,-0.22,-0.01,90.0,307.0
1768640240.24757,54580,0.0,-0.22,-0.08,90.0,307.0
1768640240.2923734,54600,0.0,-0.22,-0.01,90.0,307.0
1768640240.3178885,54620,0.0,-0.22,-0.01,90.0,307.0
1768640240.3387601,54640,0.0,-0.22,-0.08,90.0,307.0
1768640240.3529124,54660,0.0,-0.22,-0.08,90.0,307.0
1768640240.3534553,54680,0.0,-0.22,0.06,90.0,307.0
1768640240.3539915,54700,0.0,-0.22,-0.01,90.0,307.0
1768640240.3767548,54720,0.0,-0.22,-0.01,90.0,307.0
1768640240.3867378,54740,0.0,-0.22,-0.01,90.0,307.0
1768640240.4088252,54760,0.0,-0.22,-0.08,90.0,307.0
1768640240.4227333,54780,0.0,-0.23,-0.08,90.0,307.0
1768640240.4575262,54800,0.0,-0.23,-0.08,90.0,307.0
1768640240.477205,54820,0.0,-0.23,-0.04,90.0,307.0
1768640240.4904878,54840,0.0,-0.23,0.04,91.0,309.0
1768640240.5115209,54860,0.0,-0.23,-0.01,90.0,307.0
1768640240.533319,54880,0.0,-0.23,-0.01,90.0,307.0
1768640240.553611,54900,0.0,-0.23,-0.08,90.0,307.0
1768640240.563216,54920,0.0,-0.23,-0.08,90.0,307.0
1768640240.5845733,54940,0.0,-0.23,-0.05,90.0,307.0
1768640240.629857,54960,0.0,-0.23,-0.08,90.0,307.0
1768640240.6332364,54980,0.0,-0.23,-0.01,90.0,307.0
1768640240.6501415,55000,0.0,-0.23,-0.03,90.0,307.0
1768640240.6686592,55020,0.0,-0.23,-0.04,90.0,307.0
1768640240.698567,55040,0.0,-0.23,0.06,91.0,309.0
1768640240.7174435,55060,0.0,-0.23,-0.01,90.0,307.0
1768640240.7275774,55080,0.0,-0.23,0.09,90.0,307.0
1768640240.744719,55100,0.0,-0.23,-0.01,90.0,307.0
1768640240.7771811,55120,0.0,-0.23,-0.11,90.0,307.0
1768640240.7941644,55140,0.0,-0.23,0.1,90.0,307.0
1768640240.8106186,55160,0.0,-0.23,-0.04,90.0,307.0
1768640240.8216314,55180,0.0,-0.23,-0.12,90.0,307.0
1768640240.8718338,55200,0.0,-0.23,-0.08,90.0,307.0
1768640240.882543,55220,0.0,-0.23,-0.08,90.0,307.0
1768640240.8926616,55240,0.0,-0.23,-0.01,90.0,307.0
1768640240.9078624,55260,0.0,-0.23,-0.01,90.0,307.0
1768640240.932332,55280,0.0,-0.23,0.06,90.0,307.0
1768640240.9542885,55300,0.0,-0.23,-0.01,90.0,307.0
1768640240.986298,55320,0.0,-0.23,0.06,90.0,307.0
1768640240.9898567,55340,0.0,-0.23,-0.01,90.0,307.0
1768640241.021745,55360,0.0,-0.23,0.02,90.0,307.0
1768640241.0305858,55380,0.0,-0.23,-0.01,90.0,307.0
1768640241.0534458,55400,0.0,-0.23,-0.01,90.0,307.0
1768640241.059617,55420,0.0,-0.23,-0.01,90.0,307.0
1768640241.0932627,55440,0.0,-0.23,-0.01,90.0,307.0
1768640241.114901,55460,0.0,-0.23,0.06,90.0,307.0
1768640241.1250288,55480,0.0,-0.23,-0.01,90.0,307.0
1768640241.1461427,55500,0.0,-0.23,-0.01,90.0,307.0
1768640241.180585,55520,0.0,-0.23,-0.08,90.0,307.0
1768640241.1997256,55540,0.0,-0.23,-0.08,90.0,307.0
1768640241.2123663,55560,0.0,-0.23,-0.08,90.0,307.0
1768640241.2274184,55580,0.0,-0.23,-0.08,90.0,307.0
1768640241.2535222,55600,0.0,-0.23,-0.08,90.0,307.0
1768640241.2753997,55620,0.0,-0.23,0.03,90.0,307.0
1768640241.285287,55640,0.0,-0.23,-0.08,90.0,307.0
1768640241.306723,55660,0.0,-0.23,-0.1,90.0,307.0
1768640241.3400435,55680,0.0,-0.23,-0.01,90.0,307.0
1768640241.3525512,55700,0.0,-0.23,-0.01,90.0,307.0
1768640241.3727558,55720,0.0,-0.23,0.1,90.0,307.0
1768640241.385874,55740,0.0,-0.23,-0.08,90.0,307.0
1768640241.4046571,55760,0.0,-0.23,-0.01,90.0,307.0
1768640241.4372764,55780,0.0,-0.23,0.06,90.0,307.0
1768640241.4452927,55800,0.0,-0.23,0.03,91.0,309.0
1768640241.4679122,55820,0.0,-0.23,-0.01,90.0,307.0
1768640241.476778,55840,0.0,-0.23,-0.01,90.0,307.0
1768640241.5196168,55860,0.0,-0.23,0.06,90.0,307.0
1768640241.5478818,55880,0.0,-0.23,-0.06,90.0,307.0
1768640241.552823,55900,0.0,-0.23,-0.01,90.0,307.0
1768640241.5705032,55920,0.0,-0.23,0.09,90.0,307.0
1768640241.5974498,55940,0.0,-0.23,-0.01,91.0,309.0
1768640241.6061273,55960,0.0,-0.23,0.06,90.0,307.0
1768640241.6284175,55980,0.0,-0.23,-0.05,90.0,307.0
1768640241.6374657,56000,0.0,-0.23,-0.01,90.0,307.0
1768640241.6798937,56020,0.0,-0.23,-0.05,90.0,307.0
1768640241.692691,56040,0.0,-0.23,-0.1,90.0,307.0
1768640241.7065232,56060,0.0,-0.23,0.06,90.0,307.0
1768640241.7314737,56080,0.0,-0.23,-0.04,90.0,307.0
1768640241.7574947,56100,0.0,-0.23,-0.08,90.0,307.0
1768640241.7680604,56120,0.0,-0.23,-0.01,90.0,307.0
1768640241.7889965,56140,0.0,-0.23,-0.01,90.0,307.0
1768640241.7981322,56160,0.0,-0.23,-0.01,90.0,307.0
1768640241.8337157,56180,0.0,-0.22,0.06,90.0,307.0
1768640241.8569388,56200,0.0,-0.22,-0.12,90.0,307.0
1768640241.880658,56220,0.0,-0.22,-0.01,90.0,307.0
1768640241.8877394,56240,0.0,-0.22,-0.04,90.0,307.0
1768640241.9171073,56260,0.0,-0.22,-0.06,90.0,307.0
1768640241.9272442,56280,0.0,-0.22,-0.01,90.0,307.0
1768640241.9492352,56300,0.0,-0.22,0.1,90.0,307.0
1768640241.978504,56320,0.0,-0.22,-0.13,91.0,309.0
1768640241.9913023,56340,0.0,-0.22,-0.08,90.0,307.0
1768640242.0151887,56360,0.0,-0.22,0.02,90.0,307.0
1768640242.024798,56380,0.0,-0.22,0.02,90.0,307.0
1768640242.0452712,56400,0.0,-0.22,0.06,90.0,307.0
1768640242.077596,56420,0.0,-0.22,-0.01,90.0,307.0
1768640242.0877109,56440,0.0,-0.22,0.03,90.0,307.0
1768640242.1101565,56460,0.0,-0.22,0.06,90.0,307.0
1768640242.118327,56480,0.0,-0.22,-0.01,90.0,307.0
1768640242.1525185,56500,0.0,-0.22,-0.01,90.0,307.0
1768640242.1740599,56520,0.0,-0.22,-0.01,90.0,307.0
1768640242.1863027,56540,0.0,-0.22,-0.03,90.0,307.0
1768640242.2077692,56560,0.0,-0.22,0.06,90.0,307.0
1768640242.239373,56580,0.0,-0.22,0.1,90.0,307.0
1768640242.2479842,56600,0.0,-0.22,-0.01,90.0,307.0
1768640242.2696805,56620,0.0,-0.22,-0.04,90.0,307.0
1768640242.2786102,56640,0.0,-0.22,-0.08,90.0,307.0
1768640242.3205957,56660,0.0,-0.22,-0.08,90.0,307.0
1768640242.334507,56680,0.0,-0.22,-0.01,90.0,307.0
1768640242.3532007,56700,0.0,-0.22,-0.03,90.0,307.0
1768640242.3664224,56720,0.0,-0.22,-0.08,89.0,305.0
1768640242.3988008,56740,0.0,-0.22,0.03,90.0,307.0
1768640242.4104347,56760,0.0,-0.22,-0.04,90.0,307.0
1768640242.4299655,56780,0.0,-0.22,0.13,90.0,307.0
1768640242.4390628,56800,0.0,-0.22,-0.01,90.0,307.0
1768640242.4748116,56820,0.0,-0.22,0.06,91.0,309.0
1768640242.4972842,56840,0.0,-0.22,-0.08,90.0,307.0
1768640242.50409,56860,0.0,-0.22,0.13,90.0,307.0
1768640242.5272238,56880,0.0,-0.22,0.06,90.0,307.0
1768640242.5590086,56900,0.0,-0.22,-0.08,90.0,307.0
1768640242.571969,56920,0.0,-0.22,-0.01,90.0,307.0
1768640242.5910122,56940,0.0,-0.22,-0.01,89.0,305.0
1768640242.6002843,56960,0.0,-0.22,-0.08,90.0,307.0
1768640242.655795,56980,0.0,-0.22,-0.01,90.0,307.0
1768640242.6604326,57000,0.0,-0.22,-0.08,90.0,307.0
1768640242.6663022,57020,0.0,-0.22,0.02,90.0,307.0
1768640242.6922374,57040,0.0,-0.22,0.03,90.0,307.0
1768640242.7227638,57060,0.0,-0.22,0.06,90.0,307.0
1768640242.7317398,57080,0.0,-0.22,-0.01,90.0,307.0
1768640242.7514641,57100,0.0,-0.22,-0.01,90.0,307.0
1768640242.7607658,57120,0.0,-0.22,-0.01,90.0,307.0
1768640242.8020058,57140,0.0,-0.21,-0.01,90.0,307.0
1768640242.825782,57160,0.0,-0.22,-0.08,90.0,307.0
1768640242.8320231,57180,0.0,-0.22,-0.01,90.0,307.0
1768640242.8500566,57200,0.0,-0.22,0.02,90.0,307.0
1768640242.8796432,57220,0.0,-0.22,-0.01,90.0,307.0
1768640242.8897865,57240,0.0,-0.21,-0.01,90.0,307.0
1768640242.9119482,57260,0.0,-0.22,-0.15,90.0,307.0
1768640242.929162,57280,0.0,-0.22,-0.01,90.0,307.0
1768640242.9556506,57300,0.0,-0.22,0.01,90.0,307.0
1768640242.9785745,57320,0.0,-0.22,-0.11,90.0,307.0
1768640242.986484,57340,0.0,-0.22,0.06,91.0,309.0
1768640243.008058,57360,0.0,-0.22,0.06,90.0,307.0
1768640243.0169313,57380,0.0,-0.22,0.06,91.0,309.0
1768640243.0580516,57400,0.0,-0.21,-0.04,90.0,307.0
1768640243.0747721,57420,0.0,-0.21,-0.08,90.0,307.0
1768640243.0872266,57440,0.0,-0.22,-0.05,90.0,307.0
1768640243.1105905,57460,0.0,-0.22,-0.01,90.0,307.0
1768640243.137163,57480,0.0,-0.22,0.06,90.0,307.0
1768640243.1461916,57500,0.0,-0.22,0.06,90.0,307.0
1768640243.1684916,57520,0.0,-0.21,-0.06,90.0,307.0
1768640243.177087,57540,0.0,-0.22,-0.04,90.0,307.0
1768640243.2109284,57560,0.0,-0.22,0.13,90.0,307.0
1768640243.2365282,57580,0.0,-0.21,-0.01,90.0,307.0
1768640243.254022,57600,0.0,-0.21,0.06,90.0,307.0
1768640243.2660537,57620,0.0,-0.21,0.06,90.0,307.0
1768640243.29664,57640,0.0,-0.21,-0.08,90.0,307.0
1768640243.3067646,57660,0.0,-0.21,0.06,90.0,307.0
1768640243.33096,57680,0.0,-0.21,-0.03,91.0,309.0
1768640243.3397808,57700,0.0,-0.21,0.02,90.0,307.0
1768640243.3770034,57720,0.0,-0.21,-0.01,90.0,307.0
1768640243.3929827,57740,0.0,-0.21,0.01,90.0,307.0
1768640243.4035726,57760,0.0,-0.21,-0.01,90.0,307.0
1768640243.4235106,57780,0.0,-0.21,0.06,90.0,307.0
1768640243.463601,57800,0.0,-0.21,-0.08,90.0,307.0
1768640243.4701097,57820,0.0,-0.21,0.06,90.0,307.0
1768640243.4923718,57840,0.0,-0.21,-0.04,91.0,309.0
1768640243.5068264,57860,0.0,-0.21,0.02,90.0,307.0
1768640243.5319622,57880,0.0,-0.21,0.06,90.0,307.0
1768640243.5535343,57900,0.0,-0.21,-0.01,90.0,307.0
1768640243.5637708,57920,0.0,-0.21,-0.08,90.0,307.0
1768640243.5963268,57940,0.0,-0.21,-0.12,90.0,307.0
1768640243.6194007,57960,0.0,-0.21,-0.01,90.0,307.0
1768640243.6317654,57980,0.0,-0.21,-0.01,90.0,307.0
1768640243.650073,58000,0.0,-0.21,0.06,90.0,307.0
1768640243.6598358,58020,0.0,-0.21,-0.08,90.0,307.0
1768640243.6918657,58040,0.0,-0.21,-0.01,90.0,307.0
1768640243.7232718,58060,0.0,-0.21,0.03,90.0,307.0
1768640243.7261994,58080,0.0,-0.21,-0.08,90.0,307.0
1768640243.7472253,58100,0.0,-0.21,0.06,90.0,307.0
1768640243.7776656,58120,0.0,-0.21,-0.03,90.0,307.0
1768640243.7896578,58140,0.0,-0.21,-0.01,90.0,307.0
1768640243.8102877,58160,0.0,-0.21,-0.08,90.0,307.0
1768640243.8254743,58180,0.0,-0.21,-0.08,90.0,307.0
1768640243.8581908,58200,0.0,-0.21,0.03,90.0,307.0
1768640243.8761094,58220,0.0,-0.21,-0.01,90.0,307.0
1768640243.8963096,58240,0.0,-0.21,-0.01,90.0,307.0
1768640243.906014,58260,0.0,-0.21,-0.08,90.0,307.0
1768640243.9325,58280,0.0,-0.21,-0.08,90.0,307.0
1768640243.9545827,58300,0.0,-0.21,-0.01,90.0,307.0
1768640243.9791324,58320,0.0,-0.21,-0.08,90.0,307.0
1768640243.9868228,58340,0.0,-0.21,-0.15,90.0,307.0
1768640244.0192676,58360,0.0,-0.21,0.13,90.0,307.0
1768640244.0290403,58380,0.0,-0.21,0.06,90.0,307.0
1768640244.0522518,58400,0.0,-0.21,-0.01,90.0,307.0
1768640244.0600986,58420,0.0,-0.21,0.06,90.0,307.0
1768640244.0930598,58440,0.0,-0.21,-0.08,90.0,307.0
1768640244.1150715,58460,0.0,-0.21,-0.08,90.0,307.0
1768640244.125134,58480,0.0,-0.21,0.06,90.0,307.0
1768640244.1463244,58500,0.0,-0.21,-0.01,91.0,309.0
1768640244.1906488,58520,0.0,-0.21,-0.01,90.0,307.0
1768640244.2115695,58540,0.0,-0.21,-0.01,91.0,309.0
1768640244.2215333,58560,0.0,-0.21,0.06,90.0,307.0
1768640244.2433963,58580,0.0,-0.21,-0.08,90.0,307.0
1768640244.2534604,58600,0.0,-0.21,0.13,90.0,307.0
1768640244.275552,58620,0.0,-0.21,-0.01,90.0,307.0
1768640244.308009,58640,0.0,-0.21,0.13,90.0,307.0
1768640244.3110087,58660,0.0,-0.21,-0.01,90.0,307.0
1768640244.340255,58680,0.0,-0.21,-0.01,90.0,307.0
1768640244.3633273,58700,0.0,-0.21,-0.05,90.0,307.0
1768640244.3750856,58720,0.0,-0.21,-0.13,89.0,305.0
1768640244.3831096,58740,0.0,-0.21,-0.15,90.0,307.0
1768640244.4026814,58760,0.0,-0.21,0.06,90.0,307.0
1768640244.4357965,58780,0.0,-0.21,0.01,90.0,307.0
1768640244.446085,58800,0.0,-0.21,-0.01,91.0,309.0
1768640244.4679923,58820,0.0,-0.21,-0.05,90.0,307.0
1768640244.4815521,58840,0.0,-0.21,-0.01,90.0,307.0
1768640244.5159,58860,0.0,-0.21,0.06,90.0,307.0
1768640244.5359159,58880,0.0,-0.21,-0.01,90.0,307.0
1768640244.543587,58900,0.0,-0.21,-0.08,90.0,307.0
1768640244.562656,58920,0.0,-0.21,-0.04,90.0,307.0
1768640244.5961049,58940,0.0,-0.21,0.01,90.0,307.0
1768640244.6184764,58960,0.0,-0.21,-0.15,90.0,307.0
1768640244.6278327,58980,0.0,-0.22,-0.04,90.0,307.0
1768640244.645452,59000,0.0,-0.22,-0.08,90.0,307.0
1768640244.6742928,59020,0.0,-0.22,0.06,91.0,309.0
1768640244.6925468,59040,0.0,-0.22,0.03,90.0,307.0
1768640244.7025383,59060,0.0,-0.22,0.09,90.0,307.0
1768640244.7234104,59080,0.0,-0.22,-0.08,91.0,309.0
1768640244.756696,59100,0.0,-0.22,-0.01,90.0,307.0
1768640244.7766116,59120,0.0,-0.22,-0.04,90.0,307.0
1768640244.7942796,59140,0.0,-0.22,0.06,90.0,307.0
1768640244.8170228,59160,0.0,-0.22,-0.01,90.0,307.0
1768640244.8356187,59180,0.0,-0.22,-0.04,90.0,307.0
1768640244.8529952,59200,0.0,-0.22,-0.01,90.0,307.0
1768640244.8632011,59220,0.0,-0.22,-0.01,90.0,307.0
1768640244.89813,59240,0.0,-0.22,-0.01,90.0,307.0
1768640244.9218698,59260,0.0,-0.21,-0.01,89.0,305.0
1768640244.9321644,59280,0.0,-0.21,-0.05,90.0,307.0
1768640244.9531553,59300,0.0,-0.21,-0.08,90.0,307.0
1768640244.9593546,59320,0.0,-0.21,-0.08,90.0,307.0
1768640244.9922478,59340,0.0,-0.21,-0.01,90.0,307.0
1768640245.0133283,59360,0.0,-0.21,-0.08,90.0,307.0
1768640245.0233626,59380,0.0,-0.21,-0.08,90.0,307.0
1768640245.046597,59400,0.0,-0.21,-0.01,90.0,307.0
1768640245.0778003,59420,0.0,-0.21,-0.01,90.0,307.0
1768640245.0952117,59440,0.0,-0.21,-0.08,90.0,307.0
1768640245.1104312,59460,0.0,-0.21,-0.08,90.0,307.0
1768640245.120178,59480,0.0,-0.21,-0.08,90.0,307.0
1768640245.151637,59500,0.0,-0.21,0.02,90.0,307.0
1768640245.1739197,59520,0.0,-0.22,-0.01,91.0,309.0
1768640245.198001,59540,0.0,-0.22,-0.01,91.0,309.0
1768640245.2084198,59560,0.0,-0.22,-0.01,90.0,307.0
1768640245.2382333,59580,0.0,-0.22,0.06,90.0,307.0
1768640245.2573195,59600,0.0,-0.22,0.04,90.0,307.0
1768640245.2707477,59620,0.0,-0.22,0.03,90.0,307.0
1768640245.2789028,59640,0.0,-0.22,0.03,90.0,307.0
1768640245.311668,59660,0.0,-0.22,-0.04,90.0,307.0
1768640245.33449,59680,0.0,-0.22,-0.01,90.0,307.0
1768640245.3442578,59700,0.0,-0.22,-0.08,90.0,307.0
1768640245.3841288,59720,0.0,-0.22,-0.08,90.0,307.0
1768640245.4006157,59740,0.0,-0.22,0.02,90.0,307.0
1768640245.418256,59760,0.0,-0.22,0.06,90.0,307.0
1768640245.4316127,59780,0.0,-0.22,-0.04,90.0,307.0
1768640245.4491909,59800,0.0,-0.22,-0.01,90.0,307.0
1768640245.472888,59820,0.0,-0.22,-0.08,90.0,307.0
1768640245.4941936,59840,0.0,-0.22,-0.05,90.0,307.0
1768640245.5040815,59860,0.0,-0.22,0.03,90.0,307.0
1768640245.5405576,59880,0.0,-0.22,-0.01,90.0,307.0
1768640245.5581691,59900,0.0,-0.22,0.06,90.0,307.0
1768640245.5738957,59920,0.0,-0.22,0.03,90.0,307.0
1768640245.593397,59940,0.0,-0.21,-0.08,90.0,307.0
1768640245.6003501,59960,0.0,-0.21,0.06,90.0,307.0
1768640245.6328313,59980,0.0,-0.21,-0.01,90.0,307.0
1768640245.6550682,60000,0.0,-0.21,0.06,90.0,307.0
1768640245.6651828,60020,0.0,-0.21,-0.01,90.0,307.0
1768640245.7010694,60040,0.0,-0.21,-0.03,90.0,307.0
1768640245.7204375,60060,0.0,-0.21,-0.08,90.0,307.0
1768640245.7415643,60080,0.0,-0.21,-0.01,90.0,307.0
1768640245.7681239,60100,0.0,-0.21,0.06,90.0,307.0
1768640245.7749033,60120,0.0,-0.21,-0.08,90.0,307.0
1768640245.7936227,60140,0.0,-0.21,0.06,90.0,307.0
1768640245.8154926,60160,0.0,-0.21,-0.01,91.0,309.0
1768640245.8256035,60180,0.0,-0.21,-0.08,90.0,307.0
1768640245.8663657,60200,0.0,-0.21,-0.03,90.0,307.0
1768640245.882859,60220,0.0,-0.21,-0.08,90.0,307.0
1768640245.9011567,60240,0.0,-0.21,-0.08,90.0,307.0
1768640245.9210908,60260,0.0,-0.21,-0.01,90.0,307.0
1768640245.9285269,60280,0.0,-0.21,-0.01,89.0,305.0
1768640245.9432807,60300,0.0,-0.21,-0.01,90.0,307.0
1768640245.9757807,60320,0.0,-0.21,0.03,90.0,307.0
1768640245.9859312,60340,0.0,-0.21,-0.01,90.0,307.0
1768640246.0098827,60360,0.0,-0.21,0.01,90.0,307.0
1768640246.0192473,60380,0.0,-0.21,-0.08,90.0,307.0
1768640246.0549755,60400,0.0,-0.21,-0.01,90.0,307.0
1768640246.074539,60420,0.0,-0.21,-0.03,90.0,307.0
1768640246.0823421,60440,0.0,-0.21,-0.01,90.0,307.0
1768640246.1034133,60460,0.0,-0.21,0.02,90.0,307.0
1768640246.1363697,60480,0.0,-0.21,-0.01,90.0,307.0
1768640246.1463802,60500,0.0,-0.21,-0.01,90.0,307.0
1768640246.1793904,60520,0.0,-0.21,-0.08,90.0,307.0
1768640246.1820042,60540,0.0,-0.21,-0.01,90.0,307.0
1768640246.2133002,60560,0.0,-0.21,-0.11,90.0,307.0
1768640246.2366545,60580,0.0,-0.21,-0.01,90.0,307.0
1768640246.245884,60600,0.0,-0.21,0.06,90.0,307.0
1768640246.2663481,60620,0.0,-0.21,-0.08,90.0,307.0
1768640246.2969677,60640,0.0,-0.21,-0.08,90.0,307.0
1768640246.3071995,60660,0.0,-0.21,-0.04,89.0,305.0
1768640246.343793,60680,0.0,-0.21,-0.01,90.0,307.0
1768640246.3476653,60700,0.0,-0.21,-0.08,90.0,307.0
1768640246.3829794,60720,0.0,-0.21,-0.08,90.0,307.0
1768640246.3973923,60740,0.0,-0.21,-0.01,90.0,307.0
1768640246.4140656,60760,0.0,-0.21,-0.01,90.0,307.0
1768640246.425475,60780,0.0,-0.21,-0.01,90.0,307.0
1768640246.457399,60800,0.0,-0.21,-0.01,90.0,307.0
1768640246.4673214,60820,0.0,-0.21,-0.01,90.0,307.0
1768640246.5075276,60840,0.0,-0.21,0.03,90.0,307.0
1768640246.5109909,60860,0.0,-0.21,-0.01,90.0,307.0
1768640246.5430617,60880,0.0,-0.21,0.02,90.0,307.0
1768640246.5581033,60900,0.0,-0.21,-0.01,90.0,307.0
1768640246.5781412,60920,0.0,-0.21,-0.15,91.0,309.0
1768640246.587119,60940,0.0,-0.21,-0.01,90.0,307.0
1768640246.617725,60960,0.0,-0.21,0.06,89.0,305.0
1768640246.6279526,60980,0.0,-0.21,-0.08,90.0,307.0
1768640246.6506195,61000,0.0,-0.21,0.06,90.0,307.0
1768640246.658914,61020,0.0,-0.21,0.06,90.0,307.0
1768640246.6923351,61040,0.0,-0.21,-0.08,90.0,307.0
1768640246.7154624,61060,0.0,-0.21,-0.08,90.0,307.0
1768640246.7262404,61080,0.0,-0.21,-0.01,90.0,307.0
1768640246.7478037,61100,0.0,-0.21,-0.01,90.0,307.0
1768640246.778213,61120,0.0,-0.21,-0.08,90.0,307.0
1768640246.7882667,61140,0.0,-0.21,-0.08,90.0,307.0
1768640246.8103886,61160,0.0,-0.21,0.03,90.0,307.0
1768640246.819548,61180,0.0,-0.21,-0.03,90.0,307.0
1768640246.853858,61200,0.0,-0.21,-0.04,90.0,307.0
1768640246.8767252,61220,0.0,-0.21,-0.01,90.0,307.0
1768640246.9019852,61240,0.0,-0.21,-0.06,90.0,307.0
1768640246.919798,61260,0.0,-0.21,-0.01,90.0,307.0
1768640246.9385998,61280,0.0,-0.21,-0.01,90.0,307.0
1768640246.9486663,61300,0.0,-0.21,-0.01,90.0,307.0
1768640246.9702067,61320,0.0,-0.21,-0.01,90.0,307.0
1768640246.979681,61340,0.0,-0.21,-0.08,91.0,309.0
1768640247.0156696,61360,0.0,-0.21,-0.08,90.0,307.0
1768640247.035359,61380,0.0,-0.21,-0.08,90.0,307.0
1768640247.051397,61400,0.0,-0.21,-0.06,90.0,307.0
1768640247.078325,61420,0.0,-0.21,-0.08,90.0,307.0
1768640247.100829,61440,0.0,-0.21,0.06,90.0,307.0
1768640247.1093922,61460,0.0,-0.21,-0.08,91.0,309.0
1768640247.131003,61480,0.0,-0.21,-0.08,90.0,307.0
1768640247.1403525,61500,0.0,-0.21,-0.08,90.0,307.0
1768640247.1807637,61520,0.0,-0.21,-0.01,90.0,307.0
1768640247.1952662,61540,0.0,-0.21,-0.08,90.0,307.0
1768640247.2081847,61560,0.0,-0.21,-0.08,90.0,307.0
1768640247.2280974,61580,0.0,-0.21,-0.01,90.0,307.0
1768640247.260316,61600,0.0,-0.21,-0.01,90.0,307.0
1768640247.2718587,61620,0.0,-0.21,-0.01,90.0,307.0
1768640247.2914815,61640,0.0,-0.21,0.03,90.0,307.0
1768640247.3006947,61660,0.0,-0.21,-0.08,90.0,307.0
1768640247.3334353,61680,0.0,-0.21,-0.01,90.0,307.0
1768640247.359947,61700,0.0,-0.21,0.06,90.0,307.0
1768640247.365991,61720,0.0,-0.21,-0.01,91.0,309.0
1768640247.392374,61740,0.0,-0.22,-0.11,90.0,307.0
1768640247.4262173,61760,0.0,-0.22,-0.04,90.0,307.0
1768640247.4347093,61780,0.0,-0.22,-0.01,90.0,307.0
1768640247.4537678,61800,0.0,-0.22,0.06,90.0,307.0
1768640247.4684181,61820,0.0,-0.21,-0.08,90.0,307.0
1768640247.4778302,61840,0.0,-0.21,0.08,90.0,307.0
1768640247.5106454,61860,0.0,-0.21,-0.04,90.0,307.0
1768640247.5380225,61880,0.0,-0.21,-0.01,90.0,307.0
1768640247.5430083,61900,0.0,-0.22,-0.1,90.0,307.0
1768640247.571442,61920,0.0,-0.21,-0.01,90.0,307.0
1768640247.605877,61940,0.0,-0.21,-0.04,90.0,307.0
1768640247.6155832,61960,0.0,-0.21,-0.01,90.0,307.0
1768640247.6295915,61980,0.0,-0.21,-0.01,90.0,307.0
1768640247.637725,62000,0.0,-0.22,-0.01,90.0,307.0
1768640247.6705868,62020,0.0,-0.22,-0.04,90.0,307.0
1768640247.6933486,62040,0.0,-0.22,0.03,90.0,307.0
1768640247.7210698,62060,0.0,-0.22,-0.06,90.0,307.0
1768640247.7245827,62080,0.0,-0.21,0.06,90.0,307.0
1768640247.7583184,62100,0.0,-0.21,-0.01,90.0,307.0
1768640247.7707002,62120,0.0,-0.21,-0.08,90.0,307.0
1768640247.7949328,62140,0.0,-0.22,-0.01,90.0,307.0
1768640247.801774,62160,0.0,-0.22,-0.01,90.0,307.0
1768640247.834442,62180,0.0,-0.22,-0.08,90.0,307.0
1768640247.8537378,62200,0.0,-0.22,-0.01,90.0,307.0
1768640247.86984,62220,0.0,-0.22,-0.01,90.0,307.0
1768640247.8788998,62240,0.0,-0.21,0.02,90.0,307.0
1768640247.9132302,62260,0.0,-0.22,-0.08,90.0,307.0
1768640247.9355025,62280,0.0,-0.22,0.04,90.0,307.0
1768640247.946392,62300,0.0,-0.22,0.06,90.0,307.0
1768640247.9760358,62320,0.0,-0.21,-0.08,90.0,307.0
1768640247.998123,62340,0.0,-0.21,-0.03,90.0,307.0
1768640248.0076036,62360,0.0,-0.22,-0.04,90.0,307.0
1768640248.030234,62380,0.0,-0.22,0.06,90.0,307.0
1768640248.0396013,62400,0.0,-0.21,-0.01,90.0,307.0
1768640248.0789585,62420,0.0,-0.21,-0.01,90.0,307.0
1768640248.1048808,62440,0.0,-0.21,-0.01,90.0,307.0
1768640248.133169,62460,0.0,-0.21,-0.01,90.0,307.0
1768640248.1421797,62480,0.0,-0.21,-0.01,90.0,307.0
1768640248.1593726,62500,0.0,-0.21,0.06,90.0,307.0
1768640248.1686301,62520,0.0,-0.21,-0.01,90.0,307.0
1768640248.1902313,62540,0.0,-0.21,-0.01,90.0,307.0
1768640248.1992936,62560,0.0,-0.21,-0.01,90.0,307.0
1768640248.2478306,62580,0.0,-0.22,-0.15,91.0,309.0
1768640248.2574189,62600,0.0,-0.22,-0.01,90.0,307.0
1768640248.2823486,62620,0.0,-0.22,-0.08,90.0,307.0
1768640248.2878318,62640,0.0,-0.22,0.06,90.0,307.0
1768640248.3200743,62660,0.0,-0.21,-0.01,90.0,307.0
1768640248.332213,62680,0.0,-0.21,0.06,90.0,307.0
1768640248.354009,62700,0.0,-0.21,-0.01,90.0,307.0
1768640248.3603535,62720,0.0,-0.21,-0.1,90.0,307.0
1768640248.3933325,62740,0.0,-0.21,-0.01,90.0,307.0
1768640248.422814,62760,0.0,-0.21,-0.11,90.0,307.0
1768640248.4349537,62780,0.0,-0.21,-0.08,90.0,307.0
1768640248.4629283,62800,0.0,-0.21,0.1,90.0,307.0
1768640248.4893553,62820,0.0,-0.22,-0.08,90.0,307.0
1768640248.4968007,62840,0.0,-0.21,-0.01,90.0,307.0
1768640248.5125523,62860,0.0,-0.22,0.06,90.0,307.0
1768640248.5218527,62880,0.0,-0.21,0.04,90.0,307.0
1768640248.542366,62900,0.0,-0.21,0.06,90.0,307.0
1768640248.5757477,62920,0.0,-0.21,-0.15,90.0,307.0
1768640248.599375,62940,0.0,-0.21,0.06,90.0,307.0
1768640248.6094406,62960,0.0,-0.21,0.06,90.0,307.0
1768640248.6171367,62980,0.0,-0.21,-0.01,90.0,307.0
1768640248.6554465,63000,0.0,-0.21,-0.08,90.0,307.0
1768640248.6721733,63020,0.0,-0.21,-0.01,90.0,307.0
1768640248.6820328,63040,0.0,-0.21,0.03,90.0,307.0
1768640248.7041013,63060,0.0,-0.21,-0.04,90.0,307.0
1768640248.7355678,63080,0.0,-0.22,-0.08,90.0,307.0
1768640248.7457173,63100,0.0,-0.22,0.06,90.0,307.0
1768640248.7738733,63120,0.0,-0.21,-0.01,90.0,307.0
1768640248.7839503,63140,0.0,-0.22,-0.04,90.0,307.0
1768640248.8161983,63160,0.0,-0.22,-0.15,90.0,307.0
1768640248.8396041,63180,0.0,-0.22,-0.04,90.0,307.0
1768640248.8544037,63200,0.0,-0.22,-0.05,90.0,307.0
1768640248.8647988,63220,0.0,-0.22,-0.04,90.0,307.0
1768640248.8905354,63240,0.0,-0.22,-0.01,90.0,307.0
1768640248.9125805,63260,0.0,-0.22,0.01,90.0,307.0
1768640248.9226677,63280,0.0,-0.22,-0.01,90.0,307.0
1768640248.957963,63300,0.0,-0.22,-0.08,90.0,307.0
1768640248.9772696,63320,0.0,-0.21,-0.01,90.0,307.0
1768640248.9937847,63340,0.0,-0.21,-0.01,90.0,307.0
1768640249.0215228,63360,0.0,-0.21,-0.01,90.0,307.0
1768640249.030856,63380,0.0,-0.21,-0.15,90.0,307.0
1768640249.0523548,63400,0.0,-0.21,-0.01,90.0,307.0
1768640249.072512,63420,0.0,-0.22,-0.15,91.0,309.0
1768640249.0825922,63440,0.0,-0.22,-0.15,90.0,307.0
1768640249.10436,63460,0.0,-0.22,-0.01,90.0,307.0
1768640249.1467607,63480,0.0,-0.22,0.06,90.0,307.0
1768640249.1568413,63500,0.0,-0.22,-0.08,91.0,309.0
1768640249.1692758,63520,0.0,-0.22,-0.01,90.0,307.0
1768640249.1879935,63540,0.0,-0.22,-0.06,90.0,307.0
1768640249.2198117,63560,0.0,-0.22,-0.08,90.0,307.0
1768640249.2340574,63580,0.0,-0.22,-0.15,90.0,307.0
1768640249.245628,63600,0.0,-0.22,0.06,90.0,307.0
1768640249.2646523,63620,0.0,-0.22,0.03,90.0,307.0
1768640249.297659,63640,0.0,-0.22,-0.01,90.0,307.0
1768640249.3075464,63660,0.0,-0.22,0.06,90.0,307.0
1768640249.3339992,63680,0.0,-0.22,0.06,90.0,307.0
1768640249.3397427,63700,0.0,-0.22,-0.06,90.0,307.0
1768640249.3922884,63720,0.0,-0.22,-0.08,90.0,307.0
1768640249.4073126,63740,0.0,-0.22,-0.01,91.0,309.0
1768640249.4125261,63760,0.0,-0.22,-0.03,90.0,307.0
1768640249.428169,63780,0.0,-0.22,-0.08,90.0,307.0
1768640249.4582403,63800,0.0,-0.22,-0.01,90.0,307.0
1768640249.4683905,63820,0.0,-0.22,-0.18,91.0,309.0
1768640249.490438,63840,0.0,-0.22,-0.01,90.0,307.0
1768640249.499562,63860,0.0,-0.22,-0.15,90.0,307.0
1768640249.532906,63880,0.0,-0.22,-0.01,90.0,307.0
1768640249.5629423,63900,0.0,-0.22,-0.01,90.0,307.0
1768640249.567409,63920,0.0,-0.22,0.06,91.0,309.0
1768640249.594431,63940,0.0,-0.22,0.06,90.0,307.0
1768640249.6186833,63960,0.0,-0.22,0.06,90.0,307.0
1768640249.6323934,63980,0.0,-0.22,-0.15,91.0,309.0
1768640249.650364,64000,0.0,-0.22,-0.01,90.0,307.0
1768640249.6594903,64020,0.0,-0.22,-0.01,90.0,307.0
1768640249.710412,64040,0.0,-0.22,-0.15,90.0,307.0
1768640249.7189987,64060,0.0,-0.22,-0.01,90.0,307.0
1768640249.739129,64080,0.0,-0.22,0.06,90.0,307.0
1768640249.7479603,64100,0.0,-0.22,-0.08,90.0,307.0
1768640249.779535,64120,0.0,-0.22,-0.08,90.0,307.0
1768640249.79341,64140,0.0,-0.22,0.04,90.0,307.0
1768640249.8125656,64160,0.0,-0.22,-0.01,90.0,307.0
1768640249.8204148,64180,0.0,-0.22,0.03,90.0,307.0
1768640249.8529215,64200,0.0,-0.22,-0.1,91.0,309.0
1768640249.875299,64220,0.0,-0.22,0.06,90.0,307.0
1768640249.8855455,64240,0.0,-0.22,-0.08,90.0,307.0
1768640249.9125617,64260,0.0,-0.22,-0.08,90.0,307.0
1768640249.9443002,64280,0.0,-0.22,-0.01,90.0,307.0
1768640249.9495776,64300,0.0,-0.22,-0.13,90.0,307.0
1768640249.9755695,64320,0.0,-0.22,-0.01,90.0,307.0
1768640249.9884188,64340,0.0,-0.22,-0.01,90.0,307.0
1768640250.0172575,64360,0.0,-0.22,-0.01,90.0,307.0
1768640250.035162,64380,0.0,-0.22,0.06,90.0,307.0
1768640250.0453346,64400,0.0,-0.22,-0.11,90.0,307.0
1768640250.0677855,64420,0.0,-0.22,-0.01,90.0,307.0
1768640250.0923412,64440,0.0,-0.22,-0.01,90.0,307.0
1768640250.112957,64460,0.0,-0.22,-0.01,90.0,307.0
1768640250.1328688,64480,0.0,-0.22,-0.05,90.0,307.0
1768640250.1672497,64500,0.0,-0.22,0.03,90.0,307.0
1768640250.1726127,64520,0.0,-0.22,-0.08,91.0,309.0
1768640250.1982107,64540,0.0,-0.22,0.03,90.0,307.0
1768640250.205683,64560,0.0,-0.22,-0.08,90.0,307.0
1768640250.2283232,64580,0.0,-0.22,-0.01,90.0,307.0
1768640250.2373698,64600,0.0,-0.22,0.02,90.0,307.0
1768640250.27899,64620,0.0,-0.22,-0.01,91.0,309.0
1768640250.2927353,64640,0.0,-0.22,-0.05,90.0,307.0
1768640250.3143063,64660,0.0,-0.22,0.06,90.0,307.0
1768640250.3241925,64680,0.0,-0.22,-0.08,90.0,307.0
1768640250.3584394,64700,0.0,-0.22,-0.01,90.0,307.0
1768640250.370307,64720,0.0,-0.22,-0.01,90.0,307.0
1768640250.3887868,64740,0.0,-0.22,-0.01,90.0,307.0
1768640250.3979597,64760,0.0,-0.22,-0.01,90.0,307.0
1768640250.4307783,64780,0.0,-0.21,0.06,90.0,307.0
1768640250.4560962,64800,0.0,-0.21,0.01,90.0,307.0
1768640250.4706318,64820,0.0,-0.21,-0.01,90.0,307.0
1768640250.4936461,64840,0.0,-0.21,-0.01,91.0,309.0
1768640250.5177708,64860,0.0,-0.21,-0.01,90.0,307.0
1768640250.5357795,64880,0.0,-0.21,-0.01,90.0,307.0
1768640250.5444198,64900,0.0,-0.21,-0.04,90.0,307.0
1768640250.5679834,64920,0.0,-0.21,-0.01,90.0,307.0
1768640250.597436,64940,0.0,-0.21,-0.08,90.0,307.0
1768640250.6075456,64960,0.0,-0.21,0.01,90.0,307.0
1768640250.6401417,64980,0.0,-0.21,-0.08,90.0,307.0
1768640250.6442535,65000,0.0,-0.21,0.06,90.0,307.0
1768640250.6790447,65020,0.0,-0.21,-0.01,90.0,307.0
1768640250.6936843,65040,0.0,-0.21,-0.05,90.0,307.0
1768640250.717973,65060,0.0,-0.21,-0.15,90.0,307.0
1768640250.7246377,65080,0.0,-0.21,-0.01,90.0,307.0
1768640250.7575812,65100,0.0,-0.21,0.06,90.0,307.0
1768640250.7676156,65120,0.0,-0.21,0.04,90.0,307.0
1768640250.7899563,65140,0.0,-0.21,-0.01,90.0,307.0
1768640250.7990594,65160,0.0,-0.21,-0.01,90.0,307.0
1768640250.839866,65180,0.0,-0.21,-0.01,90.0,307.0
1768640250.8613775,65200,0.0,-0.21,-0.01,90.0,307.0
1768640250.87356,65220,0.0,-0.21,-0.01,90.0,307.0
1768640250.8924494,65240,0.0,-0.21,-0.06,90.0,307.0
1768640250.9145238,65260,0.0,-0.2,0.06,90.0,307.0
1768640250.9344773,65280,0.0,-0.2,-0.01,90.0,307.0
1768640250.9446359,65300,0.0,-0.2,0.03,90.0,307.0
1768640250.9656723,65320,0.0,-0.2,-0.08,90.0,307.0
1768640250.9981296,65340,0.0,-0.2,0.06,90.0,307.0
1768640251.008993,65360,0.0,-0.2,-0.01,91.0,309.0
1768640251.0407796,65380,0.0,-0.2,0.06,90.0,307.0
1768640251.0447464,65400,0.0,-0.2,-0.08,90.0,307.0
1768640251.0810754,65420,0.0,-0.2,0.06,90.0,307.0
1768640251.09595,65440,0.0,-0.2,-0.08,90.0,307.0
1768640251.106783,65460,0.0,-0.2,-0.01,90.0,307.0
1768640251.1255229,65480,0.0,-0.2,-0.08,90.0,307.0
1768640251.1586123,65500,0.0,-0.2,-0.01,90.0,307.0
1768640251.1686497,65520,0.0,-0.2,0.03,90.0,307.0
1768640251.1964777,65540,0.0,-0.2,-0.01,90.0,307.0
1768640251.2004373,65560,0.0,-0.2,-0.01,90.0,307.0
1768640251.259433,65580,0.0,-0.2,0.06,90.0,307.0
1768640251.2794902,65600,0.0,-0.2,-0.08,90.0,307.0
1768640251.2920065,65620,0.0,-0.2,-0.15,90.0,307.0
1768640251.300945,65640,0.0,-0.2,0.03,90.0,307.0
1768640251.3199825,65660,0.0,-0.2,-0.01,90.0,307.0
1768640251.3296766,65680,0.0,-0.2,-0.04,90.0,307.0
1768640251.351683,65700,0.0,-0.2,-0.08,90.0,307.0
1768640251.3613636,65720,0.0,-0.2,-0.08,91.0,309.0
1768640251.4130566,65740,0.0,-0.2,0.03,90.0,307.0
1768640251.4180384,65760,0.0,-0.2,-0.08,90.0,307.0
1768640251.426619,65780,0.0,-0.2,0.06,90.0,307.0
1768640251.4533956,65800,0.0,-0.2,0.06,90.0,307.0
1768640251.4576046,65820,0.0,-0.2,-0.04,90.0,307.0
1768640251.5060532,65840,0.0,-0.2,-0.15,90.0,307.0
1768640251.515151,65860,0.0,-0.2,-0.01,90.0,307.0
1768640251.5257778,65880,0.0,-0.2,-0.04,89.0,305.0
1768640251.5434358,65900,0.0,-0.2,-0.04,90.0,307.0
1768640251.576004,65920,0.0,-0.2,0.03,90.0,307.0
1768640251.5875916,65940,0.0,-0.2,-0.01,90.0,307.0
1768640251.6217973,65960,0.0,-0.2,-0.01,90.0,307.0
1768640251.6248178,65980,0.0,-0.2,-0.08,90.0,307.0
1768640251.6648214,66000,0.0,-0.2,0.06,90.0,307.0
1768640251.6752858,66020,0.0,-0.2,-0.01,90.0,307.0
1768640251.7048373,66040,0.0,-0.2,-0.08,90.0,307.0
1768640251.7169445,66060,0.0,-0.2,-0.01,90.0,307.0
1768640251.7398763,66080,0.0,-0.2,-0.01,90.0,307.0
1768640251.7569754,66100,0.0,-0.2,-0.01,90.0,307.0
1768640251.7687693,66120,0.0,-0.2,0.02,90.0,307.0
1768640251.7778482,66140,0.0,-0.2,-0.08,90.0,307.0
1768640251.8107574,66160,0.0,-0.2,0.06,90.0,307.0
1768640251.83862,66180,0.0,-0.2,0.1,90.0,307.0
1768640251.8537223,66200,0.0,-0.2,-0.01,90.0,307.0
1768640251.8642414,66220,0.0,-0.2,-0.13,90.0,307.0
1768640251.8972962,66240,0.0,-0.2,-0.15,91.0,309.0
1768640251.9147947,66260,0.0,-0.2,0.06,90.0,307.0
1768640251.935252,66280,0.0,-0.2,-0.08,91.0,309.0
1768640251.9481235,66300,0.0,-0.2,-0.01,90.0,307.0
1768640251.972203,66320,0.0,-0.2,-0.08,90.0,307.0
1768640251.9932854,66340,0.0,-0.2,-0.01,90.0,307.0
1768640252.0033321,66360,0.0,-0.2,-0.08,90.0,307.0
1768640252.0246098,66380,0.0,-0.2,-0.01,90.0,307.0
1768640252.0646052,66400,0.0,-0.2,-0.11,90.0,307.0
1768640252.0674872,66420,0.0,-0.2,-0.15,90.0,307.0
1768640252.1053941,66440,0.0,-0.2,-0.01,90.0,307.0
1768640252.10788,66460,0.0,-0.2,-0.01,90.0,307.0
1768640252.1427298,66480,0.0,-0.2,0.06,90.0,307.0
1768640252.1553066,66500,0.0,-0.2,0.02,89.0,305.0
1768640252.1660664,66520,0.0,-0.2,-0.01,90.0,307.0
1768640252.1858304,66540,0.0,-0.2,0.03,90.0,307.0
1768640252.2188647,66560,0.0,-0.2,0.06,90.0,307.0
1768640252.2278283,66580,0.0,-0.2,-0.01,90.0,307.0
1768640252.2526138,66600,0.0,-0.2,-0.08,90.0,307.0
1768640252.261639,66620,0.0,-0.2,0.1,90.0,307.0
1768640252.297745,66640,0.0,-0.2,0.03,90.0,307.0
1768640252.3186398,66660,0.0,-0.2,-0.06,90.0,307.0
1768640252.326985,66680,0.0,-0.2,0.03,90.0,307.0
1768640252.3469994,66700,0.0,-0.2,0.06,90.0,307.0
1768640252.377887,66720,0.0,-0.2,-0.11,90.0,307.0
1768640252.3878577,66740,0.0,-0.2,-0.01,90.0,307.0
1768640252.425169,66760,0.0,-0.19,-0.01,90.0,307.0
1768640252.4282908,66780,0.0,-0.19,0.03,90.0,307.0
1768640252.462734,66800,0.0,-0.19,-0.01,89.0,305.0
1768640252.4751875,66820,0.0,-0.19,-0.08,90.0,307.0
1768640252.4970815,66840,0.0,-0.19,-0.01,90.0,307.0
1768640252.5066535,66860,0.0,-0.19,0.06,90.0,307.0
1768640252.5381992,66880,0.0,-0.19,0.06,90.0,307.0
1768640252.5483382,66900,0.0,-0.19,-0.01,90.0,307.0
1768640252.5710113,66920,0.0,-0.19,-0.01,90.0,307.0
1768640252.5979848,66940,0.0,-0.19,0.06,90.0,307.0
1768640252.6129444,66960,0.0,-0.19,0.03,90.0,307.0
1768640252.6357448,66980,0.0,-0.19,-0.01,90.0,307.0
1768640252.6477208,67000,0.0,-0.19,0.06,90.0,307.0
1768640252.669538,67020,0.0,-0.19,-0.01,90.0,307.0
1768640252.7020319,67040,0.0,-0.19,-0.08,91.0,309.0
1768640252.7087886,67060,0.0,-0.19,-0.01,90.0,307.0
1768640252.730947,67080,0.0,-0.19,0.03,90.0,307.0
1768640252.740039,67100,0.0,-0.19,-0.01,90.0,307.0
1768640252.7770507,67120,0.0,-0.19,-0.01,90.0,307.0
1768640252.8016376,67140,0.0,-0.19,-0.01,90.0,307.0
1768640252.8058171,67160,0.0,-0.19,-0.01,90.0,307.0
1768640252.8310773,67180,0.0,-0.19,0.09,90.0,307.0
1768640252.8601542,67200,0.0,-0.19,-0.1,90.0,307.0
1768640252.869774,67220,0.0,-0.19,-0.11,90.0,307.0
1768640252.8916636,67240,0.0,-0.19,0.13,89.0,305.0
1768640252.9016256,67260,0.0,-0.19,0.06,90.0,307.0
1768640252.9331956,67280,0.0,-0.19,0.03,90.0,307.0
1768640252.966463,67300,0.0,-0.18,-0.01,90.0,307.0
1768640252.9751215,67320,0.0,-0.18,-0.01,90.0,307.0
1768640252.9900167,67340,0.0,-0.18,0.02,90.0,307.0
1768640253.013852,67360,0.0,-0.18,-0.01,90.0,307.0
1768640253.0297935,67380,0.0,-0.19,-0.08,91.0,309.0
1768640253.052309,67400,0.0,-0.19,-0.08,90.0,307.0
1768640253.0626256,67420,0.0,-0.19,-0.01,90.0,307.0
1768640253.0838587,67440,0.0,-0.18,-0.01,90.0,307.0
1768640253.1180675,67460,0.0,-0.18,-0.05,90.0,307.0
1768640253.1397936,67480,0.0,-0.19,-0.06,90.0,307.0
1768640253.1480289,67500,0.0,-0.19,-0.08,90.0,307.0
1768640253.1622603,67520,0.0,-0.19,-0.04,90.0,307.0
1768640253.1923676,67540,0.0,-0.19,-0.04,90.0,307.0
1768640253.2162752,67560,0.0,-0.19,0.03,90.0,307.0
1768640253.2228827,67580,0.0,-0.19,-0.01,90.0,307.0
1768640253.2440975,67600,0.0,-0.19,-0.04,90.0,307.0
1768640253.285738,67620,0.0,-0.19,-0.15,90.0,307.0
1768640253.2910614,67640,0.0,-0.19,-0.08,90.0,307.0
1768640253.3225036,67660,0.0,-0.19,-0.04,90.0,307.0
1768640253.3257148,67680,0.0,-0.19,-0.08,90.0,307.0
1768640253.3659039,67700,0.0,-0.19,-0.03,90.0,307.0
1768640253.3759198,67720,0.0,-0.19,-0.08,90.0,307.0
1768640253.3883648,67740,0.0,-0.19,-0.08,90.0,307.0
1768640253.404498,67760,0.0,-0.19,-0.01,90.0,307.0
1768640253.4373422,67780,0.0,-0.19,-0.01,90.0,307.0
1768640253.4635713,67800,0.0,-0.19,-0.01,90.0,307.0
1768640253.4725118,67820,0.0,-0.19,-0.01,90.0,307.0
1768640253.499059,67840,0.0,-0.19,0.03,90.0,307.0
1768640253.5321891,67860,0.0,-0.19,-0.01,90.0,307.0
1768640253.5479357,67880,0.0,-0.19,-0.01,90.0,307.0
1768640253.5601134,67900,0.0,-0.19,0.06,90.0,307.0
1768640253.5730424,67920,0.0,-0.19,-0.01,90.0,307.0
1768640253.597483,67940,0.0,-0.19,-0.15,90.0,307.0
1768640253.607501,67960,0.0,-0.19,-0.11,90.0,307.0
1768640253.639319,67980,0.0,-0.19,-0.01,90.0,307.0
1768640253.6432946,68000,0.0,-0.19,-0.01,90.0,307.0
1768640253.6835642,68020,0.0,-0.19,0.04,90.0,307.0
1768640253.705551,68040,0.0,-0.19,-0.08,90.0,307.0
1768640253.718911,68060,0.0,-0.19,0.06,90.0,307.0
1768640253.7300487,68080,0.0,-0.19,-0.08,90.0,307.0
1768640253.7584243,68100,0.0,-0.19,-0.08,90.0,307.0
1768640253.7682495,68120,0.0,-0.19,0.03,91.0,309.0
1768640253.7905247,68140,0.0,-0.19,0.08,90.0,307.0
1768640253.8253825,68160,0.0,-0.19,-0.08,90.0,307.0
1768640253.833142,68180,0.0,-0.19,0.06,90.0,307.0
1768640253.8609612,68200,0.0,-0.19,-0.01,90.0,307.0
1768640253.8649583,68220,0.0,-0.19,-0.01,90.0,307.0
1768640253.8952594,68240,0.0,-0.19,-0.01,90.0,307.0
1768640253.92196,68260,0.0,-0.19,0.09,90.0,307.0
1768640253.9293213,68280,0.0,-0.19,-0.01,90.0,307.0
1768640253.9510937,68300,0.0,-0.19,-0.08,90.0,307.0
1768640253.960143,68320,0.0,-0.19,-0.01,90.0,307.0
1768640254.0051305,68340,0.0,-0.19,-0.01,90.0,307.0
1768640254.0172215,68360,0.0,-0.19,-0.01,90.0,307.0
1768640254.0430229,68380,0.0,-0.19,-0.05,90.0,307.0
1768640254.046981,68400,0.0,-0.2,-0.08,91.0,309.0
1768640254.0812647,68420,0.0,-0.2,-0.04,90.0,307.0
1768640254.0934649,68440,0.0,-0.2,0.06,90.0,307.0
1768640254.111731,68460,0.0,-0.19,-0.01,89.0,305.0
1768640254.1302452,68480,0.0,-0.2,-0.11,90.0,307.0
1768640254.1533957,68500,0.0,-0.2,-0.08,90.0,307.0
1768640254.174915,68520,0.0,-0.2,-0.03,90.0,307.0
1768640254.185493,68540,0.0,-0.2,-0.01,90.0,307.0
1768640254.2168338,68560,0.0,-0.2,0.13,90.0,307.0
1768640254.2401385,68580,0.0,-0.19,0.02,90.0,307.0
1768640254.259926,68600,0.0,-0.19,-0.01,90.0,307.0
1768640254.2775352,68620,0.0,-0.19,-0.01,90.0,307.0
1768640254.2983232,68640,0.0,-0.19,-0.08,90.0,307.0
1768640254.309906,68660,0.0,-0.19,-0.04,90.0,307.0
1768640254.336995,68680,0.0,-0.19,0.08,90.0,307.0
1768640254.3460717,68700,0.0,-0.19,-0.08,90.0,307.0
1768640254.3681834,68720,0.0,-0.19,0.06,90.0,307.0
1768640254.3771486,68740,0.0,-0.19,-0.03,90.0,307.0
1768640254.4169803,68760,0.0,-0.19,-0.08,90.0,307.0
1768640254.4329998,68780,0.0,-0.19,-0.15,90.0,307.0
1768640254.4426758,68800,0.0,-0.19,-0.01,90.0,307.0
1768640254.4693599,68820,0.0,-0.19,-0.01,90.0,307.0
1768640254.5048869,68840,0.0,-0.2,-0.05,90.0,307.0
1768640254.5139768,68860,0.0,-0.2,0.06,90.0,307.0
1768640254.5295293,68880,0.0,-0.19,0.03,90.0,307.0
1768640254.538773,68900,0.0,-0.2,-0.01,90.0,307.0
1768640254.570536,68920,0.0,-0.19,-0.08,90.0,307.0
1768640254.592085,68940,0.0,-0.19,0.06,89.0,305.0
1768640254.6021483,68960,0.0,-0.19,-0.01,90.0,307.0
1768640254.6347494,68980,0.0,-0.19,0.06,90.0,307.0
1768640254.658838,69000,0.0,-0.19,0.06,90.0,307.0
1768640254.681968,69020,0.0,-0.19,-0.04,90.0,307.0
1768640254.6944938,69040,0.0,-0.19,-0.05,90.0,307.0
1768640254.7035594,69060,0.0,-0.19,-0.08,90.0,307.0
1768640254.7330186,69080,0.0,-0.19,-0.08,90.0,307.0
1768640254.7566154,69100,0.0,-0.19,-0.01,90.0,307.0
1768640254.765804,69120,0.0,-0.19,0.01,90.0,307.0
1768640254.7842002,69140,0.0,-0.19,-0.01,90.0,307.0
1768640254.8186734,69160,0.0,-0.19,-0.08,90.0,307.0
1768640254.8271773,69180,0.0,-0.19,0.03,90.0,307.0
1768640254.8608394,69200,0.0,-0.19,-0.01,90.0,307.0
1768640254.8640053,69220,0.0,-0.19,-0.08,90.0,307.0
1768640254.9053226,69240,0.0,-0.19,-0.08,90.0,307.0
1768640254.9182203,69260,0.0,-0.19,-0.01,90.0,307.0
1768640254.9279332,69280,0.0,-0.19,-0.01,91.0,309.0
1768640254.9571228,69300,0.0,-0.19,0.06,90.0,307.0
1768640254.97929,69320,0.0,-0.19,-0.01,90.0,307.0
1768640254.9888165,69340,0.0,-0.19,0.04,90.0,307.0
1768640255.0091987,69360,0.0,-0.19,-0.04,90.0,307.0
1768640255.0183275,69380,0.0,-0.19,-0.04,90.0,307.0
1768640255.0516696,69400,0.0,-0.19,-0.01,90.0,307.0
1768640255.0788207,69420,0.0,-0.2,-0.04,90.0,307.0
1768640255.0852025,69440,0.0,-0.2,-0.01,90.0,307.0
1768640255.1195064,69460,0.0,-0.2,0.02,90.0,307.0
1768640255.1409776,69480,0.0,-0.2,-0.08,90.0,307.0
1768640255.1725037,69500,0.0,-0.2,-0.08,90.0,307.0
1768640255.1834316,69520,0.0,-0.2,-0.05,90.0,307.0
1768640255.1944573,69540,0.0,-0.2,-0.01,90.0,307.0
1768640255.2137306,69560,0.0,-0.2,-0.01,90.0,307.0
1768640255.2342308,69580,0.0,-0.2,-0.01,90.0,307.0
1768640255.2443683,69600,0.0,-0.2,-0.01,90.0,307.0
1768640255.2654998,69620,0.0,-0.2,0.06,90.0,307.0
1768640255.3052366,69640,0.0,-0.2,0.06,90.0,307.0
1768640255.3142874,69660,0.0,-0.2,0.06,90.0,307.0
1768640255.3430507,69680,0.0,-0.19,-0.01,90.0,307.0
1768640255.3462815,69700,0.0,-0.19,-0.04,90.0,307.0
1768640255.3888032,69720,0.0,-0.2,-0.06,90.0,307.0
1768640255.401418,69740,0.0,-0.2,-0.01,90.0,307.0
1768640255.4071538,69760,0.0,-0.2,-0.08,90.0,307.0
1768640255.4273171,69780,0.0,-0.2,-0.03,90.0,307.0
1768640255.4589102,69800,0.0,-0.2,-0.08,90.0,307.0
1768640255.4689183,69820,0.0,-0.2,-0.01,90.0,307.0
1768640255.4911532,69840,0.0,-0.2,0.06,90.0,307.0
1768640255.520955,69860,0.0,-0.2,-0.01,90.0,307.0
1768640255.5375981,69880,0.0,-0.19,0.08,90.0,307.0
1768640255.561944,69900,0.0,-0.2,-0.08,90.0,307.0
1768640255.56677,69920,0.0,-0.2,0.03,90.0,307.0
1768640255.5966916,69940,0.0,-0.19,0.04,89.0,305.0
1768640255.618929,69960,0.0,-0.19,-0.01,90.0,307.0
1768640255.639116,69980,0.0,-0.19,0.06,90.0,307.0
1768640255.658461,70000,0.0,-0.19,-0.01,90.0,307.0
1768640255.66657,70020,0.0,-0.19,0.06,90.0,307.0
1768640255.699517,70040,0.0,-0.19,-0.08,90.0,307.0
1768640255.7095144,70060,0.0,-0.19,-0.01,89.0,305.0
1768640255.7573295,70080,0.0,-0.19,-0.08,90.0,307.0
1768640255.760755,70100,0.0,-0.19,-0.08,90.0,307.0
1768640255.7770138,70120,0.0,-0.2,-0.01,90.0,307.0
1768640255.8018415,70140,0.0,-0.2,-0.01,91.0,309.0
1768640255.8068426,70160,0.0,-0.2,-0.01,90.0,307.0
1768640255.8450222,70180,0.0,-0.2,0.06,90.0,307.0
1768640255.8610897,70200,0.0,-0.2,-0.01,90.0,307.0
1768640255.8726003,70220,0.0,-0.2,-0.08,90.0,307.0
1768640255.8961627,70240,0.0,-0.2,-0.01,90.0,307.0
1768640255.9020522,70260,0.0,-0.2,0.06,90.0,307.0
1768640255.9234123,70280,0.0,-0.2,-0.15,91.0,309.0
1768640255.9562829,70300,0.0,-0.2,-0.08,90.0,307.0
1768640255.9843965,70320,0.0,-0.2,0.06,90.0,307.0
1768640255.9908974,70340,0.0,-0.2,-0.01,90.0,307.0
1768640255.999412,70360,0.0,-0.2,-0.01,90.0,307.0
1768640256.0322933,70380,0.0,-0.2,-0.01,90.0,307.0
1768640256.0629995,70400,0.0,-0.2,-0.08,90.0,307.0
1768640256.0786712,70420,0.0,-0.2,-0.01,90.0,307.0
1768640256.0920181,70440,0.0,-0.2,-0.01,91.0,309.0
1768640256.1180968,70460,0.0,-0.2,0.03,90.0,307.0
1768640256.1265361,70480,0.0,-0.2,-0.04,90.0,307.0
1768640256.1486807,70500,0.0,-0.2,-0.15,90.0,307.0
1768640256.1577344,70520,0.0,-0.2,-0.08,90.0,307.0
1768640256.1964955,70540,0.0,-0.2,0.06,90.0,307.0
1768640256.2154944,70560,0.0,-0.2,-0.08,90.0,307.0
1768640256.2245655,70580,0.0,-0.2,-0.01,91.0,309.0
1768640256.2514522,70600,0.0,-0.2,-0.01,90.0,307.0
1768640256.2836802,70620,0.0,-0.2,-0.01,91.0,309.0
1768640256.305944,70640,0.0,-0.2,-0.08,90.0,307.0
1768640256.314755,70660,0.0,-0.2,-0.08,90.0,307.0
1768640256.3254132,70680,0.0,-0.2,-0.08,90.0,307.0
1768640256.351105,70700,0.0,-0.2,0.06,90.0,307.0
1768640256.373202,70720,0.0,-0.2,0.06,89.0,305.0
1768640256.3832126,70740,0.0,-0.2,-0.01,90.0,307.0
1768640256.4231534,70760,0.0,-0.2,-0.03,90.0,307.0
1768640256.4372869,70780,0.0,-0.2,-0.01,90.0,307.0
1768640256.4637911,70800,0.0,-0.2,-0.01,90.0,307.0
1768640256.4695494,70820,0.0,-0.2,-0.01,90.0,307.0
1768640256.496019,70840,0.0,-0.2,-0.15,90.0,307.0
1768640256.5174994,70860,0.0,-0.2,0.03,90.0,307.0
1768640256.5356133,70880,0.0,-0.2,-0.01,90.0,307.0
1768640256.5489485,70900,0.0,-0.2,-0.08,90.0,307.0
1768640256.5646906,70920,0.0,-0.2,-0.03,91.0,309.0
1768640256.5976496,70940,0.0,-0.2,-0.15,90.0,307.0
1768640256.6210716,70960,0.0,-0.2,-0.04,90.0,307.0
1768640256.6372147,70980,0.0,-0.2,-0.01,90.0,307.0
1768640256.6431518,71000,0.0,-0.2,-0.11,90.0,307.0
1768640256.6798851,71020,0.0,-0.2,-0.01,90.0,307.0
1768640256.6982067,71040,0.0,-0.2,-0.13,89.0,305.0
1768640256.7192214,71060,0.0,-0.2,-0.01,89.0,305.0
1768640256.7336104,71080,0.0,-0.2,-0.01,90.0,307.0
1768640256.758373,71100,0.0,-0.2,-0.08,90.0,307.0
1768640256.7691693,71120,0.0,-0.2,0.06,90.0,307.0
1768640256.790373,71140,0.0,-0.2,-0.01,90.0,307.0
1768640256.7994366,71160,0.0,-0.2,0.06,90.0,307.0
1768640256.8509946,71180,0.0,-0.2,-0.04,90.0,307.0
1768640256.8556128,71200,0.0,-0.2,-0.06,90.0,307.0
1768640256.8646924,71220,0.0,-0.21,-0.08,91.0,309.0
1768640256.8903553,71240,0.0,-0.21,0.06,90.0,307.0
1768640256.9281776,71260,0.0,-0.21,-0.08,90.0,307.0
1768640256.944091,71280,0.0,-0.21,-0.01,90.0,307.0
1768640256.952447,71300,0.0,-0.21,0.06,90.0,307.0
1768640256.964143,71320,0.0,-0.2,0.06,90.0,307.0
1768640256.9921463,71340,0.0,-0.2,0.06,90.0,307.0
1768640257.01486,71360,0.0,-0.2,0.06,90.0,307.0
1768640257.0249975,71380,0.0,-0.2,-0.08,90.0,307.0
1768640257.0666943,71400,0.0,-0.2,0.03,90.0,307.0
1768640257.078912,71420,0.0,-0.2,-0.01,90.0,307.0
1768640257.1083531,71440,0.0,-0.2,-0.08,90.0,307.0
1768640257.1138697,71460,0.0,-0.2,0.1,90.0,307.0
1768640257.121555,71480,0.0,-0.2,-0.01,90.0,307.0
1768640257.15795,71500,0.0,-0.2,-0.15,90.0,307.0
1768640257.176334,71520,0.0,-0.2,-0.01,90.0,307.0
1768640257.1896446,71540,0.0,-0.2,-0.01,90.0,307.0
1768640257.2065165,71560,0.0,-0.2,-0.01,90.0,307.0
1768640257.2392213,71580,0.0,-0.2,0.04,90.0,307.0
1768640257.2494178,71600,0.0,-0.2,-0.08,90.0,307.0
1768640257.2764406,71620,0.0,-0.2,-0.08,90.0,307.0
1768640257.2804043,71640,0.0,-0.2,0.08,90.0,307.0
1768640257.3197074,71660,0.0,-0.2,-0.04,90.0,307.0
1768640257.3384485,71680,0.0,-0.2,-0.01,90.0,307.0
1768640257.3673327,71700,0.0,-0.2,0.06,91.0,309.0
1768640257.3743439,71720,0.0,-0.2,-0.08,90.0,307.0
1768640257.3862817,71740,0.0,-0.2,-0.01,90.0,307.0
1768640257.4159741,71760,0.0,-0.2,-0.08,90.0,307.0
1768640257.426134,71780,0.0,-0.2,-0.08,90.0,307.0
1768640257.4476764,71800,0.0,-0.2,0.04,90.0,307.0
1768640257.456738,71820,0.0,-0.2,-0.01,90.0,307.0
1768640257.496896,71840,0.0,-0.2,-0.01,90.0,307.0
1768640257.5324078,71860,0.0,-0.2,-0.08,90.0,307.0
1768640257.5369234,71880,0.0,-0.2,-0.08,90.0,307.0
1768640257.5474749,71900,0.0,-0.21,-0.11,90.0,307.0
1768640257.582392,71920,0.0,-0.2,0.03,90.0,307.0
1768640257.5886054,71940,0.0,-0.2,-0.08,90.0,307.0
1768640257.6105514,71960,0.0,-0.2,-0.01,90.0,307.0
1768640257.6263516,71980,0.0,-0.2,-0.01,90.0,307.0
1768640257.6505833,72000,0.0,-0.2,0.06,90.0,307.0
1768640257.6726303,72020,0.0,-0.2,0.04,90.0,307.0
1768640257.683239,72040,0.0,-0.2,-0.08,90.0,307.0
1768640257.708604,72060,0.0,-0.2,-0.08,90.0,307.0
1768640257.7476406,72080,0.0,-0.2,-0.01,90.0,307.0
1768640257.7530303,72100,0.0,-0.2,0.1,90.0,307.0
1768640257.7716837,72120,0.0,-0.2,0.03,90.0,307.0
1768640257.7983878,72140,0.0,-0.2,-0.01,90.0,307.0
1768640257.813176,72160,0.0,-0.2,-0.01,90.0,307.0
1768640257.8360536,72180,0.0,-0.2,0.06,90.0,307.0
1768640257.8491986,72200,0.0,-0.2,-0.04,90.0,307.0
1768640257.8585618,72220,0.0,-0.2,-0.08,90.0,307.0
1768640257.8911114,72240,0.0,-0.2,0.06,90.0,307.0
1768640257.9226658,72260,0.0,-0.2,0.02,90.0,307.0
1768640257.9337096,72280,0.0,-0.2,0.06,90.0,307.0
1768640257.9445207,72300,0.0,-0.2,-0.22,90.0,307.0
1768640257.9774554,72320,0.0,-0.2,-0.11,90.0,307.0
1768640257.9927964,72340,0.0,-0.2,-0.08,90.0,307.0
1768640258.0241573,72360,0.0,-0.2,-0.04,90.0,307.0
1768640258.0337358,72380,0.0,-0.2,-0.01,90.0,307.0
1768640258.0575228,72400,0.0,-0.2,-0.06,90.0,307.0
1768640258.0737786,72420,0.0,-0.2,-0.01,90.0,307.0
1768640258.0836864,72440,0.0,-0.21,-0.01,90.0,307.0
1768640258.1062355,72460,0.0,-0.21,-0.01,90.0,307.0
1768640258.1484036,72480,0.0,-0.21,0.06,90.0,307.0
1768640258.1540613,72500,0.0,-0.21,0.06,90.0,307.0
1768640258.1698916,72520,0.0,-0.21,-0.01,90.0,307.0
1768640258.193623,72540,0.0,-0.21,-0.01,91.0,309.0
1768640258.2319224,72560,0.0,-0.21,0.06,90.0,307.0
1768640258.2438548,72580,0.0,-0.2,0.03,90.0,307.0
1768640258.2567997,72600,0.0,-0.2,-0.01,90.0,307.0
1768640258.2690654,72620,0.0,-0.2,-0.08,90.0,307.0
1768640258.292385,72640,0.0,-0.2,0.06,90.0,307.0
1768640258.3144102,72660,0.0,-0.2,-0.11,90.0,307.0
1768640258.324427,72680,0.0,-0.2,-0.01,90.0,307.0
1768640258.3458855,72700,0.0,-0.2,-0.01,90.0,307.0
1768640258.3805819,72720,0.0,-0.2,-0.15,90.0,307.0
1768640258.389304,72740,0.0,-0.2,-0.08,90.0,307.0
1768640258.4127183,72760,0.0,-0.2,-0.01,90.0,307.0
1768640258.4212852,72780,0.0,-0.21,-0.1,91.0,309.0
1768640258.4634497,72800,0.0,-0.21,-0.01,90.0,307.0
1768640258.4766498,72820,0.0,-0.21,0.2,90.0,307.0
1768640258.4879308,72840,0.0,-0.21,-0.01,90.0,307.0
1768640258.5061452,72860,0.0,-0.2,-0.08,89.0,305.0
1768640258.538983,72880,0.0,-0.2,0.06,90.0,307.0
1768640258.5490375,72900,0.0,-0.2,-0.08,90.0,307.0
1768640258.5840745,72920,0.0,-0.2,-0.01,90.0,307.0
1768640258.5885644,72940,0.0,-0.21,-0.11,90.0,307.0
1768640258.631372,72960,0.0,-0.21,-0.01,90.0,307.0
1768640258.639705,72980,0.0,-0.21,0.06,90.0,307.0
1768640258.6715991,73000,0.0,-0.21,0.06,90.0,307.0
1768640258.685149,73020,0.0,-0.2,0.06,90.0,307.0
1768640258.7030756,73040,0.0,-0.2,-0.01,90.0,307.0
1768640258.7099557,73060,0.0,-0.2,-0.08,90.0,307.0
1768640258.7317855,73080,0.0,-0.2,-0.04,90.0,307.0
1768640258.7409146,73100,0.0,-0.2,-0.01,90.0,307.0
1768640258.785075,73120,0.0,-0.2,-0.01,90.0,307.0
1768640258.8017938,73140,0.0,-0.2,-0.01,90.0,307.0
1768640258.8093088,73160,0.0,-0.2,-0.08,90.0,307.0
1768640258.831236,73180,0.0,-0.2,-0.08,90.0,307.0
1768640258.8512466,73200,0.0,-0.2,0.06,90.0,307.0
1768640258.887224,73220,0.0,-0.2,0.06,90.0,307.0
1768640258.9009573,73240,0.0,-0.2,-0.01,90.0,307.0
1768640258.9113414,73260,0.0,-0.2,-0.11,89.0,305.0
1768640258.9243028,73280,0.0,-0.2,-0.06,90.0,307.0
1768640258.9560006,73300,0.0,-0.2,0.06,90.0,307.0
1768640258.966186,73320,0.0,-0.2,-0.04,90.0,307.0
1768640258.9877803,73340,0.0,-0.2,-0.01,90.0,307.0
1768640258.9972107,73360,0.0,-0.2,-0.08,90.0,307.0
1768640259.0376728,73380,0.0,-0.2,0.06,90.0,307.0
1768640259.068931,73400,0.0,-0.2,-0.01,89.0,305.0
1768640259.0789108,73420,0.0,-0.2,0.16,90.0,307.0
1768640259.0882354,73440,0.0,-0.2,-0.01,90.0,307.0
1768640259.1194115,73460,0.0,-0.2,0.06,90.0,307.0
1768640259.128735,73480,0.0,-0.2,-0.01,90.0,307.0
1768640259.1509047,73500,0.0,-0.2,0.04,91.0,309.0
1768640259.157817,73520,0.0,-0.2,-0.01,90.0,307.0
1768640259.190808,73540,0.0,-0.2,0.06,90.0,307.0
1768640259.2129188,73560,0.0,-0.2,0.1,90.0,307.0
1768640259.2426863,73580,0.0,-0.19,-0.01,90.0,307.0
1768640259.2530847,73600,0.0,-0.19,-0.05,90.0,307.0
1768640259.2864776,73620,0.0,-0.19,-0.11,90.0,307.0
1768640259.2954013,73640,0.0,-0.2,-0.04,90.0,307.0
1768640259.3224995,73660,0.0,-0.19,-0.08,90.0,307.0
1768640259.3282866,73680,0.0,-0.19,-0.08,90.0,307.0
1768640259.3554025,73700,0.0,-0.2,-0.08,90.0,307.0
1768640259.3784854,73720,0.0,-0.2,-0.01,90.0,307.0
1768640259.3833964,73740,0.0,-0.2,-0.12,90.0,307.0
1768640259.4045866,73760,0.0,-0.2,0.06,90.0,307.0
1768640259.4376984,73780,0.0,-0.2,-0.01,90.0,307.0
1768640259.4664068,73800,0.0,-0.19,-0.01,90.0,307.0
1768640259.4741006,73820,0.0,-0.19,-0.06,90.0,307.0
1768640259.4827447,73840,0.0,-0.2,-0.01,90.0,307.0
1768640259.5140622,73860,0.0,-0.2,-0.04,90.0,307.0
1768640259.5389087,73880,0.0,-0.19,0.08,90.0,307.0
1768640259.545501,73900,0.0,-0.19,-0.08,90.0,307.0
1768640259.565411,73920,0.0,-0.19,-0.04,90.0,307.0
1768640259.5923536,73940,0.0,-0.2,0.04,90.0,307.0
1768640259.6139498,73960,0.0,-0.19,-0.01,90.0,307.0
1768640259.6240041,73980,0.0,-0.2,-0.01,90.0,307.0
1768640259.645546,74000,0.0,-0.2,-0.01,90.0,307.0
1768640259.690356,74020,0.0,-0.19,0.06,90.0,307.0
1768640259.7044027,74040,0.0,-0.19,-0.01,90.0,307.0
1768640259.7274024,74060,0.0,-0.19,-0.01,90.0,307.0
1768640259.7383406,74080,0.0,-0.19,-0.08,90.0,307.0
1768640259.77722,74100,0.0,-0.19,-0.01,90.0,307.0
1768640259.7846181,74120,0.0,-0.19,-0.08,90.0,307.0
1768640259.797303,74140,0.0,-0.19,-0.01,90.0,307.0
1768640259.808191,74160,0.0,-0.19,0.13,90.0,307.0
1768640259.8384492,74180,0.0,-0.19,0.06,91.0,309.0
1768640259.848715,74200,0.0,-0.19,-0.01,90.0,307.0
1768640259.8707092,74220,0.0,-0.19,0.1,90.0,307.0
1768640259.8902242,74240,0.0,-0.19,-0.01,90.0,307.0
1768640259.914822,74260,0.0,-0.19,-0.08,90.0,307.0
1768640259.9424329,74280,0.0,-0.19,-0.08,90.0,307.0
1768640259.9607222,74300,0.0,-0.19,-0.08,90.0,307.0
1768640259.9828215,74320,0.0,-0.19,-0.01,90.0,307.0
1768640259.9930282,74340,0.0,-0.19,-0.01,90.0,307.0
1768640260.0159855,74360,0.0,-0.19,-0.11,90.0,307.0
1768640260.0270174,74380,0.0,-0.19,0.06,90.0,307.0
1768640260.0463457,74400,0.0,-0.19,-0.01,90.0,307.0
1768640260.079088,74420,0.0,-0.19,0.1,90.0,307.0
1768640260.1103516,74440,0.0,-0.19,-0.04,90.0,307.0
1768640260.1162252,74460,0.0,-0.19,-0.08,90.0,307.0
1768640260.1258175,74480,0.0,-0.19,-0.08,90.0,307.0
1768640260.1713722,74500,0.0,-0.19,-0.01,90.0,307.0
1768640260.1998806,74520,0.0,-0.19,-0.01,90.0,307.0
1768640260.2055025,74540,0.0,-0.19,-0.15,90.0,307.0
1768640260.2094886,74560,0.0,-0.19,-0.01,90.0,307.0
1768640260.242435,74580,0.0,-0.19,-0.08,90.0,307.0
1768640260.2496982,74600,0.0,-0.19,0.17,90.0,307.0
1768640260.2718318,74620,0.0,-0.19,-0.04,90.0,307.0
1768640260.28074,74640,0.0,-0.19,-0.08,90.0,307.0
1768640260.324686,74660,0.0,-0.19,-0.08,90.0,307.0
1768640260.335866,74680,0.0,-0.19,-0.08,90.0,307.0
1768640260.3621404,74700,0.0,-0.19,0.04,90.0,307.0
1768640260.3715587,74720,0.0,-0.19,-0.01,90.0,307.0
1768640260.3796313,74740,0.0,-0.19,0.06,90.0,307.0
1768640260.4096012,74760,0.0,-0.19,-0.01,90.0,307.0
1768640260.4325864,74780,0.0,-0.19,-0.11,90.0,307.0
1768640260.4450448,74800,0.0,-0.19,-0.08,90.0,307.0
1768640260.46351,74820,0.0,-0.19,-0.08,90.0,307.0
1768640260.4962797,74840,0.0,-0.2,0.06,91.0,309.0
1768640260.5233753,74860,0.0,-0.2,0.01,90.0,307.0
1768640260.5288532,74880,0.0,-0.2,-0.01,90.0,307.0
1768640260.537566,74900,0.0,-0.2,-0.01,90.0,307.0
1768640260.5737417,74920,0.0,-0.2,-0.01,90.0,307.0
1768640260.5998137,74940,0.0,-0.2,0.06,90.0,307.0
1768640260.6154187,74960,0.0,-0.2,0.03,90.0,307.0
1768640260.6261456,74980,0.0,-0.2,-0.01,90.0,307.0
1768640260.6566944,75000,0.0,-0.2,-0.08,90.0,307.0
1768640260.6667025,75020,0.0,-0.2,-0.08,91.0,309.0
1768640260.688318,75040,0.0,-0.2,-0.08,90.0,307.0
1768640260.6974633,75060,0.0,-0.2,0.06,90.0,307.0
1768640260.7395394,75080,0.0,-0.2,0.01,90.0,307.0
1768640260.7535477,75100,0.0,-0.2,0.06,90.0,307.0
1768640260.775667,75120,0.0,-0.19,0.06,90.0,307.0
1768640260.7859902,75140,0.0,-0.19,0.06,90.0,307.0
1768640260.8229275,75160,0.0,-0.19,0.06,90.0,307.0
1768640260.8375955,75180,0.0,-0.19,0.03,90.0,307.0
1768640260.8431137,75200,0.0,-0.19,-0.01,90.0,307.0
1768640260.8668609,75220,0.0,-0.19,-0.05,90.0,307.0
1768640260.8973074,75240,0.0,-0.19,0.06,90.0,307.0
1768640260.9073288,75260,0.0,-0.19,-0.08,90.0,307.0
1768640260.9429593,75280,0.0,-0.19,0.02,90.0,307.0
1768640260.9525917,75300,0.0,-0.19,-0.01,90.0,307.0
1768640260.9901848,75320,0.0,-0.19,-0.08,90.0,307.0
1768640261.004206,75340,0.0,-0.19,-0.01,90.0,307.0
1768640261.034349,75360,0.0,-0.19,-0.01,90.0,307.0
1768640261.0440948,75380,0.0,-0.19,-0.15,90.0,307.0
1768640261.0589807,75400,0.0,-0.19,-0.08,90.0,307.0
1768640261.0731378,75420,0.0,-0.19,-0.01,90.0,307.0
1768640261.0900278,75440,0.0,-0.19,-0.08,90.0,307.0
1768640261.0992653,75460,0.0,-0.19,-0.08,90.0,307.0
1768640261.13192,75480,0.0,-0.19,0.03,90.0,307.0
1768640261.1610363,75500,0.0,-0.19,0.03,90.0,307.0
1768640261.1715016,75520,0.0,-0.19,0.04,90.0,307.0
1768640261.1963868,75540,0.0,-0.19,-0.01,90.0,307.0
1768640261.222861,75560,0.0,-0.19,-0.01,90.0,307.0
1768640261.2435136,75580,0.0,-0.19,-0.03,90.0,307.0
1768640261.25295,75600,0.0,-0.19,0.06,90.0,307.0
1768640261.2681656,75620,0.0,-0.19,-0.08,90.0,307.0
1768640261.2923188,75640,0.0,-0.19,-0.04,90.0,307.0
1768640261.3143864,75660,0.0,-0.19,-0.01,90.0,307.0
1768640261.3305488,75680,0.0,-0.19,-0.04,90.0,307.0
1768640261.3630347,75700,0.0,-0.19,-0.08,90.0,307.0
1768640261.372709,75720,0.0,-0.2,-0.08,90.0,307.0
1768640261.401962,75740,0.0,-0.2,-0.01,90.0,307.0
1768640261.4072921,75760,0.0,-0.2,-0.08,91.0,309.0
1768640261.4361513,75780,0.0,-0.2,-0.15,91.0,309.0
1768640261.4582644,75800,0.0,-0.2,0.04,90.0,307.0
1768640261.4684923,75820,0.0,-0.2,0.06,90.0,307.0
1768640261.491022,75840,0.0,-0.2,-0.01,90.0,307.0
1768640261.4998863,75860,0.0,-0.2,-0.01,90.0,307.0
1768640261.532457,75880,0.0,-0.2,-0.01,90.0,307.0
1768640261.567725,75900,0.0,-0.2,-0.01,90.0,307.0
1768640261.571068,75920,0.0,-0.2,-0.04,91.0,309.0
1768640261.5866537,75940,0.0,-0.2,-0.01,90.0,307.0
1768640261.6255915,75960,0.0,-0.2,0.08,90.0,307.0
1768640261.6354272,75980,0.0,-0.2,-0.15,90.0,307.0
1768640261.6588147,76000,0.0,-0.2,-0.08,90.0,307.0
1768640261.663003,76020,0.0,-0.2,0.06,90.0,307.0
1768640261.6958156,76040,0.0,-0.2,-0.04,90.0,307.0
1768640261.7155294,76060,0.0,-0.2,-0.15,90.0,307.0
1768640261.7255816,76080,0.0,-0.2,-0.08,90.0,307.0
1768640261.7467225,76100,0.0,-0.2,0.13,90.0,307.0
1768640261.7830942,76120,0.0,-0.2,-0.01,90.0,307.0
1768640261.7965083,76140,0.0,-0.2,0.03,90.0,307.0
1768640261.8165886,76160,0.0,-0.2,0.06,90.0,307.0
1768640261.83272,76180,0.0,-0.2,-0.1,90.0,307.0
1768640261.862698,76200,0.0,-0.2,-0.01,90.0,307.0
1768640261.872486,76220,0.0,-0.2,-0.08,90.0,307.0
1768640261.8926978,76240,0.0,-0.2,0.2,90.0,307.0
1768640261.9022825,76260,0.0,-0.2,0.06,89.0,305.0
1768640261.923431,76280,0.0,-0.2,-0.08,90.0,307.0
1768640261.9558394,76300,0.0,-0.2,-0.04,90.0,307.0
1768640261.986094,76320,0.0,-0.2,-0.01,90.0,307.0
1768640261.9898362,76340,0.0,-0.2,0.04,90.0,307.0
1768640261.999867,76360,0.0,-0.2,-0.05,90.0,307.0
1768640262.03092,76380,0.0,-0.2,0.03,90.0,307.0
1768640262.0604975,76400,0.0,-0.2,0.01,90.0,307.0
1768640262.07324,76420,0.0,-0.2,0.03,90.0,307.0
1768640262.086464,76440,0.0,-0.2,-0.01,90.0,307.0
1768640262.1165526,76460,0.0,-0.2,-0.01,90.0,307.0
1768640262.1265032,76480,0.0,-0.2,0.02,90.0,307.0
1768640262.148558,76500,0.0,-0.2,-0.08,90.0,307.0
1768640262.1576843,76520,0.0,-0.2,0.06,90.0,307.0
1768640262.1964474,76540,0.0,-0.2,0.06,90.0,307.0
1768640262.232071,76560,0.0,-0.2,-0.03,90.0,307.0
1768640262.237114,76580,0.0,-0.2,-0.08,90.0,307.0
1768640262.2506726,76600,0.0,-0.2,-0.01,90.0,307.0
1768640262.2794774,76620,0.0,-0.2,-0.01,90.0,307.0
1768640262.289255,76640,0.0,-0.2,-0.11,90.0,307.0
1768640262.3105237,76660,0.0,-0.2,-0.01,90.0,307.0
1768640262.318773,76680,0.0,-0.2,-0.08,90.0,307.0
1768640262.3512025,76700,0.0,-0.2,-0.08,90.0,307.0
1768640262.3951283,76720,0.0,-0.2,-0.03,90.0,307.0
1768640262.3984296,76740,0.0,-0.2,-0.15,90.0,307.0
1768640262.4056087,76760,0.0,-0.2,0.06,90.0,307.0
1768640262.4387093,76780,0.0,-0.2,-0.08,90.0,307.0
1768640262.4523816,76800,0.0,-0.2,-0.08,90.0,307.0
1768640262.4696057,76820,0.0,-0.2,-0.01,90.0,307.0
1768640262.4820638,76840,0.0,-0.2,0.04,90.0,307.0
1768640262.5151918,76860,0.0,-0.2,-0.08,90.0,307.0
1768640262.5335584,76880,0.0,-0.2,0.06,90.0,307.0
1768640262.5436277,76900,0.0,-0.2,0.1,90.0,307.0
1768640262.5647342,76920,0.0,-0.2,-0.04,90.0,307.0
1768640262.6075084,76940,0.0,-0.2,-0.13,90.0,307.0
1768640262.6176074,76960,0.0,-0.2,-0.01,90.0,307.0
1768640262.6307404,76980,0.0,-0.2,0.06,90.0,307.0
1768640262.6509645,77000,0.0,-0.2,-0.08,90.0,307.0
1768640262.6857903,77020,0.0,-0.2,-0.11,90.0,307.0
1768640262.6981392,77040,0.0,-0.2,0.06,90.0,307.0
1768640262.7139978,77060,0.0,-0.2,-0.08,90.0,307.0
1768640262.7216396,77080,0.0,-0.2,-0.08,91.0,309.0
1768640262.7524664,77100,0.0,-0.2,-0.01,90.0,307.0
1768640262.7745655,77120,0.0,-0.2,0.09,90.0,307.0
1768640262.784789,77140,0.0,-0.2,0.03,90.0,307.0
1768640262.8133984,77160,0.0,-0.2,-0.01,90.0,307.0
1768640262.8429625,77180,0.0,-0.2,-0.01,90.0,307.0
1768640262.8627846,77200,0.0,-0.2,-1.37,91.0,309.0
1768640262.8717551,77220,0.0,-0.3,-11.18,112.0,357.0
1768640262.8921604,77240,0.0,-0.88,-3.86,115.0,364.0
1768640262.913631,77260,0.0,-1.53,-74.99,115.0,364.0
1768640262.9358995,77280,0.0,-3.06,-33.41,115.0,364.0
1768640262.9452462,77300,0.0,-3.55,-55.13,115.0,364.0
1768640262.9670744,77320,0.0,-4.96,-59.57,115.0,364.0
1768640263.0011969,77340,0.0,-5.78,-24.11,115.0,364.0
1768640263.0193403,77360,0.0,-5.97,0.9,115.0,364.0
1768640263.0314753,77380,0.0,-5.98,-0.15,108.0,348.0
1768640263.0612695,77400,0.0,-5.97,-0.04,106.0,343.0
1768640263.0746186,77420,0.0,-5.98,-1.2,108.0,348.0
1768640263.095471,77440,0.0,-6.0,-0.03,110.0,352.0
1768640263.1065762,77460,0.0,-5.94,6.21,97.0,323.0
1768640263.130235,77480,0.0,-5.85,0.37,82.0,289.0
1768640263.160019,77500,0.0,-5.92,-4.21,115.0,364.0
1768640263.1699188,77520,0.0,-6.32,-21.48,115.0,364.0
1768640263.1921294,77540,0.0,-6.83,-27.64,115.0,364.0
1768640263.2288876,77560,0.0,-7.54,-43.35,115.0,364.0
1768640263.2478907,77580,0.0,-8.58,-60.16,115.0,364.0
1768640263.2736018,77600,0.0,-9.67,-25.28,115.0,364.0
1768640263.2829363,77620,0.0,-10.47,-71.71,115.0,364.0
1768640263.3051229,77640,0.0,-11.62,-52.93,115.0,364.0
1768640263.3203735,77660,0.0,-12.8,-64.32,115.0,364.0
1768640263.3328333,77680,0.0,-13.96,-41.49,115.0,364.0
1768640263.35463,77700,0.0,-14.99,-57.61,115.0,364.0
1768640263.3624172,77720,0.0,-15.98,-54.33,115.0,364.0
1768640263.3848019,77740,0.0,-17.09,-64.92,115.0,364.0
1768640263.4211564,77760,0.0,-18.23,-42.12,115.0,364.0
1768640263.4433413,77780,0.0,-18.85,-23.48,115.0,364.0
1768640263.4731271,77800,0.0,-19.22,-16.45,115.0,364.0
1768640263.4826393,77820,0.0,-19.42,-2.57,115.0,364.0
1768640263.5019982,77840,0.0,-19.44,-4.64,115.0,364.0
1768640263.5152853,77860,0.0,-19.49,-0.07,115.0,364.0
1768640263.5317004,77880,0.0,-19.49,0.35,115.0,364.0
1768640263.5415905,77900,0.0,-19.37,23.7,115.0,364.0
1768640263.5706527,77920,0.0,-18.53,77.59,65.0,250.0
1768640263.5930889,77940,0.0,-16.53,121.89,65.0,250.0
1768640263.6031835,77960,0.0,-14.39,77.65,65.0,250.0
1768640263.6337366,77980,0.0,-12.87,40.43,65.0,250.0
1768640263.6586483,78000,0.0,-12.27,58.89,65.0,250.0
1768640263.678268,78020,0.0,-10.93,85.43,65.0,250.0
1768640263.6909726,78040,0.0,-8.87,126.01,65.0,250.0
1768640263.7085617,78060,0.0,-5.86,176.5,65.0,250.0
1768640263.7356837,78080,0.0,-2.19,183.6,65.0,250.0
1768640263.7537234,78100,0.0,1.17,111.78,65.0,250.0
1768640263.7693925,78120,0.0,2.83,41.52,65.0,250.0
1768640263.7783272,78140,0.0,3.63,32.81,65.0,250.0
1768640263.8114293,78160,0.0,3.67,-12.52,115.0,364.0
1768640263.843406,78180,0.0,3.16,-35.87,115.0,364.0
1768640263.8530686,78200,0.0,2.99,22.7,115.0,364.0
1768640263.869451,78220,0.0,3.55,35.58,65.0,250.0
1768640263.8976586,78240,0.0,4.21,36.6,65.0,250.0
1768640263.9191494,78260,0.0,4.77,13.62,65.0,250.0
1768640263.930275,78280,0.0,5.01,7.04,65.0,250.0
1768640263.9394805,78300,0.0,5.07,-1.44,100.0,330.0
1768640263.9713001,78320,0.0,4.93,-9.63,115.0,364.0
1768640263.993956,78340,0.0,4.7,-10.85,115.0,364.0
1768640264.0041628,78360,0.0,4.42,-13.66,115.0,364.0
1768640264.044849,78380,0.0,4.13,-15.64,115.0,364.0
1768640264.0583043,78400,0.0,3.65,-31.33,115.0,364.0
1768640264.0851102,78420,0.0,2.83,-46.7,115.0,364.0
1768640264.0926654,78440,0.0,1.92,-46.85,115.0,364.0
1768640264.1008122,78460,0.0,1.17,-40.45,115.0,364.0
1768640264.1357892,78480,0.0,0.59,-20.85,115.0,364.0
1768640264.1557593,78500,0.0,0.45,5.12,115.0,364.0
1768640264.1654642,78520,0.0,0.86,44.92,65.0,250.0
1768640264.185536,78540,0.0,2.07,58.97,65.0,250.0
1768640264.2180395,78560,0.0,3.22,48.01,65.0,250.0
1768640264.23605,78580,0.0,3.93,35.18,65.0,250.0
1768640264.2550676,78600,0.0,4.99,55.25,65.0,250.0
1768640264.2668526,78620,0.0,6.38,89.66,65.0,250.0
1768640264.2990806,78640,0.0,7.95,72.8,65.0,250.0
1768640264.3216093,78660,0.0,9.25,34.18,65.0,250.0
1768640264.334496,78680,0.0,10.0,45.25,65.0,250.0
1768640264.3448188,78700,0.0,10.93,40.63,65.0,250.0
1768640264.3724205,78720,0.0,11.38,2.96,65.0,250.0
1768640264.394896,78740,0.0,11.85,44.79,65.0,250.0
1768640264.4050357,78760,0.0,12.48,47.3,65.0,250.0
1768640264.4380248,78780,0.0,13.95,123.98,65.0,250.0
1768640264.4598408,78800,0.0,17.2,180.55,65.0,250.0
1768640264.469878,78820,0.0,19.13,80.65,65.0,250.0
1768640264.4954617,78840,0.0,21.21,108.17,65.0,250.0
1768640264.503061,78860,0.0,23.93,200.03,65.0,250.0
1768640264.5439074,78880,0.0,26.83,121.37,65.0,250.0
1768640264.5581684,78900,0.0,29.49,128.67,65.0,250.0
1768640264.5701354,78920,0.0,32.27,145.25,65.0,250.0
1768640264.587233,78940,0.0,34.71,83.74,65.0,250.0
1768640264.6197565,78960,0.0,36.3,49.88,65.0,250.0
1768640264.6296937,78980,0.0,36.66,0.27,65.0,250.0
1768640264.6573513,79000,0.0,36.49,-14.74,65.0,250.0
1768640264.6697087,79020,0.0,36.37,0.33,65.0,250.0
1768640264.707327,79040,0.0,36.37,-0.05,65.0,250.0
1768640264.7254405,79060,0.0,36.47,41.93,65.0,250.0
1768640264.7425587,79080,0.0,37.88,37.1,65.0,250.0
1768640264.7489293,79100,0.0,38.49,40.36,65.0,250.0
1768640264.758141,79120,0.0,39.06,16.3,65.0,250.0
1768640264.7900083,79140,0.0,39.51,14.9,65.0,250.0
1768640264.812193,79160,0.0,39.54,-23.37,65.0,250.0
1768640264.8231473,79180,0.0,38.74,-35.95,115.0,364.0
1768640264.8657668,79200,0.0,38.49,-13.6,65.0,250.0
1768640264.8773782,79220,0.0,37.48,-83.08,115.0,364.0
1768640264.8868506,79240,0.0,35.82,-82.53,115.0,364.0
1768640264.909087,79260,0.0,33.86,-102.35,115.0,364.0
1768640264.9226358,79280,0.0,31.76,-116.88,115.0,364.0
1768640264.952848,79300,0.0,29.78,-85.34,115.0,364.0
1768640264.9748063,79320,0.0,27.84,-97.36,115.0,364.0
1768640264.9836953,79340,0.0,25.92,-95.48,115.0,364.0
1768640265.0042086,79360,0.0,24.11,-84.15,115.0,364.0
1768640265.0364206,79380,0.0,22.63,-68.79,115.0,364.0
1768640265.0665684,79400,0.0,21.53,-47.0,115.0,364.0
1768640265.0775619,79420,0.0,20.92,-14.43,115.0,364.0
1768640265.1096883,79440,0.0,20.44,-33.19,115.0,364.0
1768640265.1222208,79460,0.0,19.43,-69.72,115.0,364.0
1768640265.1350963,79480,0.0,18.04,-61.86,115.0,364.0
1768640265.1582875,79500,0.0,17.13,-42.83,115.0,364.0
1768640265.1669614,79520,0.0,16.61,-10.44,115.0,364.0
1768640265.1907089,79540,0.0,16.39,-13.2,93.0,314.0
1768640265.213356,79560,0.0,16.06,-15.68,115.0,364.0
1768640265.2234662,79580,0.0,16.04,17.97,65.0,250.0
1768640265.2727737,79600,0.0,16.77,52.22,65.0,250.0
1768640265.2779589,79620,0.0,17.97,68.62,65.0,250.0
1768640265.2897959,79640,0.0,19.41,72.46,65.0,250.0
1768640265.3181562,79660,0.0,20.66,54.24,65.0,250.0
1768640265.3250213,79680,0.0,21.78,64.74,65.0,250.0
1768640265.3632133,79700,0.0,23.14,65.18,65.0,250.0
1768640265.3779616,79720,0.0,24.22,47.38,65.0,250.0
1768640265.386527,79740,0.0,25.07,35.83,65.0,250.0
1768640265.4047554,79760,0.0,25.82,33.88,65.0,250.0
1768640265.4379919,79780,0.0,26.04,-18.13,65.0,250.0
1768640265.4481456,79800,0.0,24.11,-174.11,115.0,364.0
1768640265.484787,79820,0.0,21.26,-88.88,115.0,364.0
1768640265.4944148,79840,0.0,19.27,-127.41,115.0,364.0
1768640265.5324059,79860,0.0,17.3,-58.79,115.0,364.0
1768640265.5637147,79880,0.0,17.07,35.17,96.0,321.0
1768640265.575969,79900,0.0,18.58,120.08,65.0,250.0
1768640265.5902076,79920,0.0,21.43,151.2,65.0,250.0
1768640265.6004186,79940,0.0,23.56,21.22,65.0,250.0
1768640265.6102295,79960,0.0,22.09,-111.68,115.0,364.0
1768640265.6308525,79980,0.0,20.22,-87.42,115.0,364.0
1768640265.640672,80000,0.0,18.27,-96.06,115.0,364.0
1768640265.6727817,80020,0.0,16.78,-49.6,115.0,364.0
1768640265.7005417,80040,0.0,16.28,-5.03,115.0,364.0
1768640265.7106454,80060,0.0,15.68,-51.44,115.0,364.0
1768640265.7422981,80080,0.0,14.91,-13.69,115.0,364.0
1768640265.771039,80100,0.0,14.25,-55.81,115.0,364.0
1768640265.7858446,80120,0.0,13.22,-32.56,115.0,364.0
1768640265.796799,80140,0.0,12.81,-28.56,115.0,364.0
1768640265.806305,80160,0.0,12.21,-31.6,115.0,364.0
1768640265.8333683,80180,0.0,11.73,-24.48,115.0,364.0
1768640265.855245,80200,0.0,11.42,-3.44,115.0,364.0
1768640265.8654103,80220,0.0,11.61,19.16,65.0,250.0
1768640265.9060733,80240,0.0,11.83,0.13,65.0,250.0
1768640265.9226453,80260,0.0,11.61,-58.24,65.0,250.0
1768640265.9448533,80280,0.0,10.17,-20.32,115.0,364.0
1768640265.9543724,80300,0.0,10.03,-3.51,85.0,296.0
1768640265.9815726,80320,0.0,10.0,0.1,69.0,259.0
1768640265.996277,80340,0.0,10.01,-0.01,65.0,250.0
1768640266.0169735,80360,0.0,10.01,0.48,65.0,250.0
1768640266.0268538,80380,0.0,10.23,27.36,65.0,250.0
1768640266.0468338,80400,0.0,10.96,31.01,65.0,250.0
1768640266.0798705,80420,0.0,10.78,-41.79,111.0,355.0
1768640266.1001408,80440,0.0,10.17,-12.17,115.0,364.0
1768640266.1206408,80460,0.0,9.8,-26.1,115.0,364.0
1768640266.1288898,80480,0.0,9.4,-11.05,115.0,364.0
1768640266.1519017,80500,0.0,9.31,-3.5,97.0,323.0
1768640266.1783912,80520,0.0,9.15,-15.68,115.0,364.0
1768640266.1878746,80540,0.0,8.78,-12.84,115.0,364.0
1768640266.2104027,80560,0.0,10.28,108.53,65.0,250.0
1768640266.22217,80580,0.0,11.17,2.23,65.0,250.0
1768640266.2502868,80600,0.0,11.79,38.95,65.0,250.0
1768640266.2724214,80620,0.0,12.06,-8.74,65.0,250.0
1768640266.2825768,80640,0.0,11.36,-65.21,115.0,364.0
1768640266.315244,80660,0.0,9.35,-137.52,115.0,364.0
1768640266.3559918,80680,0.0,5.94,-198.65,115.0,364.0
1768640266.3651946,80700,0.0,1.41,-256.19,115.0,364.0
1768640266.3903813,80720,0.0,-4.75,-404.02,115.0,364.0
1768640266.4109437,80740,0.0,-11.82,-288.1,115.0,364.0
1768640266.4205883,80760,0.0,-18.57,-395.1,115.0,364.0
1768640266.4806798,80800,0.0,-30.6,-146.28,115.0,364.0
1768640266.4812515,80820,0.0,-33.26,-38.55,115.0,364.0
1768640266.4962971,80840,0.0,-32.61,9.09,65.0,250.0
1768640266.529658,80860,0.0,-34.27,-122.55,115.0,364.0
1768640266.5497546,80880,0.0,-36.96,-191.59,115.0,364.0
1768640266.551378,80900,0.0,-41.25,-173.48,115.0,364.0
1768640266.574799,80920,0.0,-42.97,-10.01,115.0,364.0
1768640266.6086102,80940,0.0,-43.23,-24.11,115.0,364.0
1768640266.6239297,80960,0.0,-43.47,-22.82,115.0,364.0
1768640266.6337488,80980,0.0,-44.09,-33.09,115.0,364.0
1768640266.6573822,81000,0.0,-46.69,-228.56,115.0,364.0
1768640266.6675339,81020,0.0,-51.92,-277.06,115.0,364.0
1768640266.6895366,81040,0.0,-55.49,-105.86,115.0,364.0
1768640266.7002516,81060,0.0,-55.99,40.94,115.0,364.0
1768640266.7568638,81080,0.0,-55.59,1.74,115.0,364.0
1768640266.765439,81100,0.0,-55.58,-11.79,115.0,364.0
1768640266.7876966,81120,0.0,-55.96,-57.95,115.0,364.0
1768640266.7971296,81140,0.0,-58.15,-177.58,115.0,364.0
1768640266.8198273,81160,0.0,-62.91,-230.31,115.0,364.0
1768640266.8344636,81180,0.0,-64.81,24.37,115.0,364.0
1768640266.853291,81200,0.0,-62.74,181.08,65.0,250.0
1768640266.8622262,81220,0.0,-57.79,327.02,65.0,250.0
1768640266.8921242,81240,0.0,-49.87,434.63,65.0,250.0
1768640266.9142382,81260,0.0,-42.55,217.71,65.0,250.0
1768640266.9245372,81280,0.0,-40.45,55.49,65.0,250.0
1768640266.9630454,81300,0.0,-38.77,102.28,65.0,250.0
1768640266.9957843,81320,0.0,-38.59,-78.46,115.0,364.0
1768640267.0242305,81340,0.0,-39.63,20.59,115.0,364.0
1768640267.0402837,81360,0.0,-37.52,92.04,65.0,250.0
1768640267.0642354,81380,0.0,-38.95,-171.34,115.0,364.0
1768640267.0716007,81400,0.0,-41.38,-71.0,115.0,364.0
1768640267.0814655,81420,0.0,-42.69,-82.97,115.0,364.0
1768640267.0847216,81440,0.0,-46.19,-164.06,115.0,364.0
1768640267.107351,81460,0.0,-47.36,12.56,115.0,364.0
1768640267.1519997,81480,0.0,-47.09,-8.02,115.0,364.0
1768640267.168711,81500,0.0,-47.15,0.22,115.0,364.0
1768640267.1779084,81520,0.0,-47.15,-0.2,115.0,364.0
1768640267.2131903,81540,0.0,-47.16,-1.58,115.0,364.0
1768640267.2361467,81560,0.0,-47.18,-0.67,115.0,364.0
1768640267.2482438,81580,0.0,-47.16,9.9,115.0,364.0
1768640267.2544682,81600,0.0,-46.53,55.85,84.0,293.0
1768640267.2713928,81620,0.0,-44.81,128.24,65.0,250.0
1768640267.2991593,81640,0.0,-42.61,85.81,65.0,250.0
1768640267.309152,81660,0.0,-41.57,5.66,65.0,250.0
1768640267.3316348,81680,0.0,-41.89,-24.53,115.0,364.0
1768640267.342582,81700,0.0,-41.71,57.1,115.0,364.0
1768640267.3834548,81720,0.0,-41.5,-42.85,115.0,364.0
1768640267.4118986,81740,0.0,-42.46,-29.35,115.0,364.0
1768640267.420489,81760,0.0,-42.47,-20.42,115.0,364.0
1768640267.4417357,81780,0.0,-43.91,-84.57,115.0,364.0
1768640267.4598289,81800,0.0,-45.37,-75.57,115.0,364.0
1768640267.4705298,81820,0.0,-47.7,-135.29,115.0,364.0
1768640267.4929466,81840,0.0,-50.21,-109.33,115.0,364.0
1768640267.5027003,81860,0.0,-51.85,-58.18,115.0,364.0
1768640267.5398397,81880,0.0,-52.68,-6.21,115.0,364.0
1768640267.5704403,81900,0.0,-52.78,-15.03,115.0,364.0
1768640267.581496,81920,0.0,-53.3,-38.58,115.0,364.0
1768640267.5915935,81940,0.0,-54.32,-49.58,115.0,364.0
1768640267.6145868,81960,0.0,-55.15,-26.46,115.0,364.0
1768640267.64498,81980,0.0,-54.72,80.7,115.0,364.0
1768640267.6642613,82000,0.0,-52.24,130.16,65.0,250.0
1768640267.6817777,82020,0.0,-50.59,8.03,65.0,250.0
1768640267.6942139,82040,0.0,-50.8,-11.1,115.0,364.0
1768640267.7102334,82060,0.0,-51.36,-83.91,115.0,364.0
1768640267.7321227,82080,0.0,-53.3,-98.15,115.0,364.0
1768640267.7424629,82100,0.0,-55.26,-69.51,115.0,364.0
1768640267.7922614,82120,0.0,-56.0,-28.73,115.0,364.0
1768640267.833419,82140,0.0,-56.48,-18.3,115.0,364.0
1768640267.8555717,82160,0.0,-56.64,-5.15,115.0,364.0
1768640267.8685253,82180,0.0,-56.75,-10.01,115.0,364.0
1768640267.8821745,82200,0.0,-56.56,56.26,115.0,364.0
1768640267.8897026,82220,0.0,-55.71,-41.07,65.0,250.0
1768640267.8964746,82240,0.0,-56.41,-6.18,115.0,364.0
1768640267.9101846,82260,0.0,-56.87,-37.43,115.0,364.0
1768640267.9252775,82280,0.0,-57.56,-28.82,115.0,364.0
1768640267.9565804,82300,0.0,-58.52,-77.24,115.0,364.0
1768640267.9966311,82320,0.0,-60.29,-76.63,115.0,364.0
1768640268.0143712,82340,0.0,-61.73,-69.75,115.0,364.0
1768640268.0457754,82360,0.0,-62.93,-49.68,115.0,364.0
1768640268.0538464,82380,0.0,-63.49,-21.27,115.0,364.0
1768640268.085893,82400,0.0,-64.14,-37.5,115.0,364.0
1768640268.0979679,82420,0.0,-64.96,-35.09,115.0,364.0
1768640268.1101072,82440,0.0,-65.57,-35.04,115.0,364.0
1768640268.1198487,82460,0.0,-66.53,-119.3,115.0,364.0
1768640268.132885,82480,0.0,-69.99,-220.01,115.0,364.0
1768640268.1429996,82500,0.0,-75.28,-302.23,115.0,364.0
1768640268.1662633,82520,0.0,-81.27,-320.33,115.0,364.0
1768640268.2023268,82540,0.0,-87.96,-325.08,115.0,364.0
1768640268.213534,82560,0.0,-94.83,-387.39,115.0,364.0
1768640268.2438123,82580,0.0,-102.47,-242.25,115.0,364.0
1768640268.2516685,82600,0.0,-104.2,-40.46,115.0,364.0
1768640268.293454,82620,0.0,-105.45,-53.04,115.0,364.0
1768640268.3047967,82640,0.0,-106.35,-74.22,115.0,364.0
1768640268.3175814,82660,0.0,-107.74,-53.75,115.0,364.0
1768640268.3305726,82680,0.0,-103.96,503.1,65.0,250.0
1768640268.3581886,82700,0.0,-98.04,75.9,65.0,250.0
1768640268.3681412,82720,0.0,-96.31,100.54,65.0,250.0
1768640268.410343,82740,0.0,-94.78,61.69,65.0,250.0
1768640268.4211712,82760,0.0,-91.45,220.74,65.0,250.0
1768640268.4531713,82780,0.0,-85.6,348.76,65.0,250.0
1768640268.4657922,82800,0.0,-78.05,403.34,65.0,250.0
1768640268.4945009,82820,0.0,-70.26,364.04,65.0,250.0
1768640268.5035784,82840,0.0,-62.76,398.8,65.0,250.0
1768640268.5222774,82860,0.0,-55.34,262.04,65.0,250.0
1768640268.5307124,82880,0.0,-50.39,283.29,65.0,250.0
1768640268.550809,82900,0.0,-45.65,167.91,65.0,250.0
1768640268.5606382,82920,0.0,-43.44,71.71,65.0,250.0
1768640268.5925653,82940,0.0,-42.25,46.75,65.0,250.0
1768640268.626396,82960,0.0,-42.28,-37.18,115.0,364.0
1768640268.6303425,82980,0.0,-43.96,-184.25,115.0,364.0
1768640268.6502035,83000,0.0,-48.75,-240.63,115.0,364.0
1768640268.683054,83020,0.0,-53.21,-225.14,115.0,364.0
1768640268.7200701,83040,0.0,-58.34,-301.34,115.0,364.0
1768640268.7414267,83060,0.0,-65.13,-377.16,115.0,364.0
1768640268.7582512,83080,0.0,-74.41,-548.26,115.0,364.0
1768640268.7588222,83100,0.0,-85.54,-545.46,115.0,364.0
1768640268.7754827,83120,0.0,-95.57,-457.69,115.0,364.0
1768640268.785726,83140,0.0,-103.78,-367.61,115.0,364.0
1768640268.8084364,83160,0.0,-110.79,-325.65,115.0,364.0
1768640268.8724873,83180,0.0,-116.39,-231.18,115.0,364.0
1768640268.9101183,83200,0.0,-120.23,-187.43,115.0,364.0
1768640268.9430442,83220,0.0,-123.98,-122.48,115.0,364.0
1768640268.968412,83240,0.0,-125.6,-43.09,115.0,364.0
1768640268.9774811,83260,0.0,-125.25,83.89,115.0,364.0
1768640268.9922538,83280,0.0,-121.94,260.21,65.0,250.0
1768640268.9933705,83300,0.0,-115.08,408.26,65.0,250.0
1768640268.9942791,83320,0.0,-106.37,463.75,65.0,250.0
1768640268.995207,83340,0.0,-97.02,454.43,65.0,250.0
1768640269.0158827,83360,0.0,-88.2,398.02,65.0,250.0
1768640269.0260758,83380,0.0,-80.34,389.48,65.0,250.0
1768640269.0596461,83400,0.0,-72.86,354.41,65.0,250.0
1768640269.082625,83420,0.0,-66.3,293.2,65.0,250.0
1768640269.0907037,83440,0.0,-61.15,223.43,65.0,250.0
1768640269.1221404,83460,0.0,-57.68,124.46,65.0,250.0
1768640269.1286068,83480,0.0,-56.1,48.74,65.0,250.0
1768640269.1570404,83500,0.0,-55.64,3.44,115.0,364.0
1768640269.1770163,83520,0.0,-55.88,-28.62,115.0,364.0
1768640269.187073,83540,0.0,-57.38,-137.73,115.0,364.0
1768640269.2089212,83560,0.0,-61.96,-334.75,115.0,364.0
1768640269.219172,83580,0.0,-70.65,-515.75,115.0,364.0
1768640269.2504916,83600,0.0,-82.29,-644.95,115.0,364.0
1768640269.2838955,83620,0.0,-94.88,-579.66,115.0,364.0
1768640269.3009443,83640,0.0,-104.93,-418.24,115.0,364.0
1768640269.3288157,83660,0.0,-111.56,-262.18,115.0,364.0
1768640269.3423748,83680,0.0,-116.12,-199.15,115.0,364.0
1768640269.3687236,83700,0.0,-119.32,-144.11,115.0,364.0
1768640269.389602,83720,0.0,-121.76,-78.66,115.0,364.0
1768640269.4000096,83740,0.0,-122.49,-2.14,115.0,364.0
1768640269.4164746,83760,0.0,-122.23,62.18,115.0,364.0
1768640269.4331627,83780,0.0,-119.43,192.62,65.0,250.0
1768640269.4431415,83800,0.0,-113.72,388.48,65.0,250.0
1768640269.4656126,83820,0.0,-104.54,512.21,65.0,250.0
1768640269.516093,83840,0.0,-94.2,476.5,65.0,250.0
1768640269.5264523,83860,0.0,-86.72,305.03,65.0,250.0
1768640269.5506306,83880,0.0,-79.64,387.01,65.0,250.0
1768640269.5586715,83900,0.0,-72.16,347.17,65.0,250.0
1768640269.591065,83920,0.0,-65.19,349.97,65.0,250.0
1768640269.6079223,83940,0.0,-58.64,283.22,65.0,250.0
1768640269.6184666,83960,0.0,-53.81,222.8,65.0,250.0
1768640269.6310968,83980,0.0,-49.51,202.26,65.0,250.0
1768640269.6575894,84000,0.0,-46.53,87.32,65.0,250.0
1768640269.6677647,84020,0.0,-44.95,89.03,65.0,250.0
1768640269.6898422,84040,0.0,-42.74,131.63,65.0,250.0
1768640269.7282393,84060,0.0,-39.91,147.64,65.0,250.0
1768640269.7328212,84080,0.0,-36.91,147.13,65.0,250.0
1768640269.7716684,84100,0.0,-34.31,120.95,65.0,250.0
1768640269.7832708,84120,0.0,-31.98,95.83,65.0,250.0
1768640269.8161263,84140,0.0,-30.76,31.4,65.0,250.0
1768640269.8224487,84160,0.0,-30.38,15.13,98.0,325.0
1768640269.8373609,84180,0.0,-32.35,-343.19,115.0,364.0
1768640269.8524494,84200,0.0,-39.25,-202.55,115.0,364.0
1768640269.8622105,84220,0.0,-42.29,-152.74,115.0,364.0
1768640269.8917427,84240,0.0,-45.78,-219.19,115.0,364.0
1768640269.9146981,84260,0.0,-50.93,-275.04,115.0,364.0
1768640269.9520838,84280,0.0,-56.84,-299.91,115.0,364.0
1768640269.9624703,84300,0.0,-62.82,-299.98,115.0,364.0
1768640269.992177,84320,0.0,-69.33,-331.49,115.0,364.0
1768640269.9975224,84340,0.0,-77.39,-464.46,115.0,364.0
1768640270.0371618,84360,0.0,-86.48,-458.12,115.0,364.0
1768640270.0465443,84380,0.0,-94.35,-312.55,115.0,364.0
1768640270.069817,84400,0.0,-98.3,-88.6,115.0,364.0
1768640270.0860457,84420,0.0,-96.57,84.34,65.0,250.0
1768640270.086661,84440,0.0,-97.21,-83.45,115.0,364.0
1768640270.1076446,84460,0.0,-99.08,-105.38,115.0,364.0
1768640270.1390796,84480,0.0,-101.06,-77.75,115.0,364.0
1768640270.171949,84500,0.0,-101.96,-17.43,115.0,364.0
1768640270.1867416,84520,0.0,-102.24,-32.46,115.0,364.0
1768640270.1938083,84540,0.0,-102.16,99.43,115.0,364.0
1768640270.2189646,84560,0.0,-98.27,310.52,65.0,250.0
1768640270.246495,84580,0.0,-91.99,173.46,65.0,250.0
1768640270.2604117,84600,0.0,-91.41,-31.94,115.0,364.0
1768640270.276474,84620,0.0,-91.72,-6.2,115.0,364.0
1768640270.3002138,84640,0.0,-91.57,38.39,115.0,364.0
1768640270.3093834,84660,0.0,-90.98,-3.86,115.0,364.0
1768640270.3316278,84680,0.0,-91.88,-60.97,115.0,364.0
1768640270.3418505,84700,0.0,-93.22,-56.39,115.0,364.0
1768640270.388045,84720,0.0,-93.71,18.48,115.0,364.0
1768640270.3988657,84740,0.0,-93.02,64.81,115.0,364.0
1768640270.4077265,84760,0.0,-91.5,76.26,65.0,250.0
1768640270.429707,84780,0.0,-90.78,17.02,115.0,364.0
1768640270.4631321,84800,0.0,-90.3,28.54,115.0,364.0
1768640270.4759414,84820,0.0,-90.08,-1.43,115.0,364.0
1768640270.4935243,84840,0.0,-90.56,-85.56,115.0,364.0
1768640270.5076933,84860,0.0,-93.59,-207.12,115.0,364.0
1768640270.533878,84880,0.0,-98.11,-248.36,115.0,364.0
1768640270.5566688,84900,0.0,-104.33,-412.54,115.0,364.0
1768640270.5669384,84920,0.0,-114.82,-595.62,115.0,364.0
1768640270.6038103,84940,0.0,-125.89,-391.72,115.0,364.0
1768640270.6229348,84960,0.0,-130.4,-124.26,115.0,364.0
1768640270.630711,84980,0.0,-131.8,-38.9,115.0,364.0
1768640270.6651814,85000,0.0,-130.97,176.0,115.0,364.0
1768640270.689707,85020,0.0,-126.87,4.74,65.0,250.0
1768640270.709413,85040,0.0,-125.88,116.06,115.0,364.0
1768640270.7210524,85060,0.0,-122.61,173.45,65.0,250.0
1768640270.7437272,85080,0.0,-118.7,251.31,65.0,250.0
1768640270.750271,85100,0.0,-112.66,313.14,65.0,250.0
1768640270.759134,85120,0.0,-105.52,422.43,65.0,250.0
1768640270.7902825,85140,0.0,-96.69,412.01,65.0,250.0
1768640270.8271377,85160,0.0,-89.66,299.41,65.0,250.0
1768640270.8345323,85180,0.0,-84.0,246.21,65.0,250.0
1768640270.8455958,85200,0.0,-79.51,228.33,65.0,250.0
1768640270.882235,85220,0.0,-74.6,227.43,65.0,250.0
1768640270.9223516,85240,0.0,-70.3,201.96,65.0,250.0
1768640270.9467835,85260,0.0,-66.92,159.89,65.0,250.0
1768640270.9618933,85280,0.0,-63.62,113.02,65.0,250.0
1768640270.9628468,85300,0.0,-64.07,-160.9,115.0,364.0
1768640270.9736235,85320,0.0,-71.95,-514.71,115.0,364.0
1768640270.9837544,85340,0.0,-82.06,-483.59,115.0,364.0
1768640271.0062108,85360,0.0,-91.65,-491.15,115.0,364.0
1768640271.052722,85380,0.0,-102.04,-503.76,115.0,364.0
1768640271.0819466,85400,0.0,-109.24,-267.63,115.0,364.0
1768640271.090417,85420,0.0,-113.82,-181.3,115.0,364.0
1768640271.1006162,85440,0.0,-116.01,-49.37,115.0,364.0
1768640271.1373246,85460,0.0,-116.25,0.97,115.0,364.0
1768640271.152401,85480,0.0,-114.74,251.03,115.0,364.0
1768640271.1725924,85500,0.0,-107.07,475.96,65.0,250.0
1768640271.1795359,85520,0.0,-96.92,487.52,65.0,250.0
1768640271.1914837,85540,0.0,-88.46,362.39,65.0,250.0
1768640271.214007,85560,0.0,-80.76,385.82,65.0,250.0
1768640271.2243884,85580,0.0,-73.94,270.34,65.0,250.0
1768640271.2606063,85600,0.0,-69.75,147.76,65.0,250.0
1768640271.294682,85620,0.0,-68.48,-37.93,65.0,250.0
1768640271.3072662,85640,0.0,-73.59,-455.15,115.0,364.0
1768640271.3321779,85660,0.0,-83.66,-559.3,115.0,364.0
1768640271.3521314,85680,0.0,-94.99,-553.25,115.0,364.0
1768640271.3628147,85700,0.0,-105.39,-444.31,115.0,364.0
1768640271.3775196,85720,0.0,-112.51,-282.07,115.0,364.0
1768640271.3892806,85740,0.0,-116.58,-137.11,115.0,364.0
1768640271.4079187,85760,0.0,-119.08,-123.6,115.0,364.0
1768640271.4387739,85780,0.0,-121.55,-118.36,115.0,364.0
1768640271.4718788,85800,0.0,-123.12,-35.85,115.0,364.0
1768640271.4899392,85820,0.0,-122.01,181.43,115.0,364.0
1768640271.5145981,85840,0.0,-115.92,437.93,65.0,250.0
1768640271.529875,85860,0.0,-104.65,605.7,65.0,250.0
1768640271.5592456,85880,0.0,-93.87,468.73,65.0,250.0
1768640271.5747402,85900,0.0,-85.0,436.17,65.0,250.0
1768640271.5867865,85920,0.0,-77.71,297.23,65.0,250.0
1768640271.6027918,85940,0.0,-71.81,310.55,65.0,250.0
1768640271.6098502,85960,0.0,-66.53,160.8,65.0,250.0
1768640271.6312726,85980,0.0,-66.8,-209.39,115.0,364.0
1768640271.6416588,86000,0.0,-75.3,-584.59,115.0,364.0
1768640271.7004023,86020,0.0,-87.86,-608.05,115.0,364.0
1768640271.7295468,86040,0.0,-98.45,-482.5,115.0,364.0
1768640271.7452424,86060,0.0,-108.2,-479.53,115.0,364.0
1768640271.7736607,86080,0.0,-115.6,-268.68,115.0,364.0
1768640271.788423,86100,0.0,-119.72,-134.17,115.0,364.0
1768640271.795176,86120,0.0,-120.95,-8.69,115.0,364.0
1768640271.8082464,86140,0.0,-120.66,68.98,115.0,364.0
1768640271.8217483,86160,0.0,-117.2,286.25,65.0,250.0
1768640271.8336506,86180,0.0,-107.45,667.61,65.0,250.0
1768640271.85599,86200,0.0,-93.48,588.96,65.0,250.0
1768640271.8659015,86220,0.0,-84.08,428.25,65.0,250.0
1768640271.9033513,86240,0.0,-77.07,286.7,65.0,250.0
1768640271.920213,86260,0.0,-72.3,223.67,65.0,250.0
1768640271.9439127,86280,0.0,-68.4,114.04,65.0,250.0
1768640271.9547176,86300,0.0,-68.44,-139.55,115.0,364.0
1768640271.9816842,86320,0.0,-75.61,-503.9,115.0,364.0
1768640272.0051234,86340,0.0,-87.04,-598.61,115.0,364.0
1768640272.0189667,86360,0.0,-97.64,-508.59,115.0,364.0
1768640272.034869,86380,0.0,-108.7,-587.35,115.0,364.0
1768640272.0436134,86400,0.0,-118.66,-339.81,115.0,364.0
1768640272.0738602,86420,0.0,-122.95,-143.9,115.0,364.0
1768640272.115512,86440,0.0,-124.77,-22.47,115.0,364.0
1768640272.1297345,86460,0.0,-124.17,134.7,115.0,364.0
1768640272.158581,86480,0.0,-118.42,433.6,65.0,250.0
1768640272.1619122,86500,0.0,-107.7,594.46,65.0,250.0
1768640272.1764731,86520,0.0,-97.01,463.5,65.0,250.0
1768640272.203911,86540,0.0,-88.67,373.23,65.0,250.0
1768640272.215136,86560,0.0,-82.62,245.92,65.0,250.0
1768640272.2272317,86580,0.0,-78.22,149.08,65.0,250.0
1768640272.2566733,86600,0.0,-76.87,11.32,65.0,250.0
1768640272.266827,86620,0.0,-80.12,-363.62,115.0,364.0
1768640272.2890537,86640,0.0,-88.85,-477.04,115.0,364.0
1768640272.2994676,86660,0.0,-96.87,-249.19,115.0,364.0
1768640272.3506417,86680,0.0,-105.84,-652.36,115.0,364.0
1768640272.3576767,86700,0.0,-114.14,-240.28,115.0,364.0
1768640272.3901625,86720,0.0,-117.92,-174.25,115.0,364.0
1768640272.4235897,86740,0.0,-120.85,-90.45,115.0,364.0
1768640272.4351592,86760,0.0,-121.6,0.59,115.0,364.0
1768640272.4469635,86780,0.0,-121.07,66.82,115.0,364.0
1768640272.4612005,86800,0.0,-118.69,161.78,65.0,250.0
1768640272.476492,86820,0.0,-114.24,278.38,65.0,250.0
1768640272.491419,86840,0.0,-106.67,510.11,65.0,250.0
1768640272.513698,86860,0.0,-96.04,510.84,65.0,250.0
1768640272.5236888,86880,0.0,-87.18,396.03,65.0,250.0
1768640272.565232,86900,0.0,-81.65,202.28,65.0,250.0
1768640272.582084,86920,0.0,-78.26,135.36,65.0,250.0
1768640272.6068807,86940,0.0,-77.64,-78.0,115.0,364.0
1768640272.6422646,86960,0.0,-84.7,-557.41,115.0,364.0
1768640272.6623738,86980,0.0,-95.9,-543.21,115.0,364.0
1768640272.6751502,87000,0.0,-106.06,-468.36,115.0,364.0
1768640272.688252,87020,0.0,-114.24,-312.98,115.0,364.0
1768640272.7049391,87040,0.0,-118.93,-163.72,115.0,364.0
1768640272.7075894,87060,0.0,-121.22,-76.83,115.0,364.0
1768640272.7382681,87080,0.0,-122.15,-22.64,115.0,364.0
1768640272.7484736,87100,0.0,-122.24,4.36,115.0,364.0
1768640272.788633,87120,0.0,-120.48,203.67,65.0,250.0
1768640272.8001213,87140,0.0,-114.22,432.68,65.0,250.0
1768640272.8295662,87160,0.0,-103.9,575.97,65.0,250.0
1768640272.8447502,87180,0.0,-92.72,493.81,65.0,250.0
1768640272.866101,87200,0.0,-84.08,346.02,65.0,250.0
1768640272.8820453,87220,0.0,-78.02,265.84,65.0,250.0
1768640272.9016805,87240,0.0,-73.62,177.27,65.0,250.0
1768640272.9160793,87260,0.0,-71.07,60.87,65.0,250.0
1768640272.9308982,87280,0.0,-71.62,-118.47,115.0,364.0
1768640272.9409444,87300,0.0,-77.42,-432.28,115.0,364.0
1768640272.97238,87320,0.0,-87.38,-539.68,115.0,364.0
1768640273.0112908,87340,0.0,-98.52,-570.07,115.0,364.0
1768640273.0246794,87360,0.0,-109.43,-486.91,115.0,364.0
1768640273.0511515,87380,0.0,-116.22,-230.88,115.0,364.0
1768640273.0636997,87400,0.0,-119.64,-103.75,115.0,364.0
1768640273.069658,87420,0.0,-120.87,-22.88,115.0,364.0
1768640273.1009717,87440,0.0,-121.06,4.61,115.0,364.0
1768640273.1110866,87460,0.0,-119.72,181.36,115.0,364.0
1768640273.134639,87480,0.0,-114.39,356.37,65.0,250.0
1768640273.1550546,87500,0.0,-106.39,424.05,65.0,250.0
1768640273.1652224,87520,0.0,-97.56,453.14,65.0,250.0
1768640273.187981,87540,0.0,-89.2,398.03,65.0,250.0
1768640273.2300234,87560,0.0,-81.18,387.75,65.0,250.0
1768640273.2390625,87580,0.0,-73.99,292.37,65.0,250.0
1768640273.2505355,87600,0.0,-68.6,207.55,65.0,250.0
1768640273.2770746,87620,0.0,-67.11,-5.6,65.0,250.0
1768640273.3054361,87640,0.0,-69.85,-320.92,115.0,364.0
1768640273.3173387,87660,0.0,-78.54,-552.26,115.0,364.0
1768640273.3408887,87680,0.0,-90.61,-577.69,115.0,364.0
1768640273.3583243,87700,0.0,-101.28,-511.17,115.0,364.0
1768640273.3751936,87720,0.0,-111.0,-437.31,115.0,364.0
1768640273.396361,87740,0.0,-117.26,-194.39,115.0,364.0
1768640273.4066045,87760,0.0,-120.28,-122.59,115.0,364.0
1768640273.4290595,87780,0.0,-121.43,3.72,115.0,364.0
1768640273.4788651,87800,0.0,-120.37,150.24,115.0,364.0
1768640273.5201325,87820,0.0,-115.47,354.13,65.0,250.0
1768640273.557782,87840,0.0,-106.97,476.86,65.0,250.0
1768640273.5700393,87860,0.0,-97.25,465.7,65.0,250.0
1768640273.5776274,87880,0.0,-88.2,417.46,65.0,250.0
1768640273.590282,87900,0.0,-81.18,308.46,65.0,250.0
1768640273.606559,87920,0.0,-75.54,269.42,65.0,250.0
1768640273.607567,87940,0.0,-69.76,322.23,65.0,250.0
1768640273.6084964,87960,0.0,-65.64,90.01,65.0,250.0
1768640273.630934,87980,0.0,-65.64,-109.89,115.0,364.0
1768640273.6530957,88000,0.0,-71.99,-476.83,115.0,364.0
1768640273.6632104,88020,0.0,-82.79,-620.01,115.0,364.0
1768640273.687566,88040,0.0,-95.22,-600.95,115.0,364.0
1768640273.7279122,88060,0.0,-106.43,-501.58,115.0,364.0
1768640273.7341335,88080,0.0,-114.15,-290.0,115.0,364.0
1768640273.765891,88100,0.0,-118.05,-138.35,115.0,364.0
1768640273.7848983,88120,0.0,-120.26,-76.64,115.0,364.0
1768640273.7975707,88140,0.0,-121.23,-40.72,115.0,364.0
1768640273.818462,88160,0.0,-121.34,18.09,115.0,364.0
1768640273.8260446,88180,0.0,-119.23,222.7,65.0,250.0
1768640273.846317,88200,0.0,-112.32,443.24,65.0,250.0
1768640273.877713,88220,0.0,-102.18,545.23,65.0,250.0
1768640273.9099877,88240,0.0,-92.0,494.73,65.0,250.0
1768640273.9182093,88260,0.0,-82.8,411.26,65.0,250.0
1768640273.9237254,88280,0.0,-74.99,389.14,65.0,250.0
1768640273.9579659,88300,0.0,-67.47,351.95,65.0,250.0
1768640273.9928508,88320,0.0,-62.39,138.17,65.0,250.0
1768640274.0104134,88340,0.0,-61.64,-50.97,115.0,364.0
1768640274.0260537,88360,0.0,-66.85,-478.06,115.0,364.0
1768640274.0377429,88380,0.0,-79.56,-734.45,115.0,364.0
1768640274.0541966,88400,0.0,-93.77,-668.45,115.0,364.0
1768640274.0702176,88420,0.0,-105.73,-539.54,115.0,364.0
1768640274.081205,88440,0.0,-114.96,-351.42,115.0,364.0
1768640274.1126888,88460,0.0,-120.33,-206.45,115.0,364.0
1768640274.1431673,88480,0.0,-123.44,-99.43,115.0,364.0
1768640274.1556432,88500,0.0,-124.25,-0.96,115.0,364.0
1768640274.1690757,88520,0.0,-123.38,99.2,115.0,364.0
1768640274.204011,88540,0.0,-120.84,143.05,65.0,250.0
1768640274.2276087,88560,0.0,-117.46,199.83,65.0,250.0
1768640274.241119,88580,0.0,-113.21,218.71,65.0,250.0
1768640274.2491708,88600,0.0,-108.92,187.76,65.0,250.0
1768640274.2739615,88620,0.0,-105.98,92.22,65.0,250.0
1768640274.2948692,88640,0.0,-105.19,0.69,115.0,364.0
1768640274.3049958,88660,0.0,-105.52,-31.24,115.0,364.0
1768640274.3276477,88680,0.0,-106.55,-60.86,115.0,364.0
1768640274.365912,88700,0.0,-108.35,-142.82,115.0,364.0
1768640274.3756347,88720,0.0,-112.09,-239.46,115.0,364.0
1768640274.4075978,88740,0.0,-116.94,-215.42,115.0,364.0
1768640274.4136932,88760,0.0,-121.04,-177.88,115.0,364.0
1768640274.45474,88780,0.0,-123.85,-109.21,115.0,364.0
1768640274.465764,88800,0.0,-126.11,-113.36,115.0,364.0
1768640274.4772935,88820,0.0,-128.22,-82.06,115.0,364.0
1768640274.4990466,88840,0.0,-129.19,-11.35,115.0,364.0
1768640274.5195427,88860,0.0,-128.79,57.42,115.0,364.0
1768640274.5296705,88880,0.0,-126.21,168.91,65.0,250.0
1768640274.5514116,88900,0.0,-121.46,303.74,65.0,250.0
1768640274.5828876,88920,0.0,-112.96,484.8,65.0,250.0
1768640274.5951347,88940,0.0,-103.39,480.64,65.0,250.0
1768640274.6228595,88960,0.0,-95.28,312.3,65.0,250.0
1768640274.6343021,88980,0.0,-90.03,265.1,65.0,250.0
1768640274.6709864,89000,0.0,-85.07,210.53,65.0,250.0
1768640274.6824846,89020,0.0,-81.81,108.83,65.0,250.0
1768640274.6904438,89040,0.0,-81.4,-55.83,115.0,364.0
1768640274.715897,89060,0.0,-86.41,-465.57,115.0,364.0
1768640274.7226572,89080,0.0,-96.95,-545.48,115.0,364.0
1768640274.7543163,89100,0.0,-108.04,-551.71,115.0,364.0
1768640274.7758412,89120,0.0,-118.5,-422.52,115.0,364.0
1768640274.8066344,89140,0.0,-125.08,-252.0,115.0,364.0
1768640274.8191645,89160,0.0,-128.85,-133.89,115.0,364.0
1768640274.8492415,89180,0.0,-130.67,-53.7,115.0,364.0
1768640274.866872,89200,0.0,-131.37,-21.52,115.0,364.0
1768640274.8952777,89220,0.0,-131.48,2.4,115.0,364.0
1768640274.9110518,89240,0.0,-131.53,-9.77,115.0,364.0
1768640274.9188967,89260,0.0,-131.87,-32.82,115.0,364.0
1768640274.9397717,89280,0.0,-132.59,-38.89,115.0,364.0
1768640274.9482222,89300,0.0,-133.69,-55.35,115.0,364.0
1768640274.968779,89320,0.0,-134.45,-31.45,115.0,364.0
1768640274.9794757,89340,0.0,-134.93,-24.91,115.0,364.0
1768640275.0223498,89360,0.0,-135.31,-10.13,115.0,364.0
1768640275.0420938,89380,0.0,-135.43,-3.54,115.0,364.0
1768640275.0587053,89400,0.0,-135.47,3.49,115.0,364.0
1768640275.088797,89420,0.0,-135.05,35.04,115.0,364.0
1768640275.1005669,89440,0.0,-133.76,97.95,115.0,364.0
1768640275.1236634,89460,0.0,-132.84,12.05,115.0,364.0
1768640275.1425228,89480,0.0,-132.73,4.12,115.0,364.0
1768640275.1600022,89500,0.0,-132.72,-0.32,115.0,364.0
1768640275.1806705,89520,0.0,-132.81,-3.9,115.0,364.0
1768640275.1933532,89540,0.0,-133.19,-25.12,115.0,364.0
1768640275.203558,89560,0.0,-133.92,-49.92,115.0,364.0
1768640275.2257144,89580,0.0,-134.87,-56.39,115.0,364.0
1768640275.2594,89600,0.0,-136.65,-130.53,115.0,364.0
1768640275.2824461,89620,0.0,-139.49,-136.96,115.0,364.0
1768640275.299309,89640,0.0,-142.48,-167.46,115.0,364.0
1768640275.3129375,89660,0.0,-146.2,-195.12,115.0,364.0
1768640275.3473868,89680,0.0,-149.82,-158.22,115.0,364.0
1768640275.3782454,89700,0.0,-152.89,-159.09,115.0,364.0
1768640275.390165,89720,0.0,-155.95,-145.3,115.0,364.0
1768640275.4022477,89740,0.0,-158.36,-94.95,115.0,364.0
1768640275.4154518,89760,0.0,-159.79,-40.95,115.0,364.0
1768640275.4339082,89780,0.0,-159.9,26.18,115.0,364.0
1768640275.4439075,89800,0.0,-158.83,81.87,115.0,364.0
1768640275.4667528,89820,0.0,-156.99,93.48,80.0,284.0
1768640275.5188649,89840,0.0,-155.67,47.46,115.0,364.0
1768640275.5270858,89860,0.0,-154.24,109.81,115.0,364.0
1768640275.5372074,89880,0.0,-151.1,206.05,65.0,250.0
1768640275.5701208,89900,0.0,-146.08,283.06,65.0,250.0
1768640275.5824587,89920,0.0,-140.44,271.97,65.0,250.0
1768640275.6051157,89940,0.0,-135.31,228.89,65.0,250.0
1768640275.616493,89960,0.0,-131.31,188.54,65.0,250.0
1768640275.628756,89980,0.0,-127.58,201.93,65.0,250.0
1768640275.6608534,90000,0.0,-123.31,216.45,65.0,250.0
1768640275.6687589,90020,0.0,-117.22,614.94,65.0,250.0
1768640275.6908543,90040,0.0,-104.53,377.33,65.0,250.0
1768640275.7015827,90060,0.0,-102.79,-58.59,115.0,364.0
1768640275.7540557,90080,0.0,-102.75,41.99,115.0,364.0
1768640275.7882774,90100,0.0,-101.76,68.4,115.0,364.0
1768640275.804694,90120,0.0,-99.86,94.12,65.0,250.0
1768640275.8298712,90140,0.0,-98.35,39.26,65.0,250.0
1768640275.8306918,90160,0.0,-98.06,23.56,115.0,364.0
1768640275.8425267,90180,0.0,-97.53,40.4,115.0,364.0
1768640275.8507967,90200,0.0,-96.18,112.22,85.0,296.0
1768640275.8638031,90220,0.0,-93.79,86.83,65.0,250.0
1768640275.8932042,90240,0.0,-93.06,13.35,115.0,364.0
1768640275.915554,90260,0.0,-92.78,11.92,115.0,364.0
1768640275.9255981,90280,0.0,-92.49,-0.64,115.0,364.0
1768640275.970147,90300,0.0,-92.58,-21.06,115.0,364.0
1768640275.9824984,90320,0.0,-93.53,-76.04,115.0,364.0
1768640275.999253,90340,0.0,-95.64,-80.17,115.0,364.0
1768640276.0285382,90360,0.0,-96.27,-15.15,115.0,364.0
1768640276.0573924,90380,0.0,-96.45,-1.55,115.0,364.0
1768640276.0678828,90400,0.0,-96.74,-37.29,115.0,364.0
1768640276.0865915,90420,0.0,-97.78,-80.52,115.0,364.0
1768640276.0975895,90440,0.0,-99.86,-122.25,115.0,364.0
1768640276.1109443,90460,0.0,-102.39,-122.07,115.0,364.0
1768640276.1396625,90480,0.0,-104.78,-121.33,115.0,364.0
1768640276.1563659,90500,0.0,-107.16,-123.82,115.0,364.0
1768640276.2016995,90520,0.0,-109.65,-134.08,115.0,364.0
1768640276.2128239,90540,0.0,-112.3,-113.77,115.0,364.0
1768640276.2400298,90560,0.0,-114.14,-68.37,115.0,364.0
1768640276.2568953,90580,0.0,-115.03,-36.45,115.0,364.0
1768640276.2894404,90600,0.0,-115.89,-48.38,115.0,364.0
1768640276.303466,90620,0.0,-116.62,-22.07,115.0,364.0
1768640276.3192637,90640,0.0,-116.8,-4.49,115.0,364.0
1768640276.3332682,90660,0.0,-116.78,4.57,115.0,364.0
1768640276.356483,90680,0.0,-116.39,45.07,115.0,364.0
1768640276.357123,90700,0.0,-114.87,100.12,65.0,250.0
1768640276.3589308,90720,0.0,-112.55,129.71,65.0,250.0
1768640276.3907087,90740,0.0,-109.37,196.05,65.0,250.0
1768640276.4129865,90760,0.0,-105.05,235.99,65.0,250.0
1768640276.445258,90780,0.0,-100.25,220.64,65.0,250.0
1768640276.4514437,90800,0.0,-96.47,173.47,65.0,250.0
1768640276.4973457,90820,0.0,-92.73,195.49,65.0,250.0
1768640276.506469,90840,0.0,-89.05,189.8,65.0,250.0
1768640276.5189002,90860,0.0,-84.26,298.98,65.0,250.0
1768640276.541451,90880,0.0,-78.84,211.29,65.0,250.0
1768640276.5545623,90900,0.0,-75.66,119.22,65.0,250.0
1768640276.5740159,90920,0.0,-73.48,78.43,65.0,250.0
1768640276.5843613,90940,0.0,-72.76,-1.58,115.0,364.0
1768640276.6054199,90960,0.0,-73.32,-97.59,115.0,364.0
1768640276.6373765,90980,0.0,-76.68,-243.21,115.0,364.0
1768640276.647675,91000,0.0,-83.1,-399.22,115.0,364.0
1768640276.6852028,91020,0.0,-92.24,-458.05,115.0,364.0
1768640276.6933184,91040,0.0,-100.19,-345.34,115.0,364.0
1768640276.7129567,91060,0.0,-107.43,-392.17,115.0,364.0
1768640276.7405932,91080,0.0,-115.34,-377.48,115.0,364.0
1768640276.7494538,91100,0.0,-120.08,-95.68,115.0,364.0
1768640276.782386,91120,0.0,-121.73,-65.93,115.0,364.0
1768640276.798864,91140,0.0,-122.96,-51.46,115.0,364.0
1768640276.8117163,91160,0.0,-123.28,7.41,115.0,364.0
1768640276.8350277,91180,0.0,-123.2,2.09,115.0,364.0
1768640276.8397648,91200,0.0,-123.05,5.76,115.0,364.0
1768640276.8722725,91220,0.0,-122.88,36.53,115.0,364.0
1768640276.9208941,91240,0.0,-121.4,88.93,65.0,250.0
1768640276.927062,91260,0.0,-119.43,101.62,65.0,250.0
1768640276.9370797,91280,0.0,-117.52,83.19,65.0,250.0
1768640276.9698348,91300,0.0,-115.98,69.73,65.0,250.0
1768640276.9758735,91320,0.0,-114.73,63.89,115.0,364.0
1768640277.008142,91340,0.0,-113.07,96.55,65.0,250.0
1768640277.0184069,91360,0.0,-110.93,115.3,65.0,250.0
1768640277.044207,91380,0.0,-108.65,104.28,65.0,250.0
1768640277.0587938,91400,0.0,-106.75,73.85,65.0,250.0
1768640277.0789747,91420,0.0,-105.46,46.01,81.0,287.0
1768640277.0808399,91440,0.0,-104.64,51.87,115.0,364.0
1768640277.112271,91460,0.0,-103.46,61.92,98.0,325.0
1768640277.1345477,91480,0.0,-102.08,55.45,65.0,250.0
1768640277.1445556,91500,0.0,-102.06,-76.78,115.0,364.0
1768640277.1910655,91520,0.0,-105.05,-198.41,115.0,364.0
1768640277.2041738,91540,0.0,-109.81,-269.02,115.0,364.0
1768640277.2098248,91560,0.0,-114.16,-160.89,115.0,364.0
1768640277.2422736,91580,0.0,-117.11,-146.98,115.0,364.0
1768640277.2503145,91600,0.0,-119.83,-118.08,115.0,364.0
1768640277.282015,91620,0.0,-121.65,-71.85,115.0,364.0
1768640277.2968853,91640,0.0,-122.77,-43.61,115.0,364.0
1768640277.3103924,91660,0.0,-123.14,3.65,115.0,364.0
1768640277.329721,91680,0.0,-122.32,78.89,115.0,364.0
1768640277.3595653,91700,0.0,-120.03,168.01,65.0,250.0
1768640277.3697903,91720,0.0,-116.49,150.68,65.0,250.0
1768640277.3917086,91740,0.0,-112.77,231.3,65.0,250.0
1768640277.4203908,91760,0.0,-107.38,310.1,65.0,250.0
1768640277.4335759,91780,0.0,-100.05,419.08,65.0,250.0
1768640277.4668813,91800,0.0,-91.36,417.61,65.0,250.0
1768640277.4797144,91820,0.0,-84.02,315.22,65.0,250.0
1768640277.5070407,91840,0.0,-78.78,231.48,65.0,250.0
1768640277.5203803,91860,0.0,-73.32,282.16,65.0,250.0
1768640277.5320394,91880,0.0,-68.88,153.63,65.0,250.0
1768640277.5657501,91900,0.0,-67.24,-3.51,65.0,250.0
1768640277.566533,91920,0.0,-69.29,-229.22,115.0,364.0
1768640277.5938063,91940,0.0,-77.22,-548.77,115.0,364.0
1768640277.616788,91960,0.0,-88.51,-538.98,115.0,364.0
1768640277.6265056,91980,0.0,-98.32,-462.11,115.0,364.0
1768640277.6774073,92000,0.0,-107.58,-468.68,115.0,364.0
1768640277.6828406,92020,0.0,-116.95,-450.42,115.0,364.0
1768640277.6997883,92040,0.0,-124.48,-294.7,115.0,364.0
1768640277.7280471,92060,0.0,-128.56,-129.46,115.0,364.0
1768640277.7386274,92080,0.0,-130.29,-49.56,115.0,364.0
1768640277.768719,92100,0.0,-129.87,93.37,115.0,364.0
1768640277.783297,92120,0.0,-126.82,220.71,65.0,250.0
1768640277.8011794,92140,0.0,-121.44,318.84,65.0,250.0
1768640277.8131182,92160,0.0,-113.87,461.71,65.0,250.0
1768640277.828561,92180,0.0,-102.82,573.87,65.0,250.0
1768640277.8570983,92200,0.0,-91.33,598.94,65.0,250.0
1768640277.8672545,92220,0.0,-81.04,410.19,65.0,250.0
1768640277.8890011,92240,0.0,-73.1,399.45,65.0,250.0
1768640277.8989508,92260,0.0,-66.8,143.15,65.0,250.0
1768640277.9430566,92280,0.0,-63.65,175.73,65.0,250.0
1768640277.9541974,92300,0.0,-60.86,122.19,65.0,250.0
1768640277.964574,92320,0.0,-59.49,5.17,65.0,250.0
1768640277.9889534,92340,0.0,-60.77,-157.14,115.0,364.0
1768640278.027969,92360,0.0,-67.61,-522.09,115.0,364.0
1768640278.0405087,92380,0.0,-79.04,-561.65,115.0,364.0
1768640278.0554643,92400,0.0,-89.6,-524.72,115.0,364.0
1768640278.0656607,92420,0.0,-100.35,-546.64,115.0,364.0
1768640278.0918643,92440,0.0,-111.7,-595.78,115.0,364.0
1768640278.113863,92460,0.0,-123.06,-502.23,115.0,364.0
1768640278.1242893,92480,0.0,-129.98,-206.71,115.0,364.0
1768640278.1710494,92500,0.0,-132.72,-85.58,115.0,364.0
1768640278.1816125,92520,0.0,-134.16,-33.55,115.0,364.0
1768640278.1919641,92540,0.0,-133.6,81.58,115.0,364.0
1768640278.2149203,92560,0.0,-130.92,201.89,65.0,250.0
1768640278.2263446,92580,0.0,-124.37,482.31,65.0,250.0
1768640278.2644498,92600,0.0,-112.41,691.04,65.0,250.0
1768640278.27444,92620,0.0,-97.8,738.33,65.0,250.0
1768640278.2866917,92640,0.0,-84.11,598.78,65.0,250.0
1768640278.3066192,92660,0.0,-73.83,428.34,65.0,250.0
1768640278.3387291,92680,0.0,-66.69,290.76,65.0,250.0
1768640278.3486533,92700,0.0,-62.1,169.54,65.0,250.0
1768640278.3924491,92720,0.0,-59.68,68.54,65.0,250.0
1768640278.3984365,92740,0.0,-59.4,-31.14,115.0,364.0
1768640278.4163353,92760,0.0,-61.38,-225.87,115.0,364.0
1768640278.4420257,92780,0.0,-69.15,-522.86,115.0,364.0
1768640278.4762151,92800,0.0,-80.83,-624.98,115.0,364.0
1768640278.4846144,92820,0.0,-94.5,-744.28,115.0,364.0
1768640278.4992037,92840,0.0,-109.09,-691.89,115.0,364.0
1768640278.5117261,92860,0.0,-121.39,-531.55,115.0,364.0
1768640278.5324407,92880,0.0,-129.46,-251.81,115.0,364.0
1768640278.542438,92900,0.0,-132.23,-78.18,115.0,364.0
1768640278.5730307,92920,0.0,-133.87,-69.03,115.0,364.0
1768640278.617592,92940,0.0,-134.11,45.98,115.0,364.0
1768640278.6221912,92960,0.0,-131.55,251.3,65.0,250.0
1768640278.6324747,92980,0.0,-123.24,576.46,65.0,250.0
1768640278.663018,93000,0.0,-110.95,603.01,65.0,250.0
1768640278.6806364,93020,0.0,-98.69,638.96,65.0,250.0
1768640278.7060466,93040,0.0,-85.64,652.31,65.0,250.0
1768640278.716265,93060,0.0,-73.68,537.56,65.0,250.0
1768640278.7392714,93080,0.0,-65.27,285.86,65.0,250.0
1768640278.7535205,93100,0.0,-61.25,138.63,65.0,250.0
1768640278.771708,93120,0.0,-59.98,-24.45,65.0,250.0
1768640278.7821486,93140,0.0,-62.16,-258.5,115.0,364.0
1768640278.821178,93160,0.0,-70.4,-529.15,115.0,364.0
1768640278.8365142,93180,0.0,-83.01,-719.26,115.0,364.0
1768640278.8464627,93200,0.0,-98.35,-777.78,115.0,364.0
1768640278.8912323,93220,0.0,-113.45,-694.93,115.0,364.0
1768640278.9192567,93240,0.0,-124.83,-409.46,115.0,364.0
1768640278.9368076,93260,0.0,-130.14,-118.15,115.0,364.0
1768640278.9528282,93280,0.0,-131.21,-2.73,115.0,364.0
1768640278.9654324,93300,0.0,-129.68,163.62,89.0,305.0
1768640278.9804738,93320,0.0,-123.85,437.89,65.0,250.0
1768640278.9964683,93340,0.0,-112.12,691.42,65.0,250.0
1768640279.0064583,93360,0.0,-97.8,738.63,65.0,250.0
1768640279.028512,93380,0.0,-82.65,729.92,65.0,250.0
1768640279.0663602,93400,0.0,-70.65,451.95,65.0,250.0
1768640279.076971,93420,0.0,-65.17,130.41,65.0,250.0
1768640279.088028,93440,0.0,-64.83,-115.46,115.0,364.0
1768640279.1129274,93460,0.0,-72.61,-625.72,115.0,364.0
1768640279.1220891,93480,0.0,-86.3,-712.87,115.0,364.0
1768640279.157425,93500,0.0,-100.87,-719.31,115.0,364.0
1768640279.1789873,93520,0.0,-113.94,-574.99,115.0,364.0
1768640279.1919641,93540,0.0,-123.0,-285.18,115.0,364.0
1768640279.2059946,93560,0.0,-125.95,-15.04,115.0,364.0
1768640279.2369735,93580,0.0,-124.41,211.58,115.0,364.0
1768640279.2471616,93600,0.0,-116.6,529.27,65.0,250.0
1768640279.2899308,93620,0.0,-104.58,681.58,65.0,250.0
1768640279.2952769,93640,0.0,-89.71,770.17,65.0,250.0
1768640279.3136754,93660,0.0,-75.31,634.16,65.0,250.0
1768640279.336799,93680,0.0,-67.99,120.0,65.0,250.0
1768640279.3476872,93700,0.0,-68.26,-212.97,115.0,364.0
1768640279.3729002,93720,0.0,-80.02,-841.64,115.0,364.0
1768640279.4019625,93740,0.0,-97.66,-913.51,115.0,364.0
1768640279.412323,93760,0.0,-114.19,-691.78,115.0,364.0
1768640279.4296868,93780,0.0,-124.05,-283.19,115.0,364.0
1768640279.4402134,93800,0.0,-125.97,32.62,115.0,364.0
1768640279.4715478,93820,0.0,-122.84,370.74,65.0,250.0
1768640279.5167289,93840,0.0,-112.28,621.11,65.0,250.0
1768640279.5233874,93860,0.0,-98.78,697.53,65.0,250.0
1768640279.5371537,93880,0.0,-84.86,688.96,65.0,250.0
1768640279.5623403,93900,0.0,-72.8,394.65,65.0,250.0
1768640279.570036,93920,0.0,-70.81,-85.66,65.0,250.0
1768640279.594909,93940,0.0,-80.77,-978.4,115.0,364.0
1768640279.608289,93960,0.0,-101.14,-988.98,115.0,364.0
1768640279.6371944,93980,0.0,-117.57,-645.83,115.0,364.0
1768640279.6540654,94000,0.0,-127.01,-285.15,115.0,364.0
1768640279.6643748,94020,0.0,-128.93,-2.8,115.0,364.0
1768640279.6872458,94040,0.0,-127.36,204.41,115.0,364.0
1768640279.7378771,94060,0.0,-120.08,520.31,65.0,250.0
1768640279.7622426,94080,0.0,-107.68,677.45,65.0,250.0
1768640279.7846496,94100,0.0,-92.7,802.25,65.0,250.0
1768640279.791922,94120,0.0,-77.84,618.66,65.0,250.0
1768640279.816379,94140,0.0,-69.91,135.16,65.0,250.0
1768640279.828603,94160,0.0,-71.75,-357.61,115.0,364.0
1768640279.8346605,94180,0.0,-86.79,-956.92,115.0,364.0
1768640279.8576937,94200,0.0,-105.86,-887.65,115.0,364.0
1768640279.8786905,94220,0.0,-121.91,-740.79,115.0,364.0
1768640279.8887267,94240,0.0,-133.15,-300.92,115.0,364.0
1768640279.9119902,94260,0.0,-134.78,51.03,115.0,364.0
1768640279.959691,94280,0.0,-131.78,327.11,65.0,250.0
1768640279.97371,94300,0.0,-122.61,599.22,65.0,250.0
1768640279.9872108,94320,0.0,-108.69,754.58,65.0,250.0
1768640280.0032723,94340,0.0,-91.63,910.31,65.0,250.0
1768640280.012951,94360,0.0,-75.63,687.14,65.0,250.0
1768640280.038759,94380,0.0,-68.09,22.56,65.0,250.0
1768640280.0618975,94400,0.0,-72.29,-538.76,115.0,364.0
1768640280.0711687,94420,0.0,-88.54,-958.73,115.0,364.0
1768640280.0875864,94440,0.0,-106.78,-798.3,115.0,364.0
1768640280.11892,94460,0.0,-119.42,-468.98,115.0,364.0
1768640280.1301694,94480,0.0,-125.7,-137.23,115.0,364.0
1768640280.176189,94500,0.0,-125.12,148.98,115.0,364.0
1768640280.1811285,94520,0.0,-119.74,412.88,65.0,250.0
1768640280.20161,94540,0.0,-109.85,566.52,65.0,250.0
1768640280.2245579,94560,0.0,-97.33,671.27,65.0,250.0
1768640280.2386532,94580,0.0,-84.05,607.82,65.0,250.0
1768640280.2604904,94600,0.0,-75.34,263.9,65.0,250.0
1768640280.2860644,94620,0.0,-73.47,-81.06,65.0,250.0
1768640280.3025787,94640,0.0,-82.95,-820.59,115.0,364.0
1768640280.3144832,94660,0.0,-101.78,-993.07,115.0,364.0
1768640280.3229165,94680,0.0,-118.42,-614.38,115.0,364.0
1768640280.3541865,94700,0.0,-127.1,-240.18,115.0,364.0
1768640280.4009564,94720,0.0,-127.48,139.61,115.0,364.0
1768640280.4131594,94740,0.0,-120.86,522.27,65.0,250.0
1768640280.4192207,94760,0.0,-109.58,577.05,65.0,250.0
1768640280.4472082,94780,0.0,-96.63,740.41,65.0,250.0
1768640280.4558933,94800,0.0,-82.03,687.84,65.0,250.0
1768640280.4814038,94820,0.0,-71.0,440.68,65.0,250.0
1768640280.4944773,94840,0.0,-63.94,160.02,65.0,250.0
1768640280.5112798,94860,0.0,-66.72,-519.85,115.0,364.0
1768640280.5370762,94880,0.0,-84.4,-1033.29,115.0,364.0
1768640280.546773,94900,0.0,-105.32,-951.73,115.0,364.0
1768640280.56924,94920,0.0,-119.37,-460.4,115.0,364.0
1768640280.5801454,94940,0.0,-123.24,-17.69,115.0,364.0
1768640280.6210754,94960,0.0,-122.23,133.41,115.0,364.0
1768640280.637089,94980,0.0,-117.63,321.89,65.0,250.0
1768640280.6444764,95000,0.0,-111.06,315.87,65.0,250.0
1768640280.6732874,95020,0.0,-105.29,228.79,65.0,250.0
1768640280.704218,95040,0.0,-102.5,58.71,65.0,250.0
1768640280.7149103,95060,0.0,-102.3,-13.4,115.0,364.0
1768640280.7333488,95080,0.0,-102.96,-29.04,115.0,364.0
1768640280.7450583,95100,0.0,-103.97,-48.21,115.0,364.0
1768640280.7712479,95120,0.0,-104.91,-44.32,115.0,364.0
1768640280.793273,95140,0.0,-106.49,-77.62,115.0,364.0
1768640280.803689,95160,0.0,-107.45,-41.81,115.0,364.0
1768640280.8449,95180,0.0,-107.94,-5.68,115.0,364.0
1768640280.859481,95200,0.0,-107.98,-0.88,115.0,364.0
1768640280.8723748,95220,0.0,-107.99,-0.71,115.0,364.0
1768640280.898019,95240,0.0,-108.07,-9.84,115.0,364.0
1768640280.909984,95260,0.0,-108.26,-8.79,115.0,364.0
1768640280.9384906,95280,0.0,-108.33,-0.81,115.0,364.0
1768640280.9594138,95300,0.0,-108.34,-0.46,115.0,364.0
1768640280.9755964,95320,0.0,-108.35,-0.15,115.0,364.0
1768640280.9878435,95340,0.0,-108.35,-0.15,115.0,364.0
1768640281.0180323,95360,0.0,-108.36,-0.29,115.0,364.0
1768640281.0282586,95380,0.0,-108.36,0.06,115.0,364.0
1768640281.07637,95400,0.0,-108.36,-0.01,115.0,364.0
1768640281.0897121,95420,0.0,-108.36,-0.04,115.0,364.0
1768640281.0973625,95440,0.0,-108.36,0.03,115.0,364.0
1768640281.12797,95460,0.0,-108.36,-0.01,115.0,364.0
1768640281.15553,95480,0.0,-108.36,0.09,115.0,364.0
1768640281.1754856,95500,0.0,-108.36,-0.08,115.0,364.0
1768640281.1975257,95520,0.0,-108.36,-0.01,115.0,364.0
1768640281.20636,95540,0.0,-108.36,-0.06,115.0,364.0
1768640281.2140596,95560,0.0,-108.36,-0.08,115.0,364.0
1768640281.2211492,95580,0.0,-108.36,-0.08,115.0,364.0
1768640281.2526848,95600,0.0,-108.36,-0.08,115.0,364.0
1768640281.2952044,95620,0.0,-108.36,-0.08,115.0,364.0
1768640281.3034632,95640,0.0,-108.36,0.06,115.0,364.0
1768640281.3209348,95660,0.0,-108.36,-0.01,115.0,364.0
1768640281.3443253,95680,0.0,-108.36,-0.01,115.0,364.0
1768640281.353612,95700,0.0,-108.36,-0.08,115.0,364.0
1768640281.3806024,95720,0.0,-108.36,0.13,115.0,364.0
1768640281.393376,95740,0.0,-108.36,-0.01,115.0,364.0
1768640281.4153705,95760,0.0,-108.36,-0.08,115.0,364.0
1768640281.4374413,95780,0.0,-108.36,-0.08,115.0,364.0
1768640281.4448695,95800,0.0,-108.36,0.06,115.0,364.0
1768640281.4677134,95820,0.0,-108.36,0.06,115.0,364.0
1768640281.510886,95840,0.0,-108.36,0.06,115.0,364.0
1768640281.5460947,95860,0.0,-108.36,-0.01,115.0,364.0
1768640281.5759723,95880,0.0,-108.36,-0.04,115.0,364.0
1768640281.629739,95900,0.0,-108.36,-0.04,115.0,364.0
1768640281.658143,95920,0.0,-108.36,-0.08,115.0,364.0
1768640281.6714683,95940,0.0,-108.36,0.1,115.0,364.0
1768640281.672441,95960,0.0,-108.36,-0.01,115.0,364.0
1768640281.673432,95980,0.0,-108.36,0.04,115.0,364.0
1768640281.6742976,96000,0.0,-108.36,0.06,115.0,364.0
1768640281.676068,96020,0.0,-108.36,-0.01,115.0,364.0
1768640281.6862361,96040,0.0,-108.36,0.06,115.0,364.0
1768640281.7077453,96060,0.0,-108.36,-0.22,115.0,364.0
1768640281.757729,96080,0.0,-108.36,-0.08,115.0,364.0
1768640281.763495,96100,0.0,-108.36,0.03,115.0,364.0
1768640281.777223,96120,0.0,-108.36,-0.01,115.0,364.0
1768640281.7834563,96140,0.0,-108.36,-0.03,115.0,364.0
1768640281.8311837,96160,0.0,-108.36,-0.01,115.0,364.0
1768640281.8515687,96180,0.0,-108.36,-0.08,115.0,364.0
1768640281.8621747,96200,0.0,-108.36,-0.01,115.0,364.0
1768640281.8751712,96220,0.0,-108.36,-0.08,115.0,364.0
1768640281.8828986,96240,0.0,-108.36,0.06,115.0,364.0
1768640281.9105313,96260,0.0,-108.36,-0.15,115.0,364.0
1768640281.9329188,96280,0.0,-108.36,-0.15,115.0,364.0
1768640281.9428446,96300,0.0,-108.36,-0.01,115.0,364.0
1768640281.9809573,96320,0.0,-108.36,-0.12,115.0,364.0
1768640281.9986136,96340,0.0,-108.36,0.06,115.0,364.0
1768640282.0247025,96360,0.0,-108.36,-0.01,115.0,364.0
1768640282.0339181,96380,0.0,-108.36,-0.01,115.0,364.0
1768640282.0500886,96400,0.0,-108.36,-0.01,115.0,364.0
1768640282.0836048,96420,0.0,-108.36,-0.01,115.0,364.0
1768640282.1022208,96440,0.0,-108.36,-0.04,115.0,364.0
1768640282.1204362,96460,0.0,-108.36,-0.01,115.0,364.0
1768640282.1256893,96480,0.0,-108.36,-0.01,115.0,364.0
1768640282.1574423,96500,0.0,-108.36,-0.01,115.0,364.0
1768640282.167613,96520,0.0,-108.36,-0.01,115.0,364.0
1768640282.209444,96540,0.0,-108.36,0.02,115.0,364.0
1768640282.221497,96560,0.0,-108.36,-0.04,115.0,364.0
1768640282.2338374,96580,0.0,-108.36,-0.01,115.0,364.0
1768640282.2650926,96600,0.0,-108.36,0.06,115.0,364.0
1768640282.2814505,96620,0.0,-108.36,0.06,115.0,364.0
1768640282.298903,96640,0.0,-108.36,0.03,115.0,364.0
1768640282.3214996,96660,0.0,-108.36,-0.01,115.0,364.0
1768640282.333408,96680,0.0,-108.36,-0.01,115.0,364.0
1768640282.350132,96700,0.0,-108.36,0.06,115.0,364.0
1768640282.3601258,96720,0.0,-108.36,-0.01,115.0,364.0
1768640282.3921773,96740,0.0,-108.36,-0.01,115.0,364.0
1768640282.434456,96760,0.0,-108.36,-0.01,115.0,364.0
1768640282.4462857,96780,0.0,-108.36,0.02,115.0,364.0
1768640282.4515789,96800,0.0,-108.36,-0.08,115.0,364.0
1768640282.485304,96820,0.0,-108.36,-0.01,115.0,364.0
1768640282.509591,96840,0.0,-108.36,0.06,115.0,364.0
1768640282.5250714,96860,0.0,-108.36,-0.08,115.0,364.0
1768640282.5337055,96880,0.0,-108.36,-0.01,115.0,364.0
1768640282.554053,96900,0.0,-108.36,-0.08,115.0,364.0
1768640282.5740387,96920,0.0,-108.36,-0.01,115.0,364.0
1768640282.5841393,96940,0.0,-108.36,-0.08,115.0,364.0
1768640282.607159,96960,0.0,-108.36,-0.01,115.0,364.0
1768640282.6460168,96980,0.0,-108.36,-0.01,115.0,364.0
1768640282.6601725,97000,0.0,-108.36,0.03,115.0,364.0
1768640282.6909268,97020,0.0,-108.36,0.11,115.0,364.0
1768640282.700219,97040,0.0,-108.36,-0.01,115.0,364.0
1768640282.7252328,97060,0.0,-108.36,-0.01,115.0,364.0
1768640282.7387083,97080,0.0,-108.36,-0.01,115.0,364.0
1768640282.7551281,97100,0.0,-108.36,-0.08,115.0,364.0
1768640282.7750158,97120,0.0,-108.36,0.06,115.0,364.0
1768640282.7993047,97140,0.0,-108.36,-0.08,115.0,364.0
1768640282.8093095,97160,0.0,-108.36,0.06,115.0,364.0
1768640282.8314383,97180,0.0,-108.36,-0.03,115.0,364.0
1768640282.866937,97200,0.0,-108.36,-0.08,115.0,364.0
1768640282.8846629,97220,0.0,-108.36,-0.01,115.0,364.0
1768640282.9100385,97240,0.0,-108.36,-0.01,115.0,364.0
1768640282.9197571,97260,0.0,-108.36,-0.08,115.0,364.0
1768640282.944653,97280,0.0,-108.36,0.06,115.0,364.0
1768640282.9611022,97300,0.0,-108.36,0.06,115.0,364.0
1768640282.9735072,97320,0.0,-108.36,-0.08,115.0,364.0
1768640282.9983482,97340,0.0,-108.36,0.06,115.0,364.0
1768640283.0015051,97360,0.0,-108.36,-0.08,115.0,364.0
1768640283.0340338,97380,0.0,-108.36,0.06,115.0,364.0
1768640283.056084,97400,0.0,-108.36,-0.01,115.0,364.0
1768640283.0877705,97420,0.0,-108.36,-0.08,115.0,364.0
1768640283.0983071,97440,0.0,-108.36,-0.01,115.0,364.0
1768640283.1290755,97460,0.0,-108.36,-0.03,115.0,364.0
1768640283.1300828,97480,0.0,-108.36,-0.08,115.0,364.0
1768640283.1640077,97500,0.0,-108.36,0.03,115.0,364.0
1768640283.1774054,97520,0.0,-108.36,0.02,115.0,364.0
1768640283.1940742,97540,0.0,-108.36,0.06,115.0,364.0
1768640283.2139406,97560,0.0,-108.36,-0.01,115.0,364.0
1768640283.2325914,97580,0.0,-108.36,0.02,115.0,364.0
1768640283.242521,97600,0.0,-108.36,0.06,115.0,364.0
1768640283.2649975,97620,0.0,-108.36,-0.13,115.0,364.0
1768640283.3223054,97640,0.0,-108.36,0.06,115.0,364.0
1768640283.3496878,97660,0.0,-108.35,-0.01,115.0,364.0
1768640283.3590553,97680,0.0,-108.35,-0.08,115.0,364.0
1768640283.3824527,97700,0.0,-108.35,0.02,115.0,364.0
1768640283.3944063,97720,0.0,-108.35,0.13,115.0,364.0
1768640283.409024,97740,0.0,-108.35,-0.08,115.0,364.0
1768640283.4155743,97760,0.0,-108.35,-0.08,115.0,364.0
1768640283.4268878,97780,0.0,-108.35,-0.08,115.0,364.0
1768640283.456619,97800,0.0,-108.35,-0.01,115.0,364.0
1768640283.4666123,97820,0.0,-108.35,-0.01,115.0,364.0
1768640283.4895124,97840,0.0,-108.35,-0.03,115.0,364.0
1768640283.5281267,97860,0.0,-108.35,-0.01,115.0,364.0
1768640283.5324407,97880,0.0,-108.36,-0.04,115.0,364.0
1768640283.5566857,97900,0.0,-108.36,-0.08,115.0,364.0
1768640283.5758429,97920,0.0,-108.36,-0.01,115.0,364.0
1768640283.599294,97940,0.0,-108.36,-0.08,115.0,364.0
1768640283.6191397,97960,0.0,-108.36,-0.01,115.0,364.0
1768640283.6343799,97980,0.0,-108.35,-0.05,115.0,364.0
1768640283.6525898,98000,0.0,-108.36,0.06,115.0,364.0
1768640283.6656246,98020,0.0,-108.35,-0.01,115.0,364.0
1768640283.691773,98040,0.0,-108.35,0.06,115.0,364.0
1768640283.7139103,98060,0.0,-108.35,0.01,115.0,364.0
1768640283.7533162,98080,0.0,-108.36,-0.08,115.0,364.0
1768640283.768663,98100,0.0,-108.35,-0.01,115.0,364.0
1768640283.7794614,98120,0.0,-108.35,-0.01,115.0,364.0
1768640283.7989724,98140,0.0,-108.36,-0.01,115.0,364.0
1768640283.8162293,98160,0.0,-108.36,-0.11,115.0,364.0
1768640283.841743,98180,0.0,-108.36,0.06,115.0,364.0
1768640283.855481,98200,0.0,-108.36,-0.01,115.0,364.0
1768640283.8753629,98220,0.0,-108.36,-0.08,115.0,364.0
1768640283.8869731,98240,0.0,-108.36,-0.01,115.0,364.0
1768640283.906965,98260,0.0,-108.36,0.06,115.0,364.0
1768640283.938176,98280,0.0,-108.36,-0.08,115.0,364.0
1768640283.9701233,98300,0.0,-108.36,-0.01,115.0,364.0
1768640283.9825613,98320,0.0,-108.36,-0.08,115.0,364.0
1768640283.9940693,98340,0.0,-108.36,0.06,115.0,364.0
1768640284.029593,98360,0.0,-108.36,-0.08,115.0,364.0
1768640284.0514944,98380,0.0,-108.36,0.06,115.0,364.0
1768640284.0645921,98400,0.0,-108.36,0.06,115.0,364.0
1768640284.070026,98420,0.0,-108.36,0.06,115.0,364.0
1768640284.1006026,98440,0.0,-108.36,-0.08,115.0,364.0
1768640284.1086848,98460,0.0,-108.36,-0.15,115.0,364.0
1768640284.1302683,98480,0.0,-108.36,0.06,115.0,364.0
1768640284.1408384,98500,0.0,-108.36,-0.06,115.0,364.0
1768640284.1948545,98520,0.0,-108.36,-0.08,115.0,364.0
1768640284.2006347,98540,0.0,-108.36,-0.01,115.0,364.0
1768640284.2096474,98560,0.0,-108.36,-0.04,115.0,364.0
1768640284.2387078,98580,0.0,-108.36,-0.01,115.0,364.0
1768640284.2721965,98600,0.0,-108.36,-0.01,115.0,364.0
1768640284.2904973,98620,0.0,-108.36,-0.01,115.0,364.0
1768640284.299712,98640,0.0,-108.36,-0.08,115.0,364.0
1768640284.30623,98660,0.0,-108.36,-0.08,115.0,364.0
1768640284.332735,98680,0.0,-108.36,0.06,115.0,364.0
1768640284.3553407,98700,0.0,-108.36,0.03,115.0,364.0
1768640284.365484,98720,0.0,-108.36,-0.08,115.0,364.0
1768640284.3876858,98740,0.0,-108.36,0.06,115.0,364.0
1768640284.4219437,98760,0.0,-108.36,0.06,115.0,364.0
1768640284.429597,98780,0.0,-108.36,-0.01,115.0,364.0
1768640284.4715586,98800,0.0,-108.36,0.03,115.0,364.0
1768640284.4801154,98820,0.0,-108.36,0.13,115.0,364.0
1768640284.5062013,98840,0.0,-108.36,-0.01,115.0,364.0
1768640284.5197368,98860,0.0,-108.36,-0.01,115.0,364.0
1768640284.533063,98880,0.0,-108.36,-0.08,115.0,364.0
1768640284.5524414,98900,0.0,-108.36,-0.01,115.0,364.0
1768640284.5738776,98920,0.0,-108.36,0.02,115.0,364.0
1768640284.5967603,98940,0.0,-108.36,-0.01,115.0,364.0
1768640284.6060855,98960,0.0,-108.36,0.06,115.0,364.0
1768640284.6433024,98980,0.0,-108.36,-0.01,115.0,364.0
1768640284.660771,99000,0.0,-108.36,-0.01,115.0,364.0
1768640284.6903176,99020,0.0,-108.36,-0.01,115.0,364.0
1768640284.6951797,99040,0.0,-108.36,-0.03,115.0,364.0
1768640284.7068758,99060,0.0,-108.36,-0.01,115.0,364.0
1768640284.7370346,99080,0.0,-108.36,-0.08,115.0,364.0
1768640284.7587183,99100,0.0,-108.36,-0.08,115.0,364.0
1768640284.7704315,99120,0.0,-108.36,0.13,115.0,364.0
1768640284.7881582,99140,0.0,-108.33,4.15,115.0,364.0
1768640284.798251,99160,0.0,-108.27,1.77,115.0,364.0
1768640284.830858,99180,0.0,-108.24,0.79,115.0,364.0
1768640284.8721826,99200,0.0,-108.23,0.06,115.0,364.0
1768640284.878136,99220,0.0,-108.23,0.02,115.0,364.0
1768640284.8883183,99240,0.0,-108.23,0.1,115.0,364.0
1768640284.9259233,99260,0.0,-108.23,-0.01,115.0,364.0
1768640284.9318795,99280,0.0,-108.23,-0.01,115.0,364.0
1768640284.9574375,99300,0.0,-108.23,-0.01,115.0,364.0
1768640284.9747455,99320,0.0,-108.23,-0.03,115.0,364.0
1768640284.9980683,99340,0.0,-108.23,-0.04,115.0,364.0
1768640285.0132794,99360,0.0,-108.23,0.06,115.0,364.0
1768640285.023606,99380,0.0,-108.23,-0.01,115.0,364.0
1768640285.0456188,99400,0.0,-108.23,0.06,115.0,364.0
1768640285.078858,99420,0.0,-108.23,-0.01,115.0,364.0
1768640285.0874932,99440,0.0,-108.23,-0.01,115.0,364.0
1768640285.1202607,99460,0.0,-108.23,0.06,115.0,364.0
1768640285.1247656,99480,0.0,-108.23,0.11,115.0,364.0
1768640285.1698272,99500,0.0,-108.23,-0.01,115.0,364.0
1768640285.1782386,99520,0.0,-108.23,-0.08,115.0,364.0
1768640285.214144,99540,0.0,-108.23,-0.01,115.0,364.0
1768640285.2243438,99560,0.0,-108.23,-0.01,115.0,364.0
1768640285.239718,99580,0.0,-108.23,0.06,115.0,364.0
1768640285.254186,99600,0.0,-108.23,-0.01,115.0,364.0
1768640285.2700598,99620,0.0,-108.23,-0.04,115.0,364.0
1768640285.2801032,99640,0.0,-108.23,-0.05,115.0,364.0
1768640285.311889,99660,0.0,-108.23,-0.01,115.0,364.0
1768640285.3452675,99680,0.0,-108.23,-0.01,115.0,364.0
1768640285.3491893,99700,0.0,-108.23,-0.06,115.0,364.0
1768640285.3715866,99720,0.0,-108.23,-0.08,115.0,364.0
1768640285.404225,99740,0.0,-108.23,0.09,115.0,364.0
1768640285.4167826,99760,0.0,-108.23,-0.01,115.0,364.0
1768640285.4484754,99780,0.0,-108.23,-0.04,115.0,364.0
1768640285.4618554,99800,0.0,-108.23,-0.01,115.0,364.0
1768640285.4789157,99820,0.0,-108.23,0.02,115.0,364.0
1768640285.491751,99840,0.0,-108.23,-0.15,115.0,364.0
1768640285.5107787,99860,0.0,-108.23,-0.01,115.0,364.0
1768640285.520837,99880,0.0,-108.23,-0.01,115.0,364.0
1768640285.5769846,99900,0.0,-108.23,0.06,115.0,364.0
1768640285.5799859,99920,0.0,-108.23,-0.08,115.0,364.0
1768640285.593887,99940,0.0,-108.23,-0.04,115.0,364.0
1768640285.623575,99960,0.0,-108.23,-0.08,115.0,364.0
1768640285.6531386,99980,0.0,-108.24,-0.01,115.0,364.0
1768640285.6639693,100000,0.0,-108.24,-0.08,115.0,364.0
1768640285.6751475,100020,0.0,-108.24,-0.08,115.0,364.0
1768640285.692393,100040,0.0,-108.24,-0.01,115.0,364.0
1768640285.7147243,100060,0.0,-108.24,-0.01,115.0,364.0
1768640285.735067,100080,0.0,-108.24,0.13,115.0,364.0
1768640285.7448833,100100,0.0,-108.24,-0.15,115.0,364.0
1768640285.7677972,100120,0.0,-108.24,-0.15,115.0,364.0
1768640285.800393,100140,0.0,-108.3,-16.05,115.0,364.0
1768640285.8108752,100160,0.0,-108.72,-16.38,115.0,364.0
1768640285.8363423,100180,0.0,-109.16,-25.16,115.0,364.0
1768640285.8489163,100200,0.0,-109.64,-19.03,115.0,364.0
1768640285.8802392,100220,0.0,-109.94,-13.89,115.0,364.0
1768640285.897208,100240,0.0,-110.14,-9.07,115.0,364.0
1768640285.9087622,100260,0.0,-110.25,-3.44,115.0,364.0
1768640285.9287252,100280,0.0,-110.28,-0.39,115.0,364.0
1768640285.9595704,100300,0.0,-110.28,-0.01,115.0,364.0
1768640285.9697833,100320,0.0,-110.28,-0.08,115.0,364.0
1768640286.004867,100340,0.0,-110.28,0.06,115.0,364.0
1768640286.0155034,100360,0.0,-110.28,0.01,115.0,364.0
1768640286.047888,100380,0.0,-110.28,0.03,115.0,364.0
1768640286.0567818,100400,0.0,-110.28,0.27,115.0,364.0
1768640286.078328,100420,0.0,-110.27,0.2,115.0,364.0
1768640286.0935981,100440,0.0,-110.27,-0.01,115.0,364.0
1768640286.1230297,100460,0.0,-110.27,-0.01,115.0,364.0
1768640286.1318645,100480,0.0,-110.27,-0.08,115.0,364.0
1768640286.1522825,100500,0.0,-110.27,0.06,115.0,364.0
1768640286.1629632,100520,0.0,-110.27,0.11,115.0,364.0
1768640286.2187777,100540,0.0,-110.26,1.84,115.0,364.0
1768640286.2268338,100560,0.0,-110.13,9.36,115.0,364.0
1768640286.2392497,100580,0.0,-110.01,5.03,115.0,364.0
1768640286.2651947,100600,0.0,-109.95,0.72,115.0,364.0
1768640286.2749302,100620,0.0,-109.94,0.48,115.0,364.0
1768640286.3150687,100640,0.0,-109.92,1.63,115.0,364.0
1768640286.3312752,100660,0.0,-109.88,1.53,115.0,364.0
1768640286.3423462,100680,0.0,-109.86,1.32,115.0,364.0
1768640286.3524106,100700,0.0,-109.76,11.74,115.0,364.0
1768640286.3768315,100720,0.0,-109.32,26.11,115.0,364.0
1768640286.386417,100740,0.0,-108.75,20.56,115.0,364.0
1768640286.4091325,100760,0.0,-108.36,19.09,115.0,364.0
1768640286.4201963,100780,0.0,-108.0,31.64,115.0,364.0
1768640286.466614,100800,0.0,-107.09,63.88,115.0,364.0
1768640286.4951665,100820,0.0,-106.44,9.29,115.0,364.0
1768640286.504074,100840,0.0,-106.04,12.65,115.0,364.0
1768640286.5416698,100860,0.0,-105.52,12.47,115.0,364.0
1768640286.5542405,100880,0.0,-104.97,41.47,115.0,364.0
1768640286.560118,100900,0.0,-104.72,-0.85,115.0,364.0
1768640286.5729823,100920,0.0,-104.64,17.69,115.0,364.0
1768640286.5841315,100940,0.0,-104.0,40.55,115.0,364.0
1768640286.6114311,100960,0.0,-104.04,-33.37,115.0,364.0
1768640286.6338565,100980,0.0,-104.52,-3.96,115.0,364.0
1768640286.6709282,101000,0.0,-104.52,0.06,115.0,364.0
1768640286.6821582,101020,0.0,-104.52,-0.01,115.0,364.0
1768640286.7133534,101040,0.0,-104.52,0.06,115.0,364.0
1768640286.7229414,101060,0.0,-104.52,-0.11,115.0,364.0
1768640286.7510738,101080,0.0,-104.52,0.13,115.0,364.0
1768640286.7667928,101100,0.0,-104.52,-0.01,115.0,364.0
1768640286.7768252,101120,0.0,-104.52,0.06,115.0,364.0
1768640286.7945278,101140,0.0,-104.52,-0.01,115.0,364.0
1768640286.8042986,101160,0.0,-104.52,-0.01,115.0,364.0
1768640286.8270228,101180,0.0,-104.52,-0.2,115.0,364.0
1768640286.8580952,101200,0.0,-104.52,-0.04,115.0,364.0
1768640286.8878844,101220,0.0,-104.52,-0.04,115.0,364.0
1768640286.9000196,101240,0.0,-104.52,-0.01,115.0,364.0
1768640286.905478,101260,0.0,-104.52,-0.01,115.0,364.0
1768640286.9371173,101280,0.0,-104.52,0.06,115.0,364.0
1768640286.959052,101300,0.0,-104.52,-0.01,115.0,364.0
1768640286.9753616,101320,0.0,-104.52,-0.01,115.0,364.0
1768640286.9911056,101340,0.0,-104.52,0.06,115.0,364.0
1768640287.018661,101360,0.0,-104.49,5.45,115.0,364.0
1768640287.02886,101380,0.0,-104.12,24.89,115.0,364.0
1768640287.050793,101400,0.0,-103.7,12.84,115.0,364.0
1768640287.062257,101420,0.0,-103.63,-0.15,115.0,364.0
1768640287.112828,101440,0.0,-103.62,0.59,115.0,364.0
1768640287.1239088,101460,0.0,-103.6,3.14,115.0,364.0
1768640287.1305346,101480,0.0,-103.52,1.42,115.0,364.0
1768640287.161398,101500,0.0,-103.49,0.79,115.0,364.0
1768640287.1870518,101520,0.0,-103.48,0.31,115.0,364.0
1768640287.1995935,101540,0.0,-103.48,0.27,115.0,364.0
1768640287.2206335,101560,0.0,-103.47,0.36,115.0,364.0
1768640287.2312696,101580,0.0,-103.46,0.27,115.0,364.0
1768640287.253433,101600,0.0,-103.46,0.58,115.0,364.0
1768640287.275388,101620,0.0,-103.44,0.38,115.0,364.0
1768640287.285666,101640,0.0,-103.44,0.13,115.0,364.0
1768640287.3325717,101660,0.0,-103.44,0.02,115.0,364.0
1768640287.3431587,101680,0.0,-103.43,-0.01,115.0,364.0
1768640287.354777,101700,0.0,-103.43,0.06,115.0,364.0
1768640287.3806982,101720,0.0,-103.43,0.1,115.0,364.0
1768640287.3902144,101740,0.0,-103.43,-0.01,115.0,364.0
1768640287.43,101760,0.0,-103.43,-0.01,115.0,364.0
1768640287.4414232,101780,0.0,-103.43,-0.03,115.0,364.0
1768640287.4549751,101800,0.0,-103.43,0.02,115.0,364.0
1768640287.468955,101820,0.0,-103.43,-0.08,115.0,364.0
1768640287.5000448,101840,0.0,-103.43,0.13,115.0,364.0
1768640287.5104425,101860,0.0,-103.43,0.06,115.0,364.0
1768640287.5321636,101880,0.0,-103.43,-0.05,115.0,364.0
1768640287.5430663,101900,0.0,-103.43,-0.08,115.0,364.0
1768640287.5960763,101920,0.0,-103.43,-0.15,115.0,364.0
1768640287.6124012,101940,0.0,-103.43,0.06,115.0,364.0
1768640287.6200075,101960,0.0,-103.43,-0.01,115.0,364.0
1768640287.6307173,101980,0.0,-103.43,-0.08,115.0,364.0
1768640287.6602924,102000,0.0,-103.43,-0.01,115.0,364.0
1768640287.6883404,102020,0.0,-103.43,0.06,115.0,364.0
1768640287.6983788,102040,0.0,-103.43,0.06,115.0,364.0
1768640287.7137039,102060,0.0,-103.43,0.06,115.0,364.0
1768640287.7289493,102080,0.0,-103.43,-0.01,115.0,364.0
1768640287.7507372,102100,0.0,-103.43,-0.11,115.0,364.0
1768640287.7728815,102120,0.0,-103.43,-0.04,115.0,364.0
1768640287.7827928,102140,0.0,-103.43,0.03,115.0,364.0
1768640287.8049548,102160,0.0,-103.43,-0.01,115.0,364.0
1768640287.8388472,102180,0.0,-103.43,-0.05,115.0,364.0
1768640287.8489082,102200,0.0,-103.43,-0.08,115.0,364.0
1768640287.8799558,102220,0.0,-103.43,-0.08,115.0,364.0
1768640287.8885503,102240,0.0,-103.43,-0.01,115.0,364.0
1768640287.9243617,102260,0.0,-103.42,0.27,115.0,364.0
1768640287.9351995,102280,0.0,-103.42,0.06,115.0,364.0
1768640287.9463618,102300,0.0,-103.42,1.28,115.0,364.0
1768640287.9657848,102320,0.0,-103.23,19.37,115.0,364.0
1768640287.9973366,102340,0.0,-102.82,17.02,115.0,364.0
1768640288.0075257,102360,0.0,-102.7,-0.22,115.0,364.0
1768640288.0479033,102380,0.0,-102.69,-0.01,115.0,364.0
1768640288.059513,102400,0.0,-102.69,0.06,115.0,364.0
1768640288.0883489,102420,0.0,-102.68,0.13,115.0,364.0
1768640288.096999,102440,0.0,-102.68,0.06,115.0,364.0
1768640288.124995,102460,0.0,-102.68,0.03,115.0,364.0
1768640288.1362634,102480,0.0,-102.63,6.78,115.0,364.0
1768640288.1599708,102500,0.0,-102.45,10.27,115.0,364.0
1768640288.1700244,102520,0.0,-102.36,-0.25,115.0,364.0
1768640288.189854,102540,0.0,-102.36,0.06,115.0,364.0
1768640288.2004254,102560,0.0,-102.36,-0.04,115.0,364.0
1768640288.2550142,102580,0.0,-102.36,0.06,115.0,364.0
1768640288.266167,102600,0.0,-102.36,-0.06,115.0,364.0
1768640288.2716718,102620,0.0,-102.36,-0.01,115.0,364.0
1768640288.3050284,102640,0.0,-102.36,-0.01,115.0,364.0
1768640288.3184848,102660,0.0,-102.36,-0.04,115.0,364.0
1768640288.3495283,102680,0.0,-102.36,0.1,115.0,364.0
1768640288.3585687,102700,0.0,-102.35,0.27,115.0,364.0
1768640288.3715389,102720,0.0,-102.35,0.06,115.0,364.0
1768640288.39341,102740,0.0,-102.35,-0.08,115.0,364.0
1768640288.4140928,102760,0.0,-102.35,-0.01,115.0,364.0
1768640288.4241188,102780,0.0,-102.35,-0.01,115.0,364.0
1768640288.4466813,102800,0.0,-102.35,-0.01,115.0,364.0
1768640288.4847643,102820,0.0,-102.35,0.5,115.0,364.0
1768640288.4914489,102840,0.0,-102.26,10.17,115.0,364.0
1768640288.5277033,102860,0.0,-102.11,4.26,115.0,364.0
1768640288.5377944,102880,0.0,-102.07,0.41,115.0,364.0
1768640288.5716574,102900,0.0,-102.06,0.34,115.0,364.0
1768640288.5794692,102920,0.0,-102.05,0.37,115.0,364.0
1768640288.5882366,102940,0.0,-102.05,0.3,115.0,364.0
1768640288.6139953,102960,0.0,-102.04,0.27,115.0,364.0
1768640288.6384563,102980,0.0,-102.04,0.13,115.0,364.0
1768640288.648633,103000,0.0,-102.03,0.27,115.0,364.0
1768640288.671221,103020,0.0,-102.03,0.27,115.0,364.0
1768640288.7061718,103040,0.0,-102.03,0.06,115.0,364.0
1768640288.7145362,103060,0.0,-102.03,-0.01,115.0,364.0
1768640288.7453473,103080,0.0,-102.02,0.03,115.0,364.0
1768640288.7548444,103100,0.0,-102.02,-0.08,115.0,364.0
1768640288.7816327,103120,0.0,-102.03,-0.22,115.0,364.0
1768640288.804229,103140,0.0,-102.03,-0.08,115.0,364.0
1768640288.810533,103160,0.0,-102.03,-0.01,115.0,364.0
1768640288.83682,103180,0.0,-102.03,-0.08,115.0,364.0
1768640288.848502,103200,0.0,-102.03,-0.01,115.0,364.0
1768640288.879589,103220,0.0,-102.03,0.06,115.0,364.0
1768640288.8905632,103240,0.0,-102.03,-0.05,115.0,364.0
1768640288.9286594,103260,0.0,-102.03,-0.08,115.0,364.0
1768640288.9457295,103280,0.0,-102.03,-0.08,115.0,364.0
1768640288.9632435,103300,0.0,-102.03,-0.01,115.0,364.0
1768640288.9829066,103320,0.0,-102.03,-0.01,115.0,364.0
1768640288.991049,103340,0.0,-102.03,-0.01,115.0,364.0
1768640289.0110803,103360,0.0,-102.03,-0.08,115.0,364.0
1768640289.0392973,103380,0.0,-102.03,-0.08,115.0,364.0
1768640289.0623157,103400,0.0,-102.03,0.06,115.0,364.0
1768640289.0734205,103420,0.0,-102.03,0.01,115.0,364.0
1768640289.086976,103440,0.0,-102.03,0.06,115.0,364.0
1768640289.1144395,103460,0.0,-102.03,0.13,115.0,364.0
1768640289.1363108,103480,0.0,-102.03,-0.01,115.0,364.0
1768640289.146267,103500,0.0,-102.03,-0.01,115.0,364.0
1768640289.1831114,103520,0.0,-102.03,-0.08,115.0,364.0
1768640289.2045763,103540,0.0,-102.03,-0.05,115.0,364.0
1768640289.2100024,103560,0.0,-102.03,0.06,115.0,364.0
1768640289.2377238,103580,0.0,-102.03,0.13,115.0,364.0
1768640289.2461104,103600,0.0,-102.03,0.06,115.0,364.0
1768640289.2685199,103620,0.0,-102.03,-0.01,115.0,364.0
1768640289.2972298,103640,0.0,-102.03,-0.13,115.0,364.0
1768640289.328017,103660,0.0,-102.03,0.06,115.0,364.0
1768640289.3370655,103680,0.0,-102.03,-0.08,115.0,364.0
1768640289.357286,103700,0.0,-102.03,-0.15,115.0,364.0
1768640289.3793733,103720,0.0,-102.03,-0.01,115.0,364.0
1768640289.389331,103740,0.0,-102.03,0.03,115.0,364.0
1768640289.4103844,103760,0.0,-102.03,-0.08,115.0,364.0
1768640289.419661,103780,0.0,-102.03,-0.01,115.0,364.0
1768640289.4688663,103800,0.0,-102.03,-0.08,115.0,364.0
1768640289.4764893,103820,0.0,-102.03,-0.01,115.0,364.0
1768640289.4837186,103840,0.0,-102.03,-0.11,115.0,364.0
1768640289.5188363,103860,0.0,-102.03,-0.08,115.0,364.0
1768640289.537452,103880,0.0,-102.03,-0.08,115.0,364.0
1768640289.547592,103900,0.0,-102.03,0.06,115.0,364.0
1768640289.5690815,103920,0.0,-102.04,-0.01,115.0,364.0
1768640289.57947,103940,0.0,-102.04,0.06,115.0,364.0
1768640289.613439,103960,0.0,-102.04,-0.01,115.0,364.0
1768640289.6341202,103980,0.0,-102.04,-0.08,115.0,364.0
1768640289.6498291,104000,0.0,-102.04,-0.08,115.0,364.0
1768640289.6695366,104020,0.0,-102.04,0.13,115.0,364.0
1768640289.6978252,104040,0.0,-102.01,3.56,115.0,364.0
1768640289.7078989,104060,0.0,-101.95,3.45,115.0,364.0
1768640289.7336497,104080,0.0,-101.91,0.43,115.0,364.0
1768640289.7414398,104100,0.0,-101.9,0.34,115.0,364.0
1768640289.7753706,104120,0.0,-101.9,0.06,115.0,364.0
1768640289.7968054,104140,0.0,-101.9,-0.01,115.0,364.0
1768640289.8049748,104160,0.0,-101.9,0.03,115.0,364.0
1768640289.826546,104180,0.0,-101.89,0.09,115.0,364.0
1768640289.860183,104200,0.0,-101.89,-0.01,115.0,364.0
1768640289.8697007,104220,0.0,-101.89,-0.01,115.0,364.0
1768640289.8912208,104240,0.0,-101.89,0.01,115.0,364.0
1768640289.9081702,104260,0.0,-101.89,-0.08,115.0,364.0
1768640289.9376168,104280,0.0,-101.89,0.06,115.0,364.0
1768640289.9543529,104300,0.0,-101.89,-0.08,115.0,364.0
1768640289.964348,104320,0.0,-101.89,-0.01,115.0,364.0
1768640289.9909952,104340,0.0,-101.89,-0.08,115.0,364.0
1768640290.0187044,104360,0.0,-101.89,0.06,115.0,364.0
1768640290.0324588,104380,0.0,-101.89,-0.08,115.0,364.0
1768640290.0535882,104400,0.0,-101.89,-0.01,115.0,364.0
1768640290.0615094,104420,0.0,-101.89,0.06,115.0,364.0
1768640290.0929816,104440,0.0,-101.89,-0.08,115.0,364.0
1768640290.1158714,104460,0.0,-101.89,-0.03,115.0,364.0
1768640290.1411173,104480,0.0,-101.89,-0.08,115.0,364.0
1768640290.1479156,104500,0.0,-101.89,-0.08,115.0,364.0
1768640290.173359,104520,0.0,-101.9,-0.01,115.0,364.0
1768640290.1949604,104540,0.0,-101.9,-0.01,115.0,364.0
1768640290.2047987,104560,0.0,-101.89,0.06,115.0,364.0
1768640290.2282894,104580,0.0,-101.89,0.09,115.0,364.0
1768640290.2695317,104600,0.0,-101.89,0.27,115.0,364.0
1768640290.2921784,104620,0.0,-101.89,-0.01,115.0,364.0
1768640290.3143795,104640,0.0,-101.89,-0.01,115.0,364.0
1768640290.3212008,104660,0.0,-101.89,-0.01,115.0,364.0
1768640290.3348837,104680,0.0,-101.89,0.01,115.0,364.0
1768640290.355716,104700,0.0,-101.83,4.43,115.0,364.0
1768640290.3657603,104720,0.0,-101.81,-0.01,115.0,364.0
1768640290.3882985,104740,0.0,-101.81,0.06,115.0,364.0
1768640290.4297447,104760,0.0,-101.8,-0.01,115.0,364.0
1768640290.4343588,104780,0.0,-101.8,-0.08,115.0,364.0
1768640290.4673727,104800,0.0,-101.8,0.06,115.0,364.0
1768640290.4760668,104820,0.0,-101.8,0.02,115.0,364.0
1768640290.5002291,104840,0.0,-101.8,-0.08,115.0,364.0
1768640290.5165641,104860,0.0,-101.8,-0.05,115.0,364.0
1768640290.5281718,104880,0.0,-101.8,-0.15,115.0,364.0
1768640290.549,104900,0.0,-101.81,-0.13,115.0,364.0
1768640290.5801978,104920,0.0,-101.81,0.06,115.0,364.0
1768640290.6124926,104940,0.0,-101.8,0.03,115.0,364.0
1768640290.6222928,104960,0.0,-101.8,-0.01,115.0,364.0
1768640290.6313362,104980,0.0,-101.8,0.02,115.0,364.0
1768640290.6491823,105000,0.0,-101.8,0.06,115.0,364.0
1768640290.6788642,105020,0.0,-101.8,-0.01,115.0,364.0
1768640290.6871383,105040,0.0,-101.8,-0.08,115.0,364.0
1768640290.7126567,105060,0.0,-101.8,-0.03,115.0,364.0
1768640290.7196784,105080,0.0,-101.8,-0.08,115.0,364.0
1768640290.7506468,105100,0.0,-101.8,0.03,115.0,364.0
1768640290.7753813,105120,0.0,-101.8,0.32,115.0,364.0
1768640290.788645,105140,0.0,-101.79,0.23,115.0,364.0
1768640290.817762,105160,0.0,-101.79,0.1,115.0,364.0
1768640290.8413393,105180,0.0,-101.79,0.13,115.0,364.0
1768640290.847727,105200,0.0,-101.78,0.13,115.0,364.0
1768640290.8729787,105220,0.0,-101.78,0.06,115.0,364.0
1768640290.8824239,105240,0.0,-101.78,-0.01,115.0,364.0
1768640290.9114518,105260,0.0,-101.78,0.03,115.0,364.0
1768640290.9474263,105280,0.0,-101.78,-0.03,115.0,364.0
1768640290.9509609,105300,0.0,-101.78,-0.01,115.0,364.0
1768640290.9841151,105320,0.0,-101.78,-0.08,115.0,364.0
1768640291.000965,105340,0.0,-101.78,-0.06,115.0,364.0
1768640291.0169368,105360,0.0,-101.78,-0.01,115.0,364.0
1768640291.0244136,105380,0.0,-101.78,-0.01,115.0,364.0
1768640291.0478067,105400,0.0,-101.78,-0.01,115.0,364.0
1768640291.0768902,105420,0.0,-101.78,0.06,115.0,364.0
1768640291.0931432,105440,0.0,-101.78,-0.01,115.0,364.0
1768640291.1111894,105460,0.0,-101.78,0.06,115.0,364.0
1768640291.128609,105480,0.0,-101.78,0.03,115.0,364.0
1768640291.1542132,105500,0.0,-101.78,0.04,115.0,364.0
1768640291.176821,105520,0.0,-101.78,-0.01,115.0,364.0
1768640291.1844656,105540,0.0,-101.78,-0.05,115.0,364.0
1768640291.2063677,105560,0.0,-101.78,0.09,115.0,364.0
1768640291.2444513,105580,0.0,-101.78,-0.01,115.0,364.0
1768640291.2494266,105600,0.0,-101.78,-0.01,115.0,364.0
1768640291.2769856,105620,0.0,-101.78,-0.08,115.0,364.0
1768640291.2850635,105640,0.0,-101.78,-0.08,115.0,364.0
1768640291.31241,105660,0.0,-101.78,0.03,115.0,364.0
1768640291.335037,105680,0.0,-101.78,-0.01,115.0,364.0
1768640291.3442574,105700,0.0,-101.78,-0.01,115.0,364.0
1768640291.367652,105720,0.0,-101.78,0.06,115.0,364.0
1768640291.402119,105740,0.0,-101.77,-0.08,115.0,364.0
1768640291.4156053,105760,0.0,-101.77,-0.05,115.0,364.0
1768640291.447825,105780,0.0,-101.77,-0.01,115.0,364.0
1768640291.452914,105800,0.0,-101.77,0.06,115.0,364.0
1768640291.4788249,105820,0.0,-101.77,-0.08,115.0,364.0
1768640291.4974031,105840,0.0,-101.77,-0.01,115.0,364.0
1768640291.5105577,105860,0.0,-101.77,-0.12,115.0,364.0
1768640291.521626,105880,0.0,-101.77,-0.01,115.0,364.0
1768640291.5697062,105900,0.0,-101.77,0.06,115.0,364.0
1768640291.5750144,105920,0.0,-101.77,0.06,115.0,364.0
1768640291.5908442,105940,0.0,-101.77,-0.01,115.0,364.0
1768640291.6097507,105960,0.0,-101.77,-0.08,115.0,364.0
1768640291.639266,105980,0.0,-101.77,0.1,115.0,364.0
1768640291.6488738,106000,0.0,-101.77,-0.08,115.0,364.0
1768640291.6708548,106020,0.0,-101.77,-0.01,115.0,364.0
1768640291.6949508,106040,0.0,-101.77,-0.01,115.0,364.0
1768640291.718833,106060,0.0,-101.77,-0.01,115.0,364.0
1768640291.7413952,106080,0.0,-101.77,0.03,115.0,364.0
1768640291.7480958,106100,0.0,-101.77,-0.01,115.0,364.0
1768640291.7677934,106120,0.0,-101.77,-0.11,115.0,364.0
1768640291.7992728,106140,0.0,-101.77,-0.12,115.0,364.0
1768640291.8284206,106160,0.0,-101.77,-0.03,115.0,364.0
1768640291.8407588,106180,0.0,-101.77,-0.08,115.0,364.0
1768640291.858125,106200,0.0,-101.77,-0.08,115.0,364.0
1768640291.8766005,106220,0.0,-101.77,-0.08,115.0,364.0
1768640291.8958166,106240,0.0,-101.77,-0.08,115.0,364.0
1768640291.9059055,106260,0.0,-101.77,-0.04,115.0,364.0
1768640291.9289641,106280,0.0,-101.77,-0.08,115.0,364.0
1768640291.9599912,106300,0.0,-101.77,-0.15,115.0,364.0
1768640291.9815755,106320,0.0,-101.77,-0.03,115.0,364.0
1768640291.9921377,106340,0.0,-101.78,-0.01,115.0,364.0
1768640292.0064814,106360,0.0,-101.77,0.1,115.0,364.0
1768640292.0369613,106380,0.0,-101.82,-3.95,115.0,364.0
1768640292.0559103,106400,0.0,-101.89,1.14,115.0,364.0
1768640292.0659153,106420,0.0,-101.77,9.54,115.0,364.0
1768640292.106964,106440,0.0,-101.6,4.71,115.0,364.0
1768640292.1216984,106460,0.0,-101.57,-0.08,115.0,364.0
1768640292.1445446,106480,0.0,-101.57,-0.01,115.0,364.0
1768640292.1609893,106500,0.0,-101.57,-0.15,115.0,364.0
1768640292.1698537,106520,0.0,-101.57,-0.01,115.0,364.0
1768640292.1938415,106540,0.0,-101.57,-0.08,115.0,364.0
1768640292.2177193,106560,0.0,-101.57,-0.01,115.0,364.0
1768640292.2264497,106580,0.0,-101.57,-0.15,115.0,364.0
1768640292.2570271,106600,0.0,-101.57,-0.22,115.0,364.0
1768640292.2636144,106620,0.0,-101.57,0.06,115.0,364.0
1768640292.2917857,106640,0.0,-101.57,0.2,115.0,364.0
1768640292.315917,106660,0.0,-101.57,-0.01,115.0,364.0
1768640292.3246863,106680,0.0,-101.56,0.73,115.0,364.0
1768640292.3454728,106700,0.0,-101.53,2.05,115.0,364.0
1768640292.3893545,106720,0.0,-101.51,1.07,115.0,364.0
1768640292.400665,106740,0.0,-101.5,0.2,115.0,364.0
1768640292.423612,106760,0.0,-101.5,0.01,115.0,364.0
1768640292.4430172,106780,0.0,-101.5,-0.04,115.0,364.0
1768640292.4506004,106800,0.0,-101.5,0.06,115.0,364.0
1768640292.4732385,106820,0.0,-101.5,-1.02,115.0,364.0
1768640292.483238,106840,0.0,-101.51,-0.01,115.0,364.0
1768640292.5056267,106860,0.0,-101.51,-0.08,115.0,364.0
1768640292.538082,106880,0.0,-101.51,-0.01,115.0,364.0
1768640292.5545738,106900,0.0,-101.51,-0.08,115.0,364.0
1768640292.5734227,106920,0.0,-101.51,0.65,115.0,364.0
1768640292.5826647,106940,0.0,-101.51,0.06,115.0,364.0
1768640292.6116362,106960,0.0,-101.51,-0.22,115.0,364.0
1768640292.6338692,106980,0.0,-101.51,-0.01,115.0,364.0
1768640292.6438663,107000,0.0,-101.51,-0.01,115.0,364.0
1768640292.6729093,107020,0.0,-101.51,-0.15,115.0,364.0
1768640292.6993544,107040,0.0,-101.51,-0.01,115.0,364.0
1768640292.7143605,107060,0.0,-101.51,0.27,115.0,364.0
1768640292.7335265,107080,0.0,-101.5,-0.01,115.0,364.0
1768640292.7411864,107100,0.0,-101.51,0.06,115.0,364.0
1768640292.7719672,107120,0.0,-101.51,-0.08,115.0,364.0
1768640292.798662,107140,0.0,-101.51,0.01,115.0,364.0
1768640292.8088493,107160,0.0,-101.51,0.06,115.0,364.0
1768640292.8348527,107180,0.0,-101.51,-0.08,115.0,364.0
1768640292.8597586,107200,0.0,-101.51,-0.03,115.0,364.0
1768640292.8686574,107220,0.0,-101.51,-0.01,115.0,364.0
1768640292.8926382,107240,0.0,-101.51,-0.08,115.0,364.0
1768640292.9008794,107260,0.0,-101.51,0.06,115.0,364.0
1768640292.9419248,107280,0.0,-101.51,-0.04,115.0,364.0
1768640292.955745,107300,0.0,-101.51,0.06,115.0,364.0
1768640292.9773152,107320,0.0,-101.51,0.02,115.0,364.0
1768640293.0009387,107340,0.0,-101.51,-0.11,115.0,364.0
1768640293.0215366,107360,0.0,-101.51,-0.01,115.0,364.0
1768640293.0296564,107380,0.0,-101.51,-0.01,115.0,364.0
1768640293.0508714,107400,0.0,-101.51,0.06,115.0,364.0
1768640293.0611367,107420,0.0,-101.5,-0.08,115.0,364.0
1768640293.0951595,107440,0.0,-101.5,-0.01,115.0,364.0
1768640293.1164227,107460,0.0,-101.5,0.06,115.0,364.0
1768640293.1344252,107480,0.0,-101.5,-0.08,115.0,364.0
1768640293.1498306,107500,0.0,-101.5,-0.08,115.0,364.0
1768640293.1789289,107520,0.0,-101.51,-0.11,115.0,364.0
1768640293.189326,107540,0.0,-101.51,-0.11,115.0,364.0
1768640293.214681,107560,0.0,-101.51,0.06,115.0,364.0
1768640293.2355206,107580,0.0,-101.51,-0.13,115.0,364.0
1768640293.2592237,107600,0.0,-101.51,-0.04,115.0,364.0
1768640293.269871,107620,0.0,-101.51,-0.08,115.0,364.0
1768640293.291437,107640,0.0,-101.51,-0.05,115.0,364.0
1768640293.30199,107660,0.0,-101.51,-0.15,115.0,364.0
1768640293.349198,107680,0.0,-101.51,-0.08,115.0,364.0
1768640293.3684,107700,0.0,-101.51,-0.01,115.0,364.0
1768640293.3828058,107720,0.0,-101.51,0.06,115.0,364.0
1768640293.392921,107740,0.0,-101.51,0.03,115.0,364.0
1768640293.4193902,107760,0.0,-101.51,0.06,115.0,364.0
1768640293.4298003,107780,0.0,-101.51,-0.01,115.0,364.0
1768640293.4658628,107800,0.0,-101.51,-0.08,115.0,364.0
1768640293.472482,107820,0.0,-101.51,-0.08,115.0,364.0
1768640293.501751,107840,0.0,-101.51,-0.08,115.0,364.0
1768640293.519767,107860,0.0,-101.51,-0.01,115.0,364.0
1768640293.5261612,107880,0.0,-101.51,-0.01,115.0,364.0
1768640293.549692,107900,0.0,-101.51,-0.08,115.0,364.0
1768640293.580165,107920,0.0,-101.51,-0.04,115.0,364.0
1768640293.60701,107940,0.0,-101.51,-0.08,115.0,364.0
1768640293.6126866,107960,0.0,-101.51,-0.08,115.0,364.0
1768640293.6350849,107980,0.0,-101.51,0.1,115.0,364.0
1768640293.6558623,108000,0.0,-101.52,-0.08,115.0,364.0
1768640293.676241,108020,0.0,-101.51,0.04,115.0,364.0
1768640293.686359,108040,0.0,-101.51,-0.15,115.0,364.0
1768640293.722323,108060,0.0,-101.52,-0.01,115.0,364.0
1768640293.7421079,108080,0.0,-101.52,-0.11,115.0,364.0
1768640293.7618206,108100,0.0,-101.53,-0.74,115.0,364.0
1768640293.7731583,108120,0.0,-101.53,-0.08,115.0,364.0
1768640293.782854,108140,0.0,-101.54,-0.08,115.0,364.0
1768640293.8060164,108160,0.0,-101.54,-0.01,115.0,364.0
1768640293.8455245,108180,0.0,-101.54,0.04,115.0,364.0
1768640293.8528008,108200,0.0,-101.54,-0.04,115.0,364.0
1768640293.8749218,108220,0.0,-101.54,-0.01,115.0,364.0
1768640293.892837,108240,0.0,-101.54,-0.01,115.0,364.0
1768640293.911701,108260,0.0,-101.54,-0.08,115.0,364.0
1768640293.9329698,108280,0.0,-101.54,-0.22,115.0,364.0
1768640293.943046,108300,0.0,-101.55,-0.64,115.0,364.0
1768640293.9805014,108320,0.0,-101.56,-0.43,115.0,364.0
1768640294.0029066,108340,0.0,-101.56,0.03,115.0,364.0
1768640294.0164855,108360,0.0,-101.56,-0.08,115.0,364.0
1768640294.0310638,108380,0.0,-101.56,0.06,115.0,364.0
1768640294.0410724,108400,0.0,-101.56,-0.1,115.0,364.0
1768640294.0707026,108420,0.0,-101.56,0.06,115.0,364.0
1768640294.0933642,108440,0.0,-101.56,0.06,115.0,364.0
1768640294.1033475,108460,0.0,-101.56,0.06,115.0,364.0
1768640294.12723,108480,0.0,-101.56,-0.01,115.0,364.0
1768640294.163904,108500,0.0,-101.56,-0.08,115.0,364.0
1768640294.1727378,108520,0.0,-101.56,-0.08,115.0,364.0
1768640294.192985,108540,0.0,-101.56,-0.01,115.0,364.0
1768640294.2004986,108560,0.0,-101.56,-0.08,115.0,364.0
1768640294.2312424,108580,0.0,-101.56,0.06,115.0,364.0
1768640294.2574337,108600,0.0,-101.56,-0.08,115.0,364.0
1768640294.2771368,108620,0.0,-101.56,-0.01,115.0,364.0
1768640294.2936664,108640,0.0,-101.56,0.03,115.0,364.0
1768640294.3184068,108660,0.0,-101.56,-0.08,115.0,364.0
1768640294.3282857,108680,0.0,-101.56,-0.01,115.0,364.0
1768640294.3503454,108700,0.0,-101.56,-0.01,115.0,364.0
1768640294.3784733,108720,0.0,-101.56,-0.08,115.0,364.0
1768640294.4014478,108740,0.0,-101.56,-0.08,115.0,364.0
1768640294.4258919,108760,0.0,-101.56,0.06,115.0,364.0
1768640294.4366796,108780,0.0,-101.56,-0.04,115.0,364.0
1768640294.4516206,108800,0.0,-101.56,-0.15,115.0,364.0
1768640294.4778354,108820,0.0,-101.56,-0.08,115.0,364.0
1768640294.487918,108840,0.0,-101.56,-0.01,115.0,364.0
1768640294.521407,108860,0.0,-101.57,-0.15,115.0,364.0
1768640294.5291522,108880,0.0,-101.57,-0.08,115.0,364.0
1768640294.5579474,108900,0.0,-101.57,0.03,115.0,364.0
1768640294.5773091,108920,0.0,-101.57,-0.05,115.0,364.0
1768640294.5867054,108940,0.0,-101.57,-0.33,115.0,364.0
1768640294.608638,108960,0.0,-101.57,-0.04,115.0,364.0
1768640294.6387906,108980,0.0,-101.57,-0.15,115.0,364.0
1768640294.6680806,109000,0.0,-101.57,-0.08,115.0,364.0
1768640294.6770804,109020,0.0,-101.57,-0.08,115.0,364.0
1768640294.7009277,109040,0.0,-101.57,-0.01,115.0,364.0
1768640294.7194827,109060,0.0,-101.58,-0.13,115.0,364.0
1768640294.7372184,109080,0.0,-101.57,0.06,115.0,364.0
1768640294.7470367,109100,0.0,-101.57,0.52,115.0,364.0
1768640294.767043,109120,0.0,-101.56,-0.01,115.0,364.0
1768640294.8008668,109140,0.0,-101.56,0.06,115.0,364.0
1768640294.81176,109160,0.0,-101.56,0.09,115.0,364.0
1768640294.8447914,109180,0.0,-101.56,-0.01,115.0,364.0
1768640294.852765,109200,0.0,-101.56,-0.01,115.0,364.0
1768640294.8740294,109220,0.0,-101.56,0.32,115.0,364.0
1768640294.8954957,109240,0.0,-101.55,0.79,115.0,364.0
1768640294.905765,109260,0.0,-101.54,0.02,115.0,364.0
1768640294.935314,109280,0.0,-101.53,-0.27,115.0,364.0
1768640294.9607654,109300,0.0,-101.51,2.62,115.0,364.0
1768640294.9705155,109320,0.0,-101.49,0.66,115.0,364.0
1768640294.9948785,109340,0.0,-101.47,0.2,115.0,364.0
1768640295.004892,109360,0.0,-101.46,0.27,115.0,364.0
1768640295.0339026,109380,0.0,-101.45,2.44,115.0,364.0
1768640295.0633757,109400,0.0,-101.4,0.62,115.0,364.0
1768640295.067854,109420,0.0,-101.4,0.03,115.0,364.0
1768640295.0910046,109440,0.0,-101.4,0.01,115.0,364.0
1768640295.1196275,109460,0.0,-101.4,-0.01,115.0,364.0
1768640295.1303723,109480,0.0,-101.4,-0.01,115.0,364.0
1768640295.1522598,109500,0.0,-101.4,-0.03,115.0,364.0
1768640295.1629465,109520,0.0,-101.4,-0.01,115.0,364.0
1768640295.202715,109540,0.0,-101.4,-0.01,115.0,364.0
1768640295.2165725,109560,0.0,-101.4,-0.04,115.0,364.0
1768640295.240629,109580,0.0,-101.4,0.1,115.0,364.0
1768640295.2575343,109600,0.0,-101.4,-0.08,115.0,364.0
1768640295.2620864,109620,0.0,-101.4,0.13,115.0,364.0
1768640295.2907412,109640,0.0,-101.4,-0.01,115.0,364.0
1768640295.3243423,109660,0.0,-101.4,0.04,115.0,364.0
1768640295.33896,109680,0.0,-101.39,-0.01,115.0,364.0
1768640295.3588533,109700,0.0,-101.4,-0.08,115.0,364.0
1768640295.3774536,109720,0.0,-101.4,-0.08,115.0,364.0
1768640295.3867664,109740,0.0,-101.4,-0.01,115.0,364.0
1768640295.4086685,109760,0.0,-101.4,-0.08,115.0,364.0
1768640295.4257593,109780,0.0,-101.4,-0.01,115.0,364.0
1768640295.45738,109800,0.0,-101.4,-0.08,115.0,364.0
1768640295.4690433,109820,0.0,-101.4,-0.01,115.0,364.0
1768640295.4894598,109840,0.0,-101.4,0.06,115.0,364.0
1768640295.5084467,109860,0.0,-101.4,-0.05,115.0,364.0
1768640295.5316212,109880,0.0,-101.4,-0.06,115.0,364.0
1768640295.553438,109900,0.0,-101.4,0.06,115.0,364.0
1768640295.5633907,109920,0.0,-101.4,0.06,115.0,364.0
1768640295.597324,109940,0.0,-101.4,0.06,115.0,364.0
1768640295.6169248,109960,0.0,-101.4,-0.15,115.0,364.0
1768640295.6341684,109980,0.0,-101.4,-0.08,115.0,364.0
1768640295.6507006,110000,0.0,-101.4,-0.01,115.0,364.0
1768640295.66112,110020,0.0,-101.4,-0.08,115.0,364.0
1768640295.691831,110040,0.0,-101.4,-0.01,115.0,364.0
1768640295.7193735,110060,0.0,-101.4,-0.15,115.0,364.0
1768640295.7280288,110080,0.0,-101.4,-0.01,115.0,364.0
1768640295.7493863,110100,0.0,-101.4,-0.06,115.0,364.0
1768640295.77968,110120,0.0,-101.4,-0.08,115.0,364.0
1768640295.7910461,110140,0.0,-101.4,-0.08,115.0,364.0
1768640295.809941,110160,0.0,-101.4,0.03,115.0,364.0
1768640295.8270218,110180,0.0,-101.4,-0.08,115.0,364.0
1768640295.875493,110200,0.0,-101.4,0.06,115.0,364.0
1768640295.8797848,110220,0.0,-101.4,-0.15,115.0,364.0
1768640295.9005945,110240,0.0,-101.4,-0.01,115.0,364.0
1768640295.9079177,110260,0.0,-101.4,-0.08,115.0,364.0
1768640295.9319394,110280,0.0,-101.4,-0.01,115.0,364.0
1768640295.9540212,110300,0.0,-101.4,0.02,115.0,364.0
1768640295.9645853,110320,0.0,-101.4,-0.01,115.0,364.0
1768640295.9896085,110340,0.0,-101.4,-0.08,115.0,364.0
1768640296.0243034,110360,0.0,-101.4,0.03,115.0,364.0
1768640296.0314794,110380,0.0,-101.4,-0.01,115.0,364.0
1768640296.054518,110400,0.0,-101.4,-0.08,115.0,364.0
1768640296.066456,110420,0.0,-101.4,-0.01,115.0,364.0
1768640296.0927076,110440,0.0,-101.38,0.97,115.0,364.0
1768640296.1148317,110460,0.0,-101.4,-1.34,115.0,364.0
1768640296.1250024,110480,0.0,-101.42,-0.24,115.0,364.0
1768640296.1569467,110500,0.0,-101.4,1.98,115.0,364.0
1768640296.178826,110520,0.0,-101.28,7.69,115.0,364.0
1768640296.1907156,110540,0.0,-101.24,1.35,115.0,364.0
1768640296.2117684,110560,0.0,-101.21,1.74,115.0,364.0
1768640296.2232091,110580,0.0,-101.16,2.4,115.0,364.0
1768640296.2530594,110600,0.0,-101.13,0.16,115.0,364.0
1768640296.2872767,110620,0.0,-101.12,1.14,115.0,364.0
1768640296.2902987,110640,0.0,-101.1,0.2,115.0,364.0
1768640296.316871,110660,0.0,-101.1,0.06,115.0,364.0
1768640296.3455925,110680,0.0,-101.1,0.06,115.0,364.0
1768640296.35029,110700,0.0,-101.1,-0.06,115.0,364.0
1768640296.3717551,110720,0.0,-101.1,0.03,115.0,364.0
1768640296.3821428,110740,0.0,-101.1,-0.01,115.0,364.0
1768640296.4135468,110760,0.0,-101.1,-0.15,115.0,364.0
1768640296.437752,110780,0.0,-101.1,-0.08,115.0,364.0
1768640296.4473567,110800,0.0,-101.1,-0.01,115.0,364.0
1768640296.4777234,110820,0.0,-101.1,-0.08,115.0,364.0
1768640296.5008216,110840,0.0,-101.1,-0.08,115.0,364.0
1768640296.5100555,110860,0.0,-101.1,-0.08,115.0,364.0
1768640296.5322096,110880,0.0,-101.1,-0.01,115.0,364.0
1768640296.5427942,110900,0.0,-101.1,-0.08,115.0,364.0
1768640296.5752077,110920,0.0,-101.1,0.01,115.0,364.0
1768640296.5966935,110940,0.0,-101.1,-0.01,115.0,364.0
1768640296.612467,110960,0.0,-101.1,-0.01,115.0,364.0
1768640296.6339424,110980,0.0,-101.1,-0.01,115.0,364.0
1768640296.6599283,111000,0.0,-101.1,-0.08,115.0,364.0
1768640296.6700196,111020,0.0,-101.1,0.06,115.0,364.0
1768640296.693826,111040,0.0,-101.1,-0.04,115.0,364.0
1768640296.7149808,111060,0.0,-101.1,-0.01,115.0,364.0
1768640296.7376595,111080,0.0,-101.1,-0.01,115.0,364.0
1768640296.7595167,111100,0.0,-101.1,-0.01,115.0,364.0
1768640296.7704709,111120,0.0,-101.1,0.13,115.0,364.0
1768640296.7892177,111140,0.0,-101.1,-0.08,115.0,364.0
1768640296.7996294,111160,0.0,-101.1,0.03,115.0,364.0
1768640296.8322392,111180,0.0,-101.07,0.8,115.0,364.0
1768640296.8527699,111200,0.0,-101.07,0.3,115.0,364.0
1768640296.8664188,111220,0.0,-101.06,0.34,115.0,364.0
1768640296.8882313,111240,0.0,-101.04,0.31,115.0,364.0
1768640296.917061,111260,0.0,-101.04,1.14,115.0,364.0
1768640296.9274235,111280,0.0,-101.02,0.06,115.0,364.0
1768640296.955044,111300,0.0,-101.02,-0.08,115.0,364.0
1768640296.9743974,111320,0.0,-101.02,-0.01,115.0,364.0
1768640296.99695,111340,0.0,-101.01,0.79,115.0,364.0
1768640297.015881,111360,0.0,-101.01,-0.15,115.0,364.0
1768640297.0246806,111380,0.0,-101.01,-0.08,115.0,364.0
1768640297.0462906,111400,0.0,-101.01,-0.08,115.0,364.0
1768640297.0789762,111420,0.0,-101.01,-0.08,115.0,364.0
1768640297.0889394,111440,0.0,-101.01,-0.01,115.0,364.0
1768640297.1216195,111460,0.0,-101.01,-0.05,115.0,364.0
1768640297.1269422,111480,0.0,-101.01,0.06,115.0,364.0
1768640297.1517134,111500,0.0,-101.01,-0.01,115.0,364.0
1768640297.173885,111520,0.0,-101.01,-0.01,115.0,364.0
1768640297.1841252,111540,0.0,-101.01,0.06,115.0,364.0
1768640297.2158093,111560,0.0,-101.01,-0.08,115.0,364.0
1768640297.2422714,111580,0.0,-101.01,-0.04,115.0,364.0
1768640297.2496603,111600,0.0,-101.01,-0.01,115.0,364.0
1768640297.271165,111620,0.0,-101.01,-0.08,115.0,364.0
1768640297.2836185,111640,0.0,-101.01,-0.08,115.0,364.0
1768640297.311962,111660,0.0,-101.02,-0.15,115.0,364.0
1768640297.3409173,111680,0.0,-101.02,-0.01,115.0,364.0
1768640297.3474092,111700,0.0,-101.02,-0.11,115.0,364.0
1768640297.3835967,111720,0.0,-101.02,0.03,115.0,364.0
1768640297.3992586,111740,0.0,-101.02,0.04,115.0,364.0
1768640297.4109201,111760,0.0,-101.02,-0.04,115.0,364.0
1768640297.4309468,111780,0.0,-101.02,-0.01,115.0,364.0
1768640297.4417553,111800,0.0,-101.02,0.06,115.0,364.0
1768640297.481751,111820,0.0,-101.02,-0.08,115.0,364.0
1768640297.5009453,111840,0.0,-101.02,-0.01,115.0,364.0
1768640297.5153437,111860,0.0,-101.02,-0.08,115.0,364.0
1768640297.5256524,111880,0.0,-101.02,-0.08,115.0,364.0
1768640297.5531309,111900,0.0,-101.02,-0.08,115.0,364.0
1768640297.5750124,111920,0.0,-101.02,0.06,115.0,364.0
1768640297.5851457,111940,0.0,-101.02,-0.01,115.0,364.0
1768640297.6109688,111960,0.0,-101.02,-0.03,115.0,364.0
1768640297.6403494,111980,0.0,-101.02,-0.08,115.0,364.0
1768640297.6579807,112000,0.0,-101.02,-0.01,115.0,364.0
1768640297.6734626,112020,0.0,-101.02,-0.15,115.0,364.0
1768640297.6856246,112040,0.0,-101.02,-0.01,115.0,364.0
1768640297.8661597,112100,0.0,-101.01,0.34,115.0,364.0
1768640297.8667586,112120,0.0,-101.01,0.18,115.0,364.0
1768640297.867319,112140,0.0,-101.0,0.31,115.0,364.0
1768640297.8678637,112160,0.0,-101.0,-0.01,115.0,364.0
1768640297.8685753,112180,0.0,-101.0,-0.06,115.0,364.0
1768640297.8689973,112200,0.0,-101.0,-0.01,115.0,364.0
1768640297.873477,112220,0.0,-101.0,-0.15,115.0,364.0
1768640297.9036775,112240,0.0,-101.0,-0.22,115.0,364.0
1768640297.908091,112260,0.0,-101.02,-1.72,115.0,364.0
1768640297.9427998,112280,0.0,-101.03,-0.47,115.0,364.0
1768640297.9684496,112300,0.0,-101.01,0.55,115.0,364.0
1768640297.9834218,112320,0.0,-101.0,1.35,115.0,364.0
1768640297.995051,112340,0.0,-100.96,2.83,115.0,364.0
1768640298.0057216,112360,0.0,-100.85,5.06,115.0,364.0
1768640298.0341747,112380,0.0,-100.71,7.27,115.0,364.0
1768640298.05593,112400,0.0,-100.63,2.91,115.0,364.0
1768640298.0794852,112420,0.0,-100.57,0.27,115.0,364.0
1768640298.0886815,112440,0.0,-100.56,0.41,115.0,364.0
1768640298.123138,112460,0.0,-100.55,0.13,115.0,364.0
1768640298.1447005,112480,0.0,-100.55,1.32,115.0,364.0
1768640298.1551611,112500,0.0,-100.52,0.86,115.0,364.0
1768640298.1687837,112520,0.0,-100.51,0.55,115.0,364.0
1768640298.1854413,112540,0.0,-100.5,0.38,115.0,364.0
1768640298.2168698,112560,0.0,-100.49,0.81,115.0,364.0
1768640298.2267373,112580,0.0,-100.48,0.27,115.0,364.0
1768640298.2547188,112600,0.0,-100.48,0.2,115.0,364.0
1768640298.2633524,112620,0.0,-100.48,-0.15,115.0,364.0
1768640298.2997875,112640,0.0,-100.48,-0.15,115.0,364.0
1768640298.3164394,112660,0.0,-100.48,-0.01,115.0,364.0
1768640298.3313868,112680,0.0,-100.48,0.06,115.0,364.0
1768640298.346863,112700,0.0,-100.48,-0.01,115.0,364.0
1768640298.3713858,112720,0.0,-100.48,0.06,115.0,364.0
1768640298.393134,112740,0.0,-100.47,0.97,115.0,364.0
1768640298.4206872,112760,0.0,-100.43,2.86,115.0,364.0
1768640298.431514,112780,0.0,-100.38,2.09,115.0,364.0
1768640298.4586852,112800,0.0,-100.34,1.77,115.0,364.0
1768640298.472415,112820,0.0,-100.33,0.23,115.0,364.0
1768640298.4905796,112840,0.0,-100.33,-0.11,115.0,364.0
1768640298.503352,112860,0.0,-100.33,0.06,115.0,364.0
1768640298.5316086,112880,0.0,-100.33,-0.08,115.0,364.0
1768640298.57302,112900,0.0,-100.33,-0.01,115.0,364.0
1768640298.581316,112920,0.0,-100.33,-0.01,115.0,364.0
1768640298.6107583,112940,0.0,-100.33,0.03,115.0,364.0
1768640298.620296,112960,0.0,-100.32,-0.01,115.0,364.0
1768640298.6420329,112980,0.0,-100.32,-0.01,115.0,364.0
1768640298.6513245,113000,0.0,-100.33,-0.03,115.0,364.0
1768640298.664592,113020,0.0,-100.33,-0.15,115.0,364.0
1768640298.691633,113040,0.0,-100.33,-0.15,115.0,364.0
1768640298.7142591,113060,0.0,-100.33,0.1,115.0,364.0
1768640298.7373588,113080,0.0,-100.33,-0.08,115.0,364.0
1768640298.7470489,113100,0.0,-100.33,-0.01,115.0,364.0
1768640298.783796,113120,0.0,-100.33,0.03,115.0,364.0
1768640298.7942345,113140,0.0,-100.33,0.03,115.0,364.0
1768640298.8138363,113160,0.0,-100.33,-0.08,115.0,364.0
1768640298.8208842,113180,0.0,-100.33,-0.08,115.0,364.0
1768640298.8526828,113200,0.0,-100.33,-0.01,115.0,364.0
1768640298.874573,113220,0.0,-100.33,-0.01,115.0,364.0
1768640298.8845506,113240,0.0,-100.33,-0.01,115.0,364.0
1768640298.9073927,113260,0.0,-100.33,-0.01,115.0,364.0
1768640298.9381528,113280,0.0,-100.33,-0.01,115.0,364.0
1768640298.9654408,113300,0.0,-100.33,-0.08,115.0,364.0
1768640298.9738443,113320,0.0,-100.33,-0.08,115.0,364.0
1768640298.9971547,113340,0.0,-100.33,-0.08,115.0,364.0
1768640299.014147,113360,0.0,-100.33,0.06,115.0,364.0
1768640299.039402,113380,0.0,-100.33,-0.08,115.0,364.0
1768640299.046681,113400,0.0,-100.33,-0.08,115.0,364.0
1768640299.0678627,113420,0.0,-100.33,-0.01,115.0,364.0
1768640299.098994,113440,0.0,-100.33,0.06,115.0,364.0
1768640299.1093016,113460,0.0,-100.33,-0.15,115.0,364.0
1768640299.1313288,113480,0.0,-100.33,-0.01,115.0,364.0
1768640299.1415927,113500,0.0,-100.33,0.09,115.0,364.0
1768640299.179313,113520,0.0,-100.33,-0.04,115.0,364.0
1768640299.1895244,113540,0.0,-100.33,-0.01,115.0,364.0
1768640299.2170067,113560,0.0,-100.33,-0.01,115.0,364.0
1768640299.2307048,113580,0.0,-100.33,0.06,115.0,364.0
1768640299.260529,113600,0.0,-100.33,-0.01,115.0,364.0
1768640299.2801788,113620,0.0,-100.33,-0.08,115.0,364.0
1768640299.2907155,113640,0.0,-100.33,-0.01,115.0,364.0
1768640299.3094006,113660,0.0,-100.33,-0.01,115.0,364.0
1768640299.3396752,113680,0.0,-100.33,-0.01,115.0,364.0
1768640299.3497095,113700,0.0,-100.33,-0.08,115.0,364.0
1768640299.3717544,113720,0.0,-100.33,-0.01,115.0,364.0
1768640299.382497,113740,0.0,-100.33,-0.01,115.0,364.0
1768640299.4166212,113760,0.0,-100.33,-0.08,115.0,364.0
1768640299.4372847,113780,0.0,-100.33,-0.01,115.0,364.0
1768640299.4459338,113800,0.0,-100.33,-0.01,115.0,364.0
1768640299.4691613,113820,0.0,-100.33,0.04,115.0,364.0
1768640299.5007575,113840,0.0,-100.3,3.07,115.0,364.0
1768640299.5101306,113860,0.0,-100.28,-0.11,115.0,364.0
1768640299.5321333,113880,0.0,-100.28,0.06,115.0,364.0
1768640299.542581,113900,0.0,-100.28,0.79,115.0,364.0
1768640299.574679,113920,0.0,-100.26,-0.18,115.0,364.0
1768640299.6034038,113940,0.0,-100.27,-0.01,115.0,364.0
1768640299.6077511,113960,0.0,-100.26,-0.01,115.0,364.0
1768640299.6338165,113980,0.0,-100.26,-0.01,115.0,364.0
1768640299.6548357,114000,0.0,-100.27,-0.36,115.0,364.0
1768640299.6765854,114020,0.0,-100.28,-1.72,115.0,364.0
1768640299.6869383,114040,0.0,-100.32,0.67,115.0,364.0
1768640299.708638,114060,0.0,-100.3,2.61,115.0,364.0
1768640299.7327585,114080,0.0,-100.22,4.05,115.0,364.0
1768640299.75791,114100,0.0,-100.17,0.48,115.0,364.0
1768640299.7819264,114120,0.0,-100.16,0.13,115.0,364.0
1768640299.7889261,114140,0.0,-100.16,-0.15,115.0,364.0
1768640299.8056872,114160,0.0,-100.18,-2.08,115.0,364.0
1768640299.836807,114180,0.0,-100.2,0.09,115.0,364.0
1768640299.859612,114200,0.0,-100.2,0.48,115.0,364.0
1768640299.872768,114220,0.0,-100.19,0.3,115.0,364.0
1768640299.8920524,114240,0.0,-100.18,0.59,115.0,364.0
1768640299.9273872,114260,0.0,-100.17,0.5,115.0,364.0
1768640299.9383867,114280,0.0,-100.16,0.34,115.0,364.0
1768640299.9433851,114300,0.0,-100.16,0.03,115.0,364.0
1768640299.9710743,114320,0.0,-100.16,-0.01,115.0,364.0
1768640299.9975302,114340,0.0,-100.15,0.83,115.0,364.0
1768640300.0079625,114360,0.0,-100.12,1.18,115.0,364.0
1768640300.0298743,114380,0.0,-100.12,0.76,115.0,364.0
1768640300.0400755,114400,0.0,-100.11,0.13,115.0,364.0
1768640300.0860841,114420,0.0,-100.11,0.06,115.0,364.0
1768640300.097099,114440,0.0,-100.11,0.09,115.0,364.0
1768640300.1259773,114460,0.0,-100.1,0.09,115.0,364.0
1768640300.1396196,114480,0.0,-100.1,-0.01,115.0,364.0
1768640300.1614323,114500,0.0,-100.1,-0.08,115.0,364.0
1768640300.17646,114520,0.0,-100.1,-0.04,115.0,364.0
1768640300.1929765,114540,0.0,-100.1,-0.01,115.0,364.0
1768640300.2044,114560,0.0,-100.1,-0.01,115.0,364.0
1768640300.232313,114580,0.0,-100.1,-0.01,115.0,364.0
1768640300.2543736,114600,0.0,-100.1,0.06,115.0,364.0
1768640300.2646499,114620,0.0,-100.1,-0.11,115.0,364.0
1768640300.3043623,114640,0.0,-100.1,0.06,115.0,364.0
1768640300.3206072,114660,0.0,-100.1,-0.01,115.0,364.0
1768640300.3403854,114680,0.0,-100.1,-0.01,115.0,364.0
1768640300.3545792,114700,0.0,-100.1,0.06,115.0,364.0
1768640300.3777683,114720,0.0,-100.1,-0.08,115.0,364.0
1768640300.393798,114740,0.0,-100.1,-0.01,115.0,364.0
1768640300.4167185,114760,0.0,-100.1,-0.04,115.0,364.0
1768640300.4249797,114780,0.0,-100.1,-0.01,115.0,364.0
1768640300.4477901,114800,0.0,-100.1,-0.01,115.0,364.0
1768640300.4789863,114820,0.0,-100.1,-0.01,115.0,364.0
1768640300.5096724,114840,0.0,-100.1,-0.08,115.0,364.0
1768640300.5183022,114860,0.0,-100.1,-0.01,115.0,364.0
1768640300.5222747,114880,0.0,-100.1,-0.01,115.0,364.0
1768640300.555706,114900,0.0,-100.1,-0.01,115.0,364.0
1768640300.579468,114920,0.0,-100.1,-0.08,115.0,364.0
1768640300.5911994,114940,0.0,-100.1,0.06,115.0,364.0
1768640300.609932,114960,0.0,-100.1,0.06,115.0,364.0
1768640300.6395361,114980,0.0,-100.1,0.06,115.0,364.0
1768640300.6496775,115000,0.0,-100.1,-0.01,115.0,364.0
1768640300.671815,115020,0.0,-100.1,-0.08,115.0,364.0
1768640300.683782,115040,0.0,-100.1,0.03,115.0,364.0
1768640300.7321012,115060,0.0,-100.1,-0.01,115.0,364.0
1768640300.754949,115080,0.0,-100.1,-0.08,115.0,364.0
1768640300.7555907,115100,0.0,-100.1,0.06,115.0,364.0
1768640300.7853897,115120,0.0,-100.1,-0.01,115.0,364.0
1768640300.7993872,115140,0.0,-100.1,-0.05,115.0,364.0
1768640300.8109753,115160,0.0,-100.1,-0.04,115.0,364.0
1768640300.83213,115180,0.0,-100.1,-0.22,115.0,364.0
1768640300.842908,115200,0.0,-100.1,-0.08,115.0,364.0
1768640300.8741918,115220,0.0,-100.1,0.03,115.0,364.0
1768640300.91257,115240,0.0,-100.1,-0.01,115.0,364.0
1768640300.9258049,115260,0.0,-100.1,0.13,115.0,364.0
1768640300.9480681,115280,0.0,-100.1,0.06,115.0,364.0
1768640300.9603698,115300,0.0,-100.1,0.04,115.0,364.0
1768640300.977689,115320,0.0,-100.1,-0.01,115.0,364.0
1768640300.9923837,115340,0.0,-100.1,-0.05,115.0,364.0
1768640301.0046408,115360,0.0,-100.1,-0.08,115.0,364.0
1768640301.0341394,115380,0.0,-100.1,-0.08,115.0,364.0
1768640301.0567126,115400,0.0,-100.1,0.24,115.0,364.0
1768640301.0669553,115420,0.0,-100.06,2.12,115.0,364.0
1768640301.088342,115440,0.0,-100.05,-0.22,115.0,364.0
1768640301.099632,115460,0.0,-100.05,-0.08,115.0,364.0
1768640301.1368845,115480,0.0,-100.05,-0.08,115.0,364.0
1768640301.1603382,115500,0.0,-100.05,0.06,115.0,364.0
1768640301.166076,115520,0.0,-100.05,-0.01,115.0,364.0
1768640301.1898904,115540,0.0,-100.05,-0.08,115.0,364.0
1768640301.2185037,115560,0.0,-100.05,-0.01,115.0,364.0
1768640301.228088,115580,0.0,-100.05,-0.01,115.0,364.0
1768640301.2494078,115600,0.0,-100.05,-0.12,115.0,364.0
1768640301.25983,115620,0.0,-100.07,-1.41,115.0,364.0
1768640301.2913334,115640,0.0,-100.08,-0.01,115.0,364.0
1768640301.330528,115660,0.0,-100.08,-0.01,115.0,364.0
1768640301.3388088,115680,0.0,-100.08,-0.03,115.0,364.0
1768640301.364993,115700,0.0,-100.08,-0.01,115.0,364.0
1768640301.3775434,115720,0.0,-100.08,-0.08,115.0,364.0
1768640301.4082818,115740,0.0,-100.08,-0.08,115.0,364.0
1768640301.4196339,115760,0.0,-100.08,-0.08,115.0,364.0
1768640301.4229493,115780,0.0,-100.08,-0.15,115.0,364.0
1768640301.4518287,115800,0.0,-100.09,-0.04,115.0,364.0
1768640301.4733763,115820,0.0,-100.09,-0.04,115.0,364.0
1768640301.483487,115840,0.0,-100.08,0.83,115.0,364.0
1768640301.5060287,115860,0.0,-100.07,0.06,115.0,364.0
1768640301.5378854,115880,0.0,-100.06,0.97,115.0,364.0
1768640301.561523,115900,0.0,-99.99,2.28,115.0,364.0
1768640301.573673,115920,0.0,-99.95,0.55,115.0,364.0
1768640301.5823774,115940,0.0,-99.95,0.2,115.0,364.0
1768640301.62444,115960,0.0,-99.95,-0.04,115.0,364.0
1768640301.6353838,115980,0.0,-99.95,-0.08,115.0,364.0
1768640301.6460338,116000,0.0,-99.95,-0.01,115.0,364.0
1768640301.667899,116020,0.0,-99.95,-0.01,115.0,364.0
1768640301.6982634,116040,0.0,-99.94,0.59,115.0,364.0
1768640301.708392,116060,0.0,-99.93,-0.01,115.0,364.0
1768640301.730307,116080,0.0,-99.93,0.06,115.0,364.0
1768640301.7696335,116100,0.0,-99.93,-0.01,115.0,364.0
1768640301.7792854,116120,0.0,-99.93,0.2,115.0,364.0
1768640301.8123548,116140,0.0,-99.93,0.06,115.0,364.0
1768640301.820751,116160,0.0,-99.93,-0.01,115.0,364.0
1768640301.8390486,116180,0.0,-99.93,-0.15,115.0,364.0
1768640301.8594487,116200,0.0,-99.93,-0.01,115.0,364.0
1768640301.8681936,116220,0.0,-99.92,0.16,115.0,364.0
1768640301.895214,116240,0.0,-99.92,0.16,115.0,364.0
1768640301.9003775,116260,0.0,-99.92,-0.08,115.0,364.0
1768640301.9328766,116280,0.0,-99.92,-0.06,115.0,364.0
1768640301.9881501,116300,0.0,-99.92,0.03,115.0,364.0
1768640302.0039036,116320,0.0,-99.92,-0.15,115.0,364.0
1768640302.0388384,116340,0.0,-99.92,0.78,115.0,364.0
1768640302.0691273,116360,0.0,-99.84,5.17,115.0,364.0
1768640302.090053,116380,0.0,-99.78,1.28,115.0,364.0
1768640302.0965724,116400,0.0,-99.77,-0.08,115.0,364.0
1768640302.1001627,116420,0.0,-99.77,0.24,115.0,364.0
1768640302.1021132,116440,0.0,-99.77,-0.01,115.0,364.0
1768640302.1202261,116460,0.0,-99.77,-0.05,115.0,364.0
1768640302.1295855,116480,0.0,-99.77,-0.01,115.0,364.0
1768640302.1478198,116500,0.0,-99.77,-0.01,115.0,364.0
1768640302.179421,116520,0.0,-99.77,-0.01,115.0,364.0
1768640302.208681,116540,0.0,-99.77,0.03,115.0,364.0
1768640302.2437127,116560,0.0,-99.77,0.1,115.0,364.0
1768640302.2575674,116580,0.0,-99.76,0.06,115.0,364.0
1768640302.2762542,116600,0.0,-99.76,-0.08,115.0,364.0
1768640302.283835,116620,0.0,-99.76,0.1,115.0,364.0
1768640302.2943661,116640,0.0,-99.76,-0.08,115.0,364.0
1768640302.306072,116660,0.0,-99.76,0.13,115.0,364.0
1768640302.333874,116680,0.0,-99.76,-0.01,115.0,364.0
1768640302.3563523,116700,0.0,-99.76,-0.15,115.0,364.0
1768640302.366184,116720,0.0,-99.76,-0.08,115.0,364.0
1768640302.3888798,116740,0.0,-99.76,-0.01,115.0,364.0
1768640302.420224,116760,0.0,-99.76,-0.01,115.0,364.0
1768640302.4301925,116780,0.0,-99.76,0.03,115.0,364.0
1768640302.4741786,116800,0.0,-99.76,-0.01,115.0,364.0
1768640302.479238,116820,0.0,-99.76,0.06,115.0,364.0
1768640302.4950092,116840,0.0,-99.76,0.06,115.0,364.0
1768640302.5231545,116860,0.0,-99.76,-0.08,115.0,364.0
1768640302.5532079,116880,0.0,-99.76,0.06,115.0,364.0
1768640302.5587976,116900,0.0,-99.76,-0.01,115.0,364.0
1768640302.5645888,116920,0.0,-99.76,-0.05,115.0,364.0
1768640302.5939014,116940,0.0,-99.76,-0.01,115.0,364.0
1768640302.6128986,116960,0.0,-99.76,-0.01,115.0,364.0
1768640302.6231585,116980,0.0,-99.76,-0.57,115.0,364.0
1768640302.645376,117000,0.0,-99.81,-2.67,115.0,364.0
1768640302.6804185,117020,0.0,-99.85,-1.06,115.0,364.0
1768640302.6918569,117040,0.0,-99.85,-0.08,115.0,364.0
1768640302.7234933,117060,0.0,-99.85,0.13,115.0,364.0
1768640302.7423365,117080,0.0,-99.85,-0.05,115.0,364.0
1768640302.7537315,117100,0.0,-99.86,-0.01,115.0,364.0
1768640302.7762413,117120,0.0,-99.87,-1.79,115.0,364.0
1768640302.7850459,117140,0.0,-99.88,-0.11,115.0,364.0
1768640302.8054178,117160,0.0,-99.88,-0.06,115.0,364.0
1768640302.847637,117180,0.0,-99.88,-0.01,115.0,364.0
1768640302.8515286,117200,0.0,-99.88,-0.01,115.0,364.0
1768640302.8816965,117220,0.0,-99.88,0.06,115.0,364.0
1768640302.8902209,117240,0.0,-99.88,-0.08,115.0,364.0
1768640302.913081,117260,0.0,-99.88,-0.04,115.0,364.0
1768640302.9337175,117280,0.0,-99.88,-0.08,115.0,364.0
1768640302.9436483,117300,0.0,-99.88,-0.08,115.0,364.0
1768640302.9659934,117320,0.0,-99.88,-0.06,115.0,364.0
1768640303.0151312,117340,0.0,-99.88,-0.01,115.0,364.0
1768640303.0260718,117360,0.0,-99.89,-0.04,115.0,364.0
1768640303.0480988,117380,0.0,-99.88,-0.03,115.0,364.0
1768640303.0674274,117400,0.0,-99.88,0.06,115.0,364.0
1768640303.093728,117420,0.0,-99.88,0.06,115.0,364.0
1768640303.0983431,117440,0.0,-99.88,0.06,115.0,364.0
1768640303.1061954,117460,0.0,-99.88,-0.01,115.0,364.0
1768640303.1287863,117480,0.0,-99.88,0.06,115.0,364.0
1768640303.1576114,117500,0.0,-99.88,-0.11,115.0,364.0
1768640303.1678808,117520,0.0,-99.88,-0.01,115.0,364.0
1768640303.1904287,117540,0.0,-99.88,0.04,115.0,364.0
1768640303.2007136,117560,0.0,-99.88,0.02,115.0,364.0
1768640303.2394264,117580,0.0,-99.88,-0.15,115.0,364.0
1768640303.2581947,117600,0.0,-99.88,0.06,115.0,364.0
1768640303.275847,117620,0.0,-99.88,-0.01,115.0,364.0
1768640303.3000536,117640,0.0,-99.88,0.06,115.0,364.0
1768640303.3221881,117660,0.0,-99.88,-0.05,115.0,364.0
1768640303.33082,117680,0.0,-99.88,-0.01,115.0,364.0
1768640303.3505223,117700,0.0,-99.88,-0.08,115.0,364.0
1768640303.3608458,117720,0.0,-99.88,-0.01,115.0,364.0
1768640303.3929102,117740,0.0,-99.88,-0.08,115.0,364.0
1768640303.4155536,117760,0.0,-99.88,-0.01,115.0,364.0
1768640303.4258862,117780,0.0,-99.88,0.13,115.0,364.0
1768640303.455771,117800,0.0,-99.88,0.06,115.0,364.0
1768640303.4809682,117820,0.0,-99.88,-0.01,115.0,364.0
1768640303.4925797,117840,0.0,-99.89,-0.78,115.0,364.0
1768640303.5112743,117860,0.0,-99.89,0.03,115.0,364.0
1768640303.5249946,117880,0.0,-99.89,0.93,115.0,364.0
1768640303.5532424,117900,0.0,-99.9,-2.88,115.0,364.0
1768640303.575536,117920,0.0,-99.95,-0.36,115.0,364.0
1768640303.5858948,117940,0.0,-99.95,-0.08,115.0,364.0
1768640303.6075866,117960,0.0,-99.94,0.06,115.0,364.0
1768640303.639547,117980,0.0,-99.95,-1.8,115.0,364.0
1768640303.673139,118000,0.0,-100.05,-3.4,115.0,364.0
1768640303.683286,118020,0.0,-100.09,0.24,115.0,364.0
1768640303.687924,118040,0.0,-100.08,1.21,115.0,364.0
1768640303.7291267,118060,0.0,-100.01,2.37,115.0,364.0
1768640303.7508101,118080,0.0,-100.01,-0.01,115.0,364.0
1768640303.7587194,118100,0.0,-100.01,-0.04,115.0,364.0
1768640303.7699878,118120,0.0,-100.01,-0.01,115.0,364.0
1768640303.802738,118140,0.0,-100.01,0.2,115.0,364.0
1768640303.8101249,118160,0.0,-100.0,0.31,115.0,364.0
1768640303.8318832,118180,0.0,-99.99,-0.01,115.0,364.0
1768640303.8421574,118200,0.0,-99.99,0.13,115.0,364.0
1768640303.8743827,118220,0.0,-99.99,0.06,115.0,364.0
1768640303.8964894,118240,0.0,-99.99,-0.08,115.0,364.0
1768640303.9253125,118260,0.0,-99.99,0.31,115.0,364.0
1768640303.93093,118280,0.0,-99.98,0.06,115.0,364.0
1768640303.9403605,118300,0.0,-99.98,0.27,115.0,364.0
1768640303.9884403,118320,0.0,-99.98,0.13,115.0,364.0
1768640304.0143478,118340,0.0,-99.98,-0.08,115.0,364.0
1768640304.0241392,118360,0.0,-99.97,0.13,115.0,364.0
1768640304.028809,118380,0.0,-99.97,0.16,115.0,364.0
1768640304.0578372,118400,0.0,-99.97,-0.08,115.0,364.0
1768640304.0664167,118420,0.0,-99.97,-0.01,115.0,364.0
1768640304.0891614,118440,0.0,-99.97,-0.08,115.0,364.0
1768640304.0993807,118460,0.0,-99.97,0.1,115.0,364.0
1768640304.1311116,118480,0.0,-99.9,5.59,115.0,364.0
1768640304.1552236,118500,0.0,-99.82,1.88,115.0,364.0
1768640304.1653812,118520,0.0,-99.82,-0.08,115.0,364.0
1768640304.1967895,118540,0.0,-99.82,-0.04,115.0,364.0
1768640304.2236972,118560,0.0,-99.82,0.06,115.0,364.0
1768640304.2362933,118580,0.0,-99.82,-0.03,115.0,364.0
1768640304.254596,118600,0.0,-99.82,-0.01,115.0,364.0
1768640304.2662969,118620,0.0,-99.82,-0.01,115.0,364.0
1768640304.2915037,118640,0.0,-99.81,1.14,115.0,364.0
1768640304.3130755,118660,0.0,-99.78,0.55,115.0,364.0
1768640304.323294,118680,0.0,-99.77,0.24,115.0,364.0
1768640304.3458343,118700,0.0,-99.76,0.83,115.0,364.0
1768640304.3839128,118720,0.0,-99.76,-0.08,115.0,364.0
1768640304.3935187,118740,0.0,-99.76,0.06,115.0,364.0
1768640304.4184546,118760,0.0,-99.76,0.06,115.0,364.0
1768640304.445791,118780,0.0,-99.76,-0.04,115.0,364.0
1768640304.454999,118800,0.0,-99.75,-0.03,115.0,364.0
1768640304.4735827,118820,0.0,-99.76,-0.05,115.0,364.0
1768640304.4871912,118840,0.0,-99.76,0.06,115.0,364.0
1768640304.5067186,118860,0.0,-99.76,-0.01,115.0,364.0
1768640304.5382984,118880,0.0,-99.76,-0.01,115.0,364.0
1768640304.5483994,118900,0.0,-99.76,0.06,115.0,364.0
1768640304.5699863,118920,0.0,-99.75,-0.01,115.0,364.0
1768640304.5867996,118940,0.0,-99.75,-0.08,115.0,364.0
1768640304.6253202,118960,0.0,-99.76,-0.01,115.0,364.0
1768640304.6325989,118980,0.0,-99.76,-0.05,115.0,364.0
1768640304.6561778,119000,0.0,-99.76,-0.46,115.0,364.0
1768640304.6674166,119020,0.0,-99.76,-0.03,115.0,364.0
1768640304.6970787,119040,0.0,-99.76,0.06,115.0,364.0
1768640304.7159445,119060,0.0,-99.76,-0.08,115.0,364.0
1768640304.731151,119080,0.0,-99.76,-0.08,115.0,364.0
1768640304.7471173,119100,0.0,-99.76,0.06,115.0,364.0
1768640304.7788532,119120,0.0,-99.76,-0.01,115.0,364.0
1768640304.7892466,119140,0.0,-99.76,-0.01,115.0,364.0
1768640304.8287706,119160,0.0,-99.76,-0.01,115.0,364.0
1768640304.8405252,119180,0.0,-99.76,0.01,115.0,364.0
1768640304.8812861,119200,0.0,-99.76,-0.08,115.0,364.0
1768640304.907347,119220,0.0,-99.76,-0.01,115.0,364.0
1768640304.9215856,119240,0.0,-99.76,-0.06,115.0,364.0
1768640304.9287987,119260,0.0,-99.76,-0.01,115.0,364.0
1768640304.939897,119280,0.0,-99.76,0.13,115.0,364.0
1768640304.9489539,119300,0.0,-99.76,0.06,115.0,364.0
1768640304.9711664,119320,0.0,-99.76,-0.05,115.0,364.0
1768640304.9814925,119340,0.0,-99.76,0.03,115.0,364.0
1768640305.0128853,119360,0.0,-99.76,0.02,115.0,364.0
1768640305.0403912,119380,0.0,-99.76,-0.04,115.0,364.0
1768640305.050846,119400,0.0,-99.76,-0.08,115.0,364.0
1768640305.0871184,119420,0.0,-99.76,0.06,115.0,364.0
1768640305.1002548,119440,0.0,-99.76,-0.08,115.0,364.0
1768640305.1231358,119460,0.0,-99.76,-0.01,115.0,364.0
1768640305.1365812,119480,0.0,-99.76,-0.01,115.0,364.0
1768640305.1530628,119500,0.0,-99.76,0.02,115.0,364.0
1768640305.1738305,119520,0.0,-99.76,-0.08,115.0,364.0
1768640305.19593,119540,0.0,-99.76,-0.04,115.0,364.0
1768640305.2059922,119560,0.0,-99.76,-0.08,115.0,364.0
1768640305.2282166,119580,0.0,-99.76,0.06,115.0,364.0
1768640305.271598,119600,0.0,-99.76,-0.01,115.0,364.0
1768640305.276693,119620,0.0,-99.76,-0.01,115.0,364.0
1768640305.3116605,119640,0.0,-99.76,-0.01,115.0,364.0
1768640305.3333156,119660,0.0,-99.75,0.34,115.0,364.0
1768640305.3441563,119680,0.0,-99.74,1.08,115.0,364.0
1768640305.3574746,119700,0.0,-99.73,0.51,115.0,364.0
1768640305.3747714,119720,0.0,-99.72,0.1,115.0,364.0
1768640305.3883502,119740,0.0,-99.72,0.06,115.0,364.0
1768640305.4205897,119760,0.0,-99.72,-0.15,115.0,364.0
1768640305.4304845,119780,0.0,-99.72,0.02,115.0,364.0
1768640305.463346,119800,0.0,-99.72,-0.05,115.0,364.0
1768640305.479113,119820,0.0,-99.72,-0.04,115.0,364.0
1768640305.5152428,119840,0.0,-99.72,0.06,115.0,364.0
1768640305.5372612,119860,0.0,-99.72,-0.08,115.0,364.0
1768640305.5481992,119880,0.0,-99.72,-0.08,115.0,364.0
1768640305.5527017,119900,0.0,-99.72,-0.08,115.0,364.0
1768640305.5663407,119920,0.0,-99.72,-0.01,115.0,364.0
1768640305.5970337,119940,0.0,-99.72,-0.01,115.0,364.0
1768640305.6071525,119960,0.0,-99.72,0.06,115.0,364.0
1768640305.6369777,119980,0.0,-99.72,0.06,115.0,364.0
1768640305.653146,120000,0.0,-99.72,-0.01,115.0,364.0
1768640305.6766918,120020,0.0,-99.72,-0.01,115.0,364.0
1768640305.7069533,120040,0.0,-99.72,0.06,115.0,364.0
1768640305.7300828,120060,0.0,-99.72,-0.01,115.0,364.0
1768640305.7371578,120080,0.0,-99.72,-0.15,115.0,364.0
1768640305.7599576,120100,0.0,-99.72,-0.05,115.0,364.0
1768640305.7681022,120120,0.0,-99.72,-0.04,115.0,364.0
1768640305.7895522,120140,0.0,-99.72,0.06,115.0,364.0
1768640305.799669,120160,0.0,-99.72,-0.01,115.0,364.0
1768640305.831955,120180,0.0,-99.72,-0.08,115.0,364.0
1768640305.8716035,120200,0.0,-99.72,-0.01,115.0,364.0
1768640305.8842301,120220,0.0,-99.72,-0.01,115.0,364.0
1768640305.8905475,120240,0.0,-99.72,0.06,115.0,364.0
1768640305.926235,120260,0.0,-99.72,-0.11,115.0,364.0
1768640305.947114,120280,0.0,-99.72,-0.01,115.0,364.0
1768640305.9554074,120300,0.0,-99.72,-0.08,115.0,364.0
1768640305.9711933,120320,0.0,-99.72,0.06,115.0,364.0
1768640305.998641,120340,0.0,-99.72,-0.01,115.0,364.0
1768640306.00821,120360,0.0,-99.72,0.03,115.0,364.0
1768640306.0303028,120380,0.0,-99.72,-0.01,115.0,364.0
1768640306.0805905,120400,0.0,-99.72,-0.08,115.0,364.0
1768640306.0952866,120420,0.0,-99.72,0.06,115.0,364.0
1768640306.108263,120440,0.0,-99.72,0.06,115.0,364.0
1768640306.1400645,120460,0.0,-99.72,-0.01,115.0,364.0
1768640306.1552057,120480,0.0,-99.72,-0.08,115.0,364.0
1768640306.1626832,120500,0.0,-99.72,0.13,115.0,364.0
1768640306.1959975,120520,0.0,-99.72,0.06,115.0,364.0
1768640306.2095,120540,0.0,-99.72,-0.08,115.0,364.0
1768640306.213031,120560,0.0,-99.72,0.02,115.0,364.0
1768640306.2355113,120580,0.0,-99.72,-0.01,115.0,364.0
1768640306.2550678,120600,0.0,-99.72,0.06,115.0,364.0
1768640306.2649984,120620,0.0,-99.72,-0.01,115.0,364.0
1768640306.287612,120640,0.0,-99.72,-0.01,115.0,364.0
1768640306.32753,120660,0.0,-99.72,-0.01,115.0,364.0
1768640306.343082,120680,0.0,-99.72,0.13,115.0,364.0
1768640306.3667881,120700,0.0,-99.72,-0.01,115.0,364.0
1768640306.3821113,120720,0.0,-99.72,-0.01,115.0,364.0
1768640306.4058003,120740,0.0,-99.72,-0.08,115.0,364.0
1768640306.420253,120760,0.0,-99.72,0.06,115.0,364.0
1768640306.433118,120780,0.0,-99.72,-0.08,115.0,364.0
1768640306.4474578,120800,0.0,-99.72,-0.08,115.0,364.0
1768640306.479201,120820,0.0,-99.72,-0.01,115.0,364.0
1768640306.4892457,120840,0.0,-99.72,0.09,115.0,364.0
1768640306.5189404,120860,0.0,-99.72,0.13,115.0,364.0
1768640306.5293357,120880,0.0,-99.72,-0.01,115.0,364.0
1768640306.5697913,120900,0.0,-99.72,-0.01,115.0,364.0
1768640306.594208,120920,0.0,-99.72,-0.08,115.0,364.0
1768640306.6067252,120940,0.0,-99.72,0.09,115.0,364.0
1768640306.6090481,120960,0.0,-99.72,-0.01,115.0,364.0
1768640306.6406264,120980,0.0,-99.72,-0.01,115.0,364.0
1768640306.6498861,121000,0.0,-99.72,-0.01,115.0,364.0
1768640306.671902,121020,0.0,-99.72,0.06,115.0,364.0
1768640306.6829426,121040,0.0,-99.72,-0.1,115.0,364.0
1768640306.724719,121060,0.0,-99.72,-0.01,115.0,364.0
1768640306.7523582,121080,0.0,-99.72,-0.01,115.0,364.0
1768640306.7668917,121100,0.0,-99.72,0.06,115.0,364.0
1768640306.7935958,121120,0.0,-99.72,-0.01,115.0,364.0
1768640306.8043394,121140,0.0,-99.72,-0.08,115.0,364.0
1768640306.8124025,121160,0.0,-99.72,-0.01,115.0,364.0
1768640306.8346431,121180,0.0,-99.72,-0.01,115.0,364.0
1768640306.8427262,121200,0.0,-99.72,-0.01,115.0,364.0
1768640306.8741996,121220,0.0,-99.72,0.06,115.0,364.0
1768640306.9098933,121240,0.0,-99.72,0.06,115.0,364.0
1768640306.9188318,121260,0.0,-99.76,-4.21,115.0,364.0
1768640306.9233968,121280,0.0,-99.79,-0.04,115.0,364.0
1768640306.9772568,121300,0.0,-99.79,-0.08,115.0,364.0
1768640306.9996636,121320,0.0,-99.79,0.11,115.0,364.0
1768640307.0083525,121340,0.0,-99.78,1.77,115.0,364.0
1768640307.0123758,121360,0.0,-99.75,1.01,115.0,364.0
1768640307.0404563,121380,0.0,-99.71,1.28,115.0,364.0
1768640307.050619,121400,0.0,-99.66,2.96,115.0,364.0
1768640307.072736,121420,0.0,-99.65,-0.08,115.0,364.0
1768640307.0828226,121440,0.0,-99.64,0.06,115.0,364.0
1768640307.1294208,121460,0.0,-99.64,-0.01,115.0,364.0
1768640307.139128,121480,0.0,-99.64,-0.13,115.0,364.0
1768640307.1472514,121500,0.0,-99.64,-0.01,115.0,364.0
1768640307.1857555,121520,0.0,-99.64,-0.15,115.0,364.0
1768640307.220255,121540,0.0,-99.64,-0.01,115.0,364.0
1768640307.2248614,121560,0.0,-99.64,0.03,115.0,364.0
1768640307.23466,121580,0.0,-99.64,-0.18,115.0,364.0
1768640307.250336,121600,0.0,-99.64,-0.01,115.0,364.0
1768640307.2656338,121620,0.0,-99.64,-0.01,115.0,364.0
1768640307.2973115,121640,0.0,-99.64,-0.08,115.0,364.0
1768640307.3073564,121660,0.0,-99.64,0.1,115.0,364.0
1768640307.354623,121680,0.0,-99.64,0.06,115.0,364.0
1768640307.3649473,121700,0.0,-99.64,0.29,115.0,364.0
1768640307.3770156,121720,0.0,-99.63,-0.11,115.0,364.0
1768640307.4081163,121740,0.0,-99.64,-0.08,115.0,364.0
1768640307.4448717,121760,0.0,-99.63,-0.08,115.0,364.0
1768640307.4586024,121780,0.0,-99.63,-0.08,115.0,364.0
1768640307.4623806,121800,0.0,-99.64,-0.01,115.0,364.0
1768640307.4725707,121820,0.0,-99.64,-0.08,115.0,364.0
1768640307.4941545,121840,0.0,-99.64,-0.01,115.0,364.0
1768640307.4999242,121860,0.0,-99.64,-0.04,115.0,364.0
1768640307.5319386,121880,0.0,-99.64,-0.01,115.0,364.0
1768640307.554095,121900,0.0,-99.64,-0.01,115.0,364.0
1768640307.564241,121920,0.0,-99.64,-0.08,115.0,364.0
1768640307.5918057,121940,0.0,-99.64,-0.08,115.0,364.0
1768640307.6283288,121960,0.0,-99.64,0.16,115.0,364.0
1768640307.6392941,121980,0.0,-99.64,-0.01,115.0,364.0
1768640307.6602457,122000,0.0,-99.64,-0.01,115.0,364.0
1768640307.6693351,122020,0.0,-99.64,-0.01,115.0,364.0
1768640307.695566,122040,0.0,-99.64,0.06,115.0,364.0
1768640307.7145238,122060,0.0,-99.64,-0.01,115.0,364.0
1768640307.724561,122080,0.0,-99.64,-0.01,115.0,364.0
1768640307.7467535,122100,0.0,-99.64,-0.08,115.0,364.0
1768640307.7813432,122120,0.0,-99.64,-0.08,115.0,364.0
1768640307.789113,122140,0.0,-99.64,0.01,115.0,364.0
1768640307.8187761,122160,0.0,-99.64,-0.01,115.0,364.0
1768640307.8394468,122180,0.0,-99.64,0.13,115.0,364.0
1768640307.8532193,122200,0.0,-99.64,0.06,115.0,364.0
1768640307.8770385,122220,0.0,-99.64,-0.01,115.0,364.0
1768640307.8864717,122240,0.0,-99.64,-0.01,115.0,364.0
1768640307.9072814,122260,0.0,-99.64,-0.08,115.0,364.0
1768640307.9495237,122280,0.0,-99.64,-1.23,115.0,364.0
1768640307.968307,122300,0.0,-99.69,-0.78,115.0,364.0
1768640307.9812696,122320,0.0,-99.69,-0.57,115.0,364.0
1768640308.002763,122340,0.0,-99.71,-1.48,115.0,364.0
1768640308.0183773,122360,0.0,-99.75,-1.08,115.0,364.0
1768640308.037428,122380,0.0,-99.75,-0.04,115.0,364.0
1768640308.0492866,122400,0.0,-99.75,-0.01,115.0,364.0
1768640308.077668,122420,0.0,-99.75,-0.08,115.0,364.0
1768640308.0989592,122440,0.0,-99.75,-0.08,115.0,364.0
1768640308.109351,122460,0.0,-99.75,0.06,115.0,364.0
1768640308.131679,122480,0.0,-99.75,-0.01,115.0,364.0
1768640308.1419346,122500,0.0,-99.75,-0.01,115.0,364.0
1768640308.1896677,122520,0.0,-99.75,-0.08,115.0,364.0
1768640308.200588,122540,0.0,-99.75,-0.08,115.0,364.0
1768640308.2079446,122560,0.0,-99.75,-0.01,115.0,364.0
1768640308.2344966,122580,0.0,-99.76,-0.15,115.0,364.0
1768640308.2602656,122600,0.0,-99.76,-0.29,115.0,364.0
1768640308.270496,122620,0.0,-99.82,-4.17,115.0,364.0
1768640308.2937038,122640,0.0,-99.85,0.09,115.0,364.0
1768640308.302113,122660,0.0,-99.85,0.1,115.0,364.0
1768640308.33349,122680,0.0,-99.85,-0.01,115.0,364.0
1768640308.3701081,122700,0.0,-99.85,-0.01,115.0,364.0
1768640308.3797762,122720,0.0,-99.85,-0.01,115.0,364.0
1768640308.3934984,122740,0.0,-99.85,-0.08,115.0,364.0
1768640308.4218724,122760,0.0,-99.85,0.06,115.0,364.0
1768640308.4461253,122780,0.0,-99.85,-0.15,115.0,364.0
1768640308.4542587,122800,0.0,-99.85,-0.85,115.0,364.0
1768640308.4653432,122820,0.0,-99.86,-0.01,115.0,364.0
1768640308.4982183,122840,0.0,-99.86,-0.01,115.0,364.0
1768640308.5162737,122860,0.0,-99.86,0.03,115.0,364.0
1768640308.5262597,122880,0.0,-99.86,-0.01,115.0,364.0
1768640308.548896,122900,0.0,-99.86,-0.01,115.0,364.0
1768640308.5596206,122920,0.0,-99.86,-0.04,115.0,364.0
1768640308.6098838,122940,0.0,-99.86,0.09,115.0,364.0
1768640308.6141865,122960,0.0,-99.86,0.06,115.0,364.0
1768640308.6440089,122980,0.0,-99.86,-0.08,115.0,364.0
1768640308.654441,123000,0.0,-99.86,0.1,115.0,364.0
1768640308.6788788,123020,0.0,-99.86,-0.01,115.0,364.0
1768640308.689197,123040,0.0,-99.86,0.06,115.0,364.0
1768640308.71083,123060,0.0,-99.86,-0.08,115.0,364.0
1768640308.7217712,123080,0.0,-99.86,-0.08,115.0,364.0
1768640308.7505713,123100,0.0,-99.86,-0.08,115.0,364.0
1768640308.7731977,123120,0.0,-99.84,2.32,115.0,364.0
1768640308.7833881,123140,0.0,-99.81,0.27,115.0,364.0
1768640308.8294604,123160,0.0,-99.81,0.06,115.0,364.0
1768640308.8402755,123180,0.0,-99.81,-0.01,115.0,364.0
1768640308.850754,123200,0.0,-99.81,-0.01,115.0,364.0
1768640308.8852227,123220,0.0,-99.81,-0.01,115.0,364.0
1768640308.9104228,123240,0.0,-99.8,0.1,115.0,364.0
1768640308.920537,123260,0.0,-99.8,0.06,115.0,364.0
1768640308.93414,123280,0.0,-99.8,-0.01,115.0,364.0
1768640308.9512079,123300,0.0,-99.8,0.06,115.0,364.0
1768640308.9599376,123320,0.0,-99.8,-0.08,115.0,364.0
1768640308.991894,123340,0.0,-99.8,-0.01,115.0,364.0
1768640309.0159645,123360,0.0,-99.8,-0.08,115.0,364.0
1768640309.0300827,123380,0.0,-99.81,-0.01,115.0,364.0
1768640309.0603058,123400,0.0,-99.8,-0.01,115.0,364.0
1768640309.0799935,123420,0.0,-99.8,0.03,115.0,364.0
1768640309.0896678,123440,0.0,-99.8,0.09,115.0,364.0
1768640309.1123195,123460,0.0,-99.8,-0.01,115.0,364.0
1768640309.1213355,123480,0.0,-99.8,-0.08,115.0,364.0
1768640309.152273,123500,0.0,-99.8,-0.01,115.0,364.0
1768640309.1743057,123520,0.0,-99.8,0.06,115.0,364.0
1768640309.2054682,123540,0.0,-99.8,-0.01,115.0,364.0
1768640309.212687,123560,0.0,-99.81,-0.08,115.0,364.0
1768640309.2385833,123580,0.0,-99.8,0.1,115.0,364.0
1768640309.2548373,123600,0.0,-99.8,0.1,115.0,364.0
1768640309.2712762,123620,0.0,-99.8,-0.01,115.0,364.0
1768640309.284587,123640,0.0,-99.8,0.06,115.0,364.0
1768640309.3127155,123660,0.0,-99.8,-0.08,115.0,364.0
1768640309.3484576,123680,0.0,-99.8,-0.08,115.0,364.0
1768640309.3525984,123700,0.0,-99.8,0.02,115.0,364.0
1768640309.3720667,123720,0.0,-99.81,-0.01,115.0,364.0
1768640309.3986192,123740,0.0,-99.8,0.09,115.0,364.0
1768640309.4088535,123760,0.0,-99.8,-0.04,115.0,364.0
1768640309.4317951,123780,0.0,-99.8,-0.03,115.0,364.0
1768640309.441271,123800,0.0,-99.8,-0.08,115.0,364.0
1768640309.4792416,123820,0.0,-99.8,0.06,115.0,364.0
1768640309.4950619,123840,0.0,-99.8,0.03,115.0,364.0
1768640309.515218,123860,0.0,-99.8,-0.08,115.0,364.0
1768640309.5287056,123880,0.0,-99.8,-0.15,115.0,364.0
1768640309.559353,123900,0.0,-99.8,-0.04,115.0,364.0
1768640309.5695138,123920,0.0,-99.81,-0.15,115.0,364.0
1768640309.5918489,123940,0.0,-99.81,-0.01,115.0,364.0
1768640309.614904,123960,0.0,-99.81,-0.08,115.0,364.0
1768640309.6356947,123980,0.0,-99.81,-0.01,115.0,364.0
1768640309.660782,124000,0.0,-99.81,-0.01,115.0,364.0
1768640309.669067,124020,0.0,-99.81,-0.08,115.0,364.0
1768640309.688639,124040,0.0,-99.81,0.06,115.0,364.0
1768640309.7193036,124060,0.0,-99.81,-0.01,115.0,364.0
1768640309.7301395,124080,0.0,-99.81,-0.08,115.0,364.0
1768640309.7600882,124100,0.0,-99.81,-0.01,115.0,364.0
1768640309.7686846,124120,0.0,-99.81,-0.01,115.0,364.0
1768640309.796619,124140,0.0,-99.81,-0.01,115.0,364.0
1768640309.8184116,124160,0.0,-99.81,-0.03,115.0,364.0
1768640309.828788,124180,0.0,-99.81,-0.08,115.0,364.0
1768640309.8485408,124200,0.0,-99.81,0.06,115.0,364.0
1768640309.8802972,124220,0.0,-99.81,-0.15,115.0,364.0
1768640309.8949156,124240,0.0,-99.81,-0.01,115.0,364.0
1768640309.914013,124260,0.0,-99.81,-0.01,115.0,364.0
1768640309.93601,124280,0.0,-99.81,-0.01,115.0,364.0
1768640309.9602368,124300,0.0,-99.81,-0.01,115.0,364.0
1768640309.9770763,124320,0.0,-99.81,0.03,115.0,364.0
1768640309.9874616,124340,0.0,-99.81,-0.08,115.0,364.0
1768640310.0088782,124360,0.0,-99.81,0.06,115.0,364.0
1768640310.01887,124380,0.0,-99.81,-0.13,115.0,364.0
1768640310.0816002,124400,0.0,-99.81,-0.01,115.0,364.0
1768640310.1008804,124420,0.0,-99.81,-0.08,115.0,364.0
1768640310.1087203,124440,0.0,-99.81,0.06,115.0,364.0
1768640310.1212847,124460,0.0,-99.81,-0.01,115.0,364.0
1768640310.1365898,124480,0.0,-99.81,-0.01,115.0,364.0
1768640310.155268,124500,0.0,-99.83,-1.58,115.0,364.0
1768640310.1637123,124520,0.0,-99.84,0.09,115.0,364.0
1768640310.1853552,124540,0.0,-99.84,0.13,115.0,364.0
1768640310.2185605,124560,0.0,-99.81,0.02,115.0,364.0
1768640310.227506,124580,0.0,-99.79,3.24,115.0,364.0
1768640310.2519512,124600,0.0,-99.74,0.9,115.0,364.0
1768640310.2699926,124620,0.0,-99.69,4.22,115.0,364.0
1768640310.2925842,124640,0.0,-99.52,11.92,115.0,364.0
1768640310.3130503,124660,0.0,-99.4,0.65,115.0,364.0
1768640310.3233495,124680,0.0,-99.39,0.51,115.0,364.0
1768640310.3464513,124700,0.0,-99.39,0.34,115.0,364.0
1768640310.3801436,124720,0.0,-99.4,-0.6,115.0,364.0
1768640310.3903577,124740,0.0,-99.41,0.1,115.0,364.0
1768640310.4117253,124760,0.0,-99.41,-0.01,115.0,364.0
1768640310.4269948,124780,0.0,-99.42,0.65,115.0,364.0
1768640310.4527159,124800,0.0,-99.42,-0.08,115.0,364.0
1768640310.4739978,124820,0.0,-99.42,-0.08,115.0,364.0
1768640310.4842155,124840,0.0,-99.42,-0.08,115.0,364.0
1768640310.5062933,124860,0.0,-99.42,-0.11,115.0,364.0
1768640310.5382388,124880,0.0,-99.42,-0.08,115.0,364.0
1768640310.5795462,124900,0.0,-99.42,-0.08,115.0,364.0
1768640310.6229768,124920,0.0,-99.42,0.0,-99.42,-0.01
1768640310.6510258,1249,125000.0,0.0,-99.43,-0.08,115.0
1768640310.8186688,125080,0.0,-900.0,-99.43,-0.04,115.0
1768640310.8193762,1251,125140.0,0.0,-99.43,-0.08,115.0
1768640311.1061263,125180,0.0,-99.43,0.06,0.08,115.0
1768640311.1069992,125280,0.0,-99.43,9.44,-0.11,115.0
1768640311.184663,125520,0.0,-99.33,9.33,-0.08,115.0
1768640311.274412,125580,0.0,-99.34,0.06,0.12,115.0
1768640311.340717,125680,0.0,-99.36,9.36,-0.01,115.0
1768640311.4146018,125740,0.0,-99.36,-0.08,0.06,115.0
1768640311.5125794,125840,0.0,-99.36,36.0,-0.13,115.0
1768640311.6647818,126000,0.0,-99.41,0.41,-0.03,115.0
1768640311.7400422,126060,0.0,-99.41,-0.01,0.01,115.0
1768640311.8199031,126160,0.0,-99.42,-0.44,-0.67,115.0
1768640311.8994002,126220,0.0,-99.4,6.46,0.97,115.0
1768640312.0548773,126360,0.0,-99.26,0.13,0.09,115.0
1768640312.1247568,126460,0.0,-99.26,-0.26,-0.01,115.0
1768640312.208269,126520,0.0,-99.26,0.02,0.04,115.0
1768640312.21703,126560,0.0,-99.26,-0.15,115.0,364.0
1768640312.2407384,126580,0.0,-99.26,0.06,115.0,364.0
1768640312.255608,126600,0.0,-99.26,-0.01,115.0,364.0
1768640312.2743707,126620,0.0,-99.26,-0.01,115.0,364.0
1768640312.3027012,126640,0.0,-99.26,0.06,115.0,364.0
1768640312.312758,126660,0.0,-99.26,-0.01,115.0,364.0
1768640312.3413482,126680,0.0,-99.26,-0.06,115.0,364.0
1768640312.3457239,126700,0.0,-99.26,0.06,115.0,364.0
1768640312.371638,126720,0.0,-99.26,-0.01,115.0,364.0
1768640312.4000547,126740,0.0,-99.26,-0.08,115.0,364.0
1768640312.4100442,126760,0.0,-99.26,-0.01,115.0,364.0
1768640312.4313123,126780,0.0,-99.26,-0.08,115.0,364.0
1768640312.441859,126800,0.0,-99.26,-0.01,115.0,364.0
1768640312.4833717,126820,0.0,-99.26,0.06,115.0,364.0
1768640312.5025175,126840,0.0,-99.26,-0.01,115.0,364.0
1768640312.5141516,126860,0.0,-99.26,0.13,115.0,364.0
1768640312.5269744,126880,0.0,-99.26,0.03,115.0,364.0
1768640312.5589645,126900,0.0,-99.26,0.78,115.0,364.0
1768640312.5808606,126920,0.0,-99.25,-0.01,115.0,364.0
1768640312.5921142,126940,0.0,-99.25,-0.08,115.0,364.0
1768640312.609764,126960,0.0,-99.25,-0.08,115.0,364.0
1768640312.6358814,126980,0.0,-99.25,-0.01,115.0,364.0
1768640312.6555917,127000,0.0,-99.25,0.1,115.0,364.0
1768640312.6659107,127020,0.0,-99.25,-0.08,115.0,364.0
1768640312.6974602,127040,0.0,-99.25,-0.08,115.0,364.0
1768640312.720304,127060,0.0,-99.25,-0.06,115.0,364.0
1768640312.7312539,127080,0.0,-99.25,-0.01,115.0,364.0
1768640312.7517147,127100,0.0,-99.25,-0.01,115.0,364.0
1768640312.7619553,127120,0.0,-99.25,-0.01,115.0,364.0
1768640312.7996745,127140,0.0,-99.25,0.09,115.0,364.0
1768640312.8202157,127160,0.0,-99.24,0.34,115.0,364.0
1768640312.8431582,127180,0.0,-99.23,-0.04,115.0,364.0
1768640312.8521912,127200,0.0,-99.23,0.06,115.0,364.0
1768640312.8743536,127220,0.0,-99.23,-0.01,115.0,364.0
1768640312.8964043,127240,0.0,-99.23,0.06,115.0,364.0
1768640312.9066737,127260,0.0,-99.23,-0.01,115.0,364.0
1768640312.9326136,127280,0.0,-99.23,0.01,115.0,364.0
1768640312.9416187,127300,0.0,-99.23,-0.01,115.0,364.0
1768640312.972569,127320,0.0,-99.23,0.03,115.0,364.0
1768640312.99759,127340,0.0,-99.23,-0.08,115.0,364.0
1768640313.0064836,127360,0.0,-99.23,0.06,115.0,364.0
1768640313.0247438,127380,0.0,-99.23,0.06,115.0,364.0
1768640313.0568883,127400,0.0,-99.23,-0.08,115.0,364.0
1768640313.0861442,127420,0.0,-99.23,0.06,115.0,364.0
1768640313.0913792,127440,0.0,-99.23,-0.01,115.0,364.0
1768640313.101752,127460,0.0,-99.23,0.06,115.0,364.0
1768640313.130757,127480,0.0,-99.23,-0.08,115.0,364.0
1768640313.1556354,127500,0.0,-99.23,-0.08,115.0,364.0
1768640313.163776,127520,0.0,-99.23,0.06,115.0,364.0
1768640313.185508,127540,0.0,-99.23,0.13,115.0,364.0
1768640313.2326877,127560,0.0,-99.23,0.1,115.0,364.0
1768640313.238041,127580,0.0,-99.23,0.06,115.0,364.0
1768640313.2517955,127600,0.0,-99.23,0.06,115.0,364.0
1768640313.2692447,127620,0.0,-99.22,0.23,115.0,364.0
1768640313.306433,127640,0.0,-99.22,-0.01,115.0,364.0
1768640313.3170059,127660,0.0,-99.22,0.06,115.0,364.0
1768640313.3271809,127680,0.0,-99.22,0.06,115.0,364.0
1768640313.3456843,127700,0.0,-99.21,0.62,115.0,364.0
1768640313.3776112,127720,0.0,-99.19,0.08,115.0,364.0
1768640313.4074068,127740,0.0,-99.19,0.13,115.0,364.0
1768640313.4124413,127760,0.0,-99.19,-0.04,115.0,364.0
1768640313.421951,127780,0.0,-99.19,-0.12,115.0,364.0
1768640313.455036,127800,0.0,-99.19,-0.08,115.0,364.0
1768640313.4755278,127820,0.0,-99.19,0.06,115.0,364.0
1768640313.48584,127840,0.0,-99.19,0.06,115.0,364.0
1768640313.509229,127860,0.0,-99.19,0.09,115.0,364.0
1768640313.5375872,127880,0.0,-99.15,1.6,115.0,364.0
1768640313.5476215,127900,0.0,-99.13,3.21,115.0,364.0
1768640313.5773976,127920,0.0,-99.11,-0.22,115.0,364.0
1768640313.581311,127940,0.0,-99.1,2.25,115.0,364.0
1768640313.618454,127960,0.0,-99.01,3.21,115.0,364.0
1768640313.6358902,127980,0.0,-98.97,0.97,115.0,364.0
1768640313.6472113,128000,0.0,-98.95,0.97,115.0,364.0
1768640313.6714127,128020,0.0,-98.92,2.61,115.0,364.0
1768640313.6985402,128040,0.0,-98.84,4.61,115.0,364.0
1768640313.7085855,128060,0.0,-98.76,2.75,115.0,364.0
1768640313.7445166,128080,0.0,-98.74,0.2,115.0,364.0
1768640313.747467,128100,0.0,-98.73,0.41,115.0,364.0
1768640313.787646,128120,0.0,-98.73,0.06,115.0,364.0
1768640313.8058581,128140,0.0,-98.73,0.06,115.0,364.0
1768640313.8149967,128160,0.0,-98.73,-0.01,115.0,364.0
1768640313.832203,128180,0.0,-98.73,0.13,115.0,364.0
1768640313.8588786,128200,0.0,-98.73,-0.08,115.0,364.0
1768640313.86918,128220,0.0,-98.73,-0.08,115.0,364.0
1768640313.8926172,128240,0.0,-98.73,0.06,115.0,364.0
1768640313.9037497,128260,0.0,-98.72,0.03,115.0,364.0
1768640313.9341235,128280,0.0,-98.72,-0.01,115.0,364.0
1768640313.9566462,128300,0.0,-98.72,0.03,115.0,364.0
1768640313.9662678,128320,0.0,-98.72,0.06,115.0,364.0
1768640313.9870431,128340,0.0,-98.65,5.69,115.0,364.0
1768640314.0228443,128360,0.0,-98.62,-0.29,115.0,364.0
1768640314.03067,128380,0.0,-98.62,-0.01,115.0,364.0
1768640314.0524724,128400,0.0,-98.62,-0.08,115.0,364.0
1768640314.0736542,128420,0.0,-98.62,-0.01,115.0,364.0
1768640314.1012201,128440,0.0,-98.62,-0.08,115.0,364.0
1768640314.1096814,128460,0.0,-98.62,-0.01,115.0,364.0
1768640314.1317656,128480,0.0,-98.62,-0.01,115.0,364.0
1768640314.1616366,128500,0.0,-98.62,0.03,115.0,364.0
1768640314.1867287,128520,0.0,-98.62,-0.01,115.0,364.0
1768640314.205742,128540,0.0,-98.62,0.06,115.0,364.0
1768640314.2125444,128560,0.0,-98.61,-0.01,115.0,364.0
1768640314.2326264,128580,0.0,-98.61,-0.08,115.0,364.0
1768640314.260679,128600,0.0,-98.62,-0.08,115.0,364.0
1768640314.2697291,128620,0.0,-98.62,-0.01,115.0,364.0
1768640314.2955005,128640,0.0,-98.62,-0.01,115.0,364.0
1768640314.3176258,128660,0.0,-98.62,-0.08,115.0,364.0
1768640314.3426223,128680,0.0,-98.62,0.06,115.0,364.0
1768640314.3577015,128700,0.0,-98.62,-0.01,115.0,364.0
1768640314.3694966,128720,0.0,-98.62,-0.01,115.0,364.0
1768640314.3883002,128740,0.0,-98.62,-0.01,115.0,364.0
1768640314.398756,128760,0.0,-98.62,0.08,115.0,364.0
1768640314.4300108,128780,0.0,-98.62,0.06,115.0,364.0
1768640314.4538186,128800,0.0,-98.62,0.03,115.0,364.0
1768640314.463711,128820,0.0,-98.62,-0.11,115.0,364.0
1768640314.4870136,128840,0.0,-98.62,0.06,115.0,364.0
1768640314.5180943,128860,0.0,-98.62,0.06,115.0,364.0
1768640314.527387,128880,0.0,-98.61,0.72,115.0,364.0
1768640314.5488298,128900,0.0,-98.61,-0.04,115.0,364.0
1768640314.558964,128920,0.0,-98.62,-0.36,115.0,364.0
1768640314.6017206,128940,0.0,-98.62,-0.57,115.0,364.0
1768640314.6288373,128960,0.0,-98.65,-1.23,115.0,364.0
1768640314.6341202,128980,0.0,-98.65,-0.06,115.0,364.0
1768640314.6557176,129000,0.0,-98.66,-0.11,115.0,364.0
1768640314.6773472,129020,0.0,-98.66,-0.01,115.0,364.0
1768640314.6872008,129040,0.0,-98.66,-0.01,115.0,364.0
1768640314.7103636,129060,0.0,-98.66,0.06,115.0,364.0
1768640314.7194765,129080,0.0,-98.65,0.06,115.0,364.0
1768640314.7583363,129100,0.0,-98.66,-0.01,115.0,364.0
1768640314.7735195,129120,0.0,-98.66,0.02,115.0,364.0
1768640314.7952082,129140,0.0,-98.65,-0.01,115.0,364.0
1768640314.8200593,129160,0.0,-98.65,-0.04,115.0,364.0
1768640314.8385234,129180,0.0,-98.65,0.06,115.0,364.0
1768640314.8495827,129200,0.0,-98.65,-0.08,115.0,364.0
1768640314.8691916,129220,0.0,-98.65,-0.08,115.0,364.0
1768640314.8794532,129240,0.0,-98.65,-0.01,115.0,364.0
1768640314.925469,129260,0.0,-98.65,-0.01,115.0,364.0
1768640314.9332113,129280,0.0,-98.65,0.06,115.0,364.0
1768640314.9601047,129300,0.0,-98.65,-0.11,115.0,364.0
1768640314.9695716,129320,0.0,-98.65,-0.01,115.0,364.0
1768640314.9985354,129340,0.0,-98.65,0.27,115.0,364.0
1768640315.0104191,129360,0.0,-98.64,0.5,115.0,364.0
1768640315.0300217,129380,0.0,-98.63,0.16,115.0,364.0
1768640315.0400808,129400,0.0,-98.63,0.52,115.0,364.0
1768640315.0947614,129420,0.0,-98.61,0.06,115.0,364.0
1768640315.0982184,129440,0.0,-98.61,0.02,115.0,364.0
1768640315.1044946,129460,0.0,-98.61,0.06,115.0,364.0
1768640315.128326,129480,0.0,-98.61,0.02,115.0,364.0
1768640315.160375,129500,0.0,-98.61,-0.01,115.0,364.0
1768640315.1713116,129520,0.0,-98.61,0.13,115.0,364.0
1768640315.1907322,129540,0.0,-98.61,0.06,115.0,364.0
1768640315.2005608,129560,0.0,-98.61,-0.01,115.0,364.0
1768640315.2325451,129580,0.0,-98.61,-0.13,115.0,364.0
1768640315.2617002,129600,0.0,-98.61,-0.04,115.0,364.0
1768640315.2661204,129620,0.0,-98.61,0.03,115.0,364.0
1768640315.2971783,129640,0.0,-98.61,-0.08,115.0,364.0
1768640315.324656,129660,0.0,-98.61,-0.01,115.0,364.0
1768640315.3331623,129680,0.0,-98.61,0.1,115.0,364.0
1768640315.355409,129700,0.0,-98.61,-0.15,115.0,364.0
1768640315.3621047,129720,0.0,-98.61,-0.08,115.0,364.0
1768640315.3930123,129740,0.0,-98.61,-0.04,115.0,364.0
1768640315.414997,129760,0.0,-98.61,0.06,115.0,364.0
1768640315.4407218,129780,0.0,-98.61,-0.08,115.0,364.0
1768640315.4491365,129800,0.0,-98.61,-0.06,115.0,364.0
1768640315.480987,129820,0.0,-98.61,0.1,115.0,364.0
1768640315.4900622,129840,0.0,-98.61,0.06,115.0,364.0
1768640315.517263,129860,0.0,-98.61,0.06,115.0,364.0
1768640315.5253415,129880,0.0,-98.61,0.06,115.0,364.0
1768640315.553449,129900,0.0,-98.61,-0.08,115.0,364.0
1768640315.5755217,129920,0.0,-98.61,0.03,115.0,364.0
1768640315.5856566,129940,0.0,-98.61,-0.01,115.0,364.0
1768640315.609574,129960,0.0,-98.61,-0.08,115.0,364.0
1768640315.640213,129980,0.0,-98.61,-0.05,115.0,364.0
1768640315.6622393,130000,0.0,-98.61,-0.08,115.0,364.0
1768640315.6734843,130020,0.0,-98.61,-0.08,115.0,364.0
1768640315.6842568,130040,0.0,-98.61,-0.11,115.0,364.0
1768640315.7133327,130060,0.0,-98.61,-0.01,115.0,364.0
1768640315.7358954,130080,0.0,-98.61,-0.04,115.0,364.0
1768640315.7632558,130100,0.0,-98.61,0.06,115.0,364.0
1768640315.775569,130120,0.0,-98.61,-0.08,115.0,364.0
1768640315.8063965,130140,0.0,-98.62,-0.04,115.0,364.0
1768640315.8138118,130160,0.0,-98.62,0.02,115.0,364.0
1768640315.8360553,130180,0.0,-98.62,-0.06,115.0,364.0
1768640315.8458102,130200,0.0,-98.62,-0.01,115.0,364.0
1768640315.8742414,130220,0.0,-98.62,-0.01,115.0,364.0
1768640315.8963172,130240,0.0,-98.62,-0.13,115.0,364.0
1768640315.920701,130260,0.0,-98.62,-0.08,115.0,364.0
1768640315.933238,130280,0.0,-98.62,-0.08,115.0,364.0
1768640315.960922,130300,0.0,-98.62,-0.08,115.0,364.0
1768640315.9815097,130320,0.0,-98.62,-0.01,115.0,364.0
1768640315.994983,130340,0.0,-98.62,-0.01,115.0,364.0
1768640316.003571,130360,0.0,-98.62,-0.15,115.0,364.0
1768640316.027422,130380,0.0,-98.62,-0.08,115.0,364.0
1768640316.0569313,130400,0.0,-98.62,-0.01,115.0,364.0
1768640316.067013,130420,0.0,-98.62,0.03,115.0,364.0
1768640316.112261,130440,0.0,-98.62,0.06,115.0,364.0
1768640316.1260126,130460,0.0,-98.62,-0.01,115.0,364.0
1768640316.1509516,130480,0.0,-98.62,-0.11,115.0,364.0
1768640316.1584375,130500,0.0,-98.62,0.06,115.0,364.0
1768640316.1755638,130520,0.0,-98.62,-0.08,115.0,364.0
1768640316.1927338,130540,0.0,-98.62,-0.01,115.0,364.0
1768640316.2192984,130560,0.0,-98.62,-0.01,115.0,364.0
1768640316.2274275,130580,0.0,-98.62,-0.08,115.0,364.0
1768640316.249182,130600,0.0,-98.62,0.03,115.0,364.0
1768640316.2593622,130620,0.0,-98.62,-0.01,115.0,364.0
1768640316.2983818,130640,0.0,-98.62,-0.01,115.0,364.0
1768640316.3138876,130660,0.0,-98.62,-0.01,115.0,364.0
1768640316.334023,130680,0.0,-98.62,-0.01,115.0,364.0
1768640316.3510242,130700,0.0,-98.62,-0.01,115.0,364.0
1768640316.3779876,130720,0.0,-98.62,0.06,115.0,364.0
1768640316.3879108,130740,0.0,-98.62,-0.04,115.0,364.0
1768640316.4212275,130760,0.0,-98.62,0.06,115.0,364.0
1768640316.44606,130780,0.0,-98.62,-0.01,115.0,364.0
1768640316.467227,130800,0.0,-98.62,-0.01,115.0,364.0
1768640316.476257,130820,0.0,-98.62,-0.01,115.0,364.0
1768640316.4864762,130840,0.0,-98.62,-0.08,115.0,364.0
1768640316.5065064,130860,0.0,-98.62,-0.15,115.0,364.0
1768640316.5537004,130880,0.0,-98.62,0.02,115.0,364.0
1768640316.5639246,130900,0.0,-98.62,-0.01,115.0,364.0
1768640316.5888362,130920,0.0,-98.62,-0.15,115.0,364.0
1768640316.5948453,130940,0.0,-98.62,-0.01,115.0,364.0
1768640316.615189,130960,0.0,-98.62,-0.08,115.0,364.0
1768640316.6369054,130980,0.0,-98.62,-0.01,115.0,364.0
1768640316.6458678,131000,0.0,-98.62,-0.01,115.0,364.0
1768640316.6669085,131020,0.0,-98.62,-0.01,115.0,364.0
1768640316.7190573,131040,0.0,-98.62,0.06,115.0,364.0
1768640316.722364,131060,0.0,-98.62,-0.08,115.0,364.0
1768640316.7329876,131080,0.0,-98.62,-0.08,115.0,364.0
1768640316.7472045,131100,0.0,-98.62,0.06,115.0,364.0
1768640316.7731614,131120,0.0,-98.62,-0.01,115.0,364.0
1768640316.7970712,131140,0.0,-98.62,-0.08,115.0,364.0
1768640316.8073454,131160,0.0,-98.62,-0.01,115.0,364.0
1768640316.8272612,131180,0.0,-98.62,-0.08,115.0,364.0
1768640316.8719382,131200,0.0,-98.62,-0.08,115.0,364.0
1768640316.8744705,131220,0.0,-98.62,-0.01,115.0,364.0
1768640316.906369,131240,0.0,-98.63,-0.15,115.0,364.0
1768640316.9118578,131260,0.0,-98.63,-0.08,115.0,364.0
1768640316.9333243,131280,0.0,-98.63,-0.01,115.0,364.0
1768640316.9555273,131300,0.0,-98.63,0.03,115.0,364.0
1768640316.967699,131320,0.0,-98.63,-0.01,115.0,364.0
1768640316.987548,131340,0.0,-98.63,-0.01,115.0,364.0
1768640317.0227919,131360,0.0,-98.63,-0.01,115.0,364.0
1768640317.032564,131380,0.0,-98.63,-0.08,115.0,364.0
1768640317.0529652,131400,0.0,-98.63,-0.01,115.0,364.0
1768640317.0721333,131420,0.0,-98.63,-0.08,115.0,364.0
1768640317.0949044,131440,0.0,-98.63,-0.08,115.0,364.0
1768640317.1159701,131460,0.0,-98.63,0.06,115.0,364.0
1768640317.1260622,131480,0.0,-98.62,-0.01,115.0,364.0
1768640317.1515036,131500,0.0,-98.62,-0.01,115.0,364.0
1768640317.1797912,131520,0.0,-98.62,-0.01,115.0,364.0
1768640317.1900542,131540,0.0,-98.62,-0.08,115.0,364.0
1768640317.214592,131560,0.0,-98.62,-0.01,115.0,364.0
1768640317.2221787,131580,0.0,-98.62,-0.01,115.0,364.0
1768640317.2779863,131600,0.0,-98.62,-0.01,115.0,364.0
1768640317.3075526,131620,0.0,-98.62,-0.01,115.0,364.0
1768640317.3257546,131640,0.0,-98.62,-0.01,115.0,364.0
1768640317.3360379,131660,0.0,-98.62,-0.15,115.0,364.0
1768640317.3402228,131680,0.0,-98.62,-0.01,115.0,364.0
1768640317.3591127,131700,0.0,-98.62,-0.01,115.0,364.0
1768640317.366574,131720,0.0,-98.63,-0.11,115.0,364.0
1768640317.3890548,131740,0.0,-98.63,-0.08,115.0,364.0
1768640317.4291897,131760,0.0,-98.63,0.02,115.0,364.0
1768640317.4358008,131780,0.0,-98.63,0.09,115.0,364.0
1768640317.4527483,131800,0.0,-98.63,-0.08,115.0,364.0
1768640317.4683428,131820,0.0,-98.63,-0.08,115.0,364.0
1768640317.4933968,131840,0.0,-98.63,-0.01,115.0,364.0
1768640317.516914,131860,0.0,-98.63,-0.08,115.0,364.0
1768640317.5269427,131880,0.0,-98.63,-0.03,115.0,364.0
1768640317.5679862,131900,0.0,-98.63,0.1,115.0,364.0
1768640317.5811906,131920,0.0,-98.63,0.06,115.0,364.0
1768640317.6035402,131940,0.0,-98.63,-0.01,115.0,364.0
1768640317.6161268,131960,0.0,-98.63,-0.01,115.0,364.0
1768640317.6307766,131980,0.0,-98.63,-0.04,115.0,364.0
1768640317.6460571,132000,0.0,-98.63,-0.05,115.0,364.0
1768640317.6771672,132020,0.0,-98.63,-0.01,115.0,364.0
1768640317.6868927,132040,0.0,-98.63,-0.08,115.0,364.0
1768640317.7094588,132060,0.0,-98.63,-0.08,115.0,364.0
1768640317.719844,132080,0.0,-98.62,0.02,115.0,364.0
1768640317.766456,132100,0.0,-98.62,-0.01,115.0,364.0
1768640317.7869287,132120,0.0,-98.62,-0.08,115.0,364.0
1768640317.7902315,132140,0.0,-98.62,-0.04,115.0,364.0
1768640317.8117714,132160,0.0,-98.62,-0.01,115.0,364.0
1768640317.8325148,132180,0.0,-98.62,0.06,115.0,364.0
1768640317.8535666,132200,0.0,-98.62,-0.11,115.0,364.0
1768640317.8635616,132220,0.0,-98.63,-0.01,115.0,364.0
1768640317.8857915,132240,0.0,-98.62,-0.08,115.0,364.0
1768640317.9324074,132260,0.0,-98.62,-0.01,115.0,364.0
1768640317.9355366,132280,0.0,-98.62,-0.01,115.0,364.0
1768640317.9521554,132300,0.0,-98.62,-0.01,115.0,364.0
1768640317.9624999,132320,0.0,-98.62,-0.01,115.0,364.0
1768640317.9919114,132340,0.0,-98.62,0.13,115.0,364.0
1768640318.0134673,132360,0.0,-98.62,-0.04,115.0,364.0
1768640318.023543,132380,0.0,-98.62,0.45,115.0,364.0
1768640318.0656905,132400,0.0,-98.6,-0.04,115.0,364.0
1768640318.0789838,132420,0.0,-98.61,-0.11,115.0,364.0
1768640318.0980978,132440,0.0,-98.59,-0.74,115.0,364.0
1768640318.1127105,132460,0.0,-98.5,7.54,115.0,364.0
1768640318.1304731,132480,0.0,-98.33,8.57,115.0,364.0
1768640318.1539228,132500,0.0,-98.09,14.82,115.0,364.0
1768640318.174484,132520,0.0,-97.72,14.96,115.0,364.0
1768640318.1846213,132540,0.0,-97.48,8.52,115.0,364.0
1768640318.2068663,132560,0.0,-97.27,11.67,115.0,364.0
1768640318.254134,132580,0.0,-96.93,20.35,115.0,364.0
1768640318.257926,132600,0.0,-96.64,0.58,115.0,364.0
1768640318.2859807,132620,0.0,-96.64,0.03,115.0,364.0
1768640318.2979405,132640,0.0,-96.64,0.2,115.0,364.0
1768640318.3189487,132660,0.0,-96.64,-0.04,115.0,364.0
1768640318.3349288,132680,0.0,-96.64,-0.01,115.0,364.0
1768640318.3472886,132700,0.0,-96.64,0.06,115.0,364.0
1768640318.3665519,132720,0.0,-96.64,-0.01,115.0,364.0
1768640318.4140487,132740,0.0,-96.64,-0.08,115.0,364.0
1768640318.421366,132760,0.0,-96.64,-0.18,115.0,364.0
1768640318.4489691,132780,0.0,-96.64,0.06,115.0,364.0
1768640318.456462,132800,0.0,-96.64,0.06,115.0,364.0
1768640318.4858701,132820,0.0,-96.64,-0.08,115.0,364.0
1768640318.4973238,132840,0.0,-96.64,-0.08,115.0,364.0
1768640318.5081558,132860,0.0,-96.64,-0.08,115.0,364.0
1768640318.5272088,132880,0.0,-96.64,-0.01,115.0,364.0
1768640318.5594816,132900,0.0,-96.64,-0.04,115.0,364.0
1768640318.5696054,132920,0.0,-96.64,-0.03,115.0,364.0
1768640318.5928392,132940,0.0,-96.64,0.06,115.0,364.0
1768640318.6061175,132960,0.0,-96.64,-0.15,115.0,364.0
1768640318.6486535,132980,0.0,-96.64,-0.08,115.0,364.0
1768640318.6573465,133000,0.0,-96.64,0.06,115.0,364.0
1768640318.672753,133020,0.0,-96.64,-0.01,115.0,364.0
1768640318.6855752,133040,0.0,-96.64,-0.05,115.0,364.0
1768640318.7138648,133060,0.0,-96.64,-0.15,115.0,364.0
1768640318.7376983,133080,0.0,-96.64,-0.13,115.0,364.0
1768640318.7553504,133100,0.0,-96.65,-0.01,115.0,364.0
1768640318.7827005,133120,0.0,-96.65,-0.01,115.0,364.0
1768640318.8006783,133140,0.0,-96.65,-0.15,115.0,364.0
1768640318.8103843,133160,0.0,-96.65,-0.01,115.0,364.0
1768640318.8338368,133180,0.0,-96.65,0.03,115.0,364.0
1768640318.8422582,133200,0.0,-96.65,0.06,115.0,364.0
1768640318.8741062,133220,0.0,-96.65,-0.01,115.0,364.0
1768640318.8965158,133240,0.0,-96.65,-0.08,115.0,364.0
1768640318.919636,133260,0.0,-96.65,-0.01,115.0,364.0
1768640318.933276,133280,0.0,-96.65,0.06,115.0,364.0
1768640318.9622238,133300,0.0,-96.65,-0.01,115.0,364.0
1768640318.9703012,133320,0.0,-96.64,2.09,115.0,364.0
1768640318.9933255,133340,0.0,-96.54,-0.12,115.0,364.0
1768640319.002615,133360,0.0,-96.55,-0.08,115.0,364.0
1768640319.0256453,133380,0.0,-96.55,-0.04,115.0,364.0
1768640319.077141,133400,0.0,-96.55,-0.05,115.0,364.0
1768640319.0802882,133420,0.0,-96.55,-0.04,115.0,364.0
1768640319.0912545,133440,0.0,-96.55,-0.01,115.0,364.0
1768640319.105452,133460,0.0,-96.55,-0.05,115.0,364.0
1768640319.1369767,133480,0.0,-96.55,-0.08,115.0,364.0
1768640319.1486936,133500,0.0,-96.55,-0.08,115.0,364.0
1768640319.1689029,133520,0.0,-96.55,-0.01,115.0,364.0
1768640319.1792214,133540,0.0,-96.55,-0.08,115.0,364.0
1768640319.2162108,133560,0.0,-96.55,-0.01,115.0,364.0
1768640319.239339,133580,0.0,-96.55,-0.05,115.0,364.0
1768640319.2472029,133600,0.0,-96.55,-0.01,115.0,364.0
1768640319.2679205,133620,0.0,-96.55,-0.01,115.0,364.0
1768640319.2974622,133640,0.0,-96.55,-0.01,115.0,364.0
1768640319.3082628,133660,0.0,-96.55,0.02,115.0,364.0
1768640319.3290792,133680,0.0,-96.55,-0.01,115.0,364.0
1768640319.3391237,133700,0.0,-96.55,-0.01,115.0,364.0
1768640319.387642,133720,0.0,-96.55,-0.08,115.0,364.0
1768640319.3953826,133740,0.0,-96.55,-0.13,115.0,364.0
1768640319.4144778,133760,0.0,-96.55,0.03,115.0,364.0
1768640319.442453,133780,0.0,-96.55,-0.08,115.0,364.0
1768640319.4574878,133800,0.0,-96.55,0.06,115.0,364.0
1768640319.4696105,133820,0.0,-96.55,0.06,115.0,364.0
1768640319.4894054,133840,0.0,-96.55,0.09,115.0,364.0
1768640319.4996767,133860,0.0,-96.55,-0.01,115.0,364.0
1768640319.5317292,133880,0.0,-96.55,-0.15,115.0,364.0
1768640319.558817,133900,0.0,-96.55,0.04,115.0,364.0
1768640319.5658906,133920,0.0,-96.54,0.06,115.0,364.0
1768640319.5913398,133940,0.0,-96.54,-0.01,115.0,364.0
1768640319.6179903,133960,0.0,-96.54,-0.06,115.0,364.0
1768640319.628682,133980,0.0,-96.54,-0.08,115.0,364.0
1768640319.6535149,134000,0.0,-96.54,-0.01,115.0,364.0
1768640319.659873,134020,0.0,-96.55,-0.01,115.0,364.0
1768640319.6921623,134040,0.0,-96.55,-0.08,115.0,364.0
1768640319.7194488,134060,0.0,-96.55,0.06,115.0,364.0
1768640319.7310143,134080,0.0,-96.55,-0.08,115.0,364.0
1768640319.7578442,134100,0.0,-96.55,-0.01,115.0,364.0
1768640319.7816389,134120,0.0,-96.55,-0.06,115.0,364.0
1768640319.7902055,134140,0.0,-96.55,-0.08,115.0,364.0
1768640319.8119707,134160,0.0,-96.55,-0.04,115.0,364.0
1768640319.8239734,134180,0.0,-96.55,-0.01,115.0,364.0
1768640319.8529055,134200,0.0,-96.55,-0.01,115.0,364.0
1768640319.8746748,134220,0.0,-96.55,0.13,115.0,364.0
1768640319.884877,134240,0.0,-96.55,0.06,115.0,364.0
1768640319.9270985,134260,0.0,-96.55,-0.08,115.0,364.0
1768640319.9401472,134280,0.0,-96.55,-0.08,115.0,364.0
1768640319.9711666,134300,0.0,-96.55,-0.01,115.0,364.0
1768640320.0008404,134320,0.0,-96.55,-0.01,115.0,364.0
1768640320.0170805,134340,0.0,-96.55,-0.01,115.0,364.0
1768640320.0197334,134360,0.0,-96.55,-0.08,115.0,364.0
1768640320.0368228,134380,0.0,-96.55,0.06,115.0,364.0
1768640320.0534632,134400,0.0,-96.55,0.1,115.0,364.0
1768640320.0614345,134420,0.0,-96.55,-0.15,115.0,364.0
1768640320.0931582,134440,0.0,-96.55,-0.08,115.0,364.0
1768640320.1378102,134460,0.0,-96.55,-0.08,115.0,364.0
1768640320.1460955,134480,0.0,-96.55,0.06,115.0,364.0
1768640320.1526818,134500,0.0,-96.55,-0.08,115.0,364.0
1768640320.1804595,134520,0.0,-96.56,-0.08,115.0,364.0
1768640320.198257,134540,0.0,-96.56,-0.04,115.0,364.0
1768640320.213965,134560,0.0,-96.56,-0.08,115.0,364.0
1768640320.2224207,134580,0.0,-96.56,-0.08,115.0,364.0
1768640320.2537541,134600,0.0,-96.56,-0.01,115.0,364.0
1768640320.2751744,134620,0.0,-96.56,0.06,115.0,364.0
1768640320.2853174,134640,0.0,-96.56,-0.32,115.0,364.0
1768640320.3226306,134660,0.0,-96.56,-0.08,115.0,364.0
1768640320.3485363,134680,0.0,-96.57,-0.64,115.0,364.0
1768640320.355552,134700,0.0,-96.62,-3.96,115.0,364.0
1768640320.377884,134720,0.0,-96.65,-0.04,115.0,364.0
1768640320.3891327,134740,0.0,-96.66,-1.2,115.0,364.0
1768640320.4140465,134760,0.0,-96.71,-5.05,115.0,364.0
1768640320.4361742,134780,0.0,-96.83,-1.43,115.0,364.0
1768640320.4462738,134800,0.0,-96.83,-0.08,115.0,364.0
1768640320.4684918,134820,0.0,-96.83,-0.01,115.0,364.0
1768640320.507545,134840,0.0,-96.83,-0.01,115.0,364.0
1768640320.5103378,134860,0.0,-96.83,-0.15,115.0,364.0
1768640320.5339396,134880,0.0,-96.83,-0.05,115.0,364.0
1768640320.5687447,134900,0.0,-96.83,0.13,115.0,364.0
1768640320.5761983,134920,0.0,-96.9,-18.48,115.0,364.0
1768640320.5988553,134940,0.0,-97.38,-10.76,115.0,364.0
1768640320.6162374,134960,0.0,-97.4,0.03,115.0,364.0
1768640320.6318429,134980,0.0,-97.42,-2.21,115.0,364.0
1768640320.6606295,135000,0.0,-97.46,-1.55,115.0,364.0
1768640320.6709583,135020,0.0,-97.53,-3.47,115.0,364.0
1768640320.692938,135040,0.0,-97.57,-0.78,115.0,364.0
1768640320.7031057,135060,0.0,-97.57,-0.18,115.0,364.0
1768640320.7395446,135080,0.0,-97.57,0.06,115.0,364.0
1768640320.7663672,135100,0.0,-97.57,-0.01,115.0,364.0
1768640320.777834,135120,0.0,-97.57,-0.08,115.0,364.0
1768640320.7963758,135140,0.0,-97.57,-0.01,115.0,364.0
1768640320.8054585,135160,0.0,-97.57,0.06,115.0,364.0
1768640320.8310513,135180,0.0,-97.57,-0.01,115.0,364.0
1768640320.8530762,135200,0.0,-97.57,-0.01,115.0,364.0
1768640320.8633862,135220,0.0,-97.57,-0.1,115.0,364.0
1768640320.8886278,135240,0.0,-97.57,-0.01,115.0,364.0
1768640320.9187412,135260,0.0,-97.57,-0.01,115.0,364.0
1768640320.9361398,135280,0.0,-97.57,-0.08,115.0,364.0
1768640320.9448252,135300,0.0,-97.57,0.2,115.0,364.0
1768640320.9680421,135320,0.0,-97.56,0.52,115.0,364.0
1768640320.9976602,135340,0.0,-97.55,0.24,115.0,364.0
1768640321.007703,135360,0.0,-97.55,-0.01,115.0,364.0
1768640321.0346994,135380,0.0,-97.55,0.04,115.0,364.0
1768640321.0454543,135400,0.0,-97.55,0.1,115.0,364.0
1768640321.0717747,135420,0.0,-97.55,-0.15,115.0,364.0
1768640321.0971859,135440,0.0,-97.55,-0.04,115.0,364.0
1768640321.1042898,135460,0.0,-97.55,-0.01,115.0,364.0
1768640321.1261923,135480,0.0,-97.55,-0.01,115.0,364.0
1768640321.158382,135500,0.0,-97.55,-0.01,115.0,364.0
1768640321.1686254,135520,0.0,-97.55,-0.08,115.0,364.0
1768640321.1903205,135540,0.0,-97.55,0.03,115.0,364.0
1768640321.200247,135560,0.0,-97.55,-0.01,115.0,364.0
1768640321.243774,135580,0.0,-97.55,-0.01,115.0,364.0
1768640321.2557266,135600,0.0,-97.55,-0.08,115.0,364.0
1768640321.279605,135620,0.0,-97.55,-0.01,115.0,364.0
1768640321.3073623,135640,0.0,-97.55,-0.04,115.0,364.0
1768640321.3211284,135660,0.0,-97.55,-0.01,115.0,364.0
1768640321.3295827,135680,0.0,-97.55,0.06,115.0,364.0
1768640321.3528287,135700,0.0,-97.55,0.06,115.0,364.0
1768640321.3664367,135720,0.0,-97.55,0.02,115.0,364.0
1768640321.3925126,135740,0.0,-97.55,-0.01,115.0,364.0
1768640321.4140701,135760,0.0,-97.55,-0.01,115.0,364.0
1768640321.4241674,135780,0.0,-97.55,-0.08,115.0,364.0
1768640321.4483478,135800,0.0,-97.55,-0.01,115.0,364.0
1768640321.487776,135820,0.0,-97.55,0.08,115.0,364.0
1768640321.4903362,135840,0.0,-97.55,-0.01,115.0,364.0
1768640321.5123894,135860,0.0,-97.55,0.06,115.0,364.0
1768640321.531694,135880,0.0,-97.55,-0.01,115.0,364.0
1768640321.5548546,135900,0.0,-97.55,0.03,115.0,364.0
1768640321.5753496,135920,0.0,-97.55,-0.01,115.0,364.0
1768640321.585198,135940,0.0,-97.55,-0.08,115.0,364.0
1768640321.6245432,135960,0.0,-97.55,-0.01,115.0,364.0
1768640321.6431813,135980,0.0,-97.55,-0.08,115.0,364.0
1768640321.6584766,136000,0.0,-97.55,0.13,115.0,364.0
1768640321.678613,136020,0.0,-97.55,0.45,115.0,364.0
1768640321.6838212,136040,0.0,-97.53,0.5,115.0,364.0
1768640321.7139342,136060,0.0,-97.53,0.03,115.0,364.0
1768640321.735078,136080,0.0,-97.53,0.06,115.0,364.0
1768640321.7516315,136100,0.0,-97.53,-0.08,115.0,364.0
1768640321.7823892,136120,0.0,-97.53,-0.01,115.0,364.0
1768640321.7960756,136140,0.0,-97.53,0.06,115.0,364.0
1768640321.81932,136160,0.0,-97.53,-0.08,115.0,364.0
1768640321.8371782,136180,0.0,-97.53,-0.08,115.0,364.0
1768640321.8493552,136200,0.0,-97.53,-0.03,115.0,364.0
1768640321.8794537,136220,0.0,-97.53,-0.04,115.0,364.0
1768640321.8895414,136240,0.0,-97.53,0.03,115.0,364.0
1768640321.9115438,136260,0.0,-97.53,-0.01,115.0,364.0
1768640321.939497,136280,0.0,-97.53,-0.08,115.0,364.0
1768640321.968075,136300,0.0,-97.53,-0.01,115.0,364.0
1768640322.0091715,136360,0.0,-97.53,-0.01,115.0,364.0
1768640322.0398817,136380,0.0,-97.53,0.06,115.0,364.0
1768640322.0499616,136400,0.0,-97.53,0.03,115.0,364.0
1768640322.0724447,136420,0.0,-97.53,0.01,115.0,364.0
1768640322.0981758,136440,0.0,-97.53,-0.01,115.0,364.0
1768640322.1071138,136460,0.0,-97.53,0.03,115.0,364.0
1768640322.1375895,136480,0.0,-97.45,3.35,115.0,364.0
1768640322.158047,136500,0.0,-97.44,-0.01,115.0,364.0
1768640322.1706645,136520,0.0,-97.44,-0.01,115.0,364.0
1768640322.1820273,136540,0.0,-97.44,-0.01,115.0,364.0
1768640322.210947,136560,0.0,-97.44,0.76,115.0,364.0
1768640322.2330017,136580,0.0,-97.31,3.8,115.0,364.0
1768640322.2432864,136600,0.0,-97.29,0.44,115.0,364.0
1768640322.2841587,136620,0.0,-97.28,0.83,115.0,364.0
1768640322.297398,136640,0.0,-97.22,6.07,115.0,364.0
1768640322.3219492,136660,0.0,-97.09,6.85,115.0,364.0
1768640322.3421028,136680,0.0,-97.03,0.23,115.0,364.0
1768640322.355267,136700,0.0,-97.03,-0.01,115.0,364.0
1768640322.3711464,136720,0.0,-97.03,-0.04,115.0,364.0
1768640322.393452,136740,0.0,-97.03,-0.08,115.0,364.0
1768640322.4035563,136760,0.0,-97.03,-0.01,115.0,364.0
1768640322.4259665,136780,0.0,-97.03,-0.15,115.0,364.0
1768640322.457938,136800,0.0,-97.03,-0.08,115.0,364.0
1768640322.4736133,136820,0.0,-97.03,-0.01,115.0,364.0
1768640322.4897854,136840,0.0,-97.03,-0.01,115.0,364.0
1768640322.5097036,136860,0.0,-97.03,-0.01,115.0,364.0
1768640322.549679,136880,0.0,-97.03,0.06,115.0,364.0
1768640322.5682797,136900,0.0,-97.03,-0.01,115.0,364.0
1768640322.5733168,136920,0.0,-97.03,0.03,115.0,364.0
1768640322.5807006,136940,0.0,-97.03,-0.01,115.0,364.0
1768640322.6120582,136960,0.0,-97.03,-0.08,115.0,364.0
1768640322.6342065,136980,0.0,-97.03,-0.01,115.0,364.0
1768640322.6445854,137000,0.0,-97.03,0.17,115.0,364.0
1768640322.6815116,137020,0.0,-97.02,0.06,115.0,364.0
1768640322.713551,137040,0.0,-97.02,0.2,115.0,364.0
1768640322.7214231,137060,0.0,-97.02,0.86,115.0,364.0
1768640322.746922,137080,0.0,-96.99,1.06,115.0,364.0
1768640322.757224,137100,0.0,-96.98,0.03,115.0,364.0
1768640322.7739956,137120,0.0,-96.98,-0.05,115.0,364.0
1768640322.7945163,137140,0.0,-96.95,6.84,115.0,364.0
1768640322.804871,137160,0.0,-96.83,3.8,115.0,364.0
1768640322.8267186,137180,0.0,-96.76,1.91,115.0,364.0
1768640322.8588603,137200,0.0,-96.75,0.17,115.0,364.0
1768640322.8876877,137220,0.0,-96.74,0.31,115.0,364.0
1768640322.8913531,137240,0.0,-96.72,1.69,115.0,364.0
1768640322.905176,137260,0.0,-96.65,6.67,115.0,364.0
1768640322.934731,137280,0.0,-96.51,4.5,115.0,364.0
1768640322.9557068,137300,0.0,-96.46,1.46,115.0,364.0
1768640322.9716132,137320,0.0,-96.45,0.34,115.0,364.0
1768640322.983086,137340,0.0,-96.44,0.24,115.0,364.0
1768640323.013045,137360,0.0,-96.42,1.6,115.0,364.0
1768640323.0353634,137380,0.0,-96.38,3.38,115.0,364.0
1768640323.0453966,137400,0.0,-96.33,1.63,115.0,364.0
1768640323.087722,137420,0.0,-96.31,0.27,115.0,364.0
1768640323.099357,137440,0.0,-96.3,0.45,115.0,364.0
1768640323.1278534,137460,0.0,-96.3,0.06,115.0,364.0
1768640323.1327982,137480,0.0,-96.29,0.24,115.0,364.0
1768640323.1575406,137500,0.0,-96.29,0.9,115.0,364.0
1768640323.1744175,137520,0.0,-96.26,2.79,115.0,364.0
1768640323.198602,137540,0.0,-96.2,0.02,115.0,364.0
1768640323.208033,137560,0.0,-96.2,0.3,115.0,364.0
1768640323.2278266,137580,0.0,-96.2,0.2,115.0,364.0
1768640323.2592342,137600,0.0,-96.19,0.2,115.0,364.0
1768640323.2694252,137620,0.0,-96.19,0.06,115.0,364.0
1768640323.3084314,137640,0.0,-96.19,0.13,115.0,364.0
1768640323.330956,137660,0.0,-96.19,0.13,115.0,364.0
1768640323.3403044,137680,0.0,-96.19,-0.08,115.0,364.0
1768640323.3754265,137700,0.0,-96.19,-0.15,115.0,364.0
1768640323.4038723,137720,0.0,-96.19,-0.01,115.0,364.0
1768640323.4126267,137740,0.0,-96.19,-0.11,115.0,364.0
1768640323.426683,137760,0.0,-96.19,0.06,115.0,364.0
1768640323.437765,137780,0.0,-96.19,0.27,115.0,364.0
1768640323.4494154,137800,0.0,-96.19,0.06,115.0,364.0
1768640323.4680984,137820,0.0,-96.18,0.13,115.0,364.0
1768640323.5006936,137840,0.0,-96.18,-0.01,115.0,364.0
1768640323.5106616,137860,0.0,-96.18,0.06,115.0,364.0
1768640323.5543065,137880,0.0,-96.18,-0.08,115.0,364.0
1768640323.5695565,137900,0.0,-96.18,-0.01,115.0,364.0
1768640323.576072,137920,0.0,-96.18,-0.05,115.0,364.0
1768640323.610593,137940,0.0,-96.18,-0.01,115.0,364.0
1768640323.6439695,137960,0.0,-96.18,0.06,115.0,364.0
1768640323.6517313,137980,0.0,-96.18,0.06,115.0,364.0
1768640323.6566324,138000,0.0,-96.18,0.06,115.0,364.0
1768640323.672604,138020,0.0,-96.18,-0.01,115.0,364.0
1768640323.6933193,138040,0.0,-96.18,-0.01,115.0,364.0
1768640323.7035267,138060,0.0,-96.18,0.03,115.0,364.0
1768640323.725832,138080,0.0,-96.18,0.06,115.0,364.0
1768640323.7706532,138100,0.0,-96.18,-0.01,115.0,364.0
1768640323.7817848,138120,0.0,-96.18,-0.01,115.0,364.0
1768640323.7975676,138140,0.0,-96.18,-0.01,115.0,364.0
1768640323.8205895,138160,0.0,-96.18,0.06,115.0,364.0
1768640323.8409731,138180,0.0,-96.18,0.04,115.0,364.0
1768640323.8544729,138200,0.0,-96.18,0.06,115.0,364.0
1768640323.8687768,138220,0.0,-96.18,0.06,115.0,364.0
1768640323.8866913,138240,0.0,-96.17,-0.01,115.0,364.0
1768640323.9177334,138260,0.0,-96.17,-0.08,115.0,364.0
1768640323.9278553,138280,0.0,-96.18,0.1,115.0,364.0
1768640323.9501998,138300,0.0,-96.17,-0.01,115.0,364.0
1768640323.9799623,138320,0.0,-96.17,-0.08,115.0,364.0
1768640324.010681,138340,0.0,-96.17,-0.01,115.0,364.0
1768640324.0215952,138360,0.0,-96.17,0.06,115.0,364.0
1768640324.041499,138380,0.0,-96.17,-0.08,115.0,364.0
1768640324.0554852,138400,0.0,-96.17,0.06,115.0,364.0
1768640324.0796216,138420,0.0,-96.17,-0.08,115.0,364.0
1768640324.0881867,138440,0.0,-96.17,-0.18,115.0,364.0
1768640324.1110659,138460,0.0,-96.17,0.06,115.0,364.0
1768640324.120771,138480,0.0,-96.17,-0.01,115.0,364.0
1768640324.1595285,138500,0.0,-96.17,-0.08,115.0,364.0
1768640324.1786432,138520,0.0,-96.17,-0.08,115.0,364.0
1768640324.1850338,138540,0.0,-96.17,-0.08,115.0,364.0
1768640324.2150633,138560,0.0,-96.18,-0.06,115.0,364.0
1768640324.2402709,138580,0.0,-96.17,0.03,115.0,364.0
1768640324.2526393,138600,0.0,-96.18,0.06,115.0,364.0
1768640324.2715845,138620,0.0,-96.17,-0.01,115.0,364.0
1768640324.2826781,138640,0.0,-96.17,0.16,115.0,364.0
1768640324.3121772,138660,0.0,-96.17,0.06,115.0,364.0
1768640324.3348894,138680,0.0,-96.17,0.06,115.0,364.0
1768640324.3449848,138700,0.0,-96.17,0.03,115.0,364.0
1768640324.3691015,138720,0.0,-96.17,-0.01,115.0,364.0
1768640324.3997052,138740,0.0,-96.17,0.06,115.0,364.0
1768640324.4116898,138760,0.0,-96.17,0.13,115.0,364.0
1768640324.4391966,138780,0.0,-96.17,-0.08,115.0,364.0
1768640324.4421465,138800,0.0,-96.17,-0.11,115.0,364.0
1768640324.4730945,138820,0.0,-96.17,0.06,115.0,364.0
1768640324.495407,138840,0.0,-96.17,-0.01,115.0,364.0
1768640324.5055416,138860,0.0,-96.17,0.03,115.0,364.0
1768640324.5384357,138880,0.0,-96.17,-0.08,115.0,364.0
1768640324.5734391,138900,0.0,-96.17,-0.08,115.0,364.0
1768640324.5804958,138920,0.0,-96.17,0.06,115.0,364.0
1768640324.609425,138940,0.0,-96.17,0.06,115.0,364.0
1768640324.6140864,138960,0.0,-96.17,-0.08,115.0,364.0
1768640324.6357775,138980,0.0,-96.17,-0.01,115.0,364.0
1768640324.6555345,139000,0.0,-96.17,-0.1,115.0,364.0
1768640324.665472,139020,0.0,-96.17,0.1,115.0,364.0
1768640324.6884036,139040,0.0,-96.17,-0.08,115.0,364.0
1768640324.723097,139060,0.0,-96.17,0.06,115.0,364.0
1768640324.7334456,139080,0.0,-96.17,-0.08,115.0,364.0
1768640324.7526937,139100,0.0,-96.17,-0.01,115.0,364.0
1768640324.7791932,139120,0.0,-96.17,-0.04,115.0,364.0
1768640324.7971308,139140,0.0,-96.17,-0.01,115.0,364.0
1768640324.817015,139160,0.0,-96.17,-0.01,115.0,364.0
1768640324.8322577,139180,0.0,-96.17,-0.08,115.0,364.0
1768640324.848633,139200,0.0,-96.17,-0.01,115.0,364.0
1768640324.8803027,139220,0.0,-96.17,-0.08,115.0,364.0
1768640324.8904495,139240,0.0,-96.17,0.06,115.0,364.0
1768640324.912551,139260,0.0,-96.17,0.03,115.0,364.0
1768640324.9225838,139280,0.0,-96.17,-0.06,115.0,364.0
1768640324.9565365,139300,0.0,-96.17,-0.01,115.0,364.0
1768640324.9770977,139320,0.0,-96.17,-0.01,115.0,364.0
1768640324.9885638,139340,0.0,-96.17,-0.04,115.0,364.0
1768640325.014059,139360,0.0,-96.17,0.06,115.0,364.0
1768640325.0422218,139380,0.0,-96.17,-0.06,115.0,364.0
1768640325.0505757,139400,0.0,-96.17,0.13,115.0,364.0
1768640325.0722678,139420,0.0,-96.17,-0.01,115.0,364.0
1768640325.082409,139440,0.0,-96.17,0.06,115.0,364.0
1768640325.1237614,139460,0.0,-96.17,-0.01,115.0,364.0
1768640325.1376812,139480,0.0,-96.17,1.0,115.0,364.0
1768640325.1577501,139500,0.0,-96.11,4.21,115.0,364.0
1768640325.1691236,139520,0.0,-96.08,0.41,115.0,364.0
1768640325.191696,139540,0.0,-96.08,-1.3,115.0,364.0
1768640325.2117167,139560,0.0,-96.13,-0.88,115.0,364.0
1768640325.2331896,139580,0.0,-96.15,-0.36,115.0,364.0
1768640325.2434106,139600,0.0,-96.16,-0.41,115.0,364.0
1768640325.2657394,139620,0.0,-96.16,-0.18,115.0,364.0
1768640325.2974386,139640,0.0,-96.17,-1.3,115.0,364.0
1768640325.323817,139660,0.0,-96.2,-1.94,115.0,364.0
1768640325.3345928,139680,0.0,-96.24,-1.58,115.0,364.0
1768640325.344844,139700,0.0,-96.26,-0.08,115.0,364.0
1768640325.3714502,139720,0.0,-96.26,-0.01,115.0,364.0
1768640325.394411,139740,0.0,-96.26,0.2,115.0,364.0
1768640325.4042408,139760,0.0,-96.26,-0.08,115.0,364.0
1768640325.4293664,139780,0.0,-96.26,-0.15,115.0,364.0
1768640325.45747,139800,0.0,-96.26,-0.04,115.0,364.0
1768640325.4673786,139820,0.0,-96.26,0.06,115.0,364.0
1768640325.4900804,139840,0.0,-96.26,-0.01,115.0,364.0
1768640325.5001276,139860,0.0,-96.26,0.06,115.0,364.0
1768640325.5581174,139880,0.0,-96.26,0.06,115.0,364.0
1768640325.569075,139900,0.0,-96.26,-0.08,115.0,364.0
1768640325.5727198,139920,0.0,-96.26,-0.04,115.0,364.0
1768640325.5978389,139940,0.0,-96.26,0.03,115.0,364.0
1768640325.6210744,139960,0.0,-96.26,-0.12,115.0,364.0
1768640325.6566255,139980,0.0,-96.26,0.06,115.0,364.0
1768640325.6621256,140000,0.0,-96.26,-0.01,115.0,364.0
1768640325.6829996,140020,0.0,-96.26,-0.01,115.0,364.0
1768640325.6927803,140040,0.0,-96.26,-0.08,115.0,364.0
1768640325.7160115,140060,0.0,-96.26,-0.01,115.0,364.0
1768640325.7256792,140080,0.0,-96.26,0.02,115.0,364.0
1768640325.7633703,140100,0.0,-96.26,0.04,115.0,364.0
1768640325.792604,140120,0.0,-96.26,-0.08,115.0,364.0
1768640325.820984,140140,0.0,-96.26,-0.04,115.0,364.0
1768640325.84016,140160,0.0,-96.26,0.03,115.0,364.0
1768640325.8447466,140180,0.0,-96.26,-0.01,115.0,364.0
1768640325.854911,140200,0.0,-96.26,-0.01,115.0,364.0
1768640325.8767202,140220,0.0,-96.26,-0.01,115.0,364.0
1768640325.8857043,140240,0.0,-96.25,-0.01,115.0,364.0
1768640325.908227,140260,0.0,-96.25,-0.08,115.0,364.0
1768640325.9394186,140280,0.0,-96.25,0.13,115.0,364.0
1768640325.9497561,140300,0.0,-96.25,-0.08,115.0,364.0
1768640325.9964569,140320,0.0,-96.25,-0.01,115.0,364.0
1768640326.0040662,140340,0.0,-96.25,0.06,115.0,364.0
1768640326.041006,140360,0.0,-96.25,0.09,115.0,364.0
1768640326.054986,140380,0.0,-96.25,-0.01,115.0,364.0
1768640326.075467,140400,0.0,-96.25,-0.01,115.0,364.0
1768640326.086897,140420,0.0,-96.25,-0.01,115.0,364.0
1768640326.1004906,140440,0.0,-96.25,-0.01,115.0,364.0
1768640326.1106277,140460,0.0,-96.25,-0.01,115.0,364.0
1768640326.1323373,140480,0.0,-96.25,-0.08,115.0,364.0
1768640326.1423666,140500,0.0,-96.25,-0.08,115.0,364.0
1768640326.174157,140520,0.0,-96.25,-0.01,115.0,364.0
1768640326.2045617,140540,0.0,-96.25,0.02,115.0,364.0
1768640326.2175083,140560,0.0,-96.25,-0.01,115.0,364.0
1768640326.2382996,140580,0.0,-96.25,-0.01,115.0,364.0
1768640326.2617366,140600,0.0,-96.25,0.06,115.0,364.0
1768640326.2714355,140620,0.0,-96.25,-0.01,115.0,364.0
1768640326.2946506,140640,0.0,-96.25,-0.03,115.0,364.0
1768640326.302501,140660,0.0,-96.25,0.02,115.0,364.0
1768640326.3549633,140680,0.0,-96.25,-0.01,115.0,364.0
1768640326.3598533,140700,0.0,-96.25,-0.15,115.0,364.0
1768640326.3808293,140720,0.0,-96.25,-0.04,115.0,364.0
1768640326.3970053,140740,0.0,-96.25,0.06,115.0,364.0
1768640326.4171836,140760,0.0,-96.25,-0.01,115.0,364.0
1768640326.437271,140780,0.0,-96.25,-0.08,115.0,364.0
1768640326.4474332,140800,0.0,-96.25,-0.01,115.0,364.0
1768640326.4690437,140820,0.0,-96.25,-0.01,115.0,364.0
1768640326.4793148,140840,0.0,-96.24,0.06,115.0,364.0
1768640326.5293758,140860,0.0,-96.24,-0.15,115.0,364.0
1768640326.5381992,140880,0.0,-96.25,0.03,115.0,364.0
1768640326.5559936,140900,0.0,-96.24,-0.01,115.0,364.0
1768640326.5672188,140920,0.0,-96.25,-0.01,115.0,364.0
1768640326.5999315,140940,0.0,-96.25,-0.01,115.0,364.0
1768640326.6080322,140960,0.0,-96.25,-0.08,115.0,364.0
1768640326.6326244,140980,0.0,-96.25,-0.04,115.0,364.0
1768640326.6393394,141000,0.0,-96.25,0.06,115.0,364.0
1768640326.6706405,141020,0.0,-96.25,-0.15,115.0,364.0
1768640326.6936522,141040,0.0,-96.25,0.06,115.0,364.0
1768640326.7048838,141060,0.0,-96.25,-0.08,115.0,364.0
1768640326.7307057,141080,0.0,-96.25,0.04,115.0,364.0
1768640326.761438,141100,0.0,-96.25,-0.04,115.0,364.0
1768640326.7683754,141120,0.0,-96.25,-0.01,115.0,364.0
1768640326.7914858,141140,0.0,-96.25,0.01,115.0,364.0
1768640326.8018217,141160,0.0,-96.25,-0.01,115.0,364.0
1768640326.8310425,141180,0.0,-96.25,-0.01,115.0,364.0
1768640326.861079,141200,0.0,-96.25,0.06,115.0,364.0
1768640326.8749206,141220,0.0,-96.25,0.1,115.0,364.0
1768640326.8810458,141240,0.0,-96.24,0.03,115.0,364.0
1768640326.9243038,141260,0.0,-96.25,0.03,115.0,364.0
1768640326.9385,141280,0.0,-96.24,0.06,115.0,364.0
1768640326.9448047,141300,0.0,-96.24,-0.08,115.0,364.0
1768640326.9668913,141320,0.0,-96.24,-0.01,115.0,364.0
1768640326.997879,141340,0.0,-96.24,0.06,115.0,364.0
1768640327.0079563,141360,0.0,-96.24,-0.08,115.0,364.0
1768640327.039623,141380,0.0,-96.24,-0.01,115.0,364.0
1768640327.0478542,141400,0.0,-96.24,-0.01,115.0,364.0
1768640327.0864143,141420,0.0,-96.24,0.06,115.0,364.0
1768640327.1098466,141440,0.0,-96.24,-0.01,115.0,364.0
1768640327.1180215,141460,0.0,-96.24,0.06,115.0,364.0
1768640327.1275966,141480,0.0,-96.24,-0.01,115.0,364.0
1768640327.1586716,141500,0.0,-96.24,0.06,115.0,364.0
1768640327.1687934,141520,0.0,-96.24,-0.01,115.0,364.0
1768640327.1909082,141540,0.0,-96.24,-0.08,115.0,364.0
1768640327.2013428,141560,0.0,-96.24,-0.08,115.0,364.0
1768640327.2483478,141580,0.0,-96.24,0.06,115.0,364.0
1768640327.2563813,141600,0.0,-96.24,-0.01,115.0,364.0
1768640327.2797515,141620,0.0,-96.24,-0.08,115.0,364.0
1768640327.2877727,141640,0.0,-96.24,-0.01,115.0,364.0
1768640327.3159058,141660,0.0,-96.24,-0.01,115.0,364.0
1768640327.3387973,141680,0.0,-96.24,0.06,115.0,364.0
1768640327.3477979,141700,0.0,-96.24,-0.08,115.0,364.0
1768640327.3678436,141720,0.0,-96.24,-0.01,115.0,364.0
1768640327.3994145,141740,0.0,-96.24,-0.03,115.0,364.0
1768640327.4094167,141760,0.0,-96.24,0.06,115.0,364.0
1768640327.434357,141780,0.0,-96.24,-0.01,115.0,364.0
1768640327.442489,141800,0.0,-96.24,-0.05,115.0,364.0
1768640327.4770944,141820,0.0,-96.24,-0.08,115.0,364.0
1768640327.5061913,141840,0.0,-96.24,0.1,115.0,364.0
1768640327.5096238,141860,0.0,-96.24,0.02,115.0,364.0
1768640327.529029,141880,0.0,-96.24,-0.01,115.0,364.0
1768640327.560862,141900,0.0,-96.24,-0.08,115.0,364.0
1768640327.5693474,141920,0.0,-96.24,-0.04,115.0,364.0
1768640327.5919518,141940,0.0,-96.24,0.02,115.0,364.0
1768640327.6021323,141960,0.0,-96.24,-0.06,115.0,364.0
1768640327.6494439,141980,0.0,-96.24,-0.01,115.0,364.0
1768640327.658344,142000,0.0,-96.24,0.03,115.0,364.0
1768640327.6808748,142020,0.0,-96.24,-0.12,115.0,364.0
1768640327.6922967,142040,0.0,-96.24,-0.15,115.0,364.0
1768640327.7204065,142060,0.0,-96.24,-0.01,115.0,364.0
1768640327.730918,142080,0.0,-96.24,-0.01,115.0,364.0
1768640327.7524548,142100,0.0,-96.24,-0.01,115.0,364.0
1768640327.7628515,142120,0.0,-96.24,-0.01,115.0,364.0
1768640327.794538,142140,0.0,-96.24,-0.05,115.0,364.0
1768640327.8385098,142160,0.0,-96.24,-0.01,115.0,364.0
1768640327.8432007,142180,0.0,-96.24,0.11,115.0,364.0
1768640327.8734784,142200,0.0,-96.24,-0.04,115.0,364.0
1768640327.8821673,142220,0.0,-96.24,0.06,115.0,364.0
1768640327.900743,142240,0.0,-96.24,-0.05,115.0,364.0
1768640327.9139614,142260,0.0,-96.24,-0.08,115.0,364.0
1768640327.9246438,142280,0.0,-96.24,-0.01,115.0,364.0
1768640327.945194,142300,0.0,-96.24,-0.01,115.0,364.0
1768640327.9770577,142320,0.0,-96.24,0.03,115.0,364.0
1768640327.9872282,142340,0.0,-96.25,-0.08,115.0,364.0
1768640328.0094194,142360,0.0,-96.25,-0.01,115.0,364.0
1768640328.03391,142380,0.0,-96.24,0.06,115.0,364.0
1768640328.0561798,142400,0.0,-96.24,0.06,115.0,364.0
1768640328.0904393,142420,0.0,-96.24,-0.08,115.0,364.0
1768640328.098745,142440,0.0,-96.24,0.13,115.0,364.0
1768640328.1233046,142460,0.0,-96.24,-0.01,115.0,364.0
1768640328.1374617,142480,0.0,-96.24,0.06,115.0,364.0
1768640328.1481419,142500,0.0,-96.24,0.06,115.0,364.0
1768640328.1696317,142520,0.0,-96.24,0.06,115.0,364.0
1768640328.1793861,142540,0.0,-96.24,0.06,115.0,364.0
1768640328.2125838,142560,0.0,-96.24,-0.01,115.0,364.0
1768640328.2402787,142580,0.0,-96.24,-0.01,115.0,364.0
1768640328.2595558,142600,0.0,-96.24,-0.08,115.0,364.0
1768640328.2717674,142620,0.0,-96.24,0.06,115.0,364.0
1768640328.2994218,142640,0.0,-96.24,-0.01,115.0,364.0
1768640328.3240762,142660,0.0,-96.23,0.06,115.0,364.0
1768640328.3376162,142680,0.0,-96.23,0.06,115.0,364.0
1768640328.3418486,142700,0.0,-96.23,-0.01,115.0,364.0
1768640328.3721406,142720,0.0,-96.23,0.11,115.0,364.0
1768640328.3941739,142740,0.0,-96.23,-0.04,115.0,364.0
1768640328.4056604,142760,0.0,-96.23,0.06,115.0,364.0
1768640328.4315155,142780,0.0,-96.23,0.01,115.0,364.0
1768640328.4583673,142800,0.0,-96.23,-0.08,115.0,364.0
1768640328.4863753,142820,0.0,-96.23,-0.12,115.0,364.0
1768640328.4999607,142840,0.0,-96.23,-0.05,115.0,364.0
1768640328.5225956,142860,0.0,-96.23,-0.01,115.0,364.0
1768640328.5331106,142880,0.0,-96.22,0.62,115.0,364.0
1768640328.5547128,142900,0.0,-96.22,0.17,115.0,364.0
1768640328.567583,142920,0.0,-96.21,0.13,115.0,364.0
1768640328.5866594,142940,0.0,-96.21,0.01,115.0,364.0
1768640328.618713,142960,0.0,-96.21,-0.04,115.0,364.0
1768640328.6451156,142980,0.0,-96.21,-0.01,115.0,364.0
1768640328.6563075,143000,0.0,-96.21,-0.2,115.0,364.0
1768640328.6762555,143020,0.0,-96.21,0.13,115.0,364.0
1768640328.7073638,143040,0.0,-96.21,-0.01,115.0,364.0
1768640328.7170162,143060,0.0,-96.21,0.13,115.0,364.0
1768640328.7257712,143080,0.0,-96.2,-2.11,115.0,364.0
1768640328.7473545,143100,0.0,-96.26,-0.32,115.0,364.0
1768640328.7791553,143120,0.0,-96.26,-0.01,115.0,364.0
1768640328.7892997,143140,0.0,-96.26,0.13,115.0,364.0
1768640328.823381,143160,0.0,-96.25,-0.13,115.0,364.0
1768640328.833744,143180,0.0,-96.25,-0.01,115.0,364.0
1768640328.870559,143200,0.0,-96.25,0.03,115.0,364.0
1768640328.8947976,143220,0.0,-96.25,-0.06,115.0,364.0
1768640328.906719,143240,0.0,-96.25,0.03,115.0,364.0
1768640328.9095023,143260,0.0,-96.25,1.04,115.0,364.0
1768640328.9389644,143280,0.0,-96.24,-0.11,115.0,364.0
1768640328.9491966,143300,0.0,-96.24,-0.36,115.0,364.0
1768640328.971684,143320,0.0,-96.26,-0.01,115.0,364.0
1768640328.9821563,143340,0.0,-96.26,-0.01,115.0,364.0
1768640329.0300388,143360,0.0,-96.25,0.06,115.0,364.0
1768640329.0408428,143380,0.0,-96.26,-0.43,115.0,364.0
1768640329.0728483,143400,0.0,-96.26,-0.01,115.0,364.0
1768640329.1016333,143420,0.0,-96.26,-0.08,115.0,364.0
1768640329.113607,143440,0.0,-96.26,-0.01,115.0,364.0
1768640329.1219597,143460,0.0,-96.26,0.06,115.0,364.0
1768640329.137084,143480,0.0,-96.26,-0.08,115.0,364.0
1768640329.1487792,143500,0.0,-96.26,0.02,115.0,364.0
1768640329.1742992,143520,0.0,-96.26,-0.04,115.0,364.0
1768640329.19617,143540,0.0,-96.26,-0.08,115.0,364.0
1768640329.2074523,143560,0.0,-96.26,-0.01,115.0,364.0
1768640329.247816,143580,0.0,-96.26,-0.01,115.0,364.0
1768640329.2608423,143600,0.0,-96.26,-0.06,115.0,364.0
1768640329.2849028,143620,0.0,-96.26,0.06,115.0,364.0
1768640329.295802,143640,0.0,-96.26,-0.01,115.0,364.0
1768640329.3200948,143660,0.0,-96.26,0.02,115.0,364.0
1768640329.3359237,143680,0.0,-96.26,-0.08,115.0,364.0
1768640329.3608623,143700,0.0,-96.26,-0.01,115.0,364.0
1768640329.3667955,143720,0.0,-96.26,-0.08,115.0,364.0
1768640329.3886335,143740,0.0,-96.26,-0.01,115.0,364.0
1768640329.4053621,143760,0.0,-96.26,-0.06,115.0,364.0
1768640329.448259,143780,0.0,-96.26,0.03,115.0,364.0
1768640329.453014,143800,0.0,-96.26,-0.01,115.0,364.0
1768640329.4810588,143820,0.0,-96.26,-0.01,115.0,364.0
1768640329.4922676,143840,0.0,-96.26,0.06,115.0,364.0
1768640329.512078,143860,0.0,-96.26,0.13,115.0,364.0
1768640329.533352,143880,0.0,-96.26,-0.29,115.0,364.0
1768640329.5431561,143900,0.0,-96.26,0.06,115.0,364.0
1768640329.5651639,143920,0.0,-96.26,-0.01,115.0,364.0
1768640329.6073847,143940,0.0,-96.26,-0.04,115.0,364.0
1768640329.611833,143960,0.0,-96.27,-0.05,115.0,364.0
1768640329.6343122,143980,0.0,-96.27,-0.01,115.0,364.0
1768640329.6439474,144000,0.0,-96.27,-0.11,115.0,364.0
1768640329.671326,144020,0.0,-96.29,-0.81,115.0,364.0
1768640329.6934385,144040,0.0,-96.29,-0.92,115.0,364.0
1768640329.7035959,144060,0.0,-96.3,-0.01,115.0,364.0
1768640329.726021,144080,0.0,-96.3,-0.01,115.0,364.0
1768640329.7663107,144100,0.0,-96.3,-0.01,115.0,364.0
1768640329.7707624,144120,0.0,-96.3,-0.04,115.0,364.0
1768640329.805793,144140,0.0,-96.3,-0.08,115.0,364.0
1768640329.8138313,144160,0.0,-96.3,0.02,115.0,364.0
1768640329.8462193,144180,0.0,-96.3,-0.08,115.0,364.0
1768640329.854511,144200,0.0,-96.3,0.01,115.0,364.0
1768640329.8658009,144220,0.0,-96.3,-0.01,115.0,364.0
1768640329.8872924,144240,0.0,-96.3,-0.04,115.0,364.0
1768640329.9183772,144260,0.0,-96.3,0.04,115.0,364.0
1768640329.9281847,144280,0.0,-96.3,-0.01,115.0,364.0
1768640329.959424,144300,0.0,-96.3,-0.01,115.0,364.0
1768640329.966763,144320,0.0,-96.3,-0.01,115.0,364.0
1768640330.0243597,144340,0.0,-96.3,-0.01,115.0,364.0
1768640330.0303912,144360,0.0,-96.3,-0.08,115.0,364.0
1768640330.0673654,144380,0.0,-96.3,-0.04,115.0,364.0
1768640330.075856,144400,0.0,-96.3,0.03,115.0,364.0
1768640330.0815187,144420,0.0,-96.3,-0.08,115.0,364.0
1768640330.0895653,144440,0.0,-96.3,0.09,115.0,364.0
1768640330.1149857,144460,0.0,-96.3,-0.01,115.0,364.0
1768640330.120888,144480,0.0,-96.3,-0.01,115.0,364.0
1768640330.1528738,144500,0.0,-96.3,-0.01,115.0,364.0
1768640330.1747518,144520,0.0,-96.3,-0.08,115.0,364.0
1768640330.1853063,144540,0.0,-96.3,-0.71,115.0,364.0
1768640330.2190795,144560,0.0,-96.3,0.03,115.0,364.0
1768640330.2417312,144580,0.0,-96.31,-0.08,115.0,364.0
1768640330.2641094,144600,0.0,-96.31,0.06,115.0,364.0
1768640330.285996,144620,0.0,-96.31,-0.08,115.0,364.0
1768640330.298143,144640,0.0,-96.31,-0.06,115.0,364.0
1768640330.3133292,144660,0.0,-96.31,-0.08,115.0,364.0
1768640330.3355374,144680,0.0,-96.31,-0.08,115.0,364.0
1768640330.3455632,144700,0.0,-96.31,-0.05,115.0,364.0
1768640330.367842,144720,0.0,-96.32,-2.7,115.0,364.0
1768640330.3995647,144740,0.0,-96.38,-1.3,115.0,364.0
1768640330.4340258,144760,0.0,-96.38,-0.08,115.0,364.0
1768640330.4486942,144780,0.0,-96.38,0.03,115.0,364.0
1768640330.4729447,144800,0.0,-96.38,-0.15,115.0,364.0
1768640330.4864721,144820,0.0,-96.39,-0.15,115.0,364.0
1768640330.5039117,144840,0.0,-96.39,-1.44,115.0,364.0
1768640330.5168197,144860,0.0,-96.42,0.53,115.0,364.0
1768640330.5311563,144880,0.0,-96.43,-0.25,115.0,364.0
1768640330.5598917,144900,0.0,-96.43,0.06,115.0,364.0
1768640330.5700488,144920,0.0,-96.43,0.02,115.0,364.0
1768640330.5920522,144940,0.0,-96.43,-0.08,115.0,364.0
1768640330.6025338,144960,0.0,-96.43,-0.08,115.0,364.0
1768640330.6341097,144980,0.0,-96.43,0.06,115.0,364.0
1768640330.664293,145000,0.0,-96.43,-0.18,115.0,364.0
1768640330.6755075,145020,0.0,-96.44,-0.1,115.0,364.0
1768640330.699991,145040,0.0,-96.44,0.13,115.0,364.0
1768640330.7216747,145060,0.0,-96.44,0.23,115.0,364.0
1768640330.7318883,145080,0.0,-96.41,3.91,115.0,364.0
1768640330.7588086,145100,0.0,-96.31,1.28,115.0,364.0
1768640330.771577,145120,0.0,-96.3,0.27,115.0,364.0
1768640330.7946184,145140,0.0,-96.3,0.13,115.0,364.0
1768640330.816982,145160,0.0,-96.29,-0.01,115.0,364.0
1768640330.8270416,145180,0.0,-96.29,0.06,115.0,364.0
1768640330.8485851,145200,0.0,-96.29,0.06,115.0,364.0
1768640330.8590224,145220,0.0,-96.29,-0.01,115.0,364.0
1768640330.9097476,145240,0.0,-96.29,-0.08,115.0,364.0
1768640330.9411142,145260,0.0,-96.29,0.06,115.0,364.0
1768640330.964635,145280,0.0,-96.29,0.06,115.0,364.0
1768640330.9762094,145300,0.0,-96.29,-0.01,115.0,364.0
1768640330.9794383,145320,0.0,-96.29,-0.01,115.0,364.0
1768640330.990182,145340,0.0,-96.29,0.41,115.0,364.0
1768640331.0103304,145360,0.0,-96.28,0.2,115.0,364.0
1768640331.0193424,145380,0.0,-96.28,0.24,115.0,364.0
1768640331.0573857,145400,0.0,-96.28,0.27,115.0,364.0
1768640331.067389,145420,0.0,-96.27,-0.01,115.0,364.0
1768640331.1114295,145440,0.0,-96.27,0.06,115.0,364.0
1768640331.1188269,145460,0.0,-96.27,-0.01,115.0,364.0
1768640331.1444495,145480,0.0,-96.27,-0.01,115.0,364.0
1768640331.1721318,145500,0.0,-96.27,-0.01,115.0,364.0
1768640331.1836288,145520,0.0,-96.27,-0.01,115.0,364.0
1768640331.1888819,145540,0.0,-96.27,0.02,115.0,364.0
1768640331.2172167,145560,0.0,-96.27,-0.01,115.0,364.0
1768640331.2275438,145580,0.0,-96.27,-0.01,115.0,364.0
1768640331.2497876,145600,0.0,-96.27,-0.11,115.0,364.0
1768640331.2604544,145620,0.0,-96.27,0.01,115.0,364.0
1768640331.2919278,145640,0.0,-96.27,-0.19,115.0,364.0
1768640331.3309934,145660,0.0,-96.27,-0.04,115.0,364.0
1768640331.3388708,145680,0.0,-96.19,6.54,115.0,364.0
1768640331.3604386,145700,0.0,-96.11,6.08,115.0,364.0
1768640331.380157,145720,0.0,-96.0,2.3,115.0,364.0
1768640331.3882694,145740,0.0,-96.0,0.06,115.0,364.0
1768640331.410385,145760,0.0,-96.0,0.06,115.0,364.0
1768640331.4200315,145780,0.0,-96.0,-0.01,115.0,364.0
1768640331.4524438,145800,0.0,-96.0,-0.05,115.0,364.0
1768640331.4803598,145820,0.0,-96.0,-0.04,115.0,364.0
1768640331.4848108,145840,0.0,-96.0,0.06,115.0,364.0
1768640331.5189776,145860,0.0,-96.0,-0.08,115.0,364.0
1768640331.538731,145880,0.0,-96.0,-0.12,115.0,364.0
1768640331.5498588,145900,0.0,-96.0,-0.01,115.0,364.0
1768640331.572204,145920,0.0,-96.0,0.06,115.0,364.0
1768640331.5814838,145940,0.0,-96.0,-0.01,115.0,364.0
1768640331.612993,145960,0.0,-96.0,-0.08,115.0,364.0
1768640331.6386638,145980,0.0,-96.0,-0.15,115.0,364.0
1768640331.6464841,146000,0.0,-96.0,-0.08,115.0,364.0
1768640331.6708512,146020,0.0,-96.0,-0.08,115.0,364.0
1768640331.698412,146040,0.0,-96.0,-0.22,115.0,364.0
1768640331.7098067,146060,0.0,-96.0,0.04,115.0,364.0
1768640331.7313623,146080,0.0,-96.0,-0.04,115.0,364.0
1768640331.7415583,146100,0.0,-96.0,-0.08,115.0,364.0
1768640331.7855935,146120,0.0,-96.0,-0.01,115.0,364.0
1768640331.8054013,146140,0.0,-96.01,-0.04,115.0,364.0
1768640331.8143048,146160,0.0,-96.01,-0.01,115.0,364.0
1768640331.8312137,146180,0.0,-96.01,-0.04,115.0,364.0
1768640331.859454,146200,0.0,-96.0,-0.01,115.0,364.0
1768640331.8696575,146220,0.0,-96.0,0.04,115.0,364.0
1768640331.8916206,146240,0.0,-96.0,0.06,115.0,364.0
