Time_PC,Time_Dev,Target,Yaw,Rate,Servo_Angle,Servo_PWM
1768804575.9577339,55320,0.0,2.23,0.27,81.0,287.0
1768804575.9937985,55340,0.0,2.23,-0.33,81.0,287.0
1768804576.010471,55360,0.0,2.23,-0.22,83.0,291.0
1768804576.0209532,55380,0.0,2.23,-0.22,83.0,291.0
1768804576.0274024,55400,0.0,2.22,-0.11,83.0,291.0
1768804576.0596442,55420,0.0,2.22,-0.22,83.0,291.0
1768804576.06967,55440,0.0,2.22,-0.11,82.0,289.0
1768804576.0929716,55460,0.0,2.22,0.14,82.0,289.0
1768804576.1043365,55480,0.0,2.22,-0.05,82.0,289.0
1768804576.1337118,55500,0.0,2.21,-0.15,83.0,291.0
1768804576.1564438,55520,0.0,2.21,0.14,82.0,289.0
1768804576.1665618,55540,0.0,2.21,-0.11,82.0,289.0
1768804576.1867404,55560,0.0,2.21,-0.15,82.0,289.0
1768804576.1994236,55580,0.0,2.21,0.02,83.0,291.0
1768804576.24768,55600,0.0,2.21,-0.08,82.0,289.0
1768804576.2582827,55620,0.0,2.21,-0.05,82.0,289.0
1768804576.2665985,55640,0.0,2.2,-0.2,83.0,291.0
1768804576.2962956,55660,0.0,2.2,-0.08,82.0,289.0
1768804576.3173504,55680,0.0,2.2,-0.01,82.0,289.0
1768804576.3270974,55700,0.0,2.2,-0.08,83.0,291.0
1768804576.3504655,55720,0.0,2.19,-0.29,83.0,291.0
1768804576.379979,55740,0.0,2.19,-0.23,83.0,291.0
1768804576.390151,55760,0.0,2.18,-0.36,84.0,293.0
1768804576.4179518,55780,0.0,2.17,-0.47,84.0,293.0
1768804576.4252377,55800,0.0,2.16,-0.32,83.0,291.0
1768804576.4585588,55820,0.0,2.16,-0.3,83.0,291.0
1768804576.4775705,55840,0.0,2.15,-0.72,84.0,293.0
1768804576.4964647,55860,0.0,2.13,-0.86,86.0,298.0
1768804576.5103328,55880,0.0,2.11,-0.47,85.0,296.0
1768804576.5408876,55900,0.0,2.11,-0.29,83.0,291.0
1768804576.5509357,55920,0.0,2.1,-0.61,83.0,291.0
1768804576.5773828,55940,0.0,2.08,-0.82,86.0,298.0
1768804576.5838933,55960,0.0,2.07,-0.53,86.0,298.0
1768804576.6196342,55980,0.0,2.06,-0.36,84.0,293.0
1768804576.638389,56000,0.0,2.05,-0.43,84.0,293.0
1768804576.6494677,56020,0.0,2.04,-0.39,84.0,293.0
1768804576.6686742,56040,0.0,2.03,-0.3,84.0,293.0
1768804576.7011983,56060,0.0,2.03,-0.08,83.0,291.0
1768804576.711208,56080,0.0,2.03,-0.09,83.0,291.0
1768804576.7455883,56100,0.0,2.03,-0.12,82.0,289.0
1768804576.7529106,56120,0.0,2.03,-0.02,83.0,291.0
1768804576.7837796,56140,0.0,2.02,0.05,84.0,293.0
1768804576.791846,56160,0.0,2.02,0.16,83.0,291.0
1768804576.8074448,56180,0.0,2.03,0.32,80.0,284.0
1768804576.8283575,56200,0.0,2.03,-0.01,81.0,287.0
1768804576.861439,56220,0.0,2.03,-0.5,84.0,293.0
1768804576.871397,56240,0.0,2.02,-0.34,83.0,291.0
1768804576.8988826,56260,0.0,2.02,0.17,81.0,287.0
1768804576.9074328,56280,0.0,2.02,-0.15,82.0,289.0
1768804576.9320326,56300,0.0,2.02,-0.4,84.0,293.0
1768804576.9579682,56320,0.0,2.01,-0.29,84.0,293.0
1768804576.9682634,56340,0.0,2.01,-0.15,83.0,291.0
1768804576.990832,56360,0.0,2.0,-0.57,83.0,291.0
1768804576.9994478,56380,0.0,1.98,-1.06,87.0,300.0
1768804577.0320308,56400,0.0,1.96,-0.99,87.0,300.0
1768804577.0541785,56420,0.0,1.95,-0.43,85.0,296.0
1768804577.0643167,56440,0.0,1.94,-0.36,85.0,296.0
1768804577.0922217,56460,0.0,1.92,-0.85,86.0,298.0
1768804577.1204462,56480,0.0,1.9,-1.16,88.0,302.0
1768804577.129539,56500,0.0,1.89,-0.77,86.0,298.0
1768804577.1525552,56520,0.0,1.87,-0.67,84.0,293.0
1768804577.1602132,56540,0.0,1.85,-1.31,87.0,300.0
1768804577.1926584,56560,0.0,1.82,-1.69,90.0,307.0
1768804577.2141926,56580,0.0,1.79,-1.02,89.0,305.0
1768804577.224155,56600,0.0,1.78,-0.54,87.0,300.0
1768804577.2456331,56620,0.0,1.76,-1.13,89.0,305.0
1768804577.2783995,56640,0.0,1.73,-1.8,90.0,307.0
1768804577.2943738,56660,0.0,1.69,-1.51,90.0,307.0
1768804577.3106735,56680,0.0,1.67,-1.06,87.0,300.0
1768804577.3257935,56700,0.0,1.65,-1.31,88.0,302.0
1768804577.3592696,56720,0.0,1.62,-1.77,92.0,312.0
1768804577.3697245,56740,0.0,1.58,-1.53,92.0,312.0
1768804577.3906884,56760,0.0,1.56,-0.58,87.0,300.0
1768804577.3997087,56780,0.0,1.56,-0.26,85.0,296.0
1768804577.433797,56800,0.0,1.54,-1.22,88.0,302.0
1768804577.4576304,56820,0.0,1.51,-1.39,91.0,309.0
1768804577.4657698,56840,0.0,1.49,-0.34,86.0,298.0
1768804577.486815,56860,0.0,1.5,0.29,81.0,287.0
1768804577.5085866,56880,0.0,1.5,0.14,82.0,289.0
1768804577.5357637,56900,0.0,1.49,-0.87,86.0,298.0
1768804577.5520506,56920,0.0,1.48,-0.97,87.0,300.0
1768804577.560661,56940,0.0,1.47,0.34,84.0,293.0
1768804577.585363,56960,0.0,1.49,1.12,79.0,282.0
1768804577.6000063,56980,0.0,1.5,0.52,81.0,287.0
1768804577.632166,57000,0.0,1.5,-0.18,85.0,296.0
1768804577.6485941,57020,0.0,1.5,0.22,84.0,293.0
1768804577.6646695,57040,0.0,1.52,1.28,77.0,277.0
1768804577.6869287,57060,0.0,1.55,1.11,76.0,275.0
1768804577.713344,57080,0.0,1.56,-0.27,82.0,289.0
1768804577.7212234,57100,0.0,1.55,-0.42,87.0,300.0
1768804577.7458804,57120,0.0,1.54,0.41,85.0,296.0
1768804577.7562656,57140,0.0,1.56,0.66,79.0,282.0
1768804577.8002257,57160,0.0,1.58,0.2,79.0,282.0
1768804577.808497,57180,0.0,1.57,-0.44,84.0,293.0
1768804577.840711,57200,0.0,1.56,-0.44,86.0,298.0
1768804577.8549647,57220,0.0,1.56,0.41,84.0,293.0
1768804577.8731165,57240,0.0,1.57,0.35,81.0,287.0
1768804577.883407,57260,0.0,1.57,-0.25,82.0,289.0
1768804577.9142725,57280,0.0,1.56,-0.88,87.0,300.0
1768804577.9363923,57300,0.0,1.54,-0.53,87.0,300.0
1768804577.9467628,57320,0.0,1.54,-0.09,84.0,293.0
1768804577.9710112,57340,0.0,1.54,0.07,83.0,291.0
1768804578.0037224,57360,0.0,1.54,-0.43,85.0,296.0
1768804578.0114188,57380,0.0,1.52,-0.54,87.0,300.0
1768804578.0333042,57400,0.0,1.52,0.18,85.0,296.0
1768804578.0434227,57420,0.0,1.53,0.32,81.0,287.0
1768804578.072288,57440,0.0,1.53,0.1,82.0,289.0
1768804578.0972326,57460,0.0,1.53,-0.39,84.0,293.0
1768804578.1072478,57480,0.0,1.53,0.14,84.0,293.0
1768804578.135074,57500,0.0,1.54,0.77,81.0,287.0
1768804578.1471295,57520,0.0,1.55,0.84,81.0,287.0
1768804578.1782234,57540,0.0,1.56,0.28,82.0,289.0
1768804578.1810517,57560,0.0,1.56,0.1,83.0,291.0
1768804578.2070415,57580,0.0,1.57,0.64,81.0,287.0
1768804578.215889,57600,0.0,1.59,0.6,79.0,282.0
1768804578.2578924,57620,0.0,1.6,-0.03,82.0,289.0
1768804578.267826,57640,0.0,1.59,-0.39,85.0,296.0
1768804578.2899642,57660,0.0,1.59,0.11,84.0,293.0
1768804578.3022654,57680,0.0,1.59,0.49,82.0,289.0
1768804578.3343966,57700,0.0,1.59,-0.28,84.0,293.0
1768804578.355894,57720,0.0,1.58,-1.12,87.0,300.0
1768804578.3654897,57740,0.0,1.56,-0.73,88.0,302.0
1768804578.385442,57760,0.0,1.55,-0.16,84.0,293.0
1768804578.4197211,57780,0.0,1.55,-0.67,85.0,296.0
1768804578.428482,57800,0.0,1.52,-1.69,90.0,307.0
1768804578.4503884,57820,0.0,1.48,-1.44,92.0,312.0
1768804578.4591427,57840,0.0,1.46,-0.59,87.0,300.0
1768804578.5135605,57860,0.0,1.46,-0.38,84.0,293.0
1768804578.517612,57880,0.0,1.44,-1.6,90.0,307.0
1768804578.5390308,57900,0.0,1.4,-2.15,93.0,314.0
1768804578.5459402,57920,0.0,1.37,-0.66,89.0,305.0
1768804578.5744143,57940,0.0,1.37,0.13,85.0,296.0
1768804578.595084,57960,0.0,1.36,-0.36,85.0,296.0
1768804578.6045103,57980,0.0,1.34,-1.1,89.0,305.0
1768804578.6256654,58000,0.0,1.32,-0.98,89.0,305.0
1768804578.6588938,58020,0.0,1.31,-0.45,85.0,296.0
1768804578.668862,58040,0.0,1.31,0.1,84.0,293.0
1768804578.6906486,58060,0.0,1.31,-0.15,86.0,298.0
1768804578.6992188,58080,0.0,1.29,-1.04,88.0,302.0
1768804578.7458282,58100,0.0,1.28,-0.57,86.0,298.0
1768804578.754722,58120,0.0,1.28,0.24,83.0,291.0
1768804578.7649517,58140,0.0,1.29,0.01,82.0,289.0
1768804578.7858536,58160,0.0,1.27,-1.04,87.0,300.0
1768804578.8193076,58180,0.0,1.25,-1.11,90.0,307.0
1768804578.8293364,58200,0.0,1.24,0.05,86.0,298.0
1768804578.856828,58220,0.0,1.25,0.74,81.0,287.0
1768804578.8794498,58240,0.0,1.24,-0.68,87.0,300.0
1768804578.9059045,58260,0.0,1.21,-2.33,92.0,312.0
1768804578.9162517,58280,0.0,1.17,-1.83,92.0,312.0
1768804578.930139,58300,0.0,1.15,-0.39,88.0,302.0
1768804578.947635,58320,0.0,1.15,0.19,86.0,298.0
1768804578.9792523,58340,0.0,1.14,-0.51,87.0,300.0
1768804578.996106,58360,0.0,1.13,-0.61,87.0,300.0
1768804579.0061004,58380,0.0,1.13,-0.15,85.0,296.0
1768804579.0283978,58400,0.0,1.13,-0.05,84.0,293.0
1768804579.0602818,58420,0.0,1.12,-0.22,86.0,298.0
1768804579.0762024,58440,0.0,1.11,-0.29,86.0,298.0
1768804579.092045,58460,0.0,1.11,-0.05,84.0,293.0
1768804579.1058474,58480,0.0,1.11,-0.36,85.0,296.0
1768804579.134195,58500,0.0,1.1,-0.5,87.0,300.0
1768804579.1556556,58520,0.0,1.09,-0.47,87.0,300.0
1768804579.1659234,58540,0.0,1.08,-0.28,86.0,298.0
1768804579.187184,58560,0.0,1.07,-0.64,87.0,300.0
1768804579.2293975,58580,0.0,1.06,-0.64,88.0,302.0
1768804579.2401228,58600,0.0,1.05,-0.5,87.0,300.0
1768804579.2543366,58620,0.0,1.04,-0.54,87.0,300.0
1768804579.2765837,58640,0.0,1.03,-0.74,87.0,300.0
1768804579.2951996,58660,0.0,1.01,-0.85,88.0,302.0
1768804579.3170893,58680,0.0,1.0,-0.62,88.0,302.0
1768804579.3268042,58700,0.0,0.98,-0.81,88.0,302.0
1768804579.3490655,58720,0.0,0.96,-0.99,89.0,305.0
1768804579.3814752,58740,0.0,0.94,-0.85,89.0,305.0
1768804579.4001565,58760,0.0,0.93,-0.64,88.0,302.0
1768804579.4177501,58780,0.0,0.91,-0.99,88.0,302.0
1768804579.424018,58800,0.0,0.89,-1.35,90.0,307.0
1768804579.4550683,58820,0.0,0.87,-0.92,90.0,307.0
1768804579.4777262,58840,0.0,0.86,-0.22,88.0,302.0
1768804579.4872618,58860,0.0,0.85,-0.09,86.0,298.0
1768804579.5081923,58880,0.0,0.85,-0.16,86.0,298.0
1768804579.5417013,58900,0.0,0.84,-0.43,86.0,298.0
1768804579.5569868,58920,0.0,0.84,-0.22,86.0,298.0
1768804579.574252,58940,0.0,0.84,0.02,85.0,296.0
1768804579.5866902,58960,0.0,0.84,-0.02,86.0,298.0
1768804579.6156647,58980,0.0,0.83,-0.26,87.0,300.0
1768804579.6374478,59000,0.0,0.83,-0.2,86.0,298.0
1768804579.6476293,59020,0.0,0.83,0.12,85.0,296.0
1768804579.669794,59040,0.0,0.83,0.12,84.0,293.0
1768804579.6900585,59060,0.0,0.83,0.03,85.0,296.0
1768804579.7254982,59080,0.0,0.83,-0.16,85.0,296.0
1768804579.735247,59100,0.0,0.83,-0.09,85.0,296.0
1768804579.7444935,59120,0.0,0.83,-0.02,85.0,296.0
1768804579.7670283,59140,0.0,0.83,-0.3,85.0,296.0
1768804579.7979567,59160,0.0,0.82,-0.23,87.0,300.0
1768804579.8079069,59180,0.0,0.82,-0.12,87.0,300.0
1768804579.8300724,59200,0.0,0.81,-0.44,87.0,300.0
1768804579.8400574,59220,0.0,0.8,-0.25,87.0,300.0
1768804579.8735874,59240,0.0,0.8,-0.44,87.0,300.0
1768804579.8937583,59260,0.0,0.79,-0.51,87.0,300.0
1768804579.9112105,59280,0.0,0.78,-0.58,87.0,300.0
1768804579.9189074,59300,0.0,0.76,-0.65,88.0,302.0
1768804579.952182,59320,0.0,0.75,-0.43,88.0,302.0
1768804579.9816067,59340,0.0,0.75,-0.3,87.0,300.0
1768804579.9891932,59360,0.0,0.74,-0.4,87.0,300.0
1768804580.005812,59380,0.0,0.73,-0.51,88.0,302.0
1768804580.0403671,59400,0.0,0.72,-0.44,88.0,302.0
1768804580.048938,59420,0.0,0.72,-0.08,87.0,300.0
1768804580.07073,59440,0.0,0.72,0.06,85.0,296.0
1768804580.0801694,59460,0.0,0.72,0.06,85.0,296.0
1768804580.1039755,59480,0.0,0.72,0.27,84.0,293.0
1768804580.1142771,59500,0.0,0.73,0.31,83.0,291.0
1768804580.1522484,59520,0.0,0.74,0.17,84.0,293.0
1768804580.1594777,59540,0.0,0.74,0.03,85.0,296.0
1768804580.1940408,59560,0.0,0.74,0.14,85.0,296.0
1768804580.2142937,59580,0.0,0.75,0.42,84.0,293.0
1768804580.2223163,59600,0.0,0.75,0.16,83.0,291.0
1768804580.2358294,59620,0.0,0.76,0.06,85.0,296.0
1768804580.2729075,59640,0.0,0.76,-0.01,86.0,298.0
1768804580.2950737,59660,0.0,0.76,-0.08,86.0,298.0
1768804580.3072338,59680,0.0,0.76,0.06,86.0,298.0
1768804580.3304873,59700,0.0,0.76,0.06,85.0,296.0
1768804580.3592772,59720,0.0,0.76,-0.08,85.0,296.0
1768804580.36984,59740,0.0,0.75,-0.29,86.0,298.0
1768804580.3927367,59760,0.0,0.75,-0.25,87.0,300.0
1768804580.4010608,59780,0.0,0.74,-0.15,87.0,300.0
1768804580.4333189,59800,0.0,0.74,-0.19,86.0,298.0
1768804580.456585,59820,0.0,0.73,-0.41,86.0,298.0
1768804580.4768596,59840,0.0,0.72,-0.51,88.0,302.0
1768804580.4887798,59860,0.0,0.71,-0.47,88.0,302.0
1768804580.52414,59880,0.0,0.71,-0.02,86.0,298.0
1768804580.5361829,59900,0.0,0.71,0.12,86.0,298.0
1768804580.5524092,59920,0.0,0.71,-0.05,86.0,298.0
1768804580.5618553,59940,0.0,0.71,-0.16,86.0,298.0
1768804580.5849638,59960,0.0,0.71,0.16,85.0,296.0
1768804580.5949478,59980,0.0,0.71,0.15,84.0,293.0
1768804580.6261568,60000,0.0,0.71,-0.08,85.0,296.0
1768804580.6486547,60020,0.0,0.71,-0.05,86.0,298.0
1768804580.6821237,60040,0.0,0.71,0.27,86.0,298.0
1768804580.6968174,60060,0.0,0.72,0.28,84.0,293.0
1768804580.7181504,60080,0.0,0.72,-0.0,85.0,296.0
1768804580.732043,60100,0.0,0.72,-0.07,86.0,298.0
1768804580.7459474,60120,0.0,0.72,0.07,85.0,296.0
1768804580.7566414,60140,0.0,0.72,0.07,85.0,296.0
1768804580.7859077,60160,0.0,0.72,-0.25,86.0,298.0
1768804580.8150253,60180,0.0,0.71,-0.46,87.0,300.0
1768804580.8427863,60200,0.0,0.71,-0.56,88.0,302.0
1768804580.8521154,60220,0.0,0.7,-0.56,88.0,302.0
1768804580.8758085,60240,0.0,0.68,-0.77,88.0,302.0
1768804580.8851202,60260,0.0,0.67,-0.7,88.0,302.0
1768804580.9148812,60280,0.0,0.66,-0.84,88.0,302.0
1768804580.949286,60300,0.0,0.64,-0.98,89.0,305.0
1768804580.9653594,60320,0.0,0.62,-0.74,89.0,305.0
1768804580.9736183,60340,0.0,0.61,-0.63,88.0,302.0
1768804581.0097904,60360,0.0,0.6,-0.45,88.0,302.0
1768804581.012837,60380,0.0,0.59,-0.78,89.0,305.0
1768804581.0340495,60400,0.0,0.57,-0.7,90.0,307.0
1768804581.0415866,60420,0.0,0.56,-0.35,88.0,302.0
1768804581.0755103,60440,0.0,0.55,-0.46,87.0,300.0
1768804581.0974216,60460,0.0,0.54,-0.71,89.0,305.0
1768804581.1150825,60480,0.0,0.53,-0.71,89.0,305.0
1768804581.1352162,60500,0.0,0.51,-0.71,89.0,305.0
1768804581.161085,60520,0.0,0.5,-0.57,89.0,305.0
1768804581.1714542,60540,0.0,0.49,-0.57,89.0,305.0
1768804581.1941504,60560,0.0,0.47,-0.57,89.0,305.0
1768804581.2167685,60580,0.0,0.46,-0.46,88.0,302.0
1768804581.2246776,60600,0.0,0.46,-0.43,88.0,302.0
1768804581.257753,60620,0.0,0.45,-0.36,89.0,305.0
1768804581.2679403,60640,0.0,0.44,-0.26,89.0,305.0
1768804581.2922516,60660,0.0,0.43,-0.22,89.0,305.0
1768804581.2998698,60680,0.0,0.43,-0.15,88.0,302.0
1768804581.3456516,60700,0.0,0.43,-0.05,87.0,300.0
1768804581.3639288,60720,0.0,0.43,0.27,87.0,300.0
1768804581.3716443,60740,0.0,0.43,0.2,87.0,300.0
1768804581.3849394,60760,0.0,0.44,0.3,87.0,300.0
1768804581.3979025,60780,0.0,0.44,0.44,86.0,298.0
1768804581.4243023,60800,0.0,0.46,0.62,84.0,293.0
1768804581.4305825,60820,0.0,0.47,0.51,84.0,293.0
1768804581.455631,60840,0.0,0.48,0.41,85.0,296.0
1768804581.486372,60860,0.0,0.48,0.45,85.0,296.0
1768804581.4952114,60880,0.0,0.5,1.05,81.0,287.0
1768804581.5160692,60900,0.0,0.52,0.74,81.0,287.0
1768804581.5453155,60920,0.0,0.53,-0.08,84.0,293.0
1768804581.578378,60940,0.0,0.52,-0.22,88.0,302.0
1768804581.5904365,60960,0.0,0.53,0.58,84.0,293.0
1768804581.6109047,60980,0.0,0.55,1.43,81.0,287.0
1768804581.633815,61000,0.0,0.57,0.48,83.0,291.0
1768804581.674247,61020,0.0,0.56,-0.81,86.0,298.0
1768804581.6788082,61040,0.0,0.56,-0.08,86.0,298.0
1768804581.69045,61060,0.0,0.56,0.55,83.0,291.0
1768804581.706019,61080,0.0,0.57,0.09,84.0,293.0
1768804581.7501574,61100,0.0,0.57,-0.33,87.0,300.0
1768804581.7522502,61120,0.0,0.56,-0.1,88.0,302.0
1768804581.771682,61140,0.0,0.57,0.52,84.0,293.0
1768804581.7908258,61160,0.0,0.58,0.31,83.0,291.0
1768804581.8271663,61180,0.0,0.57,-0.78,88.0,302.0
1768804581.837497,61200,0.0,0.55,-1.2,90.0,307.0
1768804581.8585312,61220,0.0,0.53,-0.53,88.0,302.0
1768804581.8726277,61240,0.0,0.53,-0.04,85.0,296.0
1768804581.8997269,61260,0.0,0.53,-0.36,86.0,298.0
1768804581.909717,61280,0.0,0.51,-0.72,92.0,312.0
1768804581.9505663,61300,0.0,0.49,-0.57,91.0,309.0
1768804581.9571438,61320,0.0,0.49,-0.04,87.0,300.0
1768804582.0250418,61340,0.0,0.49,-0.42,86.0,298.0
1768804582.0259035,61360,0.0,0.47,-1.06,89.0,305.0
1768804582.0595882,61380,0.0,0.45,-0.78,90.0,307.0
1768804582.077144,61400,0.0,0.45,-0.25,88.0,302.0
1768804582.0779757,61420,0.0,0.44,-0.47,88.0,302.0
1768804582.0788531,61440,0.0,0.43,-0.72,91.0,309.0
1768804582.092162,61460,0.0,0.41,-0.68,92.0,312.0
1768804582.101016,61480,0.0,0.4,-0.05,89.0,305.0
1768804582.1257334,61500,0.0,0.4,0.05,87.0,300.0
1768804582.1589344,61520,0.0,0.4,-0.58,88.0,302.0
1768804582.1664882,61540,0.0,0.38,-0.72,91.0,309.0
1768804582.1943827,61560,0.0,0.37,-0.48,91.0,309.0
1768804582.2059147,61580,0.0,0.36,0.02,88.0,302.0
1768804582.2374878,61600,0.0,0.37,0.19,86.0,298.0
1768804582.2419894,61620,0.0,0.37,0.05,87.0,300.0
1768804582.2660549,61640,0.0,0.37,-0.22,86.0,298.0
1768804582.2946186,61660,0.0,0.37,-0.27,87.0,300.0
1768804582.3167753,61680,0.0,0.37,0.22,88.0,302.0
1768804582.3267627,61700,0.0,0.37,0.47,86.0,298.0
1768804582.3556972,61720,0.0,0.38,0.33,85.0,296.0
1768804582.3638978,61740,0.0,0.39,0.26,86.0,298.0
1768804582.3915455,61760,0.0,0.39,0.16,87.0,300.0
1768804582.3929338,61780,0.0,0.4,0.44,86.0,298.0
1768804582.425157,61800,0.0,0.41,0.41,85.0,296.0
1768804582.4609838,61820,0.0,0.41,0.16,86.0,298.0
1768804582.4742033,61840,0.0,0.41,0.2,87.0,300.0
1768804582.4782083,61860,0.0,0.42,0.17,87.0,300.0
1768804582.4882903,61880,0.0,0.42,0.18,87.0,300.0
1768804582.521174,61900,0.0,0.42,0.06,87.0,300.0
1768804582.5571766,61920,0.0,0.42,-0.22,88.0,302.0
1768804582.5741494,61940,0.0,0.42,-0.11,88.0,302.0
1768804582.595135,61960,0.0,0.41,-0.22,88.0,302.0
1768804582.6265445,61980,0.0,0.41,-0.19,88.0,302.0
1768804582.638527,62000,0.0,0.41,-0.11,88.0,302.0
1768804582.651382,62020,0.0,0.4,-0.15,88.0,302.0
1768804582.6727364,62040,0.0,0.4,-0.43,88.0,302.0
1768804582.6786819,62060,0.0,0.39,-0.5,89.0,305.0
1768804582.7114682,62080,0.0,0.38,-0.22,89.0,305.0
1768804582.7414353,62100,0.0,0.38,-0.01,88.0,302.0
1768804582.7519639,62120,0.0,0.38,-0.25,87.0,300.0
1768804582.7667525,62140,0.0,0.37,-0.36,89.0,305.0
1768804582.7983425,62160,0.0,0.36,-0.33,89.0,305.0
1768804582.8215573,62180,0.0,0.36,-0.08,89.0,305.0
1768804582.8337023,62200,0.0,0.36,0.15,87.0,300.0
1768804582.851715,62220,0.0,0.36,-0.15,86.0,298.0
1768804582.8724406,62240,0.0,0.36,-0.12,88.0,302.0
1768804582.8940964,62260,0.0,0.36,0.06,88.0,302.0
1768804582.9099808,62280,0.0,0.36,0.13,87.0,300.0
1768804582.9184813,62300,0.0,0.36,0.2,86.0,298.0
1768804582.9544115,62320,0.0,0.37,0.24,86.0,298.0
1768804582.9572394,62340,0.0,0.37,0.23,86.0,298.0
1768804582.9786742,62360,0.0,0.38,0.46,86.0,298.0
1768804582.989147,62380,0.0,0.39,0.69,84.0,293.0
1768804583.024312,62400,0.0,0.41,0.52,84.0,293.0
1768804583.041179,62420,0.0,0.41,0.13,87.0,300.0
1768804583.0512228,62440,0.0,0.41,0.34,88.0,302.0
1768804583.0739453,62460,0.0,0.42,0.87,85.0,296.0
1768804583.1048636,62480,0.0,0.44,0.98,82.0,289.0
1768804583.1148145,62500,0.0,0.46,0.41,85.0,296.0
1768804583.1699781,62520,0.0,0.46,-0.1,86.0,298.0
1768804583.2057154,62540,0.0,0.46,0.1,87.0,300.0
1768804583.2444434,62560,0.0,0.47,0.91,81.0,287.0
1768804583.265577,62580,0.0,0.5,0.97,81.0,287.0
1768804583.273185,62600,0.0,0.5,0.09,84.0,293.0
1768804583.2789536,62620,0.0,0.5,-0.19,88.0,302.0
1768804583.2794366,62640,0.0,0.5,0.62,87.0,300.0
1768804583.2799306,62660,0.0,0.52,1.33,80.0,284.0
1768804583.297611,62680,0.0,0.55,1.01,79.0,282.0
1768804583.3262625,62700,0.0,0.55,-0.26,85.0,296.0
1768804583.3727036,62720,0.0,0.54,-0.71,91.0,309.0
1768804583.3781092,62740,0.0,0.53,0.14,88.0,302.0
1768804583.4039483,62760,0.0,0.55,0.98,81.0,287.0
1768804583.4085498,62780,0.0,0.56,0.27,82.0,289.0
1768804583.4412582,62800,0.0,0.56,-0.36,87.0,300.0
1768804583.4571142,62820,0.0,0.56,0.52,86.0,298.0
1768804583.4676387,62840,0.0,0.58,1.29,80.0,284.0
1768804583.48658,62860,0.0,0.6,0.27,80.0,284.0
1768804583.5203657,62880,0.0,0.59,-0.89,87.0,300.0
1768804583.5302677,62900,0.0,0.58,-0.14,91.0,309.0
1768804583.5576425,62920,0.0,0.58,0.63,85.0,296.0
1768804583.5612054,62940,0.0,0.6,0.66,80.0,284.0
1768804583.6051233,62960,0.0,0.61,-0.32,84.0,293.0
1768804583.6358988,62980,0.0,0.6,-0.58,89.0,305.0
1768804583.6511688,63000,0.0,0.58,-0.22,90.0,307.0
1768804583.6565819,63020,0.0,0.58,-0.04,87.0,300.0
1768804583.6829839,63040,0.0,0.58,-0.42,85.0,296.0
1768804583.6907024,63060,0.0,0.58,-0.43,86.0,298.0
1768804583.712835,63080,0.0,0.56,-0.68,89.0,305.0
1768804583.7215402,63100,0.0,0.54,-0.82,91.0,309.0
1768804583.7704375,63120,0.0,0.53,-0.61,89.0,305.0
1768804583.782293,63140,0.0,0.53,-0.32,86.0,298.0
1768804583.7877405,63160,0.0,0.52,-0.85,88.0,302.0
1768804583.8178842,63180,0.0,0.49,-1.14,93.0,314.0
1768804583.8437052,63200,0.0,0.47,-0.71,91.0,309.0
1768804583.8588572,63220,0.0,0.47,0.04,86.0,298.0
1768804583.8762064,63240,0.0,0.47,-0.57,86.0,298.0
1768804583.88361,63260,0.0,0.44,-1.76,92.0,312.0
1768804583.9151816,63280,0.0,0.41,-1.22,94.0,316.0
1768804583.9366055,63300,0.0,0.41,0.14,88.0,302.0
1768804583.9467816,63320,0.0,0.42,0.17,85.0,296.0
1768804583.974402,63340,0.0,0.41,-0.86,90.0,307.0
1768804584.0097344,63360,0.0,0.39,-0.61,92.0,312.0
1768804584.0192935,63380,0.0,0.39,0.35,87.0,300.0
1768804584.0335772,63400,0.0,0.41,0.27,83.0,291.0
1768804584.0489311,63420,0.0,0.4,-0.27,88.0,302.0
1768804584.076458,63440,0.0,0.38,-0.89,94.0,316.0
1768804584.0997696,63460,0.0,0.37,-0.04,89.0,305.0
1768804584.1076863,63480,0.0,0.39,1.22,83.0,291.0
1768804584.1298583,63500,0.0,0.41,0.53,84.0,293.0
1768804584.138885,63520,0.0,0.4,-1.24,90.0,307.0
1768804584.1865318,63540,0.0,0.38,-0.99,92.0,312.0
1768804584.1959572,63560,0.0,0.38,0.91,85.0,296.0
1768804584.20678,63580,0.0,0.41,1.15,82.0,289.0
1768804584.2275991,63600,0.0,0.42,-0.06,86.0,298.0
1768804584.2583284,63620,0.0,0.41,-0.3,89.0,305.0
1768804584.2738302,63640,0.0,0.41,0.58,86.0,298.0
1768804584.290268,63660,0.0,0.44,1.08,81.0,287.0
1768804584.3029196,63680,0.0,0.44,-0.27,87.0,300.0
1768804584.3323188,63700,0.0,0.42,-1.04,93.0,314.0
1768804584.354309,63720,0.0,0.41,-0.39,90.0,307.0
1768804584.3643405,63740,0.0,0.41,0.3,87.0,300.0
1768804584.3962576,63760,0.0,0.41,-0.65,89.0,305.0
1768804584.4209943,63780,0.0,0.38,-1.28,93.0,314.0
1768804584.4359727,63800,0.0,0.37,-0.36,90.0,307.0
1768804584.450836,63820,0.0,0.38,0.52,84.0,293.0
1768804584.476415,63840,0.0,0.38,-0.69,87.0,300.0
1768804584.4980214,63860,0.0,0.35,-1.54,93.0,314.0
1768804584.5147898,63880,0.0,0.33,-0.63,94.0,316.0
1768804584.5280774,63900,0.0,0.32,0.44,89.0,305.0
1768804584.5456488,63920,0.0,0.33,-0.54,86.0,298.0
1768804584.578748,63940,0.0,0.31,-1.56,92.0,312.0
1768804584.5890915,63960,0.0,0.28,-0.61,92.0,312.0
1768804584.6114259,63980,0.0,0.28,-0.15,89.0,305.0
1768804584.6234307,64000,0.0,0.27,-1.03,91.0,309.0
1768804584.6911066,64020,0.0,0.24,-1.49,93.0,314.0
1768804584.6929798,64040,0.0,0.21,-0.95,93.0,314.0
1768804584.6935678,64060,0.0,0.21,-0.01,88.0,302.0
1768804584.7068188,64080,0.0,0.2,-0.76,88.0,302.0
1768804584.7392843,64100,0.0,0.18,-1.43,93.0,314.0
1768804584.7495131,64120,0.0,0.15,-0.82,95.0,318.0
1768804584.771495,64140,0.0,0.15,-0.43,88.0,302.0
1768804584.7801688,64160,0.0,0.15,0.2,84.0,293.0
1768804584.8265104,64180,0.0,0.15,-0.27,88.0,302.0
1768804584.847122,64200,0.0,0.13,-1.32,94.0,316.0
1768804584.8515353,64220,0.0,0.1,-1.27,93.0,314.0
1768804584.8736336,64240,0.0,0.1,0.2,87.0,300.0
1768804584.8851676,64260,0.0,0.11,0.45,85.0,296.0
1768804584.9099407,64280,0.0,0.1,-0.52,89.0,305.0
1768804584.9318144,64300,0.0,0.09,-0.44,91.0,309.0
1768804584.9451222,64320,0.0,0.09,0.48,86.0,298.0
1768804584.96558,64340,0.0,0.12,0.76,81.0,287.0
1768804584.9954276,64360,0.0,0.12,-0.13,87.0,300.0
1768804585.0218494,64380,0.0,0.1,-1.21,93.0,314.0
1768804585.0361426,64400,0.0,0.08,-0.71,92.0,312.0
1768804585.0706868,64420,0.0,0.08,0.09,86.0,298.0
1768804585.1312246,64440,0.0,0.09,-0.09,85.0,296.0
1768804585.1484303,64460,0.0,0.08,-0.55,91.0,309.0
1768804585.1552215,64480,0.0,0.06,-0.25,91.0,309.0
1768804585.156032,64500,0.0,0.07,0.37,86.0,298.0
1768804585.157074,64520,0.0,0.07,-0.12,87.0,300.0
1768804585.166665,64540,0.0,0.06,-1.07,91.0,309.0
1768804585.1873267,64560,0.0,0.04,-0.46,92.0,312.0
1768804585.2000182,64580,0.0,0.04,0.42,86.0,298.0
1768804585.2419817,64600,0.0,0.05,0.06,84.0,293.0
1768804585.2543263,64620,0.0,0.04,-1.07,91.0,309.0
1768804585.2772214,64640,0.0,0.0,-1.7,97.0,323.0
1768804585.3053815,64660,0.0,-0.02,-0.71,91.0,309.0
1768804585.319526,64680,0.0,-0.01,0.34,86.0,298.0
1768804585.3286586,64700,0.0,-0.02,-0.59,88.0,302.0
1768804585.3499067,64720,0.0,-0.04,-1.36,95.0,318.0
1768804585.3810523,64740,0.0,-0.07,-1.14,94.0,316.0
1768804585.3926227,64760,0.0,-0.08,-0.29,89.0,305.0
1768804585.4231186,64780,0.0,-0.09,-0.74,88.0,302.0
1768804585.4411602,64800,0.0,-0.11,-1.51,92.0,312.0
1768804585.4556444,64820,0.0,-0.13,-0.79,93.0,314.0
1768804585.477518,64840,0.0,-0.14,0.23,89.0,305.0
1768804585.4911337,64860,0.0,-0.13,0.04,86.0,298.0
1768804585.512813,64880,0.0,-0.14,-0.89,89.0,305.0
1768804585.5423813,64900,0.0,-0.17,-1.59,94.0,316.0
1768804585.5538418,64920,0.0,-0.19,-0.85,92.0,312.0
1768804585.5735652,64940,0.0,-0.19,0.09,88.0,302.0
1768804585.5827618,64960,0.0,-0.2,-0.5,89.0,305.0
1768804585.6167066,64980,0.0,-0.21,-1.28,91.0,309.0
1768804585.6422155,65000,0.0,-0.24,-1.03,92.0,312.0
1768804585.6530688,65020,0.0,-0.25,-0.34,90.0,307.0
1768804585.6795068,65040,0.0,-0.25,-0.33,88.0,302.0
1768804585.6944993,65060,0.0,-0.27,-0.72,91.0,309.0
1768804585.7135627,65080,0.0,-0.28,-0.61,92.0,312.0
1768804585.7393293,65100,0.0,-0.29,-0.36,89.0,305.0
1768804585.7631369,65120,0.0,-0.29,-0.15,88.0,302.0
1768804585.7650316,65140,0.0,-0.3,-0.36,90.0,307.0
1768804585.7987092,65160,0.0,-0.31,-0.57,90.0,307.0
1768804585.8082206,65180,0.0,-0.32,-0.56,89.0,305.0
1768804585.8360436,65200,0.0,-0.33,-0.35,89.0,305.0
1768804585.8486056,65220,0.0,-0.33,-0.14,88.0,302.0
1768804585.8736312,65240,0.0,-0.34,-0.5,89.0,305.0
1768804585.894012,65260,0.0,-0.35,-0.49,90.0,307.0
1768804585.9059122,65280,0.0,-0.35,-0.07,89.0,305.0
1768804585.9288862,65300,0.0,-0.36,-0.21,88.0,302.0
1768804585.9680731,65320,0.0,-0.36,-0.5,89.0,305.0
1768804585.9763556,65340,0.0,-0.37,-0.5,90.0,307.0
1768804585.9908247,65360,0.0,-0.38,-0.46,90.0,307.0
1768804586.000233,65380,0.0,-0.39,-0.39,89.0,305.0
1768804586.033042,65400,0.0,-0.4,-0.47,89.0,305.0
1768804586.0570526,65420,0.0,-0.41,-0.84,90.0,307.0
1768804586.0883327,65440,0.0,-0.42,-0.63,90.0,307.0
1768804586.104178,65460,0.0,-0.43,-0.7,90.0,307.0
1768804586.1229112,65480,0.0,-0.45,-0.7,90.0,307.0
1768804586.1324277,65500,0.0,-0.46,-0.74,90.0,307.0
1768804586.151557,65520,0.0,-0.47,-0.63,91.0,309.0
1768804586.1611724,65540,0.0,-0.48,-0.7,92.0,312.0
1768804586.1932774,65560,0.0,-0.5,-0.4,92.0,312.0
1768804586.2150545,65580,0.0,-0.5,-0.01,90.0,307.0
1768804586.2249644,65600,0.0,-0.5,-0.0,88.0,302.0
1768804586.2501533,65620,0.0,-0.5,-0.54,90.0,307.0
1768804586.289949,65640,0.0,-0.52,-0.91,92.0,312.0
1768804586.298455,65660,0.0,-0.53,-0.18,90.0,307.0
1768804586.3174598,65680,0.0,-0.52,0.28,88.0,302.0
1768804586.3446991,65700,0.0,-0.52,-0.07,88.0,302.0
1768804586.355055,65720,0.0,-0.52,-0.56,90.0,307.0
1768804586.3789864,65740,0.0,-0.53,-0.15,90.0,307.0
1768804586.3869786,65760,0.0,-0.53,0.27,89.0,305.0
1768804586.4068623,65780,0.0,-0.52,0.32,87.0,300.0
1768804586.4398956,65800,0.0,-0.52,0.1,88.0,302.0
1768804586.456201,65820,0.0,-0.52,0.09,89.0,305.0
1768804586.4864745,65840,0.0,-0.51,0.24,88.0,302.0
1768804586.4968133,65860,0.0,-0.51,0.38,87.0,300.0
1768804586.5239527,65880,0.0,-0.5,0.2,87.0,300.0
1768804586.533088,65900,0.0,-0.5,-0.08,89.0,305.0
1768804586.5524974,65920,0.0,-0.5,-0.01,89.0,305.0
1768804586.5655696,65940,0.0,-0.5,-0.1,89.0,305.0
1768804586.596444,65960,0.0,-0.5,0.06,89.0,305.0
1768804586.6165133,65980,0.0,-0.5,-0.37,90.0,307.0
1768804586.6265695,66000,0.0,-0.5,0.05,90.0,307.0
1768804586.6476068,66020,0.0,-0.5,0.26,88.0,302.0
1768804586.6815188,66040,0.0,-0.5,-0.02,88.0,302.0
1768804586.7024875,66060,0.0,-0.5,-0.02,89.0,305.0
1768804586.7189429,66080,0.0,-0.5,0.12,88.0,302.0
1768804586.7512655,66100,0.0,-0.49,0.41,87.0,300.0
1768804586.7841928,66120,0.0,-0.48,0.19,87.0,300.0
1768804586.7991433,66140,0.0,-0.48,0.12,89.0,305.0
1768804586.8173747,66160,0.0,-0.48,0.34,88.0,302.0
1768804586.8243585,66180,0.0,-0.47,0.66,85.0,296.0
1768804586.8411124,66200,0.0,-0.45,0.37,85.0,296.0
1768804586.8513088,66220,0.0,-0.45,-0.13,87.0,300.0
1768804586.8732936,66240,0.0,-0.45,-0.19,89.0,305.0
1768804586.8853157,66260,0.0,-0.45,0.41,87.0,300.0
1768804586.9169388,66280,0.0,-0.44,0.76,84.0,293.0
1768804586.9374654,66300,0.0,-0.43,0.13,86.0,298.0
1768804586.9484403,66320,0.0,-0.43,-0.32,87.0,300.0
1768804586.9699361,66340,0.0,-0.43,0.2,87.0,300.0
1768804587.0010142,66360,0.0,-0.42,0.62,86.0,298.0
1768804587.0110586,66380,0.0,-0.41,0.69,85.0,296.0
1768804587.037297,66400,0.0,-0.4,0.38,86.0,298.0
1768804587.0444987,66420,0.0,-0.39,0.45,86.0,298.0
1768804587.0646539,66440,0.0,-0.38,0.49,85.0,296.0
1768804587.0988038,66460,0.0,-0.37,0.35,85.0,296.0
1768804587.1085064,66480,0.0,-0.36,0.0,87.0,300.0
1768804587.1323726,66500,0.0,-0.36,0.1,87.0,300.0
1768804587.1400204,66520,0.0,-0.35,0.36,86.0,298.0
1768804587.1744547,66540,0.0,-0.35,0.21,86.0,298.0
1768804587.1983113,66560,0.0,-0.34,0.14,87.0,300.0
1768804587.2056658,66580,0.0,-0.34,0.11,87.0,300.0
1768804587.2265797,66600,0.0,-0.34,0.14,87.0,300.0
1768804587.258173,66620,0.0,-0.33,0.1,87.0,300.0
1768804587.2683444,66640,0.0,-0.33,-0.0,87.0,300.0
1768804587.289963,66660,0.0,-0.33,0.05,88.0,302.0
1768804587.298879,66680,0.0,-0.33,-0.07,87.0,300.0
1768804587.3462512,66700,0.0,-0.33,-0.07,88.0,302.0
1768804587.378363,66720,0.0,-0.33,-0.0,87.0,300.0
1768804587.4146862,66740,0.0,-0.33,-0.28,88.0,302.0
1768804587.433079,66760,0.0,-0.34,-0.21,89.0,305.0
1768804587.4632895,66780,0.0,-0.34,-0.42,89.0,305.0
1768804587.471702,66800,0.0,-0.35,-0.43,89.0,305.0
1768804587.472409,66820,0.0,-0.36,-0.54,89.0,305.0
1768804587.472926,66840,0.0,-0.37,-0.64,90.0,307.0
1768804587.493056,66860,0.0,-0.38,-0.64,90.0,307.0
1768804587.5150473,66880,0.0,-0.39,-0.59,90.0,307.0
1768804587.5437522,66900,0.0,-0.4,-0.57,90.0,307.0
1768804587.550223,66920,0.0,-0.42,-0.64,90.0,307.0
1768804587.5846913,66940,0.0,-0.43,-0.57,91.0,309.0
1768804587.5914125,66960,0.0,-0.44,-0.47,90.0,307.0
1768804587.6153111,66980,0.0,-0.44,-0.22,87.0,300.0
1768804587.6226187,67000,0.0,-0.45,-0.23,88.0,302.0
1768804587.6560566,67020,0.0,-0.45,-0.44,88.0,302.0
1768804587.6754186,67040,0.0,-0.46,-0.32,89.0,305.0
1768804587.6854062,67060,0.0,-0.46,0.4,89.0,305.0
1768804587.7066972,67080,0.0,-0.45,0.72,85.0,296.0
1768804587.7340918,67100,0.0,-0.44,0.26,85.0,296.0
1768804587.7561035,67120,0.0,-0.44,0.02,86.0,298.0
1768804587.7757566,67140,0.0,-0.44,-0.19,88.0,302.0
1768804587.794013,67160,0.0,-0.43,0.79,84.0,293.0
1768804587.8416245,67180,0.0,-0.4,1.14,81.0,287.0
1768804587.8680499,67200,0.0,-0.38,0.5,83.0,291.0
1768804587.8735514,67220,0.0,-0.38,0.26,87.0,300.0
1768804587.8752804,67240,0.0,-0.37,0.68,86.0,298.0
1768804587.8941708,67260,0.0,-0.35,1.39,81.0,287.0
1768804587.91563,67280,0.0,-0.32,1.14,80.0,284.0
1768804587.9260209,67300,0.0,-0.31,-0.16,85.0,296.0
1768804587.9524987,67320,0.0,-0.32,-0.27,90.0,307.0
1768804587.9817445,67340,0.0,-0.31,0.79,86.0,298.0
1768804587.9911466,67360,0.0,-0.29,1.36,82.0,289.0
1768804588.0165477,67380,0.0,-0.27,0.43,85.0,296.0
1768804588.032114,67400,0.0,-0.28,-0.58,90.0,307.0
1768804588.0588045,67420,0.0,-0.29,-0.12,89.0,305.0
1768804588.077141,67440,0.0,-0.28,0.84,85.0,296.0
1768804588.0866377,67460,0.0,-0.26,0.73,84.0,293.0
1768804588.1073656,67480,0.0,-0.26,-0.4,88.0,302.0
1768804588.1349385,67500,0.0,-0.27,-0.7,90.0,307.0
1768804588.1644332,67520,0.0,-0.27,-0.32,86.0,298.0
1768804588.1764834,67540,0.0,-0.26,0.55,85.0,296.0
1768804588.1903589,67560,0.0,-0.26,0.31,88.0,302.0
1768804588.2325225,67580,0.0,-0.26,-0.56,89.0,305.0
1768804588.2421956,67600,0.0,-0.27,-0.21,88.0,302.0
1768804588.259612,67620,0.0,-0.26,0.84,86.0,298.0
1768804588.2738564,67640,0.0,-0.25,0.35,85.0,296.0
1768804588.2952628,67660,0.0,-0.25,-0.32,87.0,300.0
1768804588.317388,67680,0.0,-0.25,-0.32,89.0,305.0
1768804588.327488,67700,0.0,-0.25,0.07,88.0,302.0
1768804588.3491287,67720,0.0,-0.25,0.27,87.0,300.0
1768804588.3830907,67740,0.0,-0.25,-0.07,88.0,302.0
1768804588.3917656,67760,0.0,-0.25,-0.21,87.0,300.0
1768804588.4168897,67780,0.0,-0.25,-0.08,88.0,302.0
1768804588.4244945,67800,0.0,-0.26,-0.43,88.0,302.0
1768804588.4553351,67820,0.0,-0.26,-0.15,89.0,305.0
1768804588.485413,67840,0.0,-0.26,-0.15,88.0,302.0
1768804588.4955049,67860,0.0,-0.27,-0.15,88.0,302.0
1768804588.509488,67880,0.0,-0.27,0.16,88.0,302.0
1768804588.5209615,67900,0.0,-0.27,-0.09,88.0,302.0
1768804588.5514307,67920,0.0,-0.27,0.09,87.0,300.0
1768804588.580825,67940,0.0,-0.26,0.62,86.0,298.0
1768804588.5900428,67960,0.0,-0.25,0.38,85.0,296.0
1768804588.617885,67980,0.0,-0.24,0.16,87.0,300.0
1768804588.6482983,68000,0.0,-0.24,-0.02,87.0,300.0
1768804588.6762733,68020,0.0,-0.24,-0.02,87.0,300.0
1768804588.6827931,68040,0.0,-0.24,-0.05,87.0,300.0
1768804588.702951,68060,0.0,-0.24,-0.16,88.0,302.0
1768804588.7120478,68080,0.0,-0.24,-0.09,88.0,302.0
1768804588.734512,68100,0.0,-0.25,-0.16,88.0,302.0
1768804588.7446332,68120,0.0,-0.25,-0.23,88.0,302.0
1768804588.7868967,68140,0.0,-0.25,-0.2,88.0,302.0
1768804588.7991848,68160,0.0,-0.26,-0.23,88.0,302.0
1768804588.8266113,68180,0.0,-0.26,-0.09,87.0,300.0
1768804588.839399,68200,0.0,-0.26,-0.09,88.0,302.0
1768804588.8629596,68220,0.0,-0.26,-0.16,88.0,302.0
1768804588.873577,68240,0.0,-0.26,0.12,87.0,300.0
1768804588.8953125,68260,0.0,-0.26,-0.09,87.0,300.0
1768804588.9061053,68280,0.0,-0.26,-0.23,88.0,302.0
1768804588.9255855,68300,0.0,-0.27,-0.16,89.0,305.0
1768804588.9624977,68320,0.0,-0.27,-0.02,89.0,305.0
1768804588.987783,68340,0.0,-0.27,0.13,87.0,300.0
1768804588.9962897,68360,0.0,-0.26,0.27,86.0,298.0
1768804589.0052016,68380,0.0,-0.26,0.23,87.0,300.0
1768804589.0357888,68400,0.0,-0.25,0.31,86.0,298.0
1768804589.0662851,68420,0.0,-0.24,0.69,85.0,296.0
1768804589.0849793,68440,0.0,-0.23,0.76,84.0,293.0
1768804589.0900552,68460,0.0,-0.21,0.38,84.0,293.0
1768804589.128705,68480,0.0,-0.21,0.13,87.0,300.0
1768804589.1297035,68500,0.0,-0.2,0.74,86.0,298.0
1768804589.1513321,68520,0.0,-0.18,1.12,82.0,289.0
1768804589.1599658,68540,0.0,-0.16,1.01,82.0,289.0
1768804589.1987624,68560,0.0,-0.14,0.21,85.0,296.0
1768804589.2157347,68580,0.0,-0.14,0.17,86.0,298.0
1768804589.225945,68600,0.0,-0.12,1.23,83.0,291.0
1768804589.2534642,68620,0.0,-0.09,1.37,81.0,287.0
1768804589.28483,68640,0.0,-0.07,0.98,83.0,291.0
1768804589.2984347,68660,0.0,-0.06,0.39,85.0,296.0
1768804589.3156464,68680,0.0,-0.04,0.82,84.0,293.0
1768804589.3286192,68700,0.0,-0.02,0.96,82.0,289.0
1768804589.3453412,68720,0.0,0.0,0.45,83.0,291.0
1768804589.355302,68740,0.0,0.0,0.14,87.0,300.0
1768804589.3779275,68760,0.0,0.01,0.28,87.0,300.0
1768804589.3878276,68780,0.0,0.02,0.35,86.0,298.0
1768804589.4236429,68800,0.0,0.02,0.21,87.0,300.0
1768804589.4565754,68820,0.0,0.02,-0.41,88.0,302.0
1768804589.4725912,68840,0.0,0.01,-0.76,88.0,302.0
1768804589.4813812,68860,0.0,0.01,-0.24,88.0,302.0
1768804589.5412085,68880,0.0,0.0,-0.35,89.0,305.0
1768804589.559549,68900,0.0,-0.01,-0.6,91.0,309.0
1768804589.560452,68920,0.0,-0.02,-0.66,90.0,307.0
1768804589.5681095,68940,0.0,-0.03,-0.39,88.0,302.0
1768804589.6010706,68960,0.0,-0.03,-0.84,88.0,302.0
1768804589.611435,68980,0.0,-0.06,-1.38,94.0,316.0
1768804589.6417,69000,0.0,-0.09,-1.23,95.0,318.0
1768804589.6426024,69020,0.0,-0.1,-0.07,90.0,307.0
1768804589.684752,69040,0.0,-0.09,0.3,86.0,298.0
1768804589.7077837,69060,0.0,-0.11,-1.0,91.0,309.0
1768804589.708407,69080,0.0,-0.14,-2.21,94.0,316.0
1768804589.7392232,69100,0.0,-0.17,-0.93,93.0,314.0
1768804589.762246,69120,0.0,-0.17,0.27,88.0,302.0
1768804589.7769732,69140,0.0,-0.17,-0.08,86.0,298.0
1768804589.7871149,69160,0.0,-0.17,-0.44,89.0,305.0
1768804589.8087864,69180,0.0,-0.18,-0.02,91.0,309.0
1768804589.8537755,69200,0.0,-0.18,0.51,86.0,298.0
1768804589.854799,69220,0.0,-0.16,1.0,82.0,289.0
1768804589.8758402,69240,0.0,-0.14,0.51,84.0,293.0
1768804589.8853014,69260,0.0,-0.13,0.18,86.0,298.0
1768804589.9094722,69280,0.0,-0.13,0.85,86.0,298.0
1768804589.9401867,69300,0.0,-0.1,1.7,81.0,287.0
1768804589.9481995,69320,0.0,-0.06,1.66,79.0,282.0
1768804589.9735756,69340,0.0,-0.04,0.96,83.0,291.0
1768804589.980644,69360,0.0,-0.03,0.54,85.0,296.0
1768804590.0122232,69380,0.0,-0.0,1.5,82.0,289.0
1768804590.034198,69400,0.0,0.04,1.95,78.0,280.0
1768804590.0451405,69420,0.0,0.07,1.14,80.0,284.0
1768804590.0660443,69440,0.0,0.08,0.41,84.0,293.0
1768804590.089234,69460,0.0,0.1,0.73,84.0,293.0
1768804590.1081243,69480,0.0,0.13,1.68,80.0,284.0
1768804590.1100545,69500,0.0,0.17,1.92,78.0,280.0
1768804590.132889,69520,0.0,0.19,1.18,82.0,289.0
1768804590.1736443,69540,0.0,0.21,0.74,85.0,296.0
1768804590.1741645,69560,0.0,0.23,1.2,82.0,289.0
1768804590.1956306,69580,0.0,0.27,2.0,78.0,280.0
1768804590.2059455,69600,0.0,0.3,1.22,81.0,287.0
1768804590.2623503,69620,0.0,0.3,-0.42,86.0,298.0
1768804590.2756147,69640,0.0,0.31,0.17,86.0,298.0
1768804590.2909293,69660,0.0,0.33,1.62,82.0,289.0
1768804590.3045769,69680,0.0,0.36,1.12,81.0,287.0
1768804590.335452,69700,0.0,0.36,-0.44,87.0,300.0
1768804590.3569176,69720,0.0,0.35,-0.42,89.0,305.0
1768804590.3665204,69740,0.0,0.36,1.02,85.0,296.0
1768804590.3863552,69760,0.0,0.38,0.36,85.0,296.0
1768804590.4187987,69780,0.0,0.37,-0.81,88.0,302.0
1768804590.4291904,69800,0.0,0.37,-0.04,88.0,302.0
1768804590.4508908,69820,0.0,0.38,0.92,83.0,291.0
1768804590.4597414,69840,0.0,0.4,0.66,83.0,291.0
1768804590.493488,69860,0.0,0.4,-0.65,90.0,307.0
1768804590.5179808,69880,0.0,0.38,-0.53,92.0,312.0
1768804590.525456,69900,0.0,0.39,0.6,85.0,296.0
1768804590.550296,69920,0.0,0.4,0.63,82.0,289.0
1768804590.592031,69940,0.0,0.41,0.02,85.0,296.0
1768804590.5926213,69960,0.0,0.41,0.3,88.0,302.0
1768804590.6165822,69980,0.0,0.43,1.39,83.0,291.0
1768804590.618168,70000,0.0,0.46,1.73,81.0,287.0
1768804590.6452065,70020,0.0,0.49,1.12,81.0,287.0
1768804590.6775863,70060,0.0,0.53,1.01,80.0,284.0
1768804590.7205102,70080,0.0,0.56,1.46,78.0,280.0
1768804590.726198,70100,0.0,0.59,1.21,80.0,284.0
1768804590.786286,70120,0.0,0.6,0.65,83.0,291.0
1768804590.7921162,70140,0.0,0.61,0.41,83.0,291.0
1768804590.7926302,70160,0.0,0.64,1.29,79.0,282.0
1768804590.822129,70180,0.0,0.67,1.14,79.0,282.0
1768804590.8404922,70200,0.0,0.68,0.29,84.0,293.0
1768804590.841341,70220,0.0,0.68,0.22,87.0,300.0
1768804590.8482034,70240,0.0,0.69,1.39,83.0,291.0
1768804590.8801572,70260,0.0,0.72,1.64,77.0,277.0
1768804590.9024322,70280,0.0,0.75,0.34,79.0,282.0
1768804590.9326155,70300,0.0,0.75,-0.37,86.0,298.0
1768804590.9414341,70320,0.0,0.74,0.3,87.0,300.0
1768804590.966279,70340,0.0,0.76,0.87,82.0,289.0
1768804590.9769425,70360,0.0,0.78,1.19,79.0,282.0
1768804591.0091658,70380,0.0,0.8,0.38,82.0,289.0
1768804591.020883,70400,0.0,0.8,0.16,84.0,293.0
1768804591.0532935,70420,0.0,0.81,0.56,82.0,289.0
1768804591.0628045,70440,0.0,0.83,0.84,81.0,287.0
1768804591.0726023,70460,0.0,0.84,0.79,82.0,289.0
1768804591.0949326,70480,0.0,0.86,0.7,81.0,287.0
1768804591.140921,70500,0.0,0.88,1.05,81.0,287.0
1768804591.1569357,70520,0.0,0.9,1.12,79.0,282.0
1768804591.159047,70540,0.0,0.92,0.76,80.0,284.0
1768804591.1860392,70560,0.0,0.94,0.42,81.0,287.0
1768804591.2304225,70580,0.0,0.95,0.38,82.0,289.0
1768804591.2456758,70600,0.0,0.96,0.66,83.0,291.0
1768804591.2656715,70620,0.0,0.97,0.77,81.0,287.0
1768804591.2665973,70640,0.0,0.99,0.84,81.0,287.0
1768804591.2674327,70660,0.0,1.01,0.8,81.0,287.0
1768804591.2974305,70680,0.0,1.02,0.63,81.0,287.0
1768804591.3243122,70700,0.0,1.04,0.7,82.0,289.0
1768804591.3415034,70720,0.0,1.05,0.91,81.0,287.0
1768804591.3553863,70740,0.0,1.07,0.7,81.0,287.0
1768804591.3986726,70760,0.0,1.09,0.84,81.0,287.0
1768804591.417057,70780,0.0,1.1,0.88,81.0,287.0
1768804591.4177413,70800,0.0,1.12,0.83,80.0,284.0
1768804591.4263794,70820,0.0,1.14,0.87,81.0,287.0
1768804591.463794,70840,0.0,1.16,0.65,81.0,287.0
1768804591.4846156,70860,0.0,1.17,0.73,80.0,284.0
1768804591.4898481,70880,0.0,1.18,0.55,81.0,287.0
1768804591.511738,70900,0.0,1.19,0.16,82.0,289.0
1768804591.5568357,70920,0.0,1.2,0.16,83.0,291.0
1768804591.5693684,70940,0.0,1.2,0.13,83.0,291.0
1768804591.5859363,70960,0.0,1.2,-0.15,84.0,293.0
1768804591.6208067,70980,0.0,1.2,-0.08,84.0,293.0
1768804591.654949,71000,0.0,1.2,-0.15,84.0,293.0
1768804591.6753492,71020,0.0,1.19,-0.36,86.0,298.0
1768804591.6938546,71040,0.0,1.19,-0.43,87.0,300.0
1768804591.6946638,71060,0.0,1.18,-0.5,86.0,298.0
1768804591.7128978,71080,0.0,1.17,-0.25,84.0,293.0
1768804591.7350004,71100,0.0,1.17,-0.43,84.0,293.0
1768804591.7451873,71120,0.0,1.15,-1.06,89.0,305.0
1768804591.7726815,71140,0.0,1.14,-0.6,88.0,302.0
1768804591.7816691,71160,0.0,1.13,0.09,84.0,293.0
1768804591.8078334,71180,0.0,1.14,0.2,83.0,291.0
1768804591.8361278,71200,0.0,1.13,-0.61,87.0,300.0
1768804591.8566554,71220,0.0,1.11,-0.64,89.0,305.0
1768804591.8724754,71240,0.0,1.11,0.21,84.0,293.0
1768804591.887851,71260,0.0,1.13,1.01,79.0,282.0
1768804591.8992198,71280,0.0,1.14,0.61,82.0,289.0
1768804591.9260533,71300,0.0,1.13,-1.14,87.0,300.0
1768804591.9614785,71320,0.0,1.11,-1.16,89.0,305.0
1768804591.974113,71340,0.0,1.11,0.69,83.0,291.0
1768804591.9925873,71360,0.0,1.13,0.93,81.0,287.0
1768804592.0082126,71380,0.0,1.13,0.16,83.0,291.0
1768804592.0544467,71400,0.0,1.13,0.04,85.0,296.0
1768804592.0632913,71420,0.0,1.14,0.72,82.0,289.0
1768804592.0653324,71440,0.0,1.16,0.91,80.0,284.0
1768804592.0671263,71460,0.0,1.17,0.39,81.0,287.0
1768804592.099772,71480,0.0,1.17,0.01,84.0,293.0
1768804592.12111,71500,0.0,1.18,0.47,82.0,289.0
1768804592.1312037,71520,0.0,1.19,0.78,80.0,284.0
1768804592.156054,71540,0.0,1.21,0.46,81.0,287.0
1768804592.2072434,71560,0.0,1.21,0.05,83.0,291.0
1768804592.2426064,71580,0.0,1.21,0.18,83.0,291.0
1768804592.270518,71600,0.0,1.22,0.23,82.0,289.0
1768804592.2995782,71620,0.0,1.22,-0.09,84.0,293.0
1768804592.3147652,71640,0.0,1.22,-0.16,85.0,296.0
1768804592.3155851,71660,0.0,1.21,0.09,85.0,296.0
1768804592.3164258,71680,0.0,1.22,0.34,83.0,291.0
1768804592.321437,71700,0.0,1.22,-0.12,82.0,289.0
1768804592.3546848,71720,0.0,1.21,-0.64,86.0,298.0
1768804592.3900132,71740,0.0,1.2,-0.6,87.0,300.0
1768804592.3908558,71760,0.0,1.19,-0.4,85.0,296.0
1768804592.4082913,71780,0.0,1.19,0.03,83.0,291.0
1768804592.4248257,71800,0.0,1.2,0.09,83.0,291.0
1768804592.4567,71820,0.0,1.19,-0.39,86.0,298.0
1768804592.477514,71840,0.0,1.18,-0.5,88.0,302.0
1768804592.4921896,71860,0.0,1.17,-0.42,85.0,296.0
1768804592.521561,71880,0.0,1.17,0.1,82.0,289.0
1768804592.5223355,71900,0.0,1.18,0.09,84.0,293.0
1768804592.5465899,71920,0.0,1.16,-0.99,87.0,300.0
1768804592.5680187,71940,0.0,1.14,-0.71,89.0,305.0
1768804592.600994,71960,0.0,1.14,-0.21,86.0,298.0
1768804592.6116402,71980,0.0,1.14,0.14,81.0,287.0
1768804592.6343086,72000,0.0,1.14,-0.22,84.0,293.0
1768804592.6562915,72020,0.0,1.13,-1.06,89.0,305.0
1768804592.6918116,72040,0.0,1.11,-0.46,89.0,305.0
1768804592.6984553,72060,0.0,1.11,0.32,84.0,293.0
1768804592.723239,72080,0.0,1.12,0.0,82.0,289.0
1768804592.730431,72100,0.0,1.11,-0.57,85.0,296.0
1768804592.7619357,72120,0.0,1.1,-0.53,89.0,305.0
1768804592.7720318,72140,0.0,1.09,0.14,85.0,296.0
1768804592.796153,72160,0.0,1.11,0.73,81.0,287.0
1768804592.8123748,72180,0.0,1.11,-0.18,84.0,293.0
1768804592.8257113,72200,0.0,1.09,-1.13,88.0,302.0
1768804592.8605173,72220,0.0,1.08,-0.67,86.0,298.0
1768804592.8930526,72240,0.0,1.09,0.51,83.0,291.0
1768804592.9101145,72280,0.0,1.08,-1.01,87.0,300.0
1768804592.9333527,72300,0.0,1.06,-0.91,90.0,307.0
1768804592.9543984,72320,0.0,1.05,-0.4,87.0,300.0
1768804592.9644995,72340,0.0,1.05,-0.16,83.0,291.0
1768804592.9963958,72360,0.0,1.03,-1.15,88.0,302.0
1768804593.0218217,72380,0.0,1.0,-2.13,92.0,312.0
1768804593.0287054,72400,0.0,0.97,-1.5,91.0,309.0
1768804593.051838,72420,0.0,0.95,-0.38,89.0,305.0
1768804593.0660155,72440,0.0,0.93,-0.48,88.0,302.0
1768804593.0926938,72460,0.0,0.92,-1.17,89.0,305.0
1768804593.118463,72480,0.0,0.9,-0.82,88.0,302.0
1768804593.1391973,72500,0.0,0.89,-0.15,86.0,298.0
1768804593.1456695,72520,0.0,0.89,-0.15,85.0,296.0
1768804593.178358,72540,0.0,0.88,-0.48,86.0,298.0
1768804593.2166197,72560,0.0,0.87,-0.37,88.0,3028.0
1768804593.2247763,72600,0.0,0.87,-0.08,83.0,291.0
1768804593.2588818,72620,0.0,0.87,-0.61,86.0,298.0
1768804593.2835693,72640,0.0,0.85,-0.79,89.0,305.0
1768804593.3022633,72660,0.0,0.84,-0.61,88.0,302.0
1768804593.3178792,72680,0.0,0.83,0.1,85.0,296.0
1768804593.3405137,72700,0.0,0.83,-0.43,85.0,296.0
1768804593.3495302,72720,0.0,0.82,-0.93,88.0,302.0
1768804593.3714533,72740,0.0,0.8,-0.74,89.0,305.0
1768804593.3806057,72760,0.0,0.79,-0.54,87.0,300.0
1768804593.4284787,72780,0.0,0.78,-0.54,88.0,302.0
1768804593.4357944,72800,0.0,0.76,-0.86,90.0,307.0
1768804593.4567466,72820,0.0,0.75,-0.89,89.0,305.0
1768804593.477631,72840,0.0,0.74,-0.57,87.0,300.0
1768804593.5004716,72860,0.0,0.72,-0.92,87.0,300.0
1768804593.5197904,72880,0.0,0.7,-1.63,92.0,312.0
1768804593.536392,72900,0.0,0.66,-1.44,93.0,314.0
1768804593.5435147,72920,0.0,0.64,-0.75,91.0,309.0
1768804593.5738413,72940,0.0,0.63,-0.46,88.0,302.0
1768804593.5960941,72960,0.0,0.61,-1.34,88.0,302.0
1768804593.6061127,72980,0.0,0.58,-1.9,94.0,316.0
1768804593.6345556,73000,0.0,0.55,-1.3,92.0,312.0
1768804593.6722217,73020,0.0,0.53,-0.74,89.0,305.0
1768804593.6735587,73040,0.0,0.51,-0.99,90.0,307.0
1768804593.6975007,73060,0.0,0.49,-1.06,90.0,307.0
1768804593.7141883,73080,0.0,0.47,-0.74,90.0,307.0
1768804593.7376575,73100,0.0,0.46,-0.39,88.0,302.0
1768804593.7575352,73120,0.0,0.45,-0.64,88.0,302.0
1768804593.7665367,73140,0.0,0.44,-0.72,90.0,307.0
1768804593.7875683,73160,0.0,0.43,-0.44,91.0,309.0
1768804593.8229504,73180,0.0,0.42,-0.33,90.0,307.0
1768804593.8509817,73200,0.0,0.42,-0.01,88.0,302.0
1768804593.856991,73220,0.0,0.42,-0.05,87.0,300.0
1768804593.86941,73240,0.0,0.42,0.2,86.0,298.0
1768804593.9010189,73260,0.0,0.42,0.02,86.0,298.0
1768804593.9157562,73280,0.0,0.43,0.45,87.0,300.0
1768804593.9386075,73300,0.0,0.44,0.73,85.0,296.0
1768804593.9571233,73320,0.0,0.46,0.9,82.0,289.0
1768804593.9684758,73340,0.0,0.47,0.34,82.0,289.0
1768804593.9910185,73360,0.0,0.47,-0.33,85.0,296.0
1768804594.0132234,73380,0.0,0.47,-0.26,88.0,302.0
1768804594.041823,73400,0.0,0.47,0.44,85.0,296.0
1768804594.0574775,73420,0.0,0.49,1.0,81.0,287.0
1768804594.0579672,73440,0.0,0.5,0.2,83.0,291.0
1768804594.1237154,73460,0.0,0.5,-0.71,86.0,298.0
1768804594.1425216,73480,0.0,0.49,-0.3,87.0,300.0
1768804594.1434968,73500,0.0,0.49,0.29,84.0,293.0
1768804594.1472309,73520,0.0,0.5,0.75,83.0,291.0
1768804594.1538563,73540,0.0,0.51,0.05,86.0,298.0
1768804594.1761398,73560,0.0,0.5,0.09,87.0,300.0
1768804594.2067943,73580,0.0,0.51,0.59,85.0,296.0
1768804594.2166836,73600,0.0,0.52,0.49,83.0,291.0
1768804594.2476013,73620,0.0,0.53,-0.22,84.0,293.0
1768804594.270073,73640,0.0,0.52,-0.36,88.0,302.0
1768804594.2787054,73660,0.0,0.52,0.09,87.0,300.0
1768804594.3141184,73680,0.0,0.53,0.42,84.0,293.0
1768804594.327343,73700,0.0,0.53,0.04,83.0,291.0
1768804594.369602,73720,0.0,0.54,-0.0,85.0,296.0
1768804594.384701,73740,0.0,0.53,-0.28,86.0,298.0
1768804594.3974965,73760,0.0,0.53,-0.32,86.0,298.0
1768804594.4076178,73780,0.0,0.53,-0.21,86.0,298.0
1768804594.429747,73800,0.0,0.52,-0.18,86.0,298.0
1768804594.4386456,73820,0.0,0.52,-0.31,88.0,302.0
1768804594.4732022,73840,0.0,0.51,-0.39,89.0,305.0
1768804594.4948413,73860,0.0,0.5,-0.35,87.0,300.0
1768804594.5127473,73880,0.0,0.5,-0.24,86.0,298.0
1768804594.5293312,73900,0.0,0.49,-0.64,88.0,302.0
1768804594.5582323,73920,0.0,0.47,-0.99,90.0,307.0
1768804594.5739615,73940,0.0,0.46,-0.71,90.0,307.0
1768804594.5909097,73960,0.0,0.45,-0.35,89.0,305.0
1768804594.5995095,73980,0.0,0.44,-0.43,89.0,305.0
1768804594.632778,74000,0.0,0.42,-0.81,91.0,309.0
1768804594.6571257,74020,0.0,0.41,-0.84,92.0,312.0
1768804594.668909,74040,0.0,0.4,-0.07,88.0,302.0
1768804594.6854424,74060,0.0,0.4,0.04,86.0,298.0
1768804594.7204764,74080,0.0,0.4,-0.46,88.0,302.0
1768804594.747135,74100,0.0,0.38,-0.98,92.0,312.0
1768804594.7585514,74120,0.0,0.37,-0.35,90.0,307.0
1768804594.7685757,74140,0.0,0.37,0.49,86.0,298.0
1768804594.7902572,74160,0.0,0.38,0.11,85.0,296.0
1768804594.8152754,74180,0.0,0.38,-0.85,88.0,302.0
1768804594.8253868,74200,0.0,0.36,-0.26,91.0,309.0
1768804594.8463805,74220,0.0,0.37,0.95,87.0,300.0
1768804594.8594158,74240,0.0,0.38,0.95,83.0,291.0
1768804594.8882592,74260,0.0,0.4,0.45,84.0,293.0
1768804594.911521,74280,0.0,0.4,-0.52,85.0,296.0
1768804594.9220426,74300,0.0,0.4,-0.04,86.0,298.0
1768804594.9575408,74320,0.0,0.41,0.7,86.0,298.0
1768804594.9587405,74340,0.0,0.42,0.7,84.0,293.0
1768804594.9801672,74360,0.0,0.43,0.03,86.0,298.0
1768804595.0075266,74380,0.0,0.43,-0.28,87.0,300.0
1768804595.019412,74400,0.0,0.43,0.28,86.0,298.0
1768804595.041826,74420,0.0,0.44,0.35,85.0,296.0
1768804595.0743196,74440,0.0,0.44,-0.43,88.0,302.0
1768804595.0932817,74460,0.0,0.43,-0.5,89.0,305.0
1768804595.1218557,74480,0.0,0.42,-0.13,88.0,302.0
1768804595.1312714,74500,0.0,0.42,-0.05,87.0,300.0
1768804595.1576347,74520,0.0,0.42,-0.75,88.0,302.0
1768804595.1705108,74540,0.0,0.4,-0.68,92.0,312.0
1768804595.1946664,74560,0.0,0.39,-0.08,90.0,307.0
1768804595.2159514,74580,0.0,0.39,0.01,86.0,298.0
1768804595.2261238,74600,0.0,0.39,-0.2,87.0,300.0
1768804595.2474349,74620,0.0,0.38,-0.8,92.0,312.0
1768804595.2996795,74640,0.0,0.35,-1.42,94.0,316.0
1768804595.3049045,74660,0.0,0.34,-0.47,90.0,307.0
1768804595.3255732,74680,0.0,0.34,-0.01,85.0,296.0
1768804595.3399708,74700,0.0,0.34,-0.48,87.0,300.0
1768804595.3549452,74720,0.0,0.32,-1.18,92.0,312.0
1768804595.3777328,74740,0.0,0.29,-1.25,94.0,316.0
1768804595.3917947,74760,0.0,0.28,-0.34,90.0,307.0
1768804595.4081955,74780,0.0,0.27,0.05,88.0,302.0
1768804595.4410589,74800,0.0,0.27,-0.61,89.0,305.0
1768804595.4518003,74820,0.0,0.26,-0.62,90.0,307.0
1768804595.4833257,74840,0.0,0.25,-0.4,89.0,305.0
1768804595.501365,74860,0.0,0.24,-0.34,88.0,302.0
1768804595.5285954,74880,0.0,0.23,-0.9,90.0,307.0
1768804595.5322478,74900,0.0,0.21,-1.11,92.0,312.0
1768804595.559175,74920,0.0,0.19,-0.4,90.0,307.0
1768804595.5825274,74940,0.0,0.19,-0.37,88.0,302.0
1768804595.5957222,74960,0.0,0.18,-0.79,90.0,307.0
1768804595.6180832,74980,0.0,0.16,-0.87,92.0,312.0
1768804595.631082,75000,0.0,0.15,-0.16,89.0,305.0
1768804595.6492865,75020,0.0,0.15,0.24,87.0,300.0
1768804595.6581786,75040,0.0,0.15,-0.06,88.0,302.0
1768804595.7497318,75060,0.0,0.14,-0.83,89.0,305.0
1768804595.7977207,75080,0.0,0.12,-0.58,90.0,307.0
1768804595.8114386,75100,0.0,0.12,-0.02,88.0,302.0
1768804595.8288362,75120,0.0,0.12,-0.08,87.0,300.0
1768804595.8332992,75140,0.0,0.12,-0.23,88.0,302.0
1768804595.8348143,75160,0.0,0.11,-0.43,90.0,307.0
1768804595.8354719,75180,0.0,0.1,-0.03,89.0,305.0
1768804595.836135,75200,0.0,0.1,-0.01,87.0,300.0
1768804595.851705,75220,0.0,0.1,-0.29,88.0,302.0
1768804595.8738804,75240,0.0,0.1,-0.36,88.0,302.0
1768804595.8841493,75260,0.0,0.09,-0.36,88.0,302.0
1768804595.9133728,75280,0.0,0.08,-0.36,90.0,307.0
1768804595.9433415,75300,0.0,0.08,-0.08,88.0,302.0
1768804595.9576163,75320,0.0,0.08,-0.15,87.0,300.0
1768804595.9767413,75340,0.0,0.08,-0.22,88.0,302.0
1768804595.9823306,75360,0.0,0.07,-0.28,88.0,302.0
1768804596.0134916,75380,0.0,0.07,-0.28,89.0,305.0
1768804596.0347226,75400,0.0,0.06,-0.07,88.0,302.0
1768804596.044918,75420,0.0,0.06,-0.21,87.0,300.0
1768804596.0684404,75440,0.0,0.06,-0.18,88.0,302.0
1768804596.1050725,75460,0.0,0.06,-0.15,88.0,302.0
1768804596.1235268,75480,0.0,0.06,-0.21,87.0,300.0
1768804596.1335545,75500,0.0,0.05,-0.22,88.0,302.0
1768804596.1402893,75520,0.0,0.05,-0.22,88.0,302.0
1768804596.1734898,75540,0.0,0.05,-0.25,89.0,305.0
1768804596.1956177,75560,0.0,0.04,-0.29,88.0,302.0
1768804596.2060797,75580,0.0,0.04,-0.43,88.0,302.0
1768804596.2294452,75600,0.0,0.03,-0.25,88.0,302.0
1768804596.2593248,75620,0.0,0.03,-0.31,88.0,302.0
1768804596.269563,75640,0.0,0.02,-0.5,88.0,302.0
1768804596.291602,75660,0.0,0.01,-0.36,89.0,305.0
1768804596.3140607,75680,0.0,0.0,-0.36,89.0,305.0
1768804596.3614385,75700,0.0,0.0,-0.15,88.0,302.0
1768804596.4047346,75720,0.0,-0.0,-0.12,88.0,302.0
1768804596.4302626,75740,0.0,-0.01,-0.19,88.0,302.0
1768804596.4399493,75760,0.0,-0.01,-0.16,88.0,302.0
1768804596.4512205,75780,0.0,-0.01,-0.37,89.0,305.0
1768804596.452272,75800,0.0,-0.02,-0.37,89.0,305.0
1768804596.4532936,75820,0.0,-0.03,-0.58,89.0,305.0
1768804596.4607043,75840,0.0,-0.04,-0.58,89.0,305.0
1768804596.4937463,75860,0.0,-0.05,-0.4,90.0,307.0
1768804596.5363922,75880,0.0,-0.06,-0.36,88.0,302.0
1768804596.5447466,75900,0.0,-0.06,-0.29,88.0,302.0
1768804596.5552778,75920,0.0,-0.07,-0.16,88.0,302.0
1768804596.5836186,75940,0.0,-0.07,-0.58,90.0,307.0
1768804596.615044,75960,0.0,-0.09,-0.47,90.0,307.0
1768804596.6251569,75980,0.0,-0.1,-0.43,89.0,305.0
1768804596.6326478,76000,0.0,-0.1,-0.46,88.0,302.0
1768804596.6622658,76020,0.0,-0.11,-0.4,89.0,305.0
1768804596.6710243,76040,0.0,-0.12,-0.43,89.0,305.0
1768804596.693297,76060,0.0,-0.13,-0.43,89.0,305.0
1768804596.702358,76080,0.0,-0.13,-0.43,89.0,305.0
1768804596.7570953,76100,0.0,-0.14,-0.57,89.0,305.0
1768804596.7652218,76120,0.0,-0.15,-0.64,90.0,307.0
1768804596.791869,76140,0.0,-0.17,-0.85,90.0,307.0
1768804596.7924404,76160,0.0,-0.18,-0.78,91.0,309.0
1768804596.8235073,76180,0.0,-0.2,-0.64,90.0,307.0
1768804596.83164,76200,0.0,-0.21,-0.43,89.0,305.0
1768804596.8618257,76220,0.0,-0.21,-0.36,89.0,305.0
1768804596.8743668,76240,0.0,-0.22,-0.36,89.0,305.0
1768804596.895569,76260,0.0,-0.22,0.13,88.0,302.0
1768804596.9177861,76280,0.0,-0.21,0.55,85.0,296.0
1768804596.9404109,76300,0.0,-0.2,0.48,84.0,293.0
1768804596.955947,76320,0.0,-0.2,0.06,87.0,300.0
1768804596.9902942,76340,0.0,-0.2,-0.08,88.0,302.0
1768804596.992214,76360,0.0,-0.19,0.52,85.0,296.0
1768804597.0213606,76380,0.0,-0.17,1.09,82.0,289.0
1768804597.0406008,76400,0.0,-0.16,0.37,83.0,291.0
1768804597.0604234,76420,0.0,-0.16,-0.26,88.0,302.0
1768804597.0781975,76440,0.0,-0.17,-0.18,89.0,305.0
1768804597.088332,76460,0.0,-0.16,0.35,84.0,293.0
1768804597.1105826,76480,0.0,-0.15,0.06,85.0,296.0
1768804597.1193888,76500,0.0,-0.16,-0.61,89.0,305.0
1768804597.1556256,76520,0.0,-0.17,-0.68,91.0,309.0
1768804597.1788685,76540,0.0,-0.17,0.28,87.0,300.0
1768804597.1901855,76560,0.0,-0.16,0.21,86.0,298.0
1768804597.206848,76580,0.0,-0.17,-0.81,89.0,305.0
1768804597.2409296,76600,0.0,-0.2,-1.25,93.0,314.0
1768804597.257473,76620,0.0,-0.21,-0.63,91.0,309.0
1768804597.271087,76640,0.0,-0.21,-0.07,86.0,298.0
1768804597.2804303,76660,0.0,-0.22,-1.09,88.0,302.0
1768804597.3131504,76680,0.0,-0.25,-1.59,94.0,316.0
1768804597.3462398,76700,0.0,-0.28,-0.99,95.0,318.0
1768804597.4205606,76720,0.0,-0.29,-0.45,91.0,309.0
1768804597.4559503,76740,0.0,-0.3,-0.7,89.0,305.0
1768804597.461883,76760,0.0,-0.31,-0.78,89.0,305.0
1768804597.4718592,76780,0.0,-0.33,-0.57,90.0,307.0
1768804597.4727745,76800,0.0,-0.34,-0.29,90.0,307.0
1768804597.4955845,76860,0.0,-0.36,-0.36,89.0,305.0
1768804597.5057566,76880,0.0,-0.36,-0.08,88.0,302.0
1768804597.5401046,76900,0.0,-0.37,-0.3,88.0,302.0
1768804597.5628505,76920,0.0,-0.37,-0.27,88.0,302.0
1768804597.5726633,76940,0.0,-0.37,-0.05,87.0,300.0
1768804597.5912776,76960,0.0,-0.37,-0.22,87.0,300.0
1768804597.6017978,76980,0.0,-0.38,-0.25,88.0,302.0
1768804597.650254,77000,0.0,-0.38,0.08,88.0,302.0
1768804597.662581,77020,0.0,-0.37,0.68,85.0,296.0
1768804597.6670392,77040,0.0,-0.36,0.57,84.0,293.0
1768804597.6870294,77060,0.0,-0.35,-0.06,86.0,298.0
1768804597.7196853,77080,0.0,-0.35,0.07,87.0,300.0
1768804597.7296543,77100,0.0,-0.34,0.93,84.0,293.0
1768804597.7519536,77120,0.0,-0.32,0.96,82.0,289.0
1768804597.7606308,77140,0.0,-0.31,0.35,85.0,296.0
1768804597.7995005,77160,0.0,-0.31,-0.16,88.0,302.0
1768804597.8259776,77180,0.0,-0.31,0.3,87.0,300.0
1768804597.841135,77200,0.0,-0.3,0.86,84.0,293.0
1768804597.8514328,77220,0.0,-0.28,0.2,84.0,293.0
1768804597.8807063,77240,0.0,-0.29,-0.44,88.0,302.0
1768804597.8906815,77260,0.0,-0.3,-0.43,89.0,305.0
1768804597.9128678,77280,0.0,-0.3,-0.18,88.0,302.0
1768804597.9219894,77300,0.0,-0.3,-0.15,86.0,298.0
1768804597.9696007,77320,0.0,-0.3,-0.36,87.0,300.0
1768804597.987218,77340,0.0,-0.31,-0.51,91.0,309.0
1768804598.024132,77360,0.0,-0.33,-0.36,91.0,309.0
1768804598.0537117,77380,0.0,-0.33,0.07,87.0,300.0
1768804598.0693643,77400,0.0,-0.32,0.24,86.0,298.0
1768804598.088827,77420,0.0,-0.33,-0.57,89.0,305.0
1768804598.0930083,77440,0.0,-0.35,-1.09,91.0,309.0
1768804598.0938933,77460,0.0,-0.36,-0.53,89.0,305.0
1768804598.115308,77480,0.0,-0.36,-0.18,88.0,302.0
1768804598.1368809,77500,0.0,-0.37,-0.91,90.0,307.0
1768804598.1572125,77520,0.0,-0.4,-1.38,93.0,314.0
1768804598.172833,77540,0.0,-0.42,-0.48,92.0,312.0
1768804598.205555,77560,0.0,-0.42,-0.06,87.0,300.0
1768804598.23767,77580,0.0,-0.41,-0.25,86.0,298.0
1768804598.2383018,77600,0.0,-0.42,-0.64,90.0,307.0
1768804598.2427554,77620,0.0,-0.44,-0.87,92.0,312.0
1768804598.2756784,77640,0.0,-0.44,-0.13,88.0,302.0
1768804598.2991014,77660,0.0,-0.44,0.28,84.0,293.0
1768804598.3078656,77680,0.0,-0.43,-0.12,86.0,298.0
1768804598.330081,77700,0.0,-0.44,-0.98,89.0,305.0
1768804598.33931,77720,0.0,-0.47,-1.34,92.0,312.0
1768804598.3762405,77740,0.0,-0.48,0.01,91.0,309.0
1768804598.3940802,77760,0.0,-0.47,0.86,88.0,302.0
1768804598.404368,77780,0.0,-0.46,0.09,88.0,302.0
1768804598.4250596,77800,0.0,-0.47,-0.75,92.0,312.0
1768804598.4602456,77820,0.0,-0.48,-0.26,90.0,307.0
1768804598.4725492,77840,0.0,-0.47,0.52,85.0,296.0
1768804598.4905472,77860,0.0,-0.46,0.09,86.0,298.0
1768804598.4994004,77880,0.0,-0.47,-0.86,91.0,309.0
1768804598.5324328,77900,0.0,-0.49,-0.2,92.0,312.0
1768804598.5545475,77920,0.0,-0.48,0.69,87.0,300.0
1768804598.5647817,77940,0.0,-0.46,0.88,81.0,287.0
1768804598.5901647,77960,0.0,-0.45,-0.24,86.0,298.0
1768804598.624074,77980,0.0,-0.47,-1.18,94.0,316.0
1768804598.6334076,78000,0.0,-0.5,-1.13,94.0,316.0
1768804598.657791,78020,0.0,-0.5,-0.08,88.0,302.0
1768804598.6623158,78040,0.0,-0.49,0.44,87.0,300.0
1768804598.693274,78060,0.0,-0.5,-0.44,89.0,305.0
1768804598.7150915,78080,0.0,-0.5,-0.12,91.0,309.0
1768804598.7249534,78100,0.0,-0.5,0.28,88.0,302.0
1768804598.746176,78120,0.0,-0.49,0.2,86.0,298.0
1768804598.7812045,78140,0.0,-0.5,-0.54,89.0,305.0
1768804598.7891443,78160,0.0,-0.51,-0.48,92.0,312.0
1768804598.8183987,78180,0.0,-0.52,0.03,90.0,307.0
1768804598.8344975,78200,0.0,-0.51,0.17,86.0,298.0
1768804598.864842,78220,0.0,-0.51,-0.15,88.0,302.0
1768804598.876076,78240,0.0,-0.52,-0.61,92.0,312.0
1768804598.8864622,78260,0.0,-0.53,-0.12,92.0,312.0
1768804598.9083982,78280,0.0,-0.53,0.35,88.0,302.0
1768804598.9397922,78300,0.0,-0.52,-0.04,87.0,300.0
1768804598.9498057,78320,0.0,-0.52,-0.82,89.0,305.0
1768804598.9715621,78340,0.0,-0.54,-0.53,92.0,312.0
1768804598.9902904,78360,0.0,-0.54,0.11,89.0,305.0
1768804599.0172942,78380,0.0,-0.54,0.41,87.0,300.0
1768804599.0418372,78400,0.0,-0.53,0.06,88.0,302.0
1768804599.052297,78420,0.0,-0.54,-0.5,90.0,307.0
1768804599.0690036,78440,0.0,-0.54,-0.18,90.0,307.0
1768804599.1031473,78460,0.0,-0.54,0.14,88.0,302.0
1768804599.1111078,78480,0.0,-0.54,0.14,88.0,302.0
1768804599.1323307,78500,0.0,-0.54,-0.0,88.0,302.0
1768804599.1412292,78520,0.0,-0.53,-0.03,88.0,302.0
1768804599.1744432,78540,0.0,-0.53,0.14,88.0,302.0
1768804599.2079134,78560,0.0,-0.53,0.1,88.0,302.0
1768804599.212398,78580,0.0,-0.53,-0.14,88.0,302.0
1768804599.2293127,78600,0.0,-0.53,0.0,89.0,305.0
1768804599.2638454,78620,0.0,-0.53,-0.17,89.0,305.0
1768804599.2721725,78640,0.0,-0.53,0.0,89.0,305.0
1768804599.2937398,78660,0.0,-0.53,0.07,88.0,302.0
1768804599.3183942,78680,0.0,-0.52,0.21,88.0,302.0
1768804599.33482,78700,0.0,-0.52,0.35,87.0,300.0
1768804599.3574665,78720,0.0,-0.51,0.35,87.0,300.0
1768804599.3668807,78740,0.0,-0.5,0.28,87.0,300.0
1768804599.3950338,78760,0.0,-0.5,0.35,87.0,300.0
1768804599.4220417,78780,0.0,-0.49,0.21,86.0,298.0
1768804599.4308844,78800,0.0,-0.48,0.1,87.0,300.0
1768804599.4528549,78820,0.0,-0.48,-0.05,89.0,305.0
1768804599.4626622,78840,0.0,-0.48,0.06,89.0,305.0
1768804599.498255,78860,0.0,-0.48,0.24,88.0,302.0
1768804599.5198686,78880,0.0,-0.47,0.03,86.0,298.0
1768804599.5277872,78900,0.0,-0.48,-0.36,89.0,305.0
1768804599.5485642,78920,0.0,-0.48,-0.48,90.0,307.0
1768804599.5817733,78940,0.0,-0.49,-0.33,90.0,307.0
1768804599.599236,78960,0.0,-0.49,-0.27,90.0,307.0
1768804599.6145942,78980,0.0,-0.5,-0.16,91.0,309.0
1768804599.6241472,79000,0.0,-0.51,-0.33,90.0,307.0
1768804599.6611335,79020,0.0,-0.51,-0.5,89.0,305.0
1768804599.6897762,79040,0.0,-0.52,-0.65,91.0,309.0
1768804599.704726,79060,0.0,-0.54,-0.58,92.0,312.0
1768804599.7151244,79080,0.0,-0.54,-0.14,90.0,307.0
1768804599.7274485,79100,0.0,-0.54,0.09,89.0,305.0
1768804599.752166,79120,0.0,-0.55,-0.23,89.0,305.0
1768804599.774218,79140,0.0,-0.55,-0.51,91.0,309.0
1768804599.7843626,79160,0.0,-0.56,-0.3,91.0,309.0
1768804599.807834,79180,0.0,-0.57,-0.01,89.0,305.0
1768804599.8394713,79200,0.0,-0.57,-0.33,89.0,305.0
1768804599.8568685,79220,0.0,-0.57,-0.34,90.0,307.0
1768804599.876127,79240,0.0,-0.58,-0.12,90.0,307.0
1768804599.910417,79260,0.0,-0.57,0.2,88.0,302.0
1768804599.9378362,79300,0.0,-0.58,-0.16,89.0,305.0
1768804599.9514782,79320,0.0,-0.58,0.06,89.0,305.0
1768804599.9603088,79340,0.0,-0.57,0.2,88.0,302.0
1768804599.9923995,79360,0.0,-0.57,-0.05,87.0,300.0
1768804600.020134,79380,0.0,-0.57,-0.33,89.0,305.0
1768804600.0244687,79400,0.0,-0.58,-0.37,91.0,309.0
1768804600.047459,79420,0.0,-0.58,-0.09,90.0,307.0
1768804600.078982,79440,0.0,-0.58,0.09,89.0,305.0
1768804600.0946736,79460,0.0,-0.58,-0.01,87.0,300.0
1768804600.1276393,79480,0.0,-0.58,0.13,88.0,302.0
1768804600.1327932,79500,0.0,-0.57,0.06,88.0,302.0
1768804600.1610253,79520,0.0,-0.57,0.34,87.0,300.0
1768804600.1748939,79540,0.0,-0.56,0.37,87.0,300.0
1768804600.1849103,79560,0.0,-0.55,0.52,87.0,300.0
1768804600.2067273,79580,0.0,-0.54,0.41,86.0,298.0
1768804600.2410855,79600,0.0,-0.53,0.38,87.0,300.0
1768804600.2498455,79620,0.0,-0.52,0.55,87.0,300.0
1768804600.2774365,79640,0.0,-0.51,0.66,87.0,300.0
1768804600.2866995,79660,0.0,-0.5,0.42,86.0,298.0
1768804600.3364813,79680,0.0,-0.49,0.49,86.0,298.0
1768804600.34927,79700,0.0,-0.48,0.42,86.0,298.0
1768804600.3596022,79720,0.0,-0.46,0.56,86.0,298.0
1768804600.3645542,79740,0.0,-0.45,0.77,83.0,291.0
1768804600.3940072,79760,0.0,-0.43,0.42,84.0,293.0
1768804600.4160624,79780,0.0,-0.43,0.02,87.0,300.0
1768804600.426053,79800,0.0,-0.43,0.16,87.0,300.0
1768804600.4576905,79820,0.0,-0.42,0.42,85.0,296.0
1768804600.4801257,79840,0.0,-0.41,0.31,85.0,296.0
1768804600.5010247,79860,0.0,-0.41,-0.12,87.0,300.0
1768804600.5164435,79880,0.0,-0.41,0.02,88.0,302.0
1768804600.528153,79900,0.0,-0.4,0.76,85.0,296.0
1768804600.5667548,79920,0.0,-0.39,0.37,84.0,293.0
1768804600.5765252,79940,0.0,-0.38,0.05,87.0,300.0
1768804600.5872831,79960,0.0,-0.39,-0.19,89.0,305.0
1768804600.6074646,79980,0.0,-0.39,0.09,87.0,300.0
1768804600.6405613,80000,0.0,-0.38,0.36,86.0,298.0
1768804600.6533442,80020,0.0,-0.38,0.05,88.0,302.0
1768804600.6740053,80040,0.0,-0.39,-0.09,88.0,302.0
1768804600.6819465,80060,0.0,-0.38,0.19,86.0,298.0
1768804600.715457,80080,0.0,-0.38,0.13,85.0,296.0
1768804600.742289,80100,0.0,-0.37,-0.02,86.0,298.0
1768804600.7483175,80120,0.0,-0.37,-0.16,88.0,302.0
1768804600.7681546,80140,0.0,-0.37,0.34,87.0,300.0
1768804600.8068511,80160,0.0,-0.36,0.48,85.0,296.0
1768804600.8170216,80180,0.0,-0.35,0.23,85.0,296.0
1768804600.8271132,80200,0.0,-0.35,0.19,86.0,298.0
1768804600.847771,80220,0.0,-0.35,0.16,86.0,298.0
1768804600.884074,80240,0.0,-0.34,0.41,86.0,298.0
1768804600.8948932,80260,0.0,-0.33,0.27,86.0,298.0
1768804600.919918,80280,0.0,-0.33,0.11,86.0,298.0
1768804600.9368298,80300,0.0,-0.33,0.13,87.0,300.0
1768804600.955777,80320,0.0,-0.32,-0.01,86.0,298.0
1768804600.9804063,80340,0.0,-0.32,-0.14,87.0,300.0
1768804600.9977238,80360,0.0,-0.33,-0.28,88.0,302.0
1768804601.0099072,80380,0.0,-0.33,-0.56,89.0,305.0
1768804601.041071,80400,0.0,-0.34,-0.56,90.0,307.0
1768804601.0514257,80420,0.0,-0.35,-0.35,89.0,305.0
1768804601.0738232,80440,0.0,-0.35,-0.48,88.0,302.0
1768804601.0831854,80460,0.0,-0.37,-0.8,90.0,307.0
1768804601.127956,80480,0.0,-0.38,-0.88,92.0,312.0
1768804601.138767,80500,0.0,-0.4,-0.56,92.0,312.0
1768804601.16634,80520,0.0,-0.41,-0.3,88.0,302.0
1768804601.1814692,80540,0.0,-0.41,-0.49,88.0,302.0
1768804601.204224,80560,0.0,-0.43,-1.05,92.0,312.0
1768804601.2191224,80580,0.0,-0.45,-0.8,93.0,314.0
1768804601.2373025,80600,0.0,-0.46,-0.38,90.0,307.0
1768804601.2447488,80620,0.0,-0.46,0.01,87.0,300.0
1768804601.2652833,80640,0.0,-0.46,-0.49,88.0,302.0
1768804601.2922442,80660,0.0,-0.47,-1.12,92.0,312.0
1768804601.3144877,80680,0.0,-0.49,-0.52,92.0,312.0
1768804601.342415,80700,0.0,-0.49,0.25,88.0,302.0
1768804601.35314,80720,0.0,-0.48,0.49,87.0,300.0
1768804601.3793116,80740,0.0,-0.48,-0.05,89.0,305.0
1768804601.3904655,80760,0.0,-0.49,-0.53,91.0,309.0
1768804601.418162,80780,0.0,-0.49,-0.02,88.0,302.0
1768804601.4321356,80800,0.0,-0.48,0.39,86.0,298.0
1768804601.4639604,80820,0.0,-0.47,0.1,87.0,300.0
1768804601.4747834,80840,0.0,-0.48,-0.29,90.0,307.0
1768804601.484882,80860,0.0,-0.48,-0.25,90.0,307.0
1768804601.5055346,80880,0.0,-0.48,-0.1,87.0,300.0
1768804601.5399783,80900,0.0,-0.48,-0.19,87.0,300.0
1768804601.549358,80920,0.0,-0.49,-0.44,91.0,309.0
1768804601.591851,80940,0.0,-0.5,-0.57,92.0,312.0
1768804601.5943599,80960,0.0,-0.51,-0.5,91.0,309.0
1768804601.6245646,80980,0.0,-0.51,-0.29,89.0,305.0
1768804601.6399274,81000,0.0,-0.52,-0.4,90.0,307.0
1768804601.6504753,81020,0.0,-0.54,-0.93,93.0,314.0
1768804601.6738694,81040,0.0,-0.56,-0.97,93.0,314.0
1768804601.6995087,81060,0.0,-0.57,-0.36,90.0,307.0
1768804601.7095063,81080,0.0,-0.57,-0.06,88.0,302.0
1768804601.7316322,81100,0.0,-0.58,-0.94,92.0,312.0
1768804601.740978,81120,0.0,-0.61,-1.7,96.0,321.0
1768804601.774364,81140,0.0,-0.63,-1.07,94.0,316.0
1768804601.8090506,81160,0.0,-0.64,0.42,90.0,307.0
1768804601.8162048,81180,0.0,-0.64,-0.03,90.0,307.0
1768804601.8295252,81200,0.0,-0.65,-1.04,93.0,314.0
1768804601.8604946,81220,0.0,-0.67,-0.96,93.0,314.0
1768804601.8699658,81240,0.0,-0.68,-0.05,89.0,305.0
1768804601.8940003,81260,0.0,-0.67,0.44,87.0,300.0
1768804601.9018555,81280,0.0,-0.67,-0.14,90.0,307.0
1768804601.9341207,81300,0.0,-0.68,-0.45,93.0,314.0
1768804601.9562445,81320,0.0,-0.69,0.14,89.0,305.0
1768804601.9826734,81340,0.0,-0.67,1.03,84.0,293.0
1768804601.9922373,81360,0.0,-0.65,0.75,85.0,296.0
1768804602.0266566,81380,0.0,-0.64,-0.41,87.0,300.0
1768804602.0336292,81400,0.0,-0.65,-0.65,90.0,307.0
1768804602.0641868,81420,0.0,-0.65,0.82,88.0,302.0
1768804602.0702271,81440,0.0,-0.62,1.66,83.0,291.0
1768804602.0964375,81460,0.0,-0.59,1.09,83.0,291.0
1768804602.1180725,81480,0.0,-0.58,-0.07,86.0,298.0
1768804602.1265595,81500,0.0,-0.58,0.26,89.0,305.0
1768804602.1476862,81520,0.0,-0.57,1.31,86.0,298.0
1768804602.1827714,81540,0.0,-0.54,1.55,83.0,291.0
1768804602.2001264,81560,0.0,-0.52,0.55,85.0,296.0
1768804602.2151434,81580,0.0,-0.52,-0.32,88.0,302.0
1768804602.2413702,81600,0.0,-0.51,0.24,87.0,300.0
1768804602.258496,81620,0.0,-0.5,0.97,86.0,298.0
1768804602.278098,81640,0.0,-0.48,0.6,85.0,296.0
1768804602.2900934,81660,0.0,-0.48,0.16,87.0,300.0
1768804602.3111753,81680,0.0,-0.47,0.2,88.0,302.0
1768804602.3411443,81700,0.0,-0.46,0.37,87.0,300.0
1768804602.3512852,81720,0.0,-0.45,0.17,86.0,298.0
1768804602.3733785,81740,0.0,-0.45,-0.01,87.0,300.0
1768804602.3824017,81760,0.0,-0.46,-0.21,88.0,302.0
1768804602.430497,81780,0.0,-0.46,-0.49,90.0,307.0
1768804602.4414198,81800,0.0,-0.48,-0.61,92.0,312.0
1768804602.4700532,81820,0.0,-0.48,-0.31,90.0,307.0
1768804602.4991052,81840,0.0,-0.48,-0.21,88.0,302.0
1768804602.5116134,81860,0.0,-0.49,-0.84,91.0,309.0
1768804602.515838,81880,0.0,-0.52,-1.34,95.0,318.0
1768804602.5341792,81900,0.0,-0.54,-0.74,95.0,318.0
1768804602.5437872,81920,0.0,-0.54,0.08,89.0,305.0
1768804602.5758257,81940,0.0,-0.54,-0.69,86.0,298.0
1768804602.5981607,81960,0.0,-0.56,-1.6,94.0,316.0
1768804602.6081576,81980,0.0,-0.61,-2.04,100.0,330.0
1768804602.6354134,82000,0.0,-0.64,-1.19,95.0,318.0
1768804602.6398528,82020,0.0,-0.64,-0.11,90.0,307.0
1768804602.6786702,82040,0.0,-0.65,-1.23,93.0,314.0
1768804602.7065809,82060,0.0,-0.68,-1.56,96.0,321.0
1768804602.7201996,82080,0.0,-0.7,-0.19,93.0,314.0
1768804602.7266426,82100,0.0,-0.7,0.07,88.0,302.0
1768804602.7589555,82120,0.0,-0.7,-0.86,90.0,307.0
1768804602.7695081,82140,0.0,-0.73,-2.05,95.0,318.0
1768804602.7905612,82160,0.0,-0.76,-0.69,96.0,321.0
1768804602.7997465,82180,0.0,-0.76,0.41,89.0,305.0
1768804602.838702,82200,0.0,-0.75,0.37,86.0,298.0
1768804602.8553362,82220,0.0,-0.75,-0.38,92.0,312.0
1768804602.865298,82240,0.0,-0.77,-0.48,95.0,318.0
1768804602.891,82260,0.0,-0.78,0.16,90.0,307.0
1768804602.9195814,82280,0.0,-0.76,1.17,85.0,296.0
1768804602.9335086,82300,0.0,-0.75,0.08,88.0,302.0
1768804602.9522939,82320,0.0,-0.77,-1.0,94.0,316.0
1768804602.9626148,82340,0.0,-0.78,-0.36,91.0,309.0
1768804602.9929633,82360,0.0,-0.76,1.07,85.0,296.0
1768804603.0151188,82380,0.0,-0.74,0.64,85.0,296.0
1768804603.0251503,82400,0.0,-0.76,-1.5,92.0,312.0
1768804603.051901,82420,0.0,-0.79,-1.15,96.0,321.0
1768804603.085123,82440,0.0,-0.78,0.83,87.0,300.0
1768804603.0945234,82460,0.0,-0.76,1.21,83.0,291.0
1768804603.1142702,82480,0.0,-0.75,-0.1,88.0,302.0
1768804603.138571,82500,0.0,-0.76,-0.69,92.0,312.0
1768804603.1554263,82520,0.0,-0.76,0.69,87.0,300.0
1768804603.1756256,82540,0.0,-0.73,1.42,83.0,291.0
1768804603.1856036,82560,0.0,-0.72,0.09,87.0,300.0
1768804603.2067113,82580,0.0,-0.73,-0.89,92.0,312.0
1768804603.2490513,82600,0.0,-0.74,-0.15,90.0,307.0
1768804603.2655084,82620,0.0,-0.73,0.33,88.0,302.0
1768804603.2749264,82640,0.0,-0.73,-0.33,90.0,307.0
1768804603.2832475,82660,0.0,-0.75,-1.06,93.0,314.0
1768804603.3135607,82680,0.0,-0.75,0.2,90.0,307.0
1768804603.3364017,82700,0.0,-0.74,1.01,85.0,296.0
1768804603.3534884,82720,0.0,-0.73,-0.22,88.0,302.0
1768804603.366271,82740,0.0,-0.75,-1.35,95.0,318.0
1768804603.3942955,82760,0.0,-0.77,-0.57,95.0,318.0
1768804603.41584,82780,0.0,-0.77,0.82,89.0,305.0
1768804603.4259663,82800,0.0,-0.76,-0.21,88.0,302.0
1768804603.44769,82820,0.0,-0.78,-1.27,93.0,314.0
1768804603.4805183,82840,0.0,-0.8,-0.49,94.0,316.0
1768804603.4930735,82860,0.0,-0.79,0.64,88.0,302.0
1768804603.5433936,82880,0.0,-0.78,0.32,86.0,298.0
1768804603.543947,82900,0.0,-0.78,-0.46,90.0,307.0
1768804603.574675,82920,0.0,-0.79,-0.49,93.0,314.0
1768804603.582849,82940,0.0,-0.78,0.38,89.0,305.0
1768804603.5944479,82960,0.0,-0.77,1.09,85.0,296.0
1768804603.6130922,82980,0.0,-0.75,0.45,88.0,302.0
1768804603.6409047,83000,0.0,-0.76,-0.67,93.0,314.0
1768804603.650979,83020,0.0,-0.77,-0.52,91.0,309.0
1768804603.6730998,83040,0.0,-0.76,0.74,85.0,296.0
1768804603.689745,83060,0.0,-0.74,0.74,85.0,296.0
1768804603.714742,83080,0.0,-0.74,-0.15,91.0,309.0
1768804603.7404044,83100,0.0,-0.75,0.11,92.0,312.0
1768804603.7546809,83120,0.0,-0.73,1.44,86.0,298.0
1768804603.7740376,83140,0.0,-0.7,0.89,83.0,291.0
1768804603.8076644,83160,0.0,-0.7,-0.71,89.0,305.0
1768804603.8196707,83180,0.0,-0.72,-0.73,94.0,316.0
1768804603.833038,83200,0.0,-0.72,0.16,88.0,302.0
1768804603.8422296,83220,0.0,-0.7,0.67,84.0,293.0
1768804603.875663,83240,0.0,-0.7,-0.51,90.0,307.0
1768804603.9052458,83260,0.0,-0.72,-1.45,96.0,321.0
1768804603.91238,83280,0.0,-0.74,-0.28,92.0,312.0
1768804603.9485343,83300,0.0,-0.72,0.83,86.0,298.0
1768804603.9647284,83320,0.0,-0.71,0.57,87.0,300.0
1768804603.9958923,83340,0.0,-0.72,-0.87,93.0,314.0
1768804604.0032156,83360,0.0,-0.75,-1.16,96.0,321.0
1768804604.0221019,83380,0.0,-0.75,-0.07,88.0,302.0
1768804604.0346591,83400,0.0,-0.74,0.69,86.0,298.0
1768804604.0582232,83420,0.0,-0.74,-0.12,89.0,305.0
1768804604.0682044,83440,0.0,-0.74,-0.08,92.0,312.0
1768804604.114448,83460,0.0,-0.74,0.59,88.0,302.0
1768804604.1177282,83480,0.0,-0.71,1.39,83.0,291.0
1768804604.1357813,83500,0.0,-0.7,0.72,87.0,300.0
1768804604.1565316,83520,0.0,-0.7,-0.43,91.0,309.0
1768804604.1652858,83540,0.0,-0.7,0.23,88.0,302.0
1768804604.197574,83560,0.0,-0.67,1.4,83.0,291.0
1768804604.2216167,83580,0.0,-0.65,0.83,84.0,293.0
1768804604.234388,83600,0.0,-0.65,-0.82,89.0,305.0
1768804604.2505617,83620,0.0,-0.66,-0.37,93.0,314.0
1768804604.259707,83640,0.0,-0.66,0.73,88.0,302.0
1768804604.2927191,83660,0.0,-0.63,1.32,83.0,291.0
1768804604.3243682,83680,0.0,-0.63,-0.19,89.0,305.0
1768804604.3277395,83700,0.0,-0.65,-1.2,95.0,318.0
1768804604.3673127,83720,0.0,-0.66,-0.31,91.0,309.0
1768804604.382646,83740,0.0,-0.64,1.23,84.0,293.0
1768804604.397832,83760,0.0,-0.62,0.38,86.0,298.0
1768804604.4159884,83780,0.0,-0.64,-1.06,93.0,314.0
1768804604.421,83800,0.0,-0.67,-1.37,97.0,323.0
1768804604.4532428,83820,0.0,-0.67,-0.42,90.0,307.0
1768804604.47541,83840,0.0,-0.67,0.59,88.0,302.0
1768804604.4853168,83860,0.0,-0.66,0.03,89.0,305.0
1768804604.5143325,83880,0.0,-0.67,-0.25,92.0,312.0
1768804604.5508504,83900,0.0,-0.67,0.25,89.0,305.0
1768804604.5890467,83920,0.0,-0.66,0.42,84.0,293.0
1768804604.6319196,83940,0.0,-0.65,-0.08,87.0,300.0
1768804604.6588912,83960,0.0,-0.66,-1.13,92.0,312.0
1768804604.6724916,83980,0.0,-0.68,-0.7,94.0,316.0
1768804604.6732914,84000,0.0,-0.68,0.56,88.0,302.0
1768804604.674126,84020,0.0,-0.66,0.42,86.0,298.0
1768804604.6749432,84040,0.0,-0.66,-0.47,90.0,307.0
1768804604.6938875,84060,0.0,-0.67,-0.15,92.0,312.0
1768804604.7159944,84080,0.0,-0.67,0.63,88.0,302.0
1768804604.732112,84100,0.0,-0.65,0.42,84.0,293.0
1768804604.7494385,84120,0.0,-0.64,-0.26,88.0,302.0
1768804604.7801049,84140,0.0,-0.66,-0.86,94.0,316.0
1768804604.7957199,84160,0.0,-0.67,-0.22,91.0,309.0
1768804604.8118446,84180,0.0,-0.66,0.76,86.0,298.0
1768804604.826827,84200,0.0,-0.65,0.23,87.0,300.0
1768804604.8582764,84220,0.0,-0.65,-0.65,90.0,307.0
1768804604.877561,84240,0.0,-0.66,0.19,89.0,305.0
1768804604.8864975,84260,0.0,-0.65,0.82,86.0,298.0
1768804604.9074578,84280,0.0,-0.63,0.44,85.0,296.0
1768804604.943679,84300,0.0,-0.62,0.09,88.0,302.0
1768804604.96326,84320,0.0,-0.63,0.15,91.0,309.0
1768804604.9764643,84340,0.0,-0.62,0.3,88.0,302.0
1768804604.9830394,84360,0.0,-0.61,0.78,86.0,298.0
1768804605.0320168,84380,0.0,-0.6,0.09,88.0,302.0
1768804605.0503135,84400,0.0,-0.6,0.05,88.0,302.0
1768804605.065651,84420,0.0,-0.6,-0.02,88.0,302.0
1768804605.073368,84440,0.0,-0.6,-0.16,89.0,305.0
1768804605.100557,84460,0.0,-0.6,-0.37,90.0,307.0
1768804605.11052,84480,0.0,-0.61,-0.47,90.0,307.0
1768804605.1331172,84500,0.0,-0.62,-0.06,90.0,307.0
1768804605.1423585,84520,0.0,-0.61,0.15,89.0,305.0
1768804605.1854405,84540,0.0,-0.61,-0.09,89.0,305.0
1768804605.222492,84560,0.0,-0.61,0.05,89.0,305.0
1768804605.265178,84580,0.0,-0.61,0.09,89.0,305.0
1768804605.2882607,84600,0.0,-0.61,0.26,88.0,302.0
1768804605.3064044,84620,0.0,-0.6,0.12,88.0,302.0
1768804605.3072414,84640,0.0,-0.6,0.13,88.0,302.0
1768804605.308105,84660,0.0,-0.6,0.13,88.0,302.0
1768804605.3089166,84680,0.0,-0.59,-0.01,88.0,302.0
1768804605.3351905,84700,0.0,-0.59,0.2,89.0,305.0
1768804605.357841,84720,0.0,-0.59,0.27,88.0,302.0
1768804605.368027,84740,0.0,-0.58,0.06,88.0,302.0
1768804605.3892574,84760,0.0,-0.58,-0.15,89.0,305.0
1768804605.430347,84780,0.0,-0.59,0.06,89.0,305.0
1768804605.448658,84800,0.0,-0.58,0.27,89.0,305.0
1768804605.4834058,84820,0.0,-0.58,0.13,88.0,302.0
1768804605.485747,84840,0.0,-0.58,-0.15,89.0,305.0
1768804605.4973986,84860,0.0,-0.58,0.06,89.0,305.0
1768804605.5194778,84880,0.0,-0.58,0.06,89.0,305.0
1768804605.5281243,84900,0.0,-0.58,-0.19,89.0,305.0
1768804605.5497396,84920,0.0,-0.58,-0.01,89.0,305.0
1768804605.5655026,84940,0.0,-0.58,-0.08,89.0,305.0
1768804605.5983381,84960,0.0,-0.58,-0.08,88.0,302.0
1768804605.6098278,84980,0.0,-0.58,-0.26,89.0,305.0
1768804605.6329205,85000,0.0,-0.58,-0.13,90.0,307.0
1768804605.643608,85020,0.0,-0.59,-0.29,90.0,307.0
1768804605.6892388,85040,0.0,-0.6,-0.57,91.0,309.0
1768804605.7015667,85060,0.0,-0.61,-0.31,91.0,309.0
1768804605.7143161,85080,0.0,-0.61,-0.21,90.0,307.0
1768804605.7254982,85100,0.0,-0.62,-0.64,91.0,309.0
1768804605.7589893,85120,0.0,-0.63,-0.71,93.0,314.0
1768804605.769209,85140,0.0,-0.64,-0.26,92.0,312.0
1768804605.7998722,85160,0.0,-0.64,0.24,88.0,302.0
1768804605.82025,85180,0.0,-0.63,0.03,88.0,302.0
1768804605.8731463,85200,0.0,-0.64,-0.67,90.0,307.0
1768804605.9107425,85220,0.0,-0.65,-0.3,93.0,314.0
1768804605.9294186,85240,0.0,-0.65,0.51,90.0,307.0
1768804605.9302027,85260,0.0,-0.63,1.05,85.0,296.0
1768804605.9309833,85280,0.0,-0.62,0.35,86.0,298.0
1768804605.9318287,85300,0.0,-0.62,-0.98,90.0,307.0
1768804605.9518209,85320,0.0,-0.64,-0.74,91.0,309.0
1768804605.9607337,85340,0.0,-0.63,0.77,87.0,300.0
1768804606.0266595,85360,0.0,-0.61,0.87,85.0,296.0
1768804606.0332935,85380,0.0,-0.6,0.54,87.0,300.0
1768804606.0347896,85400,0.0,-0.6,0.09,89.0,305.0
1768804606.0818868,85420,0.0,-0.59,0.8,88.0,302.0
1768804606.098222,85440,0.0,-0.57,1.37,83.0,291.0
1768804606.099074,85460,0.0,-0.55,0.44,85.0,296.0
1768804606.1137004,85480,0.0,-0.55,-0.15,89.0,305.0
1768804606.1288311,85500,0.0,-0.54,0.62,88.0,302.0
1768804606.1542442,85520,0.0,-0.53,1.04,86.0,298.0
1768804606.1762235,85540,0.0,-0.51,0.76,84.0,293.0
1768804606.1864262,85560,0.0,-0.5,0.02,87.0,300.0
1768804606.2146895,85580,0.0,-0.5,-0.43,89.0,305.0
1768804606.2486467,85600,0.0,-0.5,-0.03,89.0,305.0
1768804606.2507558,85620,0.0,-0.5,0.54,88.0,302.0
1768804606.274067,85640,0.0,-0.49,0.06,88.0,302.0
1768804606.2930188,85660,0.0,-0.5,-0.46,89.0,305.0
1768804606.3188047,85680,0.0,-0.5,-0.57,91.0,309.0
1768804606.3435767,85700,0.0,-0.51,-0.01,89.0,305.0
1768804606.3468957,85720,0.0,-0.51,0.27,89.0,305.0
1768804606.3679438,85740,0.0,-0.5,-0.22,88.0,302.0
1768804606.41276,85760,0.0,-0.51,-0.68,91.0,309.0
1768804606.4444444,85780,0.0,-0.52,-0.29,91.0,309.0
1768804606.4608502,85800,0.0,-0.52,0.31,89.0,305.0
1768804606.4820879,85820,0.0,-0.52,-0.08,89.0,305.0
1768804606.5051723,85840,0.0,-0.52,-0.29,90.0,307.0
1768804606.5062373,85860,0.0,-0.53,-0.14,90.0,307.0
1768804606.5086515,85880,0.0,-0.53,0.0,89.0,305.0
1768804606.5354402,85900,0.0,-0.53,-0.21,89.0,305.0
1768804606.5614629,85920,0.0,-0.53,-0.42,90.0,307.0
1768804606.5714264,85940,0.0,-0.54,-0.14,90.0,307.0
1768804606.5936484,85960,0.0,-0.54,-0.07,90.0,307.0
1768804606.603072,85980,0.0,-0.54,-0.28,90.0,307.0
1768804606.6535273,86000,0.0,-0.54,-0.32,90.0,307.0
1768804606.6586711,86020,0.0,-0.55,-0.07,89.0,305.0
1768804606.692774,86040,0.0,-0.55,-0.21,90.0,307.0
1768804606.716972,86060,0.0,-0.55,-0.18,91.0,309.0
1768804606.721919,86080,0.0,-0.55,-0.21,90.0,307.0
1768804606.7396634,86100,0.0,-0.56,-0.21,89.0,305.0
1768804606.754876,86120,0.0,-0.56,-0.28,91.0,309.0
1768804606.7647817,86140,0.0,-0.57,-0.28,91.0,309.0
1768804606.7954195,86160,0.0,-0.57,-0.14,90.0,307.0
1768804606.8181558,86180,0.0,-0.57,0.14,89.0,305.0
1768804606.828167,86200,0.0,-0.57,0.12,89.0,305.0
1768804606.8566914,86220,0.0,-0.56,0.1,89.0,305.0
1768804606.8591723,86240,0.0,-0.56,0.35,88.0,302.0
1768804606.9003525,86260,0.0,-0.55,0.49,86.0,298.0
1768804606.9177222,86280,0.0,-0.54,0.31,88.0,302.0
1768804606.9244912,86300,0.0,-0.54,0.13,89.0,305.0
1768804606.9491172,86320,0.0,-0.53,0.72,88.0,302.0
1768804606.97997,86340,0.0,-0.51,1.6,84.0,293.0
1768804606.988475,86360,0.0,-0.48,0.97,82.0,289.0
1768804607.0107632,86380,0.0,-0.47,-0.02,87.0,300.0
1768804607.0196357,86400,0.0,-0.47,-0.37,91.0,309.0
1768804607.0566003,86420,0.0,-0.47,0.8,88.0,302.0
1768804607.0750716,86440,0.0,-0.44,1.18,81.0,287.0
1768804607.0876951,86460,0.0,-0.43,-0.02,86.0,298.0
1768804607.1128066,86480,0.0,-0.45,-1.06,91.0,309.0
1768804607.1523707,86500,0.0,-0.45,-0.11,88.0,302.0
1768804607.1766245,86520,0.0,-0.44,1.39,83.0,291.0
1768804607.1863816,86540,0.0,-0.42,0.51,85.0,296.0
1768804607.1903799,86560,0.0,-0.43,-1.25,91.0,309.0
1768804607.212619,86580,0.0,-0.45,-0.55,91.0,309.0
1768804607.2363493,86600,0.0,-0.44,1.04,85.0,296.0
1768804607.2453418,86620,0.0,-0.43,0.16,86.0,298.0
1768804607.280451,86640,0.0,-0.45,-1.64,92.0,312.0
1768804607.3049886,86660,0.0,-0.47,-0.71,95.0,318.0
1768804607.325095,86680,0.0,-0.47,0.84,86.0,298.0
1768804607.3346446,86700,0.0,-0.45,0.2,83.0,291.0
1768804607.341069,86720,0.0,-0.47,-1.08,92.0,312.0
1768804607.379797,86740,0.0,-0.5,-1.2,97.0,323.0
1768804607.3997638,86760,0.0,-0.5,-0.14,89.0,305.0
1768804607.4070654,86780,0.0,-0.49,0.79,85.0,296.0
1768804607.426971,86800,0.0,-0.49,-0.3,89.0,305.0
1768804607.4730272,86820,0.0,-0.5,-0.41,93.0,314.0
1768804607.490194,86840,0.0,-0.5,0.41,89.0,305.0
1768804607.499925,86860,0.0,-0.48,1.14,84.0,293.0
1768804607.501393,86880,0.0,-0.46,0.82,86.0,298.0
1768804607.5339327,86900,0.0,-0.47,-0.89,91.0,309.0
1768804607.5670505,86920,0.0,-0.48,-0.54,90.0,307.0
1768804607.5925896,86940,0.0,-0.47,0.91,85.0,296.0
1768804607.6047142,86960,0.0,-0.45,0.46,85.0,296.0
1768804607.6212206,86980,0.0,-0.46,-0.69,90.0,307.0
1768804607.6364856,87000,0.0,-0.47,-0.39,92.0,312.0
1768804607.6465342,87020,0.0,-0.46,1.22,85.0,296.0
1768804607.6670022,87040,0.0,-0.43,0.66,81.0,287.0
1768804607.7077944,87060,0.0,-0.43,-0.68,89.0,305.0
1768804607.7162566,87080,0.0,-0.46,-0.71,94.0,316.0
1768804607.7394521,87100,0.0,-0.46,0.35,87.0,300.0
1768804607.7499936,87120,0.0,-0.43,1.26,81.0,287.0
1768804607.7898982,87140,0.0,-0.41,0.48,84.0,293.0
1768804607.801623,87160,0.0,-0.41,-0.71,88.0,302.0
1768804607.808796,87180,0.0,-0.42,0.28,87.0,300.0
1768804607.8297288,87200,0.0,-0.4,1.05,83.0,291.0
1768804607.861102,87220,0.0,-0.38,0.66,84.0,293.0
1768804607.8712544,87240,0.0,-0.38,0.06,88.0,302.0
1768804607.8933053,87260,0.0,-0.37,0.38,87.0,300.0
1768804607.9021423,87280,0.0,-0.35,1.54,82.0,289.0
1768804607.9420257,87300,0.0,-0.32,1.12,81.0,287.0
1768804607.9581585,87320,0.0,-0.32,-0.39,86.0,298.0
1768804608.005101,87340,0.0,-0.33,-0.28,91.0,309.0
1768804608.0206003,87360,0.0,-0.32,0.71,86.0,298.0
1768804608.0256836,87380,0.0,-0.29,0.85,80.0,284.0
1768804608.037575,87400,0.0,-0.28,-0.11,86.0,298.0
1768804608.048576,87420,0.0,-0.3,-1.13,92.0,312.0
1768804608.0766954,87440,0.0,-0.32,-0.49,92.0,312.0
1768804608.101808,87460,0.0,-0.32,0.42,87.0,300.0
1768804608.111838,87480,0.0,-0.31,-0.24,87.0,300.0
1768804608.1451397,87500,0.0,-0.32,-0.84,89.0,305.0
1768804608.1631074,87520,0.0,-0.33,-0.25,90.0,307.0
1768804608.1741488,87540,0.0,-0.32,0.49,86.0,298.0
1768804608.1980026,87560,0.0,-0.32,0.14,85.0,296.0
1768804608.2235029,87580,0.0,-0.32,-0.71,90.0,307.0
1768804608.2441356,87600,0.0,-0.34,-0.5,91.0,309.0
1768804608.253082,87620,0.0,-0.34,0.04,87.0,300.0
1768804608.271724,87640,0.0,-0.33,-0.04,85.0,296.0
1768804608.2965188,87660,0.0,-0.33,-0.02,88.0,302.0
1768804608.304336,87680,0.0,-0.35,-0.57,92.0,312.0
1768804608.3254974,87700,0.0,-0.35,-0.25,89.0,305.0
1768804608.3609114,87720,0.0,-0.35,0.36,86.0,298.0
1768804608.3745737,87740,0.0,-0.35,-0.05,88.0,302.0
1768804608.3941047,87760,0.0,-0.36,-0.78,91.0,309.0
1768804608.4069939,87780,0.0,-0.37,-0.22,89.0,305.0
1768804608.449526,87800,0.0,-0.36,0.97,85.0,296.0
1768804608.4596696,87820,0.0,-0.34,0.66,83.0,291.0
1768804608.4652848,87840,0.0,-0.34,-0.55,88.0,302.0
1768804608.48748,87860,0.0,-0.36,-0.79,93.0,314.0
1768804608.518589,87880,0.0,-0.36,0.32,88.0,302.0
1768804608.5287964,87900,0.0,-0.34,0.94,82.0,289.0
1768804608.550945,87920,0.0,-0.33,-0.06,85.0,296.0
1768804608.5598903,87940,0.0,-0.34,-1.25,91.0,309.0
1768804608.5957413,87960,0.0,-0.37,-0.89,93.0,314.0
1768804608.6248405,87980,0.0,-0.37,0.06,88.0,302.0
1768804608.6435874,88000,0.0,-0.37,0.61,87.0,300.0
1768804608.6707518,88020,0.0,-0.37,-0.08,88.0,302.0
1768804608.679778,88040,0.0,-0.37,-0.33,88.0,302.0
1768804608.6930206,88060,0.0,-0.37,-0.08,87.0,300.0
1768804608.7173412,88080,0.0,-0.37,0.23,86.0,298.0
1768804608.7204473,88100,0.0,-0.37,-0.07,88.0,302.0
1768804608.7533708,88120,0.0,-0.37,-0.12,89.0,305.0
1768804608.801055,88140,0.0,-0.37,0.09,88.0,302.0
1768804608.804423,88160,0.0,-0.36,0.06,86.0,298.0
1768804608.8114257,88180,0.0,-0.36,-0.36,87.0,300.0
1768804608.8430774,88200,0.0,-0.38,-0.86,90.0,307.0
1768804608.8534503,88220,0.0,-0.38,-0.33,90.0,307.0
1768804608.8850584,88240,0.0,-0.39,0.06,89.0,305.0
1768804608.9074445,88260,0.0,-0.39,-0.24,89.0,305.0
1768804608.926271,88280,0.0,-0.4,-0.67,90.0,307.0
1768804608.9420667,88300,0.0,-0.41,-0.5,91.0,309.0
1768804608.9461453,88320,0.0,-0.42,-0.31,89.0,305.0
1768804608.9671574,88340,0.0,-0.42,-0.18,87.0,300.0
1768804609.0001986,88360,0.0,-0.42,-0.57,89.0,305.0
1768804609.010503,88380,0.0,-0.44,-0.78,91.0,309.0
1768804609.042056,88400,0.0,-0.45,-0.25,90.0,307.0
1768804609.068938,88420,0.0,-0.45,-0.01,89.0,305.0
1768804609.0745084,88440,0.0,-0.46,-0.49,89.0,305.0
1768804609.0976841,88460,0.0,-0.47,-0.57,91.0,309.0
1768804609.1161404,88480,0.0,-0.48,-0.61,92.0,312.0
1768804609.1398554,88500,0.0,-0.49,-0.43,91.0,309.0
1768804609.1685421,88520,0.0,-0.49,-0.32,90.0,307.0
1768804609.1772852,88540,0.0,-0.49,-0.28,89.0,305.0
1768804609.1963718,88560,0.0,-0.5,-0.5,91.0,309.0
1768804609.2089431,88580,0.0,-0.51,-0.29,91.0,309.0
1768804609.2413673,88600,0.0,-0.51,0.24,89.0,305.0
1768804609.2578647,88620,0.0,-0.5,0.27,87.0,300.0
1768804609.2740202,88640,0.0,-0.5,0.17,88.0,302.0
1768804609.283736,88660,0.0,-0.5,-0.09,90.0,307.0
1768804609.3254633,88680,0.0,-0.5,-0.19,89.0,305.0
1768804609.340961,88700,0.0,-0.49,0.48,87.0,300.0
1768804609.3495862,88720,0.0,-0.47,1.25,84.0,293.0
1768804609.372413,88740,0.0,-0.45,1.07,83.0,291.0
1768804609.4011393,88760,0.0,-0.44,0.32,87.0,300.0
1768804609.4179895,88780,0.0,-0.44,0.64,87.0,300.0
1768804609.4340346,88800,0.0,-0.41,1.6,81.0,287.0
1768804609.4441936,88820,0.0,-0.38,1.28,80.0,284.0
1768804609.4648705,88840,0.0,-0.36,0.33,83.0,291.0
1768804609.4980206,88860,0.0,-0.36,0.14,87.0,300.0
1768804609.509824,88880,0.0,-0.34,1.21,85.0,296.0
1768804609.5373328,88900,0.0,-0.31,1.62,80.0,284.0
1768804609.5527556,88920,0.0,-0.3,0.43,85.0,296.0
1768804609.5838406,88940,0.0,-0.3,-0.38,90.0,307.0
1768804609.5941103,88960,0.0,-0.3,0.13,87.0,300.0
1768804609.60714,88980,0.0,-0.28,1.39,79.0,282.0
1768804609.6268055,89000,0.0,-0.26,0.36,83.0,291.0
1768804609.6583724,89020,0.0,-0.27,-1.57,92.0,312.0
1768804609.668486,89040,0.0,-0.3,-0.86,95.0,318.0
1768804609.690552,89060,0.0,-0.31,0.31,88.0,302.0
1768804609.7010903,89080,0.0,-0.29,0.4,84.0,293.0
1768804609.735088,89100,0.0,-0.3,-0.93,91.0,309.0
1768804609.7656963,89120,0.0,-0.33,-1.38,95.0,318.0
1768804609.7750244,89140,0.0,-0.34,-0.04,89.0,305.0
1768804609.8100314,89160,0.0,-0.33,0.73,84.0,293.0
1768804609.8270984,89180,0.0,-0.33,-0.92,89.0,305.0
1768804609.8438447,89200,0.0,-0.36,-1.87,96.0,321.0
1768804609.8579538,89220,0.0,-0.39,-1.08,94.0,316.0
1768804609.864347,89240,0.0,-0.39,0.28,86.0,298.0
1768804609.8930936,89260,0.0,-0.39,-0.35,87.0,300.0
1768804609.9149683,89280,0.0,-0.41,-1.7,94.0,316.0
1768804609.9246862,89300,0.0,-0.45,-0.99,97.0,323.0
1768804609.9627514,89320,0.0,-0.46,-0.02,90.0,307.0
1768804609.9816213,89340,0.0,-0.44,0.08,83.0,291.0
1768804610.0050952,89360,0.0,-0.45,-0.74,88.0,302.0
1768804610.0240567,89380,0.0,-0.47,-1.4,94.0,316.0
1768804610.0491555,89400,0.0,-0.5,-1.12,95.0,318.0
1768804610.062753,89420,0.0,-0.5,-0.07,91.0,309.0
1768804610.087657,89440,0.0,-0.5,0.49,88.0,302.0
1768804610.0913668,89460,0.0,-0.49,-0.02,87.0,300.0
1768804610.1069407,89480,0.0,-0.49,-0.17,89.0,305.0
1768804610.139786,89500,0.0,-0.49,0.11,89.0,305.0
1768804610.1498058,89520,0.0,-0.49,0.07,88.0,302.0
1768804610.1755552,89540,0.0,-0.48,0.14,88.0,302.0
1768804610.198476,89560,0.0,-0.48,0.03,89.0,305.0
1768804610.216452,89580,0.0,-0.48,0.13,89.0,305.0
1768804610.238008,89600,0.0,-0.47,0.27,88.0,302.0
1768804610.2592027,89620,0.0,-0.47,0.11,88.0,302.0
1768804610.270174,89640,0.0,-0.46,0.45,88.0,302.0
1768804610.3067427,89660,0.0,-0.46,0.34,87.0,300.0
1768804610.3164766,89680,0.0,-0.45,0.3,86.0,298.0
1768804610.3323452,89700,0.0,-0.44,0.06,86.0,298.0
1768804610.342522,89720,0.0,-0.44,0.06,87.0,300.0
1768804610.3743103,89740,0.0,-0.44,0.33,87.0,300.0
1768804610.39799,89760,0.0,-0.43,0.55,86.0,298.0
1768804610.4085846,89780,0.0,-0.42,0.54,85.0,296.0
1768804610.4282846,89800,0.0,-0.41,0.19,86.0,298.0
1768804610.4615495,89820,0.0,-0.41,0.12,87.0,300.0
1768804610.4729266,89840,0.0,-0.4,0.38,86.0,298.0
1768804610.4951963,89860,0.0,-0.39,0.4,85.0,296.0
1768804610.5052311,89880,0.0,-0.39,0.33,86.0,298.0
1768804610.534577,89900,0.0,-0.38,0.47,87.0,300.0
1768804610.5570915,89920,0.0,-0.37,0.58,86.0,298.0
1768804610.5672386,89940,0.0,-0.36,0.33,86.0,298.0
1768804610.587726,89960,0.0,-0.36,0.12,87.0,300.0
1768804610.6259134,89980,0.0,-0.36,0.19,87.0,300.0
1768804610.6519756,90000,0.0,-0.35,0.26,86.0,298.0
1768804610.6833305,90020,0.0,-0.35,0.05,87.0,300.0
1768804610.7078707,90040,0.0,-0.35,-0.09,88.0,302.0
1768804610.714593,90060,0.0,-0.35,0.05,87.0,300.0
1768804610.7399113,90080,0.0,-0.35,-0.02,87.0,300.0
1768804610.7451608,90100,0.0,-0.35,-0.02,87.0,300.0
1768804610.7609367,90120,0.0,-0.35,0.05,87.0,300.0
1768804610.781275,90140,0.0,-0.34,0.13,87.0,300.0
1768804610.79123,90160,0.0,-0.34,0.2,87.0,300.0
1768804610.814105,90180,0.0,-0.34,0.13,87.0,300.0
1768804610.823932,90200,0.0,-0.34,0.06,87.0,300.0
1768804610.8452065,90220,0.0,-0.33,0.06,87.0,300.0
1768804610.8783462,90240,0.0,-0.33,0.1,88.0,302.0
1768804610.9264174,90260,0.0,-0.33,0.17,87.0,300.0
1768804610.941248,90280,0.0,-0.32,0.17,86.0,298.0
1768804610.9535453,90300,0.0,-0.32,0.1,86.0,298.0
1768804610.9541266,90320,0.0,-0.32,-0.01,87.0,300.0
1768804610.9743652,90340,0.0,-0.31,0.34,87.0,300.0
1768804610.9844797,90360,0.0,-0.31,0.28,86.0,298.0
1768804611.0067945,90380,0.0,-0.3,0.13,86.0,298.0
1768804611.0378537,90400,0.0,-0.29,0.21,86.0,298.0
1768804611.0479307,90420,0.0,-0.29,0.38,85.0,296.0
1768804611.0705636,90440,0.0,-0.27,0.63,85.0,296.0
1768804611.0998378,90460,0.0,-0.26,0.63,85.0,296.0
1768804611.1154935,90480,0.0,-0.25,0.56,85.0,296.0
1768804611.1351612,90500,0.0,-0.23,0.98,83.0,291.0
1768804611.148725,90520,0.0,-0.21,0.81,83.0,291.0
1768804611.1672688,90540,0.0,-0.2,0.49,85.0,296.0
1768804611.199566,90560,0.0,-0.19,0.46,86.0,298.0
1768804611.2085938,90580,0.0,-0.17,0.78,84.0,293.0
1768804611.2316442,90600,0.0,-0.15,1.01,83.0,291.0
1768804611.2438674,90620,0.0,-0.14,0.56,84.0,293.0
1768804611.2725832,90640,0.0,-0.12,0.49,85.0,296.0
1768804611.2950945,90660,0.0,-0.11,0.78,85.0,296.0
1768804611.3168223,90680,0.0,-0.09,0.77,83.0,291.0
1768804611.3323276,90700,0.0,-0.08,0.31,85.0,296.0
1768804611.3598945,90720,0.0,-0.07,0.21,86.0,298.0
1768804611.3894012,90740,0.0,-0.07,0.14,86.0,298.0
1768804611.4100513,90760,0.0,-0.06,0.18,87.0,300.0
1768804611.4214861,90780,0.0,-0.06,0.17,88.0,302.0
1768804611.4336941,90800,0.0,-0.06,-0.0,87.0,300.0
1768804611.455328,90820,0.0,-0.05,-0.0,86.0,298.0
1768804611.4694462,90840,0.0,-0.06,-0.32,88.0,302.0
1768804611.4869394,90860,0.0,-0.07,-0.57,90.0,307.0
1768804611.522793,90880,0.0,-0.08,-0.29,90.0,307.0
1768804611.5533605,90900,0.0,-0.08,-0.15,88.0,302.0
1768804611.5611455,90920,0.0,-0.08,-0.18,88.0,302.0
1768804611.5714912,90940,0.0,-0.09,-0.54,90.0,307.0
1768804611.6043522,90960,0.0,-0.1,-0.65,91.0,309.0
1768804611.6357932,90980,0.0,-0.11,-0.36,90.0,307.0
1768804611.6488442,91000,0.0,-0.12,-0.22,88.0,302.0
1768804611.6594038,91020,0.0,-0.13,-0.79,90.0,307.0
1768804611.680347,91040,0.0,-0.14,-0.58,91.0,309.0
1768804611.6965718,91060,0.0,-0.15,-0.29,90.0,307.0
1768804611.712357,91080,0.0,-0.16,-0.4,89.0,305.0
1768804611.721528,91100,0.0,-0.16,-0.57,89.0,305.0
1768804611.7607424,91120,0.0,-0.18,-0.5,90.0,307.0
1768804611.7773507,91140,0.0,-0.18,-0.36,90.0,307.0
1768804611.7893858,91160,0.0,-0.19,-0.29,88.0,302.0
1768804611.8134215,91180,0.0,-0.2,-0.68,90.0,307.0
1768804611.8420398,91200,0.0,-0.21,-0.54,91.0,309.0
1768804611.8534029,91220,0.0,-0.22,-0.33,89.0,305.0
1768804611.872913,91240,0.0,-0.23,-0.54,90.0,307.0
1768804611.8849206,91260,0.0,-0.24,-0.09,90.0,307.0
1768804611.914782,91280,0.0,-0.24,0.02,87.0,300.0
1768804611.9364676,91300,0.0,-0.23,-0.05,87.0,300.0
1768804611.9465144,91320,0.0,-0.24,-0.36,88.0,302.0
1768804611.9832475,91340,0.0,-0.25,-0.47,90.0,307.0
1768804612.001215,91360,0.0,-0.25,0.38,88.0,302.0
1768804612.013913,91380,0.0,-0.23,1.01,84.0,293.0
1768804612.0396597,91400,0.0,-0.22,0.69,84.0,293.0
1768804612.0463295,91420,0.0,-0.21,-0.71,87.0,300.0
1768804612.0943384,91440,0.0,-0.22,-0.82,90.0,307.0
1768804612.1014953,91460,0.0,-0.23,0.58,88.0,302.0
1768804612.1080713,91480,0.0,-0.21,0.93,84.0,293.0
1768804612.13259,91500,0.0,-0.21,-0.22,88.0,302.0
1768804612.1613612,91520,0.0,-0.22,-0.85,91.0,309.0
1768804612.1715384,91540,0.0,-0.23,-0.25,90.0,307.0
1768804612.1931765,91560,0.0,-0.22,0.45,86.0,298.0
1768804612.234226,91580,0.0,-0.22,-0.18,87.0,300.0
1768804612.2497299,91600,0.0,-0.24,-1.17,94.0,316.0
1768804612.2555356,91620,0.0,-0.26,-0.7,93.0,314.0
1768804612.277764,91640,0.0,-0.26,0.1,87.0,300.0
1768804612.285305,91660,0.0,-0.27,-0.52,90.0,307.0
1768804612.3200421,91680,0.0,-0.29,-1.44,92.0,312.0
1768804612.3479507,91700,0.0,-0.3,-0.59,90.0,307.0
1768804612.3540685,91720,0.0,-0.29,0.67,84.0,293.0
1768804612.3767793,91740,0.0,-0.28,0.32,85.0,296.0
1768804612.3791306,91760,0.0,-0.29,-1.52,92.0,312.0
1768804612.4120338,91780,0.0,-0.32,-1.0,95.0,318.0
1768804612.4526534,91800,0.0,-0.32,0.84,87.0,300.0
1768804612.4656,91820,0.0,-0.3,1.08,83.0,291.0
1768804612.478068,91840,0.0,-0.29,-0.08,87.0,300.0
1768804612.505919,91860,0.0,-0.3,-0.57,89.0,305.0
1768804612.5279088,91880,0.0,-0.3,0.25,86.0,298.0
1768804612.530434,91900,0.0,-0.28,0.77,83.0,291.0
1768804612.5445573,91920,0.0,-0.28,-0.05,87.0,300.0
1768804612.59592,91940,0.0,-0.29,-0.68,91.0,309.0
1768804612.596581,91960,0.0,-0.29,-0.14,88.0,302.0
1768804612.606966,91980,0.0,-0.28,0.97,83.0,291.0
1768804612.6253133,92000,0.0,-0.26,0.54,85.0,296.0
1768804612.6648498,92020,0.0,-0.27,-1.14,91.0,309.0
1768804612.6839037,92040,0.0,-0.29,-0.68,92.0,312.0
1768804612.6909378,92060,0.0,-0.29,0.51,88.0,302.0
1768804612.7072937,92080,0.0,-0.28,0.34,84.0,293.0
1768804612.7491453,92100,0.0,-0.29,-0.97,89.0,305.0
1768804612.749712,92120,0.0,-0.31,-1.16,93.0,314.0
1768804612.782262,92140,0.0,-0.32,-0.3,90.0,307.0
1768804612.7830675,92160,0.0,-0.32,0.43,86.0,298.0
1768804612.8270583,92180,0.0,-0.32,-0.2,88.0,302.0
1768804612.8355114,92200,0.0,-0.33,-0.66,92.0,312.0
1768804612.8456225,92220,0.0,-0.35,-0.15,91.0,309.0
1768804612.8666382,92240,0.0,-0.34,0.35,85.0,296.0
1768804612.9029417,92260,0.0,-0.33,0.13,85.0,296.0
1768804612.9133,92280,0.0,-0.34,-1.02,89.0,305.0
1768804612.9424632,92300,0.0,-0.36,-0.55,93.0,314.0
1768804612.9663882,92320,0.0,-0.36,0.73,88.0,302.0
1768804612.9829664,92340,0.0,-0.33,1.25,81.0,287.0
1768804612.9973304,92360,0.0,-0.32,0.19,84.0,293.0
1768804613.019523,92380,0.0,-0.33,-1.1,90.0,307.0
1768804613.036421,92400,0.0,-0.34,-0.84,91.0,309.0
1768804613.0594633,92420,0.0,-0.34,0.45,87.0,300.0
1768804613.0760386,92440,0.0,-0.33,0.69,86.0,298.0
1768804613.0859723,92460,0.0,-0.33,-0.15,87.0,300.0
1768804613.116548,92480,0.0,-0.33,-0.22,89.0,305.0
1768804613.1497617,92500,0.0,-0.33,0.16,87.0,300.0
1768804613.1827927,92520,0.0,-0.32,0.17,85.0,296.0
1768804613.18442,92540,0.0,-0.33,-0.57,88.0,302.0
1768804613.208817,92560,0.0,-0.34,-0.64,91.0,309.0
1768804613.2173097,92580,0.0,-0.35,-0.04,89.0,305.0
1768804613.2379653,92600,0.0,-0.34,0.48,85.0,296.0
1768804613.2464535,92620,0.0,-0.33,0.23,86.0,298.0
1768804613.2688239,92640,0.0,-0.33,-0.02,88.0,302.0
1768804613.3003888,92660,0.0,-0.33,0.18,89.0,305.0
1768804613.3106527,92680,0.0,-0.32,0.6,85.0,296.0
1768804613.3328307,92700,0.0,-0.31,0.42,84.0,293.0
1768804613.3416784,92720,0.0,-0.3,-0.25,85.0,296.0
1768804613.3751693,92740,0.0,-0.31,-0.28,89.0,305.0
1768804613.39807,92760,0.0,-0.31,0.52,87.0,300.0
1768804613.4152098,92780,0.0,-0.29,1.09,84.0,293.0
1768804613.4330044,92800,0.0,-0.28,0.07,86.0,298.0
1768804613.4614446,92820,0.0,-0.29,-0.84,89.0,305.0
1768804613.476372,92840,0.0,-0.29,-0.14,89.0,305.0
1768804613.499259,92860,0.0,-0.29,0.59,87.0,300.0
1768804613.5065522,92880,0.0,-0.28,0.08,87.0,300.0
1768804613.5411484,92900,0.0,-0.29,-0.99,91.0,309.0
1768804613.551298,92920,0.0,-0.31,-0.74,92.0,312.0
1768804613.5733824,92940,0.0,-0.31,-0.07,88.0,302.0
1768804613.6003249,92960,0.0,-0.31,-0.25,86.0,298.0
1768804613.616052,92980,0.0,-0.33,-1.06,92.0,312.0
1768804613.6489584,93000,0.0,-0.35,-0.99,93.0,314.0
1768804613.6817694,93020,0.0,-0.36,-0.07,88.0,302.0
1768804613.6823072,93040,0.0,-0.36,-0.0,87.0,300.0
1768804613.7016006,93060,0.0,-0.36,-0.82,89.0,305.0
1768804613.71285,93080,0.0,-0.38,-0.33,92.0,312.0
1768804613.7355328,93100,0.0,-0.38,0.58,87.0,300.0
1768804613.7436068,93120,0.0,-0.36,1.14,83.0,291.0
1768804613.775682,93140,0.0,-0.35,0.22,86.0,298.0
1768804613.7977412,93160,0.0,-0.36,-1.03,92.0,312.0
1768804613.8156917,93180,0.0,-0.38,-0.92,92.0,312.0
1768804613.8316267,93200,0.0,-0.38,0.41,85.0,296.0
1768804613.862053,93220,0.0,-0.36,0.54,85.0,296.0
1768804613.8828914,93240,0.0,-0.36,-0.2,88.0,302.0
1768804613.8990333,93260,0.0,-0.37,0.12,89.0,305.0
1768804613.9151175,93280,0.0,-0.36,1.0,85.0,296.0
1768804613.950926,93300,0.0,-0.33,0.97,81.0,287.0
1768804613.9785678,93320,0.0,-0.32,-0.16,84.0,293.0
1768804613.9794657,93340,0.0,-0.33,-0.61,91.0,309.0
1768804613.984467,93360,0.0,-0.34,-0.12,88.0,302.0
1768804614.0054572,93380,0.0,-0.32,0.62,83.0,291.0
1768804614.0388145,93400,0.0,-0.31,0.47,84.0,293.0
1768804614.0564418,93420,0.0,-0.31,-0.16,87.0,300.0
1768804614.072014,93440,0.0,-0.31,0.33,89.0,305.0
1768804614.0795224,93460,0.0,-0.3,0.86,86.0,298.0
1768804614.1208365,93480,0.0,-0.29,0.48,84.0,293.0
1768804614.1347587,93500,0.0,-0.28,-0.47,85.0,296.0
1768804614.150296,93520,0.0,-0.29,-0.62,89.0,305.0
1768804614.1658015,93540,0.0,-0.3,-0.09,90.0,307.0
1768804614.198878,93560,0.0,-0.3,0.5,88.0,302.0
1768804614.2093158,93580,0.0,-0.29,0.09,87.0,300.0
1768804614.2313461,93600,0.0,-0.3,-0.54,87.0,300.0
1768804614.240071,93620,0.0,-0.3,-0.37,89.0,305.0
1768804614.2928789,93640,0.0,-0.31,0.17,89.0,305.0
1768804614.2983093,93660,0.0,-0.3,0.12,86.0,298.0
1768804614.3062854,93680,0.0,-0.3,0.09,87.0,300.0
1768804614.3342235,93700,0.0,-0.3,-0.09,88.0,302.0
1768804614.360657,93720,0.0,-0.3,0.19,89.0,305.0
1768804614.3703895,93740,0.0,-0.3,0.26,87.0,300.0
1768804614.3926034,93760,0.0,-0.29,0.34,86.0,298.0
1768804614.4015522,93780,0.0,-0.28,0.34,86.0,298.0
1768804614.4351377,93800,0.0,-0.28,0.02,87.0,300.0
1768804614.4557471,93820,0.0,-0.28,0.13,88.0,302.0
1768804614.4656703,93840,0.0,-0.28,0.34,88.0,302.0
1768804614.4865966,93860,0.0,-0.27,0.34,86.0,298.0
1768804614.5204682,93880,0.0,-0.26,0.27,86.0,298.0
1768804614.5295346,93900,0.0,-0.26,0.27,87.0,300.0
1768804614.5515532,93920,0.0,-0.25,0.21,87.0,300.0
1768804614.5909069,93940,0.0,-0.25,0.35,86.0,298.0
1768804614.6169708,93960,0.0,-0.24,0.28,86.0,298.0
1768804614.6204689,93980,0.0,-0.23,0.17,87.0,300.0
1768804614.6316955,94000,0.0,-0.23,0.53,86.0,298.0
1768804614.6469505,94020,0.0,-0.21,0.63,85.0,296.0
1768804614.6800585,94040,0.0,-0.2,0.56,84.0,293.0
1768804614.6901855,94060,0.0,-0.19,0.43,85.0,296.0
1768804614.7123024,94080,0.0,-0.18,0.28,86.0,298.0
1768804614.7215393,94100,0.0,-0.17,0.29,86.0,298.0
1768804614.7611275,94120,0.0,-0.16,0.32,86.0,298.0
1768804614.7769318,94140,0.0,-0.16,0.0,87.0,300.0
1768804614.7982993,94160,0.0,-0.16,0.04,88.0,302.0
1768804614.824487,94180,0.0,-0.16,0.21,87.0,300.0
1768804614.8485322,94200,0.0,-0.15,0.21,86.0,298.0
1768804614.8512487,94220,0.0,-0.14,0.28,86.0,298.0
1768804614.8739119,94240,0.0,-0.14,0.2,87.0,300.0
1768804614.8815465,94260,0.0,-0.13,0.49,87.0,300.0
1768804614.9147756,94280,0.0,-0.12,0.63,85.0,296.0
1768804614.9383311,94300,0.0,-0.1,0.76,84.0,293.0
1768804614.9469395,94320,0.0,-0.09,0.55,84.0,293.0
1768804614.9806533,94340,0.0,-0.08,0.23,87.0,300.0
1768804615.0148964,94360,0.0,-0.08,0.16,88.0,302.0
1768804615.0412283,94380,0.0,-0.08,0.03,87.0,300.0
1768804615.059889,94400,0.0,-0.07,0.29,86.0,298.0
1768804615.07299,94420,0.0,-0.07,0.26,87.0,300.0
1768804615.0821574,94440,0.0,-0.07,-0.37,89.0,305.0
1768804615.0987387,94460,0.0,-0.08,-0.26,89.0,305.0
1768804615.1089897,94480,0.0,-0.08,0.02,86.0,298.0
1768804615.1283937,94500,0.0,-0.07,-0.12,87.0,300.0
1768804615.1610126,94520,0.0,-0.08,-0.48,90.0,307.0
1768804615.1709332,94540,0.0,-0.1,-0.51,91.0,309.0
1768804615.1990693,94560,0.0,-0.1,0.05,89.0,305.0
1768804615.214066,94580,0.0,-0.1,0.09,87.0,300.0
1768804615.2601838,94600,0.0,-0.1,-0.9,89.0,305.0
1768804615.2816865,94620,0.0,-0.12,-0.79,91.0,309.0
1768804615.2966795,94640,0.0,-0.13,-0.15,90.0,307.0
1768804615.2972085,94660,0.0,-0.13,0.02,88.0,302.0
1768804615.331412,94680,0.0,-0.14,-0.23,89.0,305.0
1768804615.332147,94700,0.0,-0.14,-0.44,90.0,307.0
1768804615.3592198,94720,0.0,-0.15,-0.05,88.0,302.0
1768804615.3641012,94740,0.0,-0.15,0.02,87.0,300.0
1768804615.3854296,94760,0.0,-0.15,-0.67,88.0,302.0
1768804615.434386,94780,0.0,-0.16,-0.5,90.0,307.0
1768804615.4381871,94800,0.0,-0.17,-0.18,89.0,305.0
1768804615.4539456,94820,0.0,-0.17,-0.07,88.0,302.0
1768804615.4606454,94840,0.0,-0.17,-0.04,87.0,300.0
1768804615.497855,94860,0.0,-0.17,0.28,87.0,300.0
1768804615.5244985,94880,0.0,-0.16,0.53,86.0,298.0
1768804615.5285487,94900,0.0,-0.15,0.52,85.0,296.0
1768804615.546668,94920,0.0,-0.14,0.35,87.0,300.0
1768804615.5788383,94940,0.0,-0.13,0.63,86.0,298.0
1768804615.59493,94960,0.0,-0.11,0.92,83.0,291.0
1768804615.61032,94980,0.0,-0.09,0.84,82.0,289.0
1768804615.625678,95000,0.0,-0.08,0.35,86.0,298.0
1768804615.6651816,95020,0.0,-0.08,0.49,87.0,300.0
1768804615.682588,95040,0.0,-0.06,0.99,84.0,293.0
1768804615.6914356,95060,0.0,-0.03,0.81,82.0,289.0
1768804615.699416,95080,0.0,-0.02,0.17,86.0,298.0
1768804615.7516022,95100,0.0,-0.03,-0.31,90.0,307.0
1768804615.7671816,95120,0.0,-0.03,0.04,87.0,300.0
1768804615.7759843,95140,0.0,-0.01,0.74,83.0,291.0
1768804615.7886798,95160,0.0,-0.0,-0.0,86.0,298.0
1768804615.8200538,95180,0.0,-0.02,-1.3,92.0,312.0
1768804615.8412766,95200,0.0,-0.04,-0.7,91.0,309.0
1768804615.8515182,95220,0.0,-0.04,0.38,87.0,300.0
1768804615.8605354,95240,0.0,-0.03,0.17,87.0,300.0
1768804615.8937702,95260,0.0,-0.05,-1.31,92.0,312.0
1768804615.9193485,95280,0.0,-0.08,-1.19,95.0,318.0
1768804615.9304585,95300,0.0,-0.08,-0.1,89.0,305.0
1768804615.948437,95320,0.0,-0.08,0.03,86.0,298.0
1768804615.989037,95340,0.0,-0.09,-1.24,91.0,309.0
1768804616.0158057,95360,0.0,-0.13,-1.87,96.0,321.0
1768804616.0164423,95380,0.0,-0.16,-1.01,94.0,316.0
1768804616.0214877,95400,0.0,-0.17,-0.37,89.0,305.0
1768804616.0561666,95420,0.0,-0.18,-1.21,91.0,309.0
1768804616.0785005,95440,0.0,-0.21,-1.32,94.0,316.0
1768804616.0861003,95460,0.0,-0.23,-0.55,92.0,312.0
1768804616.10685,95480,0.0,-0.23,-0.02,87.0,300.0
1768804616.1487243,95500,0.0,-0.23,-0.69,87.0,300.0
1768804616.150908,95520,0.0,-0.25,-1.44,92.0,312.0
1768804616.1726902,95540,0.0,-0.29,-0.9,96.0,321.0
1768804616.1832387,95560,0.0,-0.3,0.08,91.0,309.0
1768804616.2143059,95580,0.0,-0.29,0.47,84.0,293.0
1768804616.2522275,95600,0.0,-0.29,-0.11,87.0,300.0
1768804616.2738667,95620,0.0,-0.3,-1.25,92.0,312.0
1768804616.2948394,95640,0.0,-0.33,-1.29,93.0,314.0
1768804616.3167582,95660,0.0,-0.34,0.01,90.0,307.0
1768804616.3173096,95680,0.0,-0.34,0.64,86.0,298.0
1768804616.332705,95700,0.0,-0.33,-0.3,87.0,300.0
1768804616.3419752,95720,0.0,-0.35,-1.32,91.0,309.0
1768804616.3820662,95740,0.0,-0.36,-0.58,90.0,307.0
1768804616.3997376,95760,0.0,-0.35,1.01,85.0,296.0
1768804616.410866,95780,0.0,-0.34,0.16,84.0,293.0
1768804616.4481075,95800,0.0,-0.35,-1.08,91.0,309.0
1768804616.483888,95840,0.0,-0.37,0.87,87.0,300.0
1768804616.4928942,95860,0.0,-0.35,0.24,83.0,291.0
1768804616.5306282,95880,0.0,-0.35,-1.0,88.0,302.0
1768804616.5413866,95900,0.0,-0.38,-1.1,93.0,314.0
1768804616.5578423,95920,0.0,-0.38,-0.0,89.0,305.0
1768804616.5674992,95940,0.0,-0.38,0.72,86.0,298.0
1768804616.5887814,95960,0.0,-0.37,0.02,88.0,302.0
1768804616.6265185,95980,0.0,-0.39,-0.71,92.0,312.0
1768804616.6318574,96000,0.0,-0.4,-0.21,90.0,307.0
1768804616.6540937,96020,0.0,-0.39,0.22,85.0,296.0
1768804616.6653743,96040,0.0,-0.38,-0.18,87.0,300.0
1768804616.7150488,96060,0.0,-0.4,-1.37,91.0,309.0
1768804616.739653,96080,0.0,-0.43,-1.06,95.0,318.0
1768804616.749329,96100,0.0,-0.44,0.22,89.0,305.0
1768804616.752035,96120,0.0,-0.42,0.36,82.0,289.0
1768804616.782883,96140,0.0,-0.41,-0.47,86.0,298.0
1768804616.7953346,96160,0.0,-0.44,-1.37,93.0,314.0
1768804616.8142204,96180,0.0,-0.46,-1.23,95.0,318.0
1768804616.8242753,96200,0.0,-0.47,0.13,91.0,309.0
1768804616.8453343,96220,0.0,-0.46,0.55,86.0,298.0
1768804616.878479,96240,0.0,-0.45,0.17,85.0,296.0
1768804616.889232,96260,0.0,-0.45,0.19,88.0,302.0
1768804616.9245422,96280,0.0,-0.45,0.06,89.0,305.0
1768804616.931832,96300,0.0,-0.45,0.13,86.0,298.0
1768804616.952575,96320,0.0,-0.44,0.1,85.0,296.0
1768804616.9765399,96340,0.0,-0.44,-0.29,87.0,300.0
1768804616.9861755,96360,0.0,-0.45,-0.55,90.0,307.0
1768804617.013376,96380,0.0,-0.46,-0.22,89.0,305.0
1768804617.0410228,96400,0.0,-0.46,0.23,89.0,305.0
1768804617.0485783,96420,0.0,-0.46,-0.01,88.0,302.0
1768804617.071029,96440,0.0,-0.46,-0.92,89.0,305.0
1768804617.0800188,96460,0.0,-0.48,-0.99,93.0,314.0
1768804617.1253576,96480,0.0,-0.5,-0.54,93.0,314.0
1768804617.1350887,96500,0.0,-0.51,-0.5,90.0,307.0
1768804617.1463788,96520,0.0,-0.52,-0.79,91.0,309.0
1768804617.170961,96540,0.0,-0.54,-1.36,95.0,318.0
1768804617.2000256,96560,0.0,-0.57,-0.97,96.0,321.0
1768804617.223047,96580,0.0,-0.58,-0.22,91.0,309.0
1768804617.233453,96600,0.0,-0.58,-0.12,88.0,302.0
1768804617.2526798,96620,0.0,-0.59,-1.08,92.0,312.0
1768804617.2806885,96640,0.0,-0.62,-1.18,96.0,321.0
1768804617.2971869,96660,0.0,-0.63,-0.33,92.0,312.0
1768804617.3047507,96680,0.0,-0.62,0.96,86.0,298.0
1768804617.3262029,96700,0.0,-0.61,0.19,89.0,305.0
1768804617.364758,96720,0.0,-0.63,-1.38,94.0,316.0
1768804617.377898,96740,0.0,-0.65,-0.92,94.0,316.0
1768804617.3929396,96760,0.0,-0.64,0.84,85.0,296.0
1768804617.4008226,96780,0.0,-0.62,0.98,84.0,293.0
1768804617.4615028,96800,0.0,-0.63,-0.93,91.0,309.0
1768804617.4674153,96820,0.0,-0.65,-0.99,95.0,318.0
1768804617.4793656,96840,0.0,-0.64,0.78,87.0,300.0
1768804617.5105426,96860,0.0,-0.62,0.8,84.0,293.0
1768804617.5264156,96880,0.0,-0.62,-0.79,91.0,309.0
1768804617.538627,96900,0.0,-0.65,-1.18,97.0,323.0
1768804617.5520437,96920,0.0,-0.66,0.19,90.0,307.0
1768804617.5613987,96940,0.0,-0.63,0.98,83.0,291.0
1768804617.5984762,96960,0.0,-0.62,-0.01,88.0,302.0
1768804617.6169212,96980,0.0,-0.64,-0.64,94.0,316.0
1768804617.6282449,97000,0.0,-0.65,-0.42,93.0,314.0
1768804617.6483095,97020,0.0,-0.64,0.39,88.0,302.0
1768804617.6841772,97040,0.0,-0.63,0.42,86.0,298.0
1768804617.6913204,97060,0.0,-0.63,0.16,88.0,302.0
1768804617.7137904,97080,0.0,-0.62,0.42,88.0,302.0
1768804617.7219896,97100,0.0,-0.61,0.77,87.0,300.0
1768804617.7563736,97120,0.0,-0.59,0.56,86.0,298.0
1768804617.7766707,97140,0.0,-0.58,0.42,87.0,300.0
1768804617.7867005,97160,0.0,-0.57,0.7,87.0,300.0
1768804617.8073385,97180,0.0,-0.55,0.81,85.0,296.0
1768804617.8501773,97200,0.0,-0.54,0.56,85.0,296.0
1768804617.857175,97220,0.0,-0.52,0.63,86.0,298.0
1768804617.873509,97240,0.0,-0.51,0.63,86.0,298.0
1768804617.8825006,97260,0.0,-0.5,0.6,86.0,298.0
1768804617.9317324,97280,0.0,-0.48,0.7,86.0,298.0
1768804617.9464889,97300,0.0,-0.47,0.49,85.0,296.0
1768804617.9498856,97320,0.0,-0.46,0.56,86.0,298.0
1768804617.9727075,97340,0.0,-0.45,0.42,86.0,298.0
1768804618.0125172,97360,0.0,-0.44,0.35,86.0,298.0
1768804618.023561,97380,0.0,-0.43,0.35,86.0,298.0
1768804618.0327883,97400,0.0,-0.42,0.03,87.0,300.0
1768804618.0420713,97420,0.0,-0.42,-0.08,88.0,302.0
1768804618.0816605,97440,0.0,-0.43,-0.15,88.0,302.0
1768804618.1037886,97460,0.0,-0.43,-0.22,88.0,302.0
1768804618.1161585,97480,0.0,-0.43,-0.29,88.0,302.0
1768804618.145914,97500,0.0,-0.44,-0.58,90.0,307.0
1768804618.1701658,97520,0.0,-0.45,-0.54,91.0,309.0
1768804618.19304,97540,0.0,-0.46,-0.09,89.0,305.0
1768804618.216,97560,0.0,-0.46,-0.09,89.0,305.0
1768804618.2507827,97580,0.0,-0.46,-0.51,90.0,307.0
1768804618.2631326,97600,0.0,-0.48,-0.48,92.0,312.0
1768804618.2639794,97620,0.0,-0.48,-0.06,91.0,309.0
1768804618.2682064,97640,0.0,-0.48,0.26,87.0,300.0
1768804618.290181,97660,0.0,-0.48,-0.18,87.0,300.0
1768804618.299603,97680,0.0,-0.48,-0.55,90.0,307.0
1768804618.3416755,97700,0.0,-0.5,-0.34,94.0,316.0
1768804618.356689,97720,0.0,-0.5,0.3,91.0,309.0
1768804618.3823793,97740,0.0,-0.49,0.79,86.0,298.0
1768804618.392178,97760,0.0,-0.47,0.75,85.0,296.0
1768804618.4222777,97780,0.0,-0.47,-0.16,88.0,302.0
1768804618.4316685,97800,0.0,-0.48,-0.65,92.0,312.0
1768804618.4512393,97820,0.0,-0.49,0.05,92.0,312.0
1768804618.4602196,97840,0.0,-0.47,1.15,84.0,293.0
1768804618.5140378,97860,0.0,-0.44,1.14,80.0,284.0
1768804618.524094,97880,0.0,-0.43,-0.65,86.0,298.0
1768804618.5467694,97900,0.0,-0.45,-0.45,92.0,312.0
1768804618.556926,97920,0.0,-0.45,0.58,88.0,302.0
1768804618.5813534,97940,0.0,-0.43,1.32,83.0,291.0
1768804618.589435,97960,0.0,-0.42,-0.08,85.0,296.0
1768804618.6153061,97980,0.0,-0.43,-1.1,90.0,307.0
1768804618.6251004,98000,0.0,-0.44,-0.14,89.0,305.0
1768804618.66745,98020,0.0,-0.42,1.01,83.0,291.0
1768804618.680358,98040,0.0,-0.41,0.45,84.0,293.0
1768804618.6875877,98060,0.0,-0.42,-0.86,90.0,307.0
1768804618.7109823,98080,0.0,-0.44,-0.7,94.0,316.0
1768804618.7408433,98100,0.0,-0.44,0.05,87.0,300.0
1768804618.7505975,98120,0.0,-0.43,0.22,83.0,291.0
1768804618.771429,98140,0.0,-0.43,-0.71,87.0,300.0
1768804618.780381,98160,0.0,-0.45,-0.91,93.0,314.0
1768804618.8135173,98180,0.0,-0.46,-0.38,91.0,309.0
1768804618.8358462,98200,0.0,-0.45,0.59,87.0,300.0
1768804618.8584113,98220,0.0,-0.45,-0.15,88.0,302.0
1768804618.8696742,98240,0.0,-0.47,-1.1,94.0,316.0
1768804618.922276,98260,0.0,-0.49,-0.72,94.0,316.0
1768804618.9390693,98280,0.0,-0.49,0.12,88.0,302.0
1768804618.939581,98300,0.0,-0.48,-0.28,88.0,302.0
1768804618.9538395,98320,0.0,-0.5,-1.17,94.0,316.0
1768804618.9910877,98340,0.0,-0.53,-0.77,95.0,318.0
1768804619.0109665,98360,0.0,-0.53,0.29,89.0,305.0
1768804619.0241115,98380,0.0,-0.53,-0.97,90.0,307.0
1768804619.027079,98400,0.0,-0.57,-3.11,98.0,325.0
1768804619.0595698,98420,0.0,-0.65,-4.29,107.0,346.0
1768804619.0697823,98440,0.0,-0.73,-4.61,108.0,348.0
1768804619.0929205,98460,0.0,-0.83,-6.22,113.0,359.0
1768804619.1128144,98480,0.0,-0.97,-8.39,115.0,364.0
1768804619.149709,98500,0.0,-1.15,-9.42,115.0,364.0
1768804619.1589785,98520,0.0,-1.34,-9.8,115.0,364.0
1768804619.1837153,98540,0.0,-1.54,-11.42,115.0,364.0
1768804619.189476,98560,0.0,-1.78,-12.79,115.0,364.0
1768804619.216017,98580,0.0,-2.04,-13.31,115.0,364.0
1768804619.2400188,98600,0.0,-2.32,-14.73,115.0,364.0
1768804619.2497196,98620,0.0,-2.63,-17.02,115.0,364.0
1768804619.2724652,98640,0.0,-2.98,-18.37,115.0,364.0
1768804619.3010683,98660,0.0,-3.35,-19.02,115.0,364.0
1768804619.3110454,98680,0.0,-3.73,-19.97,115.0,364.0
1768804619.345323,98700,0.0,-4.15,-21.99,115.0,364.0
1768804619.3491926,98720,0.0,-4.61,-23.23,115.0,364.0
1768804619.3765535,98740,0.0,-5.08,-24.2,115.0,364.0
1768804619.3986323,98760,0.0,-5.57,-25.44,115.0,364.0
1768804619.411538,98780,0.0,-6.1,-27.14,115.0,364.0
1768804619.4364529,98800,0.0,-6.65,-27.8,115.0,364.0
1768804619.4639826,98820,0.0,-7.21,-28.15,115.0,364.0
1768804619.4759352,98840,0.0,-7.78,-28.63,115.0,364.0
1768804619.4931126,98860,0.0,-8.36,-28.63,115.0,364.0
1768804619.5031006,98880,0.0,-8.94,-28.27,115.0,364.0
1768804619.5349686,98900,0.0,-9.51,-28.01,115.0,364.0
1768804619.5693476,98920,0.0,-10.09,-28.04,115.0,364.0
1768804619.5780854,98940,0.0,-10.66,-27.61,115.0,364.0
1768804619.5990903,98960,0.0,-11.22,-27.31,115.0,364.0
1768804619.622017,98980,0.0,-11.78,-27.19,115.0,364.0
1768804619.6330035,99000,0.0,-12.34,-27.04,115.0,364.0
1768804619.6599226,99020,0.0,-12.9,-26.18,115.0,364.0
1768804619.6817055,99040,0.0,-13.44,-25.95,115.0,364.0
1768804619.7021937,99060,0.0,-13.98,-25.68,115.0,364.0
1768804619.7182539,99080,0.0,-14.51,-25.3,115.0,364.0
1768804619.7283728,99100,0.0,-15.04,-24.92,115.0,364.0
1768804619.7508876,99120,0.0,-15.56,-24.47,115.0,364.0
1768804619.815557,99180,0.0,-17.08,-23.19,115.0,364.0
1768804619.8325422,99200,0.0,-17.57,-23.01,115.0,364.0
1768804619.8484473,99220,0.0,-18.04,-22.47,115.0,364.0
1768804619.8784425,99240,0.0,-18.52,-22.11,115.0,364.0
1768804619.8918188,99260,0.0,-18.98,-21.74,115.0,364.0
1768804619.9120243,99280,0.0,-19.44,-21.44,115.0,364.0
1768804619.9209301,99300,0.0,-19.89,-21.14,115.0,364.0
1768804619.9526892,99320,0.0,-20.33,-20.84,115.0,364.0
1768804619.9996462,99340,0.0,-20.77,-20.64,115.0,364.0
1768804620.0149233,99360,0.0,-21.2,-20.3,115.0,364.0
1768804620.0158515,99380,0.0,-21.62,-19.99,115.0,364.0
1768804620.0589468,99400,0.0,-22.03,-19.85,115.0,364.0
1768804620.0794065,99420,0.0,-22.44,-19.38,115.0,364.0
1768804620.0944092,99440,0.0,-22.83,-19.0,115.0,364.0
1768804620.099892,99460,0.0,-23.22,-18.49,115.0,364.0
1768804620.1257603,99480,0.0,-23.59,-18.08,115.0,364.0
1768804620.1405163,99500,0.0,-23.96,-17.77,115.0,364.0
1768804620.145545,99520,0.0,-24.31,-17.5,115.0,364.0
1768804620.1679478,99540,0.0,-24.66,-17.52,115.0,364.0
1768804620.1998389,99560,0.0,-25.01,-17.37,115.0,364.0
1768804620.2193325,99580,0.0,-25.36,-17.37,115.0,364.0
1768804620.231952,99600,0.0,-25.7,-17.39,115.0,364.0
1768804620.2484734,99620,0.0,-26.04,-17.25,115.0,364.0
1768804620.281337,99640,0.0,-26.38,-17.4,115.0,364.0
1768804620.3148305,99660,0.0,-26.71,-17.25,115.0,364.0
1768804620.3196747,99680,0.0,-27.05,-17.49,115.0,364.0
1768804620.3409634,99700,0.0,-27.39,-17.66,115.0,364.0
1768804620.357333,99720,0.0,-27.73,-17.56,115.0,364.0
1768804620.375847,99740,0.0,-28.06,-17.67,115.0,364.0
1768804620.3860216,99760,0.0,-28.4,-17.32,115.0,364.0
1768804620.4331005,99780,0.0,-28.73,-17.09,115.0,364.0
1768804620.440419,99800,0.0,-29.06,-16.92,115.0,364.0
1768804620.4504938,99820,0.0,-29.38,-16.65,115.0,364.0
1768804620.4814904,99840,0.0,-29.7,-16.35,115.0,364.0
1768804620.4873219,99860,0.0,-30.01,-16.19,115.0,364.0
1768804620.5331216,99880,0.0,-30.32,-16.14,115.0,364.0
1768804620.5398057,99900,0.0,-30.63,-16.01,115.0,364.0
1768804620.5596516,99920,0.0,-30.94,-15.58,115.0,364.0
1768804620.5754228,99940,0.0,-31.24,-15.49,115.0,364.0
1768804620.6001718,99960,0.0,-31.55,-15.31,115.0,364.0
1768804620.611161,99980,0.0,-31.85,-15.05,115.0,364.0
1768804620.6412077,100000,0.0,-32.15,-14.79,115.0,364.0
1768804620.6588416,100020,0.0,-32.44,-14.35,115.0,364.0
1768804620.679086,100040,0.0,-32.73,-13.84,115.0,364.0
1768804620.7057981,100060,0.0,-33.01,-13.27,115.0,364.0
1768804620.7169962,100080,0.0,-33.28,-12.55,115.0,364.0
1768804620.7425637,100100,0.0,-33.53,-12.18,115.0,364.0
1768804620.7700775,100120,0.0,-33.79,-11.74,115.0,364.0
1768804620.780118,100140,0.0,-34.03,-11.26,115.0,364.0
1768804620.796155,100160,0.0,-34.27,-10.74,115.0,364.0
1768804620.804231,100180,0.0,-34.5,-9.95,115.0,364.0
1768804620.834786,100200,0.0,-34.71,-9.36,115.0,364.0
1768804620.8742714,100220,0.0,-34.91,-8.74,115.0,364.0
1768804620.8836498,100240,0.0,-35.1,-8.07,115.0,364.0
1768804620.8953776,100260,0.0,-35.27,-7.2,115.0,364.0
1768804620.921566,100280,0.0,-35.43,-6.36,115.0,364.0
1768804620.9346411,100300,0.0,-35.57,-5.55,115.0,364.0
1768804620.968145,100320,0.0,-35.69,-4.7,115.0,364.0
1768804620.9732876,100340,0.0,-35.8,-3.86,115.0,364.0
1768804620.9958344,100360,0.0,-35.89,-3.22,115.0,364.0
1768804621.0178382,100380,0.0,-35.96,-2.41,115.0,364.0
1768804621.0282266,100400,0.0,-36.02,-1.72,115.0,364.0
1768804621.0508616,100420,0.0,-36.06,-1.05,115.0,364.0
1768804621.0828235,100440,0.0,-36.08,-0.43,115.0,364.0
1768804621.098961,100460,0.0,-36.09,0.32,115.0,364.0
1768804621.1150448,100480,0.0,-36.08,0.93,115.0,364.0
1768804621.139702,100500,0.0,-36.06,1.75,115.0,364.0
1768804621.1566968,100520,0.0,-36.02,2.47,115.0,364.0
1768804621.1730309,100540,0.0,-35.96,3.13,115.0,364.0
1768804621.2017884,100560,0.0,-35.89,3.7,115.0,364.0
1768804621.2095559,100580,0.0,-35.8,4.84,115.0,364.0
1768804621.229206,100600,0.0,-35.69,5.39,115.0,364.0
1768804621.2586517,100620,0.0,-35.58,5.76,115.0,364.0
1768804621.2687285,100640,0.0,-35.45,6.48,115.0,364.0
1768804621.3097446,100660,0.0,-35.31,7.13,115.0,364.0
1768804621.3124812,100680,0.0,-35.15,7.7,115.0,364.0
1768804621.3335679,100700,0.0,-34.99,8.21,115.0,364.0
1768804621.3587954,100720,0.0,-34.81,8.96,115.0,364.0
1768804621.3862054,100740,0.0,-34.62,9.43,115.0,364.0
1768804621.3905206,100760,0.0,-34.43,9.64,115.0,364.0
1768804621.422559,100780,0.0,-34.24,9.86,115.0,364.0
1768804621.4341102,100800,0.0,-34.04,10.43,115.0,364.0
1768804621.4512408,100820,0.0,-33.84,10.57,115.0,364.0
1768804621.461723,100840,0.0,-33.63,10.93,115.0,364.0
1768804621.4935012,100860,0.0,-33.42,11.35,115.0,364.0
1768804621.528124,100880,0.0,-33.2,11.52,115.0,364.0
1768804621.5509317,100900,0.0,-32.98,11.69,115.0,364.0
1768804621.5809057,100920,0.0,-32.76,11.92,115.0,364.0
1768804621.5928721,100940,0.0,-32.54,12.24,115.0,364.0
1768804621.5984266,100960,0.0,-32.31,12.3,115.0,364.0
1768804621.6170182,100980,0.0,-32.08,12.47,115.0,364.0
1768804621.6369328,101000,0.0,-31.84,12.7,115.0,364.0
1768804621.6632373,101020,0.0,-31.61,12.65,115.0,364.0
1768804621.6761441,101040,0.0,-31.36,12.95,115.0,364.0
1768804621.6860368,101060,0.0,-31.12,13.04,115.0,364.0
1768804621.708704,101080,0.0,-30.87,13.27,115.0,364.0
1768804621.7399328,101100,0.0,-30.61,13.6,115.0,364.0
1768804621.7580056,101120,0.0,-30.35,13.72,115.0,364.0
1768804621.780823,101140,0.0,-30.08,14.2,113.0,359.0
1768804621.7918565,101160,0.0,-29.8,14.25,111.0,355.0
1768804621.813935,101180,0.0,-29.52,14.02,110.0,352.0
1768804621.8461027,101200,0.0,-29.25,13.89,110.0,352.0
1768804621.862862,101220,0.0,-28.98,13.84,112.0,357.0
1768804621.8842635,101240,0.0,-28.7,14.18,109.0,350.0
1768804621.9005694,101260,0.0,-28.4,14.59,105.0,341.0
1768804621.9105647,101280,0.0,-28.11,14.21,104.0,339.0
1768804621.932286,101300,0.0,-27.83,13.98,108.0,348.0
1768804621.9486523,101320,0.0,-27.55,14.04,108.0,348.0
1768804621.9769266,101340,0.0,-27.25,14.74,103.0,337.0
1768804621.9988601,101360,0.0,-26.94,15.25,98.0,325.0
1768804622.0283794,101380,0.0,-26.64,14.39,100.0,330.0
1768804622.0289423,101400,0.0,-26.36,13.82,105.0,341.0
1768804622.0631762,101420,0.0,-26.08,14.56,102.0,334.0
1768804622.0708778,101440,0.0,-25.76,15.82,94.0,316.0
1768804622.0952268,101460,0.0,-25.44,15.72,92.0,312.0
1768804622.1032827,101480,0.0,-25.15,14.19,98.0,325.0
1768804622.135196,101500,0.0,-24.87,14.07,101.0,332.0
1768804622.1576788,101520,0.0,-24.57,15.9,92.0,312.0
1768804622.1792104,101540,0.0,-24.23,16.85,85.0,296.0
1768804622.1943674,101560,0.0,-23.91,15.49,88.0,302.0
1768804622.2231448,101580,0.0,-23.62,14.48,93.0,314.0
1768804622.255325,101600,0.0,-23.33,14.84,93.0,314.0
1768804622.267424,101620,0.0,-23.02,15.84,85.0,296.0
1768804622.2755678,101640,0.0,-22.69,16.02,83.0,291.0
1768804622.2985015,101660,0.0,-22.39,14.55,88.0,302.0
1768804622.317985,101680,0.0,-22.11,13.94,92.0,312.0
1768804622.3281577,101700,0.0,-21.82,14.2,91.0,309.0
1768804622.3501666,101720,0.0,-21.52,14.98,85.0,296.0
1768804622.3920822,101740,0.0,-21.22,14.81,85.0,296.0
1768804622.399824,101760,0.0,-20.94,13.52,90.0,307.0
1768804622.4159033,101780,0.0,-20.67,13.4,92.0,312.0
1768804622.4328766,101800,0.0,-20.39,14.15,88.0,302.0
1768804622.4809926,101820,0.0,-20.1,13.56,93.0,314.0
1768804622.5162168,101840,0.0,-19.83,12.76,97.0,323.0
1768804622.5299246,101860,0.0,-19.56,13.26,97.0,323.0
1768804622.5310135,101880,0.0,-19.27,14.39,93.0,314.0
1768804622.532155,101900,0.0,-18.97,14.12,91.0,309.0
1768804622.5526626,101920,0.0,-18.69,12.58,93.0,314.0
1768804622.5741298,101940,0.0,-18.43,12.1,97.0,323.0
1768804622.6000135,101960,0.0,-18.16,12.98,96.0,321.0
1768804622.6214247,101980,0.0,-17.88,13.05,92.0,312.0
1768804622.6578207,102000,0.0,-17.61,12.1,95.0,318.0
1768804622.6816428,102020,0.0,-17.37,11.6,101.0,332.0
1768804622.7005568,102040,0.0,-17.12,11.71,99.0,327.0
1768804622.7171085,102060,0.0,-16.86,12.24,94.0,316.0
1768804622.732914,102080,0.0,-16.6,12.02,94.0,316.0
1768804622.7383132,102100,0.0,-16.36,11.3,100.0,330.0
1768804622.7465637,102120,0.0,-16.13,11.03,101.0,332.0
1768804622.7676685,102140,0.0,-15.89,11.52,97.0,323.0
1768804622.8234963,102160,0.0,-15.65,11.19,96.0,321.0
1768804622.831361,102180,0.0,-15.43,10.23,99.0,327.0
1768804622.8325212,102200,0.0,-15.22,10.5,101.0,332.0
1768804622.847102,102220,0.0,-15.0,11.2,98.0,325.0
1768804622.899771,102240,0.0,-14.77,11.08,94.0,316.0
1768804622.925634,102260,0.0,-14.56,9.94,99.0,327.0
1768804622.9394948,102280,0.0,-14.38,8.92,104.0,339.0
1768804622.953899,102300,0.0,-14.2,9.65,102.0,334.0
1768804622.9596756,102320,0.0,-13.99,10.69,97.0,323.0
1768804622.9697514,102340,0.0,-13.8,9.93,99.0,327.0
1768804622.991921,102360,0.0,-13.63,9.12,101.0,332.0
1768804623.0019393,102380,0.0,-13.45,9.75,100.0,330.0
1768804623.048391,102400,0.0,-13.26,10.45,94.0,316.0
1768804623.0667121,102420,0.0,-13.07,9.8,94.0,316.0
1768804623.0676467,102440,0.0,-12.91,8.51,101.0,332.0
1768804623.0982573,102460,0.0,-12.76,8.42,105.0,341.0
1768804623.126543,102480,0.0,-12.6,9.65,98.0,325.0
1768804623.145399,102500,0.0,-12.41,10.59,93.0,314.0
1768804623.1637077,102520,0.0,-12.23,9.68,94.0,316.0
1768804623.1647682,102540,0.0,-12.07,8.07,98.0,325.0
1768804623.1941984,102560,0.0,-11.92,8.89,96.0,321.0
1768804623.217984,102580,0.0,-11.73,10.58,88.0,302.0
1768804623.2265244,102600,0.0,-11.53,10.74,87.0,300.0
1768804623.2484632,102620,0.0,-11.35,8.64,92.0,312.0
1768804623.2838314,102640,0.0,-11.2,7.92,97.0,323.0
1768804623.293271,102660,0.0,-11.03,9.58,85.0,296.0
1768804623.3166573,102680,0.0,-10.83,10.3,80.0,284.0
1768804623.3303359,102700,0.0,-10.64,8.72,82.0,289.0
1768804623.365619,102720,0.0,-10.5,7.08,92.0,312.0
1768804623.3767948,102740,0.0,-10.37,7.07,95.0,318.0
1768804623.3869488,102760,0.0,-10.21,7.68,89.0,305.0
1768804623.407876,102780,0.0,-10.06,7.31,88.0,302.0
1768804623.4446037,102800,0.0,-9.92,6.4,92.0,312.0
1768804623.4605927,102820,0.0,-9.79,6.43,95.0,318.0
1768804623.4745524,102840,0.0,-9.65,7.1,91.0,309.0
1768804623.481788,102860,0.0,-9.51,6.72,89.0,305.0
1768804623.5152793,102880,0.0,-9.38,5.53,95.0,318.0
1768804623.5381992,102900,0.0,-9.28,5.2,100.0,330.0
1768804623.5580535,102920,0.0,-9.17,5.89,96.0,321.0
1768804623.5693958,102940,0.0,-9.03,6.36,90.0,307.0
1768804623.6011467,102960,0.0,-8.91,5.3,93.0,314.0
1768804623.6111956,102980,0.0,-8.82,4.5,101.0,332.0
1768804623.6335244,103000,0.0,-8.73,5.14,102.0,334.0
1768804623.661569,103020,0.0,-8.62,6.53,94.0,316.0
1768804623.6786416,103040,0.0,-8.49,6.22,90.0,307.0
1768804623.6988685,103060,0.0,-8.38,4.5,95.0,318.0
1768804623.7098951,103080,0.0,-8.31,3.35,102.0,334.0
1768804623.7322688,103100,0.0,-8.24,3.81,101.0,332.0
1768804623.7631621,103120,0.0,-8.15,4.57,97.0,323.0
1768804623.7896814,103140,0.0,-8.07,4.14,100.0,330.0
1768804623.7938757,103160,0.0,-8.01,3.37,103.0,337.0
1768804623.8035514,103180,0.0,-7.93,4.04,100.0,330.0
1768804623.8359702,103200,0.0,-7.86,4.08,97.0,323.0
1768804623.8658276,103220,0.0,-7.79,2.65,102.0,334.0
1768804623.869211,103240,0.0,-7.76,1.41,110.0,352.0
1768804623.8996623,103260,0.0,-7.74,2.05,111.0,355.0
1768804623.922574,103280,0.0,-7.68,3.27,104.0,339.0
1768804623.948767,103300,0.0,-7.62,2.66,103.0,337.0
1768804623.979435,103320,0.0,-7.6,0.81,111.0,355.0
1768804623.9815452,103340,0.0,-7.59,1.05,115.0,364.0
1768804624.0016148,103360,0.0,-7.55,2.17,108.0,348.0
1768804624.0184643,103380,0.0,-7.5,2.75,103.0,337.0
1768804624.028688,103400,0.0,-7.46,1.15,108.0,348.0
1768804624.0507581,103420,0.0,-7.45,0.27,115.0,364.0
1768804624.0800853,103440,0.0,-7.43,1.7,112.0,357.0
1768804624.0971706,103460,0.0,-7.37,3.47,104.0,339.0
1768804624.1182582,103480,0.0,-7.31,2.76,104.0,339.0
1768804624.1271424,103500,0.0,-7.27,1.31,107.0,346.0
1768804624.1533463,103520,0.0,-7.24,1.87,108.0,348.0
1768804624.1783063,103540,0.0,-7.17,3.93,102.0,334.0
1768804624.1884027,103560,0.0,-7.09,3.77,98.0,325.0
1768804624.210893,103580,0.0,-7.03,2.24,104.0,339.0
1768804624.2206285,103600,0.0,-7.0,1.69,108.0,348.0
1768804624.25323,103620,0.0,-6.95,3.09,104.0,339.0
1768804624.2831104,103640,0.0,-6.87,4.29,97.0,323.0
1768804624.3086865,103660,0.0,-6.79,3.23,98.0,325.0
1768804624.3253434,103680,0.0,-6.74,1.88,104.0,339.0
1768804624.3414304,103700,0.0,-6.7,2.63,106.0,343.0
1768804624.350152,103720,0.0,-6.63,4.18,97.0,323.0
1768804624.3757162,103740,0.0,-6.54,4.38,94.0,316.0
1768804624.3833034,103760,0.0,-6.47,2.84,98.0,325.0
1768804624.418346,103780,0.0,-6.42,2.7,104.0,339.0
1768804624.4356747,103800,0.0,-6.35,4.05,98.0,325.0
1768804624.4456851,103820,0.0,-6.26,4.76,91.0,309.0
1768804624.4665163,103840,0.0,-6.18,3.6,96.0,321.0
1768804624.4930735,103860,0.0,-6.13,2.41,103.0,337.0
1768804624.518938,103880,0.0,-6.07,2.85,101.0,332.0
1768804624.5277073,103900,0.0,-6.0,4.19,93.0,314.0
1768804624.5491872,103920,0.0,-5.91,3.66,93.0,314.0
1768804624.5816946,103940,0.0,-5.85,2.54,99.0,327.0
1768804624.5909722,103960,0.0,-5.8,3.18,101.0,332.0
1768804624.616068,103980,0.0,-5.73,4.35,97.0,323.0
1768804624.6256018,104000,0.0,-5.64,3.91,92.0,312.0
1768804624.6537187,104020,0.0,-5.57,2.25,96.0,321.0
1768804624.6762457,104040,0.0,-5.53,1.67,102.0,334.0
1768804624.6864247,104060,0.0,-5.48,2.52,101.0,332.0
1768804624.7132447,104080,0.0,-5.42,3.12,97.0,323.0
1768804624.7445197,104100,0.0,-5.35,2.85,96.0,321.0
1768804624.7509508,104120,0.0,-5.29,2.5,100.0,330.0
1768804624.7815657,104140,0.0,-5.24,2.54,101.0,332.0
1768804624.7820792,104160,0.0,-5.18,3.08,98.0,325.0
1768804624.823419,104180,0.0,-5.1,3.05,95.0,318.0
1768804624.8373978,104200,0.0,-5.04,2.1,104.0,339.0
1768804624.852297,104220,0.0,-5.0,1.54,109.0,350.0
1768804624.868335,104240,0.0,-4.96,2.11,107.0,346.0
1768804624.9009206,104260,0.0,-4.89,3.43,102.0,334.0
1768804624.9174335,104280,0.0,-4.81,3.36,101.0,332.0
1768804624.93192,104300,0.0,-4.76,1.91,107.0,346.0
1768804624.9490585,104320,0.0,-4.72,1.36,110.0,352.0
1768804624.9855855,104340,0.0,-4.66,2.62,105.0,341.0
1768804625.0117052,104360,0.0,-4.59,3.18,101.0,332.0
1768804625.016151,104380,0.0,-4.53,2.07,105.0,341.0
1768804625.0358975,104400,0.0,-4.5,1.27,111.0,355.0
1768804625.063315,104420,0.0,-4.46,1.97,110.0,352.0
1768804625.0768943,104440,0.0,-4.4,3.2,103.0,337.0
1768804625.087078,104460,0.0,-4.34,2.77,103.0,337.0
1768804625.10933,104480,0.0,-4.29,1.88,106.0,343.0
1768804625.1425395,104500,0.0,-4.25,2.58,107.0,346.0
1768804625.153468,104520,0.0,-4.18,3.74,101.0,332.0
1768804625.181446,104540,0.0,-4.1,3.42,97.0,323.0
1768804625.1834059,104560,0.0,-4.04,2.56,102.0,334.0
1768804625.2166512,104580,0.0,-4.0,2.52,106.0,343.0
1768804625.2400913,104600,0.0,-3.95,3.3,104.0,339.0
1768804625.2574987,104620,0.0,-3.87,4.14,96.0,321.0
1768804625.2804015,104640,0.0,-3.79,4.28,95.0,318.0
1768804625.3021343,104660,0.0,-3.71,3.6,98.0,325.0
1768804625.3119476,104680,0.0,-3.65,3.88,99.0,327.0
1768804625.342723,104700,0.0,-3.56,4.98,93.0,314.0
1768804625.3649251,104720,0.0,-3.46,5.32,88.0,302.0
1768804625.382863,104740,0.0,-3.37,3.99,91.0,309.0
1768804625.3990939,104760,0.0,-3.3,3.39,98.0,325.0
1768804625.4139366,104780,0.0,-3.23,4.24,96.0,321.0
1768804625.4310558,104800,0.0,-3.14,5.4,89.0,305.0
1768804625.4399226,104820,0.0,-3.04,4.45,88.0,302.0
1768804625.4759543,104840,0.0,-2.97,3.18,95.0,318.0
1768804625.4943717,104860,0.0,-2.91,3.76,96.0,321.0
1768804625.5044723,104880,0.0,-2.82,4.61,83.0,291.0
1768804625.5255086,104900,0.0,-2.72,4.36,81.0,287.0
1768804625.5613854,104920,0.0,-2.65,3.2,89.0,305.0
1768804625.5780847,104940,0.0,-2.61,2.16,95.0,318.0
1768804625.6095278,104960,0.0,-2.57,1.9,93.0,314.0
1768804625.6254497,104980,0.0,-2.52,2.56,90.0,307.0
1768804625.6411223,105000,0.0,-2.46,2.43,91.0,309.0
1768804625.6566107,105020,0.0,-2.42,1.76,94.0,316.0
1768804625.688509,105040,0.0,-2.39,1.77,9692.0,312.0
1768804625.7190015,105080,0.0,-2.29,2.35,91.0,309.0
1768804625.729104,105100,0.0,-2.26,1.22,95.0,318.0
1768804625.7506518,105120,0.0,-2.25,0.39,102.0,334.0
1768804625.7811236,105140,0.0,-2.23,1.0,100.0,330.0
1768804625.8015976,105160,0.0,-2.19,1.72,93.0,314.0
1768804625.8315966,105180,0.0,-2.16,0.9,96.0,321.0
1768804625.8450487,105200,0.0,-2.17,-0.37,104.0,339.0
1768804625.8500748,105220,0.0,-2.17,0.59,104.0,339.0
1768804625.8832016,105240,0.0,-2.14,1.76,95.0,318.0
1768804625.8976765,105260,0.0,-2.1,1.51,91.0,309.0
1768804625.918991,105280,0.0,-2.09,-0.4,100.0,330.0
1768804625.9274232,105300,0.0,-2.11,-0.77,106.0,343.0
1768804625.9598637,105320,0.0,-2.11,0.59,101.0,332.0
1768804625.96987,105340,0.0,-2.08,1.75,95.0,318.0
1768804625.998413,105360,0.0,-2.06,0.83,97.0,323.0
1768804626.001827,105380,0.0,-2.06,-0.48,104.0,339.0
1768804626.0646098,105400,0.0,-2.07,0.16,104.0,339.0
1768804626.0760567,105420,0.0,-2.06,1.08,97.0,323.0
1768804626.1108718,105440,0.0,-2.04,0.87,95.0,318.0
1768804626.129877,105460,0.0,-2.03,0.01,100.0,330.0
1768804626.130808,105480,0.0,-2.04,-0.03,105.0,341.0
1768804626.132139,105500,0.0,-2.03,0.89,100.0,330.0
1768804626.1523082,105520,0.0,-2.0,1.8,92.0,312.0
1768804626.1621077,105540,0.0,-1.97,1.01,95.0,318.0
1768804626.198175,105560,0.0,-1.97,-0.16,102.0,334.0
1768804626.220007,105580,0.0,-1.98,0.29,104.0,339.0
1768804626.2315447,105600,0.0,-1.96,1.24,97.0,323.0
1768804626.2536829,105620,0.0,-1.93,1.34,94.0,316.0
1768804626.281551,105640,0.0,-1.91,0.37,98.0,325.0
1768804626.295982,105660,0.0,-1.91,0.4,103.0,337.0
1768804626.315684,105680,0.0,-1.9,1.04,98.0,325.0
1768804626.3254569,105700,0.0,-1.86,1.6,93.0,314.0
1768804626.3546374,105720,0.0,-1.84,0.7,95.0,318.0
1768804626.376701,105740,0.0,-1.83,-0.39,101.0,332.0
1768804626.3868644,105760,0.0,-1.83,0.33,101.0,332.0
1768804626.4268699,105780,0.0,-1.81,1.32,96.0,321.0
1768804626.4433434,105800,0.0,-1.78,1.45,94.0,316.0
1768804626.4601436,105820,0.0,-1.76,0.77,99.0,327.0
1768804626.4775133,105840,0.0,-1.76,0.15,102.0,334.0
1768804626.5062742,105860,0.0,-1.74,0.89,97.0,323.0
1768804626.519714,105880,0.0,-1.7,1.9,91.0,309.0
1768804626.5375042,105900,0.0,-1.67,1.64,93.0,314.0
1768804626.5472517,105920,0.0,-1.65,0.21,99.0,327.0
1768804626.5687387,105940,0.0,-1.65,0.25,100.0,330.0
1768804626.6012468,105960,0.0,-1.62,1.62,94.0,316.0
1768804626.6114902,105980,0.0,-1.58,2.45,92.0,312.0
1768804626.6346524,106000,0.0,-1.55,1.15,94.0,316.0
1768804626.6460915,106020,0.0,-1.53,1.02,97.0,323.0
1768804626.695036,106040,0.0,-1.5,2.12,93.0,314.0
1768804626.7002325,106060,0.0,-1.45,2.71,89.0,305.0
1768804626.7154884,106080,0.0,-1.41,2.11,91.0,309.0
1768804626.7331288,106100,0.0,-1.38,0.93,96.0,321.0
1768804626.7706728,106120,0.0,-1.35,1.5,93.0,314.0
1768804626.7717626,106140,0.0,-1.3,2.74,86.0,298.0
1768804626.7940433,106160,0.0,-1.25,2.03,88.0,302.0
1768804626.8031273,106180,0.0,-1.22,1.21,95.0,318.0
1768804626.847991,106200,0.0,-1.2,1.68,95.0,318.0
1768804626.8623497,106220,0.0,-1.15,3.0,86.0,298.0
1768804626.8743327,106240,0.0,-1.08,3.2,84.0,293.0
1768804626.8966732,106260,0.0,-1.04,0.99,91.0,309.0
1768804626.899964,106280,0.0,-1.03,0.62,97.0,323.0
1768804626.932385,106300,0.0,-1.0,2.24,91.0,309.0
1768804626.9556408,106320,0.0,-0.94,3.05,86.0,298.0
1768804626.9647253,106340,0.0,-0.89,1.6,89.0,305.0
1768804626.9868467,106360,0.0,-0.87,0.73,97.0,323.0
1768804627.018615,106380,0.0,-0.85,1.14,96.0,321.0
1768804627.0285923,106400,0.0,-0.82,1.91,91.0,309.0
1768804627.0654461,106420,0.0,-0.78,1.56,91.0,309.0
1768804627.0661123,106440,0.0,-0.75,0.93,92.0,312.0
1768804627.0985026,106460,0.0,-0.72,1.45,91.0,309.0
1768804627.1194077,106480,0.0,-0.67,1.87,90.0,307.0
1768804627.1484916,106500,0.0,-0.64,1.34,91.0,309.0
1768804627.1650398,106520,0.0,-0.61,1.53,92.0,312.0
1768804627.1790476,106540,0.0,-0.57,2.05,90.0,307.0
1768804627.197096,106560,0.0,-0.52,2.19,88.0,302.0
1768804627.2113116,106580,0.0,-0.48,1.62,95.0,318.0
1768804627.2204034,106600,0.0,-0.44,1.7,97.0,323.0
1768804627.2584136,106620,0.0,-0.39,1.98,92.0,312.0
1768804627.2756681,106640,0.0,-0.34,2.39,90.0,307.0
1768804627.2920458,106660,0.0,-0.29,2.17,92.0,312.0
1768804627.30614,106680,0.0,-0.25,1.82,96.0,321.0
1768804627.346715,106700,0.0,-0.21,1.96,96.0,321.0
1768804627.3581488,106720,0.0,-0.16,2.53,91.0,309.0
1768804627.3725247,106740,0.0,-0.1,2.21,89.0,305.0
1768804627.3845117,106760,0.0,-0.07,1.31,97.0,323.0
1768804627.4135518,106780,0.0,-0.06,0.65,103.0,337.0
1768804627.4356282,106800,0.0,-0.03,1.68,96.0,321.0
1768804627.4456165,106820,0.0,0.03,3.0,89.0,305.0
1768804627.4671504,106840,0.0,0.09,2.55,91.0,309.0
1768804627.5012717,106860,0.0,0.12,0.88,97.0,323.0
1768804627.5110917,106880,0.0,0.13,0.92,100.0,330.0
1768804627.5331123,106900,0.0,0.17,2.34,94.0,316.0
1768804627.5433555,106920,0.0,0.22,2.96,91.0,309.0
1768804627.5744646,106940,0.0,0.27,1.97,94.0,316.0
1768804627.597234,106960,0.0,0.3,1.83,96.0,321.0
1768804627.6068792,106980,0.0,0.34,2.58,93.0,314.0
1768804627.626958,107000,0.0,0.4,2.97,88.0,302.0
1768804627.6599329,107020,0.0,0.46,2.36,90.0,307.0
1768804627.67015,107040,0.0,0.49,1.41,95.0,318.0
1768804627.6994455,107060,0.0,0.52,1.78,93.0,314.0
1768804627.7126591,107080,0.0,0.57,2.9,87.0,300.0
1768804627.7502747,107100,0.0,0.63,2.65,81.0,287.0
1768804627.7706585,107120,0.0,0.67,1.34,86.0,298.0
1768804627.7862806,107140,0.0,0.69,1.35,92.0,312.0
1768804627.7956471,107160,0.0,0.72,2.03,87.0,300.0
1768804627.8214343,107180,0.0,0.77,2.73,81.0,287.0
1768804627.8327534,107200,0.0,0.82,1.96,83.0,291.0
1768804627.8526378,107220,0.0,0.85,1.29,88.0,302.0
1768804627.8615863,107240,0.0,0.88,2.03,87.0,300.0
1768804627.9269493,107260,0.0,0.94,2.82,81.0,287.0
1768804627.9588969,107280,0.0,0.99,2.21,81.0,287.0
1768804627.9979007,107300,0.0,1.02,0.72,86.0,298.0
1768804628.0352776,107320,0.0,1.04,0.92,92.0,312.0
1768804628.0535688,107340,0.0,1.07,2.2,88.0,302.0
1768804628.0544598,107360,0.0,1.12,2.25,81.0,287.0
1768804628.0553489,107380,0.0,1.16,1.22,83.0,291.0
1768804628.05616,107400,0.0,1.17,0.76,91.0,309.0
1768804628.0629454,107420,0.0,1.18,0.53,93.0,314.0
1768804628.07125,107440,0.0,1.2,1.03,89.0,305.0
1768804628.093347,107460,0.0,1.23,1.76,86.0,298.0
1768804628.102392,107480,0.0,1.26,1.37,87.0,300.0
1768804628.137678,107500,0.0,1.28,0.82,88.0,302.0
1768804628.1572776,107520,0.0,1.3,0.79,88.0,302.0
1768804628.1674547,107540,0.0,1.32,0.71,88.0,302.0
1768804628.1921926,107560,0.0,1.32,0.21,92.0,312.0
1768804628.223595,107580,0.0,1.32,0.14,94.0,316.0
1768804628.2325253,107600,0.0,1.33,0.64,90.0,307.0
1768804628.2595353,107620,0.0,1.35,0.64,88.0,302.0
1768804628.2623334,107640,0.0,1.35,-0.36,92.0,312.0
1768804628.2960663,107660,0.0,1.33,-0.78,98.0,325.0
1768804628.3205106,107680,0.0,1.33,0.51,95.0,318.0
1768804628.3334062,107700,0.0,1.35,1.36,88.0,302.0
1768804628.355091,107720,0.0,1.37,0.3,86.0,298.0
1768804628.3869343,107740,0.0,1.37,-0.63,94.0,316.0
1768804628.3957493,107760,0.0,1.35,-0.42,99.0,327.0
1768804628.4177523,107780,0.0,1.35,0.75,92.0,312.0
1768804628.4259474,107800,0.0,1.38,1.52,85.0,296.0
1768804628.4488294,107820,0.0,1.4,0.77,87.0,300.0
1768804628.4847004,107840,0.0,1.41,0.45,93.0,314.0
1768804628.488383,107860,0.0,1.42,0.84,90.0,307.0
1768804628.5106554,107880,0.0,1.46,1.97,82.0,289.0
1768804628.5213509,107900,0.0,1.5,1.38,83.0,291.0
1768804628.5653841,107920,0.0,1.51,0.42,91.0,309.0
1768804628.576236,107940,0.0,1.51,0.36,95.0,318.0
1768804628.5894926,107960,0.0,1.53,2.05,85.0,296.0
1768804628.6091018,107980,0.0,1.58,2.6,80.0,284.0
1768804628.6388772,108000,0.0,1.62,0.91,85.0,296.0
1768804628.6514702,108020,0.0,1.62,0.17,93.0,314.0
1768804628.674568,108040,0.0,1.64,1.24,88.0,302.0
1768804628.6935987,108060,0.0,1.68,2.43,81.0,287.0
1768804628.7130294,108080,0.0,1.72,1.19,84.0,293.0
1768804628.7353272,108100,0.0,1.72,-0.43,92.0,312.0
1768804628.76252,108120,0.0,1.73,0.56,91.0,309.0
1768804628.765738,108140,0.0,1.76,2.21,83.0,291.0
1768804628.802679,108160,0.0,1.8,1.63,82.0,289.0
1768804628.8278615,108180,0.0,1.81,-0.2,91.0,309.0
1768804628.8553715,108200,0.0,1.81,0.05,93.0,314.0
1768804628.871502,108220,0.0,1.83,1.47,86.0,298.0
1768804628.8855493,108240,0.0,1.87,1.67,81.0,287.0
1768804628.8991315,108260,0.0,1.89,0.33,88.0,302.0
1768804628.9117343,108280,0.0,1.88,-0.68,94.0,316.0
1768804628.9205592,108300,0.0,1.88,0.38,91.0,309.0
1768804628.9538543,108320,0.0,1.9,1.61,85.0,296.0
1768804628.9882953,108340,0.0,1.93,1.46,83.0,291.0
1768804629.0021434,108360,0.0,1.95,0.79,87.0,300.0
1768804629.0084207,108380,0.0,1.97,1.25,86.0,298.0
1768804629.0659218,108400,0.0,2.0,1.61,83.0,291.0
1768804629.0754287,108420,0.0,2.03,1.19,84.0,293.0
1768804629.0859036,108440,0.0,2.05,0.73,87.0,300.0
1768804629.10726,108460,0.0,2.07,1.22,87.0,300.0
1768804629.1234143,108480,0.0,2.1,1.86,84.0,293.0
1768804629.1363807,108500,0.0,2.13,1.31,84.0,293.0
1768804629.1463366,108520,0.0,2.15,0.75,86.0,298.0
1768804629.1679187,108540,0.0,2.17,0.93,87.0,300.0
1768804629.2002945,108560,0.0,2.19,1.11,85.0,296.0
1768804629.2188942,108580,0.0,2.22,1.18,83.0,291.0
1768804629.2319543,108600,0.0,2.24,0.83,86.0,298.0
1768804629.2564175,108620,0.0,2.26,0.45,87.0,300.0
1768804629.276845,108640,0.0,2.27,0.72,86.0,298.0
1768804629.3001597,108660,0.0,2.3,1.05,85.0,296.0
1768804629.310587,108680,0.0,2.31,0.8,87.0,300.0
1768804629.3275497,108700,0.0,2.33,0.38,88.0,302.0
1768804629.36059,108720,0.0,2.34,0.67,87.0,300.0
1768804629.3767233,108740,0.0,2.36,0.82,86.0,298.0
1768804629.3867574,108760,0.0,2.38,0.47,86.0,298.0
1768804629.407866,108780,0.0,2.38,0.18,89.0,305.0
1768804629.441366,108800,0.0,2.39,0.52,88.0,302.0
1768804629.4542773,108820,0.0,2.42,0.93,85.0,296.0
1768804629.4802306,108840,0.0,2.44,0.39,91.0,309.0
1768804629.4819574,108860,0.0,2.44,0.36,95.0,318.0
1768804629.5152426,108880,0.0,2.46,1.44,93.0,314.0
1768804629.5397987,108900,0.0,2.5,1.91,88.0,302.0
1768804629.550548,108920,0.0,2.54,1.28,85.0,296.0
1768804629.567854,108940,0.0,2.56,0.74,91.0,309.0
1768804629.6013176,108960,0.0,2.57,0.21,96.0,321.0
1768804629.6115937,108980,0.0,2.59,1.3,91.0,309.0
1768804629.633598,109000,0.0,2.63,2.27,86.0,298.0
1768804629.651455,109020,0.0,2.67,1.72,88.0,302.0
1768804629.6757357,109040,0.0,2.69,0.17,92.0,312.0
1768804629.7011247,109060,0.0,2.7,0.8,91.0,309.0
1768804629.7088714,109080,0.0,2.74,2.42,86.0,298.0
1768804629.7392502,109100,0.0,2.79,2.65,83.0,291.0
1768804629.7636447,109120,0.0,2.82,1.03,89.0,305.0
1768804629.7736132,109140,0.0,2.84,1.17,92.0,312.0
1768804629.800011,109160,0.0,2.88,2.69,84.0,293.0
1768804629.8042147,109180,0.0,2.95,2.98,79.0,282.0
1768804629.8245907,109200,0.0,2.99,1.48,84.0,293.0
1768804629.8589926,109220,0.0,3.01,1.3,91.0,309.0
1768804629.8817735,109240,0.0,3.05,2.82,87.0,300.0
1768804629.89053,109260,0.0,3.11,3.38,79.0,282.0
1768804629.9005132,109280,0.0,3.17,2.5,79.0,282.0
1768804629.9335597,109300,0.0,3.21,1.41,85.0,296.0
1768804629.9585888,109320,0.0,3.23,1.76,88.0,302.0
1768804629.9653993,109340,0.0,3.27,2.43,78.0,280.0
1768804629.9879928,109360,0.0,3.32,2.5,74.0,271.0
1768804630.0185509,109380,0.0,3.37,1.64,76.0,275.0
1768804630.028598,109400,0.0,3.39,0.61,82.0,289.0
1768804630.050837,109420,0.0,3.39,1.06,86.0,298.0
1768804630.059654,109440,0.0,3.43,2.34,78.0,280.0
1768804630.1053689,109460,0.0,3.48,2.37,74.0,271.0
1768804630.1170945,109480,0.0,3.51,1.03,79.0,282.0
1768804630.1265078,109500,0.0,3.52,0.31,85.0,296.0
1768804630.1474328,109520,0.0,3.54,0.99,82.0,289.0
1768804630.1878319,109540,0.0,3.57,2.0,77.0,277.0
1768804630.19962,109560,0.0,3.6,0.96,80.0,284.0
1768804630.2112868,109580,0.0,3.61,0.39,85.0,296.0
1768804630.2214859,109600,0.0,3.63,0.96,82.0,289.0
1768804630.2531612,109620,0.0,3.66,1.39,78.0,280.0
1768804630.2753274,109640,0.0,3.69,0.65,79.0,282.0
1768804630.2854803,109660,0.0,3.69,-0.2,87.0,300.0
1768804630.3143382,109680,0.0,3.68,0.48,88.0,302.0
1768804630.339471,109700,0.0,3.7,1.16,81.0,287.0
1768804630.3614945,109720,0.0,3.73,0.85,81.0,287.0
1768804630.3725142,109740,0.0,3.74,0.07,84.0,293.0
1768804630.3837774,109760,0.0,3.74,0.74,84.0,293.0
1768804630.4141066,109780,0.0,3.77,1.37,79.0,282.0
1768804630.4371867,109800,0.0,3.8,0.91,79.0,282.0
1768804630.4552572,109820,0.0,3.81,0.17,83.0,291.0
1768804630.4666803,109840,0.0,3.81,0.41,86.0,298.0
1768804630.4999535,109860,0.0,3.83,1.51,80.0,284.0
1768804630.510279,109880,0.0,3.87,1.58,76.0,275.0
1768804630.547321,109900,0.0,3.89,0.62,81.0,287.0
1768804630.5625157,109920,0.0,3.89,-0.19,87.0,300.0
1768804630.589222,109940,0.0,3.89,0.85,84.0,293.0
1768804630.5999596,109960,0.0,3.92,1.61,77.0,277.0
1768804630.6280353,109980,0.0,3.95,1.08,78.0,280.0
1768804630.6441576,110000,0.0,3.95,-0.2,85.0,296.0
1768804630.6605384,110020,0.0,3.94,-0.09,88.0,302.0
1768804630.6836805,110040,0.0,3.96,0.87,82.0,289.0
1768804630.6864734,110060,0.0,3.98,0.82,78.0,280.0
1768804630.7073731,110080,0.0,3.99,0.11,82.0,289.0
1768804630.762274,110100,0.0,3.99,-0.11,87.0,300.0
1768804630.7725818,110120,0.0,3.99,0.67,84.0,293.0
1768804630.7732663,110140,0.0,4.01,0.8,80.0,284.0
1768804630.7877655,110160,0.0,4.02,0.66,82.0,289.0
1768804630.8248277,110180,0.0,4.02,-0.17,88.0,302.0
1768804630.8606167,110200,0.0,4.01,-0.02,87.0,300.0
1768804630.871302,110220,0.0,4.02,0.61,83.0,291.0
1768804630.9034743,110240,0.0,4.03,0.23,83.0,291.0
1768804630.9044077,110260,0.0,4.03,-0.69,86.0,298.0
1768804630.9111936,110280,0.0,4.02,-0.27,86.0,298.0
1768804630.9326847,110300,0.0,4.03,0.5,82.0,289.0
1768804630.9417028,110320,0.0,4.04,0.11,82.0,289.0
1768804630.9912455,110340,0.0,4.03,-0.86,87.0,300.0
1768804631.0014482,110360,0.0,4.01,-0.64,91.0,309.0
1768804631.0084076,110380,0.0,4.0,0.38,87.0,300.0
1768804631.0387359,110400,0.0,4.02,0.14,81.0,287.0
1768804631.066991,110420,0.0,4.02,-0.74,84.0,293.0
1768804631.079896,110440,0.0,3.99,-1.28,90.0,307.0
1768804631.0971665,110460,0.0,3.97,-0.44,91.0,309.0
1768804631.1101708,110480,0.0,3.97,0.17,86.0,298.0
1768804631.1356504,110500,0.0,3.98,0.24,82.0,289.0
1768804631.1578255,110520,0.0,3.98,-0.19,84.0,293.0
1768804631.1680107,110540,0.0,3.97,-0.3,86.0,298.0
1768804631.1977117,110560,0.0,3.98,0.45,84.0,293.0
1768804631.1998549,110580,0.0,3.99,1.12,80.0,284.0
1768804631.233221,110600,0.0,4.01,0.91,80.0,284.0
1768804631.2561715,110620,0.0,4.03,0.59,82.0,289.0
1768804631.2858825,110640,0.0,4.04,0.7,83.0,291.0
1768804631.293506,110660,0.0,4.06,1.42,79.0,282.0
1768804631.318057,110680,0.0,4.1,1.31,75.0,273.0
1768804631.3330123,110700,0.0,4.12,0.6,80.0,284.0
1768804631.3502796,110720,0.0,4.12,0.19,85.0,296.0
1768804631.3593438,110740,0.0,4.13,0.86,82.0,289.0
1768804631.3982196,110760,0.0,4.16,0.98,76.0,275.0
1768804631.415609,110780,0.0,4.17,0.3,81.0,287.0
1768804631.4325929,110800,0.0,4.17,-0.4,87.0,300.0
1768804631.4455965,110820,0.0,4.17,0.7,85.0,296.0
1768804631.4799526,110840,0.0,4.2,1.41,76.0,275.0
1768804631.4996712,110860,0.0,4.23,0.42,78.0,280.0
1768804631.511888,110880,0.0,4.22,-1.24,86.0,298.0
1768804631.5281188,110900,0.0,4.19,-0.5,91.0,309.0
1768804631.5548356,110920,0.0,4.2,0.6,84.0,293.0
1768804631.574922,110940,0.0,4.22,0.47,78.0,280.0
1768804631.5851643,110960,0.0,4.22,-0.95,83.0,291.0
1768804631.6062849,110980,0.0,4.2,-0.98,90.0,307.0
1768804631.6396775,111000,0.0,4.2,-0.03,86.0,298.0
1768804631.6496093,111020,0.0,4.21,0.92,80.0,284.0
1768804631.6760461,111040,0.0,4.22,-0.1,83.0,291.0
1768804631.682284,111060,0.0,4.21,-1.05,93.0,314.0
1768804631.7160718,111080,0.0,4.2,0.02,92.0,312.0
1768804631.7361045,111100,0.0,4.22,1.61,86.0,298.0
1768804631.7457728,111120,0.0,4.26,1.4,84.0,293.0
1768804631.7661831,111140,0.0,4.27,0.06,86.0,298.0
1768804631.7994606,111160,0.0,4.28,0.17,89.0,305.0
1768804631.8096232,111180,0.0,4.3,1.22,86.0,298.0
1768804631.831526,111200,0.0,4.33,1.15,82.0,289.0
1768804631.8404193,111220,0.0,4.35,0.29,86.0,298.0
1768804631.873845,111240,0.0,4.34,-0.19,91.0,309.0
1768804631.8990755,111260,0.0,4.35,0.65,88.0,302.0
1768804631.9062395,111280,0.0,4.38,1.76,84.0,293.0
1768804631.932676,111300,0.0,4.41,1.33,84.0,293.0
1768804631.9601786,111320,0.0,4.42,0.32,88.0,302.0
1768804631.9711957,111340,0.0,4.42,0.53,90.0,307.0
1768804631.9973855,111360,0.0,4.43,1.24,85.0,296.0
1768804632.000898,111380,0.0,4.48,1.98,78.0,280.0
1768804632.0364368,111400,0.0,4.51,1.3,82.0,289.0
1768804632.0586288,111420,0.0,4.51,0.04,90.0,307.0
1768804632.0681567,111440,0.0,4.51,0.4,88.0,302.0
1768804632.0878298,111460,0.0,4.54,1.82,82.0,289.0
1768804632.1214178,111480,0.0,4.58,2.11,79.0,282.0
1768804632.1325362,111500,0.0,4.61,0.98,83.0,291.0
1768804632.15595,111520,0.0,4.62,1.06,86.0,298.0
1768804632.1807058,111540,0.0,4.65,1.98,82.0,289.0
1768804632.1992705,111560,0.0,4.7,2.47,76.0,275.0
1768804632.2211633,111580,0.0,4.73,1.34,74.0,271.0
1768804632.2268236,111600,0.0,4.74,0.22,81.0,287.0
1768804632.2476025,111620,0.0,4.75,0.1,81.0,287.0
1768804632.2809546,111640,0.0,4.77,1.53,76.0,275.0
1768804632.2992425,111660,0.0,4.8,1.92,73.0,268.0
1768804632.3144183,111680,0.0,4.83,1.07,75.0,273.0
1768804632.3313167,111700,0.0,4.85,0.44,79.0,282.0
1768804632.3566027,111720,0.0,4.86,1.32,78.0,280.0
1768804632.3771276,111740,0.0,4.9,2.39,73.0,268.0
1768804632.3944223,111760,0.0,4.94,1.3,71.0,264.0
1768804632.403536,111780,0.0,4.96,0.34,79.0,282.0
1768804632.4351263,111800,0.0,4.96,1.12,81.0,287.0
1768804632.4573865,111820,0.0,5.0,2.16,72.0,266.0
1768804632.467577,111840,0.0,5.04,1.27,71.0,264.0
1768804632.4998832,111860,0.0,5.06,0.28,77.0,277.0
1768804632.5208225,111880,0.0,5.07,1.12,81.0,287.0
1768804632.5319831,111900,0.0,5.1,2.58,74.0,271.0
1768804632.5582306,111920,0.0,5.15,1.87,69.0,259.0
1768804632.5695355,111940,0.0,5.18,0.71,75.0,273.0
1768804632.5989263,111960,0.0,5.19,-0.02,80.0,284.0
1768804632.6213133,111980,0.0,5.2,0.99,78.0,280.0
1768804632.630295,112000,0.0,5.22,1.62,75.0,273.0
1768804632.6546175,112020,0.0,5.25,0.64,76.0,275.0
1768804632.6818707,112040,0.0,5.25,0.01,79.0,282.0
1768804632.6918802,112060,0.0,5.26,0.78,79.0,282.0
1768804632.718998,112080,0.0,5.29,1.0,74.0,271.0
1768804632.7435136,112100,0.0,5.3,0.11,78.0,280.0
1768804632.7552598,112120,0.0,5.29,-0.63,82.0,289.0
1768804632.783563,112140,0.0,5.28,0.26,82.0,289.0
1768804632.799919,112160,0.0,5.3,1.14,75.0,273.0
1768804632.8294466,112180,0.0,5.32,0.28,76.0,275.0
1768804632.8496466,112200,0.0,5.31,-1.09,84.0,293.0
1768804632.8646457,112220,0.0,5.28,-0.79,88.0,302.0
1768804632.8801534,112240,0.0,5.28,-0.23,81.0,287.0
1768804632.8900719,112260,0.0,5.28,0.07,78.0,280.0
1768804632.899302,112280,0.0,5.27,-0.91,84.0,293.0
1768804632.9327128,112300,0.0,5.25,-1.05,88.0,302.0
1768804632.9608572,112320,0.0,5.24,-0.13,81.0,287.0
1768804632.9662817,112340,0.0,5.24,-0.1,80.0,284.0
1768804632.999501,112360,0.0,5.22,-1.27,85.0,296.0
1768804633.0264978,112380,0.0,5.19,-1.51,88.0,302.0
1768804633.0331917,112400,0.0,5.18,-0.31,84.0,293.0
1768804633.0556183,112420,0.0,5.18,0.38,78.0,280.0
1768804633.0666337,112440,0.0,5.17,-1.14,84.0,293.0
1768804633.0989017,112460,0.0,5.14,-1.81,90.0,307.0
1768804633.1151533,112480,0.0,5.12,-0.43,86.0,298.0
1768804633.1254208,112500,0.0,5.12,0.44,79.0,282.0
1768804633.1468184,112520,0.0,5.12,-0.66,83.0,291.0
1768804633.1792762,112540,0.0,5.09,-1.81,88.0,302.0
1768804633.1895847,112560,0.0,5.07,-0.68,85.0,296.0
1768804633.2247314,112580,0.0,5.08,0.65,79.0,282.0
1768804633.2361784,112600,0.0,5.07,-0.45,83.0,291.0
1768804633.2689486,112620,0.0,5.05,-1.64,88.0,302.0
1768804633.283955,112640,0.0,5.02,-0.58,86.0,298.0
1768804633.2893653,112660,0.0,5.04,1.23,75.0,273.0
1768804633.321077,112680,0.0,5.07,1.09,74.0,271.0
1768804633.3397214,112700,0.0,5.07,-0.6,82.0,289.0
1768804633.3497121,112720,0.0,5.06,-0.21,84.0,293.0
1768804633.3719668,112740,0.0,5.07,1.62,78.0,280.0
1768804633.381967,112760,0.0,5.11,1.76,70.0,262.0
1768804633.415064,112780,0.0,5.14,0.56,75.0,273.0
1768804633.4434617,112800,0.0,5.14,-0.11,80.0,284.0
1768804633.4485261,112820,0.0,5.15,0.81,80.0,284.0
1768804633.472068,112840,0.0,5.18,1.66,73.0,268.0
1768804633.500783,112860,0.0,5.21,0.88,74.0,271.0
1768804633.5100968,112880,0.0,5.21,0.07,79.0,282.0
1768804633.5339274,112900,0.0,5.22,1.13,79.0,282.0
1768804633.5436401,112920,0.0,5.25,1.79,74.0,271.0
1768804633.5736458,112940,0.0,5.28,0.95,74.0,271.0
1768804633.5958853,112960,0.0,5.28,-0.46,80.0,284.0
1768804633.6061647,112980,0.0,5.27,-0.44,84.0,293.0
1768804633.6322777,113000,0.0,5.27,0.33,80.0,284.0
1768804633.6654918,113020,0.0,5.28,0.03,76.0,275.0
1768804633.6706066,113040,0.0,5.28,-0.79,80.0,284.0
1768804633.6989539,113060,0.0,5.26,-1.15,87.0,300.0
1768804633.706928,113080,0.0,5.24,-0.44,85.0,296.0
1768804633.7345626,113100,0.0,5.24,0.09,79.0,282.0
1768804633.7622104,113120,0.0,5.24,-0.75,79.0,282.0
1768804633.7667139,113140,0.0,5.22,-1.29,86.0,298.0
1768804633.7874522,113160,0.0,5.19,-0.93,88.0,302.0
1768804633.8223555,113180,0.0,5.18,0.16,82.0,289.0
1768804633.8314416,113200,0.0,5.18,-0.38,81.0,287.0
1768804633.8539922,113220,0.0,5.17,-1.24,84.0,293.0
1768804633.86543,113240,0.0,5.15,-0.71,85.0,296.0
1768804633.898116,113260,0.0,5.14,-0.07,81.0,287.0
1768804633.9228883,113280,0.0,5.14,-0.67,80.0,284.0
1768804633.9323778,113300,0.0,5.12,-1.31,85.0,296.0
1768804633.9490952,113320,0.0,5.09,-1.38,90.0,307.0
1768804633.9829245,113340,0.0,5.07,-0.7,92.0,312.0
1768804633.9912772,113360,0.0,5.07,-0.31,86.0,298.0
1768804634.0134487,113380,0.0,5.06,-0.67,87.0,300.0
1768804634.022657,113400,0.0,5.04,-1.03,92.0,312.0
1768804634.0634303,113420,0.0,5.01,-1.34,95.0,318.0
1768804634.077724,113440,0.0,5.0,-0.25,90.0,307.0
1768804634.1092212,113460,0.0,5.0,0.2,87.0,300.0
1768804634.1128016,113480,0.0,5.0,-0.78,90.0,307.0
1768804634.1451712,113500,0.0,4.97,-1.13,93.0,314.0
1768804634.1527967,113520,0.0,4.96,-0.35,92.0,312.0
1768804634.1765857,113540,0.0,4.96,0.25,86.0,298.0
1768804634.1833808,113560,0.0,4.97,-0.01,84.0,293.0
1768804634.2158651,113580,0.0,4.96,-0.71,91.0,309.0
1768804634.2379827,113600,0.0,4.94,-0.68,94.0,316.0
1768804634.2481408,113620,0.0,4.93,0.14,89.0,305.0
1768804634.277502,113640,0.0,4.95,1.06,82.0,289.0
1768804634.281279,113660,0.0,4.98,0.77,80.0,284.0
1768804634.3185394,113680,0.0,4.98,-0.11,87.0,300.0
1768804634.3345773,113700,0.0,4.98,0.62,89.0,305.0
1768804634.344424,113720,0.0,5.01,1.76,80.0,284.0
1768804634.3677967,113740,0.0,5.05,2.1,75.0,273.0
1768804634.3981643,113760,0.0,5.08,0.38,81.0,287.0
1768804634.4088821,113780,0.0,5.08,-0.05,88.0,302.0
1768804634.430697,113800,0.0,5.09,1.19,84.0,293.0
1768804634.439638,113820,0.0,5.13,2.21,70.0,262.0
1768804634.4723792,113840,0.0,5.16,1.22,72.0,266.0
1768804634.4965098,113860,0.0,5.17,-0.29,80.0,284.0
1768804634.517904,113880,0.0,5.15,-0.39,83.0,291.0
1768804634.5280983,113900,0.0,5.17,1.16,77.0,277.0
1768804634.560531,113920,0.0,5.2,1.36,72.0,266.0
1768804634.6026816,113940,0.0,5.21,0.31,77.0,277.0
1768804634.6412902,113960,0.0,5.21,-0.15,83.0,291.0
1768804634.6572073,113980,0.0,5.21,0.84,78.0,280.0
1768804634.6580768,114000,0.0,5.25,1.82,71.0,264.0
1768804634.6589766,114020,0.0,5.27,0.51,76.0,275.0
1768804634.6711762,114040,0.0,5.25,-1.17,84.0,293.0
1768804634.6800365,114060,0.0,5.24,-0.07,81.0,287.0
1768804634.7157142,114080,0.0,5.26,1.3,75.0,273.0
1768804634.7355592,114100,0.0,5.27,-0.08,77.0,277.0
1768804634.747788,114120,0.0,5.26,-1.31,84.0,293.0
1768804634.7703443,114140,0.0,5.23,-0.57,85.0,296.0
1768804634.798737,114160,0.0,5.24,1.05,77.0,277.0
1768804634.825598,114180,0.0,5.26,0.36,75.0,273.0
1768804634.848555,114200,0.0,5.25,-0.93,83.0,291.0
1768804634.849152,114220,0.0,5.22,-0.99,86.0,298.0
1768804634.881716,114240,0.0,5.22,-0.03,80.0,284.0
1768804634.8956704,114260,0.0,5.23,0.69,75.0,273.0
1768804634.9059193,114280,0.0,5.24,-0.19,80.0,284.0
1768804634.9269755,114300,0.0,5.21,-1.27,87.0,300.0
1768804634.959977,114320,0.0,5.2,-0.39,83.0,291.0
1768804634.9712887,114340,0.0,5.21,0.84,76.0,275.0
1768804634.9913874,114360,0.0,5.21,-0.39,80.0,284.0
1768804635.0050962,114380,0.0,5.18,-2.0,86.0,298.0
1768804635.042379,114400,0.0,5.15,-1.18,86.0,298.0
1768804635.0577044,114420,0.0,5.15,0.4,80.0,284.0
1768804635.0698693,114440,0.0,5.15,-0.28,81.0,287.0
1768804635.0993602,114460,0.0,5.13,-1.72,87.0,300.0
1768804635.1203406,114480,0.0,5.1,-0.98,87.0,300.0
1768804635.1304026,114500,0.0,5.1,0.16,79.0,282.0
1768804635.1556227,114520,0.0,5.1,-0.2,77.0,277.0
1768804635.164843,114540,0.0,5.08,-1.62,86.0,298.0
1768804635.1969311,114560,0.0,5.03,-2.01,93.0,314.0
1768804635.226821,114580,0.0,5.0,-1.11,87.0,300.0
1768804635.2491517,114600,0.0,5.0,0.05,80.0,284.0
1768804635.2496774,114620,0.0,4.99,-0.94,83.0,291.0
1768804635.2835455,114640,0.0,4.96,-1.44,86.0,298.0
1768804635.311137,114660,0.0,4.95,-0.34,84.0,293.0
1768804635.323519,114680,0.0,4.95,0.4,77.0,277.0
1768804635.3244665,114700,0.0,4.96,-0.21,79.0,282.0
1768804635.3549666,114720,0.0,4.94,-1.59,86.0,298.0
1768804635.384282,114740,0.0,4.91,-1.26,88.0,302.0
1768804635.403574,114760,0.0,4.9,0.39,80.0,284.0
1768804635.410124,114780,0.0,4.92,1.03,76.0,275.0
1768804635.4517262,114800,0.0,4.92,-0.15,80.0,284.0
1768804635.458101,114820,0.0,4.91,-0.78,86.0,298.0
1768804635.4708517,114840,0.0,4.9,0.21,81.0,287.0
1768804635.507278,114860,0.0,4.92,1.01,74.0,271.0
1768804635.527863,114880,0.0,4.93,-0.05,80.0,284.0
1768804635.5333493,114900,0.0,4.9,-1.67,87.0,300.0
1768804635.554945,114920,0.0,4.88,-1.38,86.0,298.0
1768804635.5625675,114940,0.0,4.87,0.06,80.0,284.0
1768804635.5973582,114960,0.0,4.87,-0.38,80.0,284.0
1768804635.6382272,114980,0.0,4.85,-1.23,85.0,296.0
1768804635.6485837,115000,0.0,4.83,-0.77,86.0,298.0
1768804635.686411,115020,0.0,4.83,-0.2,80.0,284.0
1768804635.7379842,115040,0.0,4.82,-0.43,81.0,287.0
1768804635.7802718,115060,0.0,4.8,-1.39,88.0,302.0
1768804635.781531,115080,0.0,4.76,-1.3,89.0,305.0
1768804635.7824397,115100,0.0,4.76,0.18,81.0,287.0
1768804635.7832832,115120,0.0,4.77,0.31,77.0,277.0
1768804635.784346,115140,0.0,4.76,-0.99,83.0,291.0
1768804635.7879498,115160,0.0,4.72,-2.03,89.0,305.0
1768804635.809029,115180,0.0,4.69,-1.33,86.0,298.0
1768804635.8435433,115200,0.0,4.69,0.11,79.0,282.0
1768804635.8647058,115220,0.0,4.69,-0.08,80.0,284.0
1768804635.8826807,115240,0.0,4.68,-1.03,84.0,293.0
1768804635.8884277,115260,0.0,4.66,-0.43,84.0,293.0
1768804635.9054286,115280,0.0,4.67,0.7,80.0,284.0
1768804635.9392662,115300,0.0,4.68,0.42,77.0,277.0
1768804635.9487615,115320,0.0,4.68,-0.77,82.0,289.0
1768804635.9735808,115340,0.0,4.65,-1.33,88.0,302.0
1768804635.979781,115360,0.0,4.63,-0.58,85.0,296.0
1768804636.012324,115380,0.0,4.63,0.15,79.0,282.0
1768804636.0348191,115400,0.0,4.63,-0.76,81.0,287.0
1768804636.0446837,115420,0.0,4.6,-1.46,87.0,300.0
1768804636.0664356,115440,0.0,4.58,-0.89,87.0,300.0
1768804636.0987096,115460,0.0,4.57,0.02,82.0,289.0
1768804636.1088347,115480,0.0,4.57,0.02,81.0,287.0
1768804636.1356468,115500,0.0,4.56,-1.21,86.0,298.0
1768804636.1651363,115520,0.0,4.53,-1.17,87.0,300.0
1768804636.1828854,115540,0.0,4.52,0.04,83.0,291.0
1768804636.1987298,115560,0.0,4.53,-0.14,79.0,282.0
1768804636.2079532,115580,0.0,4.52,-1.17,84.0,293.0
1768804636.2263873,115600,0.0,4.49,-1.34,95.0,318.0
1768804636.2591388,115620,0.0,4.48,-0.31,91.0,309.0
1768804636.2692616,115640,0.0,4.49,0.84,84.0,293.0
1768804636.3078146,115660,0.0,4.5,0.39,85.0,296.0
1768804636.3204453,115680,0.0,4.5,-0.14,89.0,305.0
1768804636.339568,115700,0.0,4.5,0.1,88.0,302.0
1768804636.3541536,115720,0.0,4.53,1.17,82.0,289.0
1768804636.3741636,115740,0.0,4.56,0.99,82.0,289.0
1768804636.3823895,115760,0.0,4.56,-0.49,87.0,300.0
1768804636.4188888,115780,0.0,4.56,0.11,89.0,305.0
1768804636.436383,115800,0.0,4.58,1.35,83.0,291.0
1768804636.4452958,115820,0.0,4.62,1.69,77.0,277.0
1768804636.4665492,115840,0.0,4.65,0.77,83.0,291.0
1768804636.4997156,115860,0.0,4.65,-0.62,91.0,309.0
1768804636.5098543,115880,0.0,4.64,0.15,88.0,302.0
1768804636.5325522,115900,0.0,4.66,0.96,82.0,289.0
1768804636.5526936,115920,0.0,4.69,0.99,82.0,289.0
1768804636.5908306,115940,0.0,4.7,0.14,86.0,298.0
1768804636.6048982,115960,0.0,4.71,0.67,86.0,298.0
1768804636.6256151,115980,0.0,4.73,1.41,80.0,284.0
1768804636.6407301,116000,0.0,4.76,0.78,79.0,282.0
1768804636.661764,116020,0.0,4.77,-0.57,86.0,298.0
1768804636.6726785,116040,0.0,4.74,-0.61,92.0,312.0
1768804636.696122,116060,0.0,4.74,0.55,87.0,300.0
1768804636.7012715,116080,0.0,4.77,1.72,72.0,266.0
1768804636.7338145,116100,0.0,4.8,1.25,73.0,268.0
1768804636.7584279,116120,0.0,4.81,-0.23,79.0,282.0
1768804636.784715,116140,0.0,4.8,-0.5,82.0,289.0
1768804636.7914832,116160,0.0,4.79,-0.39,81.0,287.0
1768804636.82416,116180,0.0,4.8,0.55,77.0,277.0
1768804636.8416576,116200,0.0,4.82,0.83,76.0,275.0
1768804636.8692582,116220,0.0,4.82,0.06,78.0,280.0
1768804636.8967934,116240,0.0,4.82,-0.02,80.0,284.0
1768804636.9246788,116260,0.0,4.83,1.21,77.0,277.0
1768804636.9254735,116280,0.0,4.86,1.64,73.0,268.0
1768804636.9267747,116300,0.0,4.89,0.9,73.0,268.0
1768804636.9473195,116320,0.0,4.9,-0.02,79.0,282.0
1768804636.9813275,116340,0.0,4.9,0.48,80.0,284.0
1768804637.0105524,116360,0.0,4.93,1.54,72.0,266.0
1768804637.0167246,116380,0.0,4.96,1.01,72.0,266.0
1768804637.031845,116400,0.0,4.97,-0.04,77.0,277.0
1768804637.055437,116420,0.0,4.96,-0.05,80.0,284.0
1768804637.082352,116440,0.0,4.97,1.09,76.0,275.0
1768804637.088807,116460,0.0,5.01,1.22,71.0,264.0
1768804637.110082,116480,0.0,5.02,0.2,76.0,275.0
1768804637.1434908,116500,0.0,5.01,-0.75,83.0,291.0
1768804637.1566725,116520,0.0,5.0,-0.07,82.0,289.0
1768804637.1736424,116540,0.0,5.01,0.74,78.0,280.0
1768804637.1849935,116560,0.0,5.01,-0.38,80.0,284.0
1768804637.2176514,116580,0.0,4.99,-1.43,84.0,293.0
1768804637.2383883,116600,0.0,4.97,-0.44,82.0,289.0
1768804637.2565494,116620,0.0,4.98,0.09,77.0,277.0
1768804637.280186,116640,0.0,4.97,-0.93,80.0,284.0
1768804637.3002894,116660,0.0,4.94,-2.02,87.0,300.0
1768804637.3199599,116680,0.0,4.9,-1.34,88.0,302.0
1768804637.3279867,116700,0.0,4.89,-0.09,83.0,291.0
1768804637.355308,116720,0.0,4.88,-0.78,82.0,289.0
1768804637.3819187,116740,0.0,4.85,-1.98,86.0,298.0
1768804637.3921788,116760,0.0,4.82,-1.63,87.0,300.0
1768804637.4136457,116780,0.0,4.8,-0.57,82.0,289.0
1768804637.4238663,116800,0.0,4.79,-0.69,82.0,289.0
1768804637.447883,116820,0.0,4.76,-2.1,89.0,305.0
1768804637.481348,116840,0.0,4.71,-2.16,91.0,309.0
1768804637.4918544,116860,0.0,4.68,-0.86,85.0,296.0
1768804637.5145855,116880,0.0,4.68,-0.58,81.0,287.0
1768804637.522697,116900,0.0,4.66,-1.56,84.0,293.0
1768804637.555083,116920,0.0,4.62,-1.86,88.0,302.0
1768804637.576426,116940,0.0,4.6,-0.73,85.0,296.0
1768804637.5915349,116960,0.0,4.6,0.49,80.0,284.0
1768804637.608152,116980,0.0,4.6,-0.11,80.0,284.0
1768804637.6383114,117000,0.0,4.58,-1.61,84.0,293.0
1768804637.6482887,117020,0.0,4.56,-1.17,86.0,298.0
1768804637.6964734,117040,0.0,4.55,-0.05,82.0,289.0
1768804637.7014651,117060,0.0,4.55,0.48,78.0,280.0
1768804637.7194827,117080,0.0,4.55,-0.45,81.0,287.0
1768804637.7289398,117100,0.0,4.52,-1.57,88.0,302.0
1768804637.7531276,117120,0.0,4.5,-0.54,85.0,296.0
1768804637.7662342,117140,0.0,4.51,0.65,77.0,277.0
1768804637.7933135,117160,0.0,4.52,0.12,77.0,277.0
1768804637.8153996,117180,0.0,4.5,-1.65,86.0,298.0
1768804637.829897,117200,0.0,4.46,-1.89,89.0,305.0
1768804637.846251,117220,0.0,4.45,-0.52,84.0,293.0
1768804637.8792598,117240,0.0,4.45,0.1,80.0,284.0
1768804637.889407,117260,0.0,4.44,-0.92,83.0,291.0
1768804637.9148474,117280,0.0,4.41,-1.5,88.0,302.0
1768804637.930778,117300,0.0,4.39,-0.78,87.0,300.0
1768804637.9691584,117320,0.0,4.38,-0.04,80.0,284.0
1768804637.987517,117340,0.0,4.39,-0.5,79.0,282.0
1768804637.9940982,117360,0.0,4.37,-1.42,85.0,296.0
1768804638.0096536,117380,0.0,4.33,-1.25,90.0,307.0
1768804638.0408385,117400,0.0,4.31,-0.19,85.0,296.0
1768804638.0496879,117420,0.0,4.32,0.45,78.0,280.0
1768804638.071798,117440,0.0,4.32,-0.28,80.0,284.0
1768804638.0810866,117460,0.0,4.3,-1.41,86.0,298.0
1768804638.1136227,117480,0.0,4.28,-0.5,84.0,293.0
1768804638.1456394,117500,0.0,4.29,0.73,78.0,280.0
1768804638.1514344,117520,0.0,4.3,-0.08,79.0,282.0
1768804638.167553,117540,0.0,4.28,-1.48,87.0,300.0
1768804638.2230866,117560,0.0,4.26,-0.53,85.0,296.0
1768804638.2348053,117580,0.0,4.27,1.3,77.0,277.0
1768804638.2429228,117600,0.0,4.29,0.23,77.0,277.0
1768804638.2540412,117620,0.0,4.27,-1.79,84.0,293.0
1768804638.2843509,117640,0.0,4.23,-1.5,90.0,307.0
1768804638.2965279,117660,0.0,4.23,0.38,82.0,289.0
1768804638.3064556,117680,0.0,4.24,0.89,77.0,277.0
1768804638.3278625,117700,0.0,4.25,-0.55,81.0,287.0
1768804638.362264,117720,0.0,4.22,-1.24,87.0,300.0
1768804638.371658,117740,0.0,4.21,-0.01,84.0,293.0
1768804638.393753,117760,0.0,4.22,0.98,78.0,280.0
1768804638.4168792,117780,0.0,4.23,-0.32,81.0,287.0
1768804638.4384131,117800,0.0,4.21,-1.12,85.0,296.0
1768804638.4598448,117820,0.0,4.2,-0.2,83.0,291.0
1768804638.4672704,117840,0.0,4.23,1.06,75.0,273.0
1768804638.4898915,117860,0.0,4.24,0.55,77.0,277.0
1768804638.520957,117880,0.0,4.23,-1.56,91.0,309.0
1768804638.5309992,117900,0.0,4.19,-1.69,96.0,321.0
1768804638.553058,117920,0.0,4.18,0.14,90.0,307.0
1768804638.5623367,117940,0.0,4.2,0.87,85.0,296.0
1768804638.6041641,117960,0.0,4.21,0.41,87.0,300.0
1768804638.6310835,117980,0.0,4.21,0.35,86.0,298.0
1768804638.6431267,118000,0.0,4.23,0.61,83.0,291.0
1768804638.653163,118020,0.0,4.25,0.63,82.0,289.0
1768804638.6870542,118040,0.0,4.25,-0.22,89.0,305.0
1768804638.6949534,118060,0.0,4.25,-0.1,90.0,307.0
1768804638.717207,118080,0.0,4.26,0.85,85.0,296.0
1768804638.723506,118100,0.0,4.29,0.96,80.0,284.0
1768804638.755163,118120,0.0,4.3,-0.18,85.0,296.0
1768804638.7771695,118140,0.0,4.29,-0.53,90.0,307.0
1768804638.7872612,118160,0.0,4.29,0.39,88.0,302.0
1768804638.8312302,118180,0.0,4.31,1.19,83.0,291.0
1768804638.845816,118200,0.0,4.33,0.91,83.0,291.0
1768804638.8517876,118220,0.0,4.34,0.2,86.0,298.0
1768804638.876106,118240,0.0,4.34,0.59,87.0,300.0
1768804638.8891237,118260,0.0,4.36,0.95,83.0,291.0
1768804638.9093843,118280,0.0,4.38,0.5,82.0,289.0
1768804638.940357,118300,0.0,4.39,0.14,85.0,296.0
1768804638.9513013,118320,0.0,4.38,-0.18,90.0,307.0
1768804638.9767196,118340,0.0,4.38,0.39,86.0,298.0
1768804638.978693,118360,0.0,4.4,1.02,75.0,273.0
1768804639.018374,118380,0.0,4.42,0.52,76.0,275.0
1768804639.0285194,118400,0.0,4.42,-0.67,81.0,287.0
1768804639.056448,118420,0.0,4.39,-1.34,86.0,298.0
1768804639.0613832,118440,0.0,4.38,-0.0,83.0,291.0
1768804639.0988238,118460,0.0,4.39,0.78,77.0,277.0
1768804639.1170182,118480,0.0,4.4,-0.04,77.0,277.0
1768804639.1328256,118500,0.0,4.39,-1.21,84.0,293.0
1768804639.1518037,118520,0.0,4.36,-0.81,85.0,296.0
1768804639.1785707,118540,0.0,4.37,0.49,78.0,280.0
1768804639.189333,118560,0.0,4.38,0.41,76.0,275.0
1768804639.2109706,118580,0.0,4.38,-0.44,81.0,287.0
1768804639.2200773,118600,0.0,4.36,-0.23,85.0,296.0
1768804639.2528503,118620,0.0,4.36,0.49,79.0,282.0
1768804639.2817805,118640,0.0,4.39,0.84,72.0,266.0
1768804639.2910419,118660,0.0,4.39,-0.26,79.0,282.0
1768804639.3141646,118680,0.0,4.37,-1.7,88.0,302.0
1768804639.343494,118700,0.0,4.34,-1.2,86.0,298.0
1768804639.362603,118720,0.0,4.33,0.04,80.0,284.0
1768804639.3738108,118740,0.0,4.33,0.06,80.0,284.0
1768804639.3891501,118760,0.0,4.32,-0.79,85.0,296.0
1768804639.423751,118780,0.0,4.3,-0.68,86.0,298.0
1768804639.4291003,118800,0.0,4.3,0.35,79.0,282.0
1768804639.4517553,118820,0.0,4.31,-0.07,76.0,275.0
1768804639.4607162,118840,0.0,4.29,-1.17,85.0,296.0
1768804639.519428,118860,0.0,4.25,-1.87,91.0,309.0
1768804639.532921,118880,0.0,4.23,-0.49,83.0,291.0
1768804639.5357199,118900,0.0,4.25,0.57,76.0,275.0
1768804639.548385,118920,0.0,4.25,-0.32,79.0,282.0
1768804639.5830219,118940,0.0,4.22,-2.04,87.0,300.0
1768804639.5986388,118960,0.0,4.18,-1.59,89.0,305.0
1768804639.6146216,118980,0.0,4.17,-0.1,82.0,289.0
1768804639.6238317,119000,0.0,4.18,0.42,79.0,282.0
1768804639.6583984,119020,0.0,4.17,-0.66,84.0,293.0
1768804639.6765451,119040,0.0,4.15,-0.98,85.0,296.0
1768804639.686629,119060,0.0,4.14,-0.2,82.0,289.0
1768804639.7075076,119080,0.0,4.14,0.26,79.0,282.0
1768804639.7468324,119100,0.0,4.14,-0.93,82.0,289.0
1768804639.7584662,119120,0.0,4.11,-1.99,87.0,300.0
1768804639.792491,119140,0.0,4.08,-1.0,86.0,298.0
1768804639.8121011,119160,0.0,4.08,0.46,81.0,287.0
1768804639.85094,119180,0.0,4.09,0.26,80.0,284.0
1768804639.8779514,119200,0.0,4.07,-1.33,85.0,296.0
1768804639.8904636,119220,0.0,4.04,-1.19,88.0,302.0
1768804639.904364,119240,0.0,4.03,0.09,82.0,289.0
1768804639.9051642,119260,0.0,4.05,0.44,75.0,273.0
1768804639.9108992,119280,0.0,4.05,-0.57,81.0,287.0
1768804639.9323719,119300,0.0,4.01,-2.08,90.0,307.0
1768804639.9420784,119320,0.0,3.98,-1.47,89.0,305.0
1768804639.9758046,119340,0.0,3.97,0.14,80.0,284.0
1768804639.9973187,119360,0.0,3.98,0.41,79.0,282.0
1768804640.008167,119380,0.0,3.97,-0.69,85.0,296.0
1768804640.0305924,119400,0.0,3.95,-1.02,87.0,300.0
1768804640.060802,119420,0.0,3.94,0.2,82.0,289.0
1768804640.0716538,119440,0.0,3.95,0.24,77.0,277.0
1768804640.0940425,119460,0.0,3.94,-1.22,83.0,291.0
1768804640.1038377,119480,0.0,3.91,-2.06,90.0,307.0
1768804640.1355462,119500,0.0,3.88,-1.14,87.0,300.0
1768804640.1575882,119520,0.0,3.88,0.29,81.0,287.0
1768804640.1676192,119540,0.0,3.86,-1.12,85.0,296.0
1768804640.2013674,119560,0.0,3.83,-2.0,90.0,307.0
1768804640.2217007,119580,0.0,3.8,-0.52,87.0,300.0
1768804640.2345161,119600,0.0,3.81,0.4,79.0,282.0
1768804640.263338,119620,0.0,3.82,-0.35,77.0,277.0
1768804640.2728698,119640,0.0,3.8,-1.53,87.0,300.0
1768804640.2962544,119660,0.0,3.75,-1.73,93.0,314.0
1768804640.3226037,119680,0.0,3.73,-0.45,86.0,298.0
1768804640.3375852,119700,0.0,3.73,-0.0,80.0,284.0
1768804640.3555312,119720,0.0,3.72,-1.07,85.0,296.0
1768804640.3742917,119740,0.0,3.68,-1.86,90.0,307.0
1768804640.3921943,119760,0.0,3.66,-0.84,85.0,296.0
1768804640.4144244,119780,0.0,3.67,0.67,77.0,277.0
1768804640.4247725,119800,0.0,3.68,-0.29,81.0,287.0
1768804640.4527702,119820,0.0,3.64,-2.47,89.0,305.0
1768804640.4812615,119840,0.0,3.6,-1.73,93.0,314.0
1768804640.5398128,119860,0.0,3.58,-0.06,85.0,296.0
1768804640.572703,119880,0.0,3.59,0.7,78.0,280.0
1768804640.598611,119900,0.0,3.59,-0.85,83.0,291.0
1768804640.5994954,119920,0.0,3.56,-1.78,90.0,307.0
1768804640.6003225,119940,0.0,3.53,-0.49,86.0,298.0
1768804640.6011267,119960,0.0,3.54,0.44,80.0,284.0
1768804640.6059947,119980,0.0,3.54,-0.23,82.0,289.0
1768804640.6389537,120000,0.0,3.52,-1.53,86.0,298.0
1768804640.649045,120020,0.0,3.5,-0.96,86.0,298.0
1768804640.6736946,120040,0.0,3.5,0.65,82.0,289.0
1768804640.6823766,120060,0.0,3.51,0.02,79.0,282.0
1768804640.7194026,120080,0.0,3.5,-0.96,84.0,293.0
1768804640.7317863,120100,0.0,3.48,-0.73,88.0,302.0
1768804640.7511506,120120,0.0,3.48,-0.2,82.0,289.0
1768804640.764832,120140,0.0,3.49,0.49,79.0,282.0
1768804640.7942924,120160,0.0,3.49,-0.14,82.0,289.0
1768804640.8158462,120180,0.0,3.48,-1.09,92.0,312.0
1768804640.8315017,120200,0.0,3.47,-0.66,91.0,309.0
1768804640.8467784,120220,0.0,3.48,0.99,86.0,298.0
1768804640.879489,120240,0.0,3.5,1.12,85.0,296.0
1768804640.8944578,120260,0.0,3.51,0.04,87.0,300.0
1768804640.9137237,120280,0.0,3.52,0.19,88.0,302.0
1768804640.923671,120300,0.0,3.54,1.21,84.0,293.0
1768804640.9550645,120320,0.0,3.57,1.34,80.0,284.0
1768804640.9780815,120340,0.0,3.59,0.6,86.0,298.0
1768804640.9858642,120360,0.0,3.6,0.35,90.0,307.0
1768804641.0073035,120380,0.0,3.61,1.14,84.0,293.0
1768804641.041073,120400,0.0,3.66,1.98,78.0,280.0
1768804641.0520344,120420,0.0,3.69,0.92,82.0,289.0
1768804641.0720186,120440,0.0,3.68,-0.94,91.0,309.0
1768804641.081373,120460,0.0,3.67,-0.41,91.0,309.0
1768804641.114,120480,0.0,3.69,1.03,84.0,293.0
1768804641.1447532,120500,0.0,3.72,1.33,81.0,287.0
1768804641.1592503,120520,0.0,3.73,-0.08,87.0,300.0
1768804641.1682427,120540,0.0,3.72,-0.31,90.0,307.0
1768804641.1983898,120560,0.0,3.73,1.05,87.0,300.0
1768804641.2207005,120580,0.0,3.75,0.99,83.0,291.0
1768804641.2394729,120600,0.0,3.76,-0.53,85.0,296.0
1768804641.2543974,120620,0.0,3.74,-1.1,90.0,307.0
1768804641.2896793,120640,0.0,3.72,-0.54,87.0,300.0
1768804641.2904835,120660,0.0,3.71,0.16,82.0,289.0
1768804641.3127406,120680,0.0,3.7,-0.75,82.0,289.0
1768804641.3218977,120700,0.0,3.67,-2.39,88.0,302.0
1768804641.366137,120720,0.0,3.63,-2.01,90.0,307.0
1768804641.3773968,120740,0.0,3.6,-0.54,85.0,296.0
1768804641.391484,120760,0.0,3.6,-0.05,83.0,291.0
1768804641.4170704,120780,0.0,3.58,-1.25,85.0,296.0
1768804641.4481556,120800,0.0,3.55,-1.46,89.0,305.0
1768804641.4589965,120820,0.0,3.53,-0.33,85.0,296.0
1768804641.4776256,120840,0.0,3.53,0.23,80.0,284.0
1768804641.482356,120860,0.0,3.52,-0.51,85.0,296.0
1768804641.5200458,120880,0.0,3.49,-1.59,90.0,307.0
1768804641.537366,120900,0.0,3.47,-0.6,85.0,296.0
1768804641.5473664,120920,0.0,3.48,1.01,77.0,277.0
1768804641.5683305,120940,0.0,3.49,0.24,79.0,282.0
1768804641.6090703,120960,0.0,3.47,-2.11,88.0,302.0
1768804641.6287973,120980,0.0,3.43,-1.79,90.0,307.0
1768804641.6600914,121000,0.0,3.42,-0.1,83.0,291.0
1768804641.6607153,121020,0.0,3.43,0.56,80.0,284.0
1768804641.681789,121040,0.0,3.42,-0.99,85.0,296.0
1768804641.6993582,121060,0.0,3.39,-1.05,88.0,302.0
1768804641.7103784,121080,0.0,3.39,0.7,82.0,289.0
1768804641.7301884,121100,0.0,3.42,0.78,76.0,275.0
1768804641.7621944,121120,0.0,3.42,-0.18,80.0,284.0
1768804641.7720764,121140,0.0,3.4,-1.19,87.0,300.0
1768804641.7956915,121160,0.0,3.39,-0.27,85.0,296.0
1768804641.804376,121180,0.0,3.4,0.85,77.0,277.0
1768804641.8378875,121200,0.0,3.42,0.6,77.0,277.0
1768804641.8632643,121220,0.0,3.42,-0.08,83.0,291.0
1768804641.8813498,121240,0.0,3.42,0.7,82.0,289.0
1768804641.8968182,121260,0.0,3.46,2.11,74.0,271.0
1768804641.8994012,121280,0.0,3.49,1.34,72.0,266.0
1768804641.933296,121300,0.0,3.51,-0.09,79.0,282.0
1768804641.955566,121320,0.0,3.5,-0.18,84.0,293.0
1768804641.976191,121340,0.0,3.51,0.95,81.0,287.0
1768804641.985211,121360,0.0,3.53,1.44,74.0,271.0
1768804642.0187538,121380,0.0,3.55,0.34,77.0,277.0
1768804642.0288835,121400,0.0,3.56,-0.15,81.0,287.0
1768804642.0511138,121420,0.0,3.56,0.34,80.0,284.0
1768804642.060379,121440,0.0,3.58,1.11,76.0,275.0
1768804642.1049688,121460,0.0,3.59,0.26,79.0,282.0
1768804642.1194243,121480,0.0,3.58,-0.79,85.0,296.0
1768804642.143751,121500,0.0,3.57,-0.08,85.0,296.0
1768804642.1568131,121520,0.0,3.58,0.46,79.0,282.0
1768804642.1799915,121540,0.0,3.59,0.24,78.0,280.0
1768804642.203707,121560,0.0,3.58,-0.93,84.0,293.0
1768804642.2113879,121580,0.0,3.55,-1.63,88.0,302.0
1768804642.220495,121600,0.0,3.53,-0.57,84.0,293.0
1768804642.2536414,121620,0.0,3.54,0.51,77.0,277.0
1768804642.2812355,121640,0.0,3.54,-0.55,82.0,289.0
1768804642.2902393,121660,0.0,3.51,-1.95,89.0,305.0
1768804642.306968,121680,0.0,3.48,-1.0,88.0,302.0
1768804642.339871,121700,0.0,3.48,1.03,81.0,287.0
1768804642.3528683,121720,0.0,3.5,0.64,77.0,277.0
1768804642.37356,121740,0.0,3.49,-0.7,84.0,293.0
1768804642.3824325,121760,0.0,3.48,-0.4,86.0,298.0
1768804642.4157772,121780,0.0,3.49,0.9,78.0,280.0
1768804642.4360595,121800,0.0,3.53,1.8,72.0,266.0
1768804642.4461899,121820,0.0,3.55,0.99,76.0,275.0
1768804642.4673395,121840,0.0,3.55,-0.24,83.0,291.0
1768804642.510131,121860,0.0,3.54,-0.37,83.0,291.0
1768804642.5268433,121880,0.0,3.56,1.14,76.0,275.0
1768804642.5353203,121900,0.0,3.58,0.92,75.0,273.0
1768804642.5421727,121920,0.0,3.59,-0.13,80.0,284.0
1768804642.600041,121940,0.0,3.58,-0.13,83.0,291.0
1768804642.6150074,121960,0.0,3.59,1.1,79.0,282.0
1768804642.6191363,121980,0.0,3.61,0.62,75.0,273.0
1768804642.6281564,122000,0.0,3.61,-0.9,80.0,284.0
1768804642.6608124,122020,0.0,3.59,-1.26,86.0,298.0
1768804642.6703026,122040,0.0,3.58,-0.3,84.0,293.0
1768804642.6927948,122060,0.0,3.59,0.51,78.0,280.0
1768804642.7020555,122080,0.0,3.58,-0.66,82.0,289.0
1768804642.7461102,122100,0.0,3.56,-1.47,88.0,302.0
1768804642.7602835,122120,0.0,3.53,-0.34,87.0,300.0
1768804642.7671397,122140,0.0,3.54,0.27,80.0,284.0
1768804642.7926748,122160,0.0,3.54,-0.51,79.0,282.0
1768804642.8302646,122180,0.0,3.52,-1.33,86.0,298.0
1768804642.8387713,122200,0.0,3.49,-1.04,89.0,305.0
1768804642.851058,122220,0.0,3.49,0.02,82.0,289.0
1768804642.8845272,122240,0.0,3.5,-0.0,77.0,277.0
1768804642.901213,122260,0.0,3.49,-0.89,82.0,289.0
1768804642.9114497,122280,0.0,3.47,-1.21,88.0,302.0
1768804642.9335737,122300,0.0,3.45,-0.6,85.0,296.0
1768804642.9483929,122320,0.0,3.45,0.13,80.0,284.0
1768804642.9777772,122340,0.0,3.45,-0.43,81.0,287.0
1768804642.998197,122360,0.0,3.44,-0.86,85.0,296.0
1768804643.0109527,122380,0.0,3.42,-0.33,85.0,296.0
1768804643.0316672,122400,0.0,3.43,0.55,81.0,287.0
1768804643.0645006,122420,0.0,3.44,0.44,80.0,284.0
1768804643.073634,122440,0.0,3.44,-0.57,83.0,291.0
1768804643.0993452,122460,0.0,3.41,-1.02,87.0,300.0
1768804643.103132,122480,0.0,3.41,-0.03,82.0,289.0
1768804643.1366906,122500,0.0,3.43,0.57,76.0,275.0
1768804643.158006,122520,0.0,3.43,-0.04,87.0,300.0
1768804643.1681342,122540,0.0,3.41,-1.69,94.0,316.0
1768804643.1960685,122560,0.0,3.39,-0.87,92.0,312.0
1768804643.2101352,122580,0.0,3.4,1.02,85.0,296.0
1768804643.2413044,122600,0.0,3.42,0.4,84.0,293.0
1768804643.2667925,122620,0.0,3.41,-1.13,89.0,305.0
1768804643.280915,122640,0.0,3.39,-0.95,93.0,314.0
1768804643.2825096,122660,0.0,3.39,0.64,86.0,298.0
1768804643.3280325,122680,0.0,3.42,0.88,82.0,289.0
1768804643.3344033,122700,0.0,3.42,-0.75,89.0,305.0
1768804643.3445704,122720,0.0,3.39,-1.44,95.0,318.0
1768804643.3656123,122740,0.0,3.38,0.11,90.0,307.0
1768804643.398969,122760,0.0,3.4,1.47,83.0,291.0
1768804643.4184604,122780,0.0,3.41,0.24,86.0,298.0
1768804643.4318871,122800,0.0,3.4,-1.44,91.0,309.0
1768804643.4552786,122820,0.0,3.38,-0.47,92.0,312.0
1768804643.497295,122840,0.0,3.39,0.92,85.0,296.0
1768804643.5159838,122860,0.0,3.4,0.32,84.0,293.0
1768804643.531694,122880,0.0,3.4,-1.02,82.0,289.0
1768804643.552299,122900,0.0,3.38,-0.71,86.0,298.0
1768804643.5590312,122920,0.0,3.37,-0.07,84.0,293.0
1768804643.569298,122940,0.0,3.37,-0.04,80.0,284.0
1768804643.5910597,122960,0.0,3.37,-0.5,82.0,289.0
1768804643.6005883,122980,0.0,3.35,-0.85,85.0,296.0
1768804643.643658,123000,0.0,3.33,-0.61,85.0,296.0
1768804643.6693432,123020,0.0,3.33,0.13,80.0,284.0
1768804643.690335,123040,0.0,3.34,0.34,79.0,282.0
1768804643.6983664,123060,0.0,3.34,-0.54,81.0,287.0
1768804643.7149,123080,0.0,3.32,-0.31,85.0,296.0
1768804643.7378104,123100,0.0,3.32,0.58,82.0,289.0
1768804643.7481441,123120,0.0,3.34,0.97,77.0,277.0
1768804643.7675378,123140,0.0,3.35,0.09,79.0,282.0
1768804643.799741,123160,0.0,3.33,-1.46,85.0,296.0
1768804643.8097444,123180,0.0,3.3,-1.35,87.0,300.0
1768804643.8383374,123200,0.0,3.29,0.13,83.0,291.0
1768804643.8519778,123220,0.0,3.3,0.68,80.0,284.0
1768804643.8787067,123240,0.0,3.3,-0.54,81.0,287.0
1768804643.8980188,123260,0.0,3.28,-0.86,85.0,296.0
1768804643.9108653,123280,0.0,3.27,-0.4,85.0,296.0
1768804643.9273882,123300,0.0,3.27,0.13,80.0,284.0
1768804643.9638727,123320,0.0,3.28,-0.33,80.0,284.0
1768804643.9702318,123340,0.0,3.26,-0.86,87.0,300.0
1768804643.992388,123360,0.0,3.23,-0.96,88.0,302.0
1768804644.0017226,123380,0.0,3.22,-0.29,84.0,293.0
1768804644.0344844,123400,0.0,3.23,0.07,80.0,284.0
1768804644.0649862,123420,0.0,3.22,-1.08,83.0,291.0
1768804644.0825486,123440,0.0,3.18,-2.22,90.0,307.0
1768804644.090477,123460,0.0,3.15,-0.74,88.0,302.0
1768804644.121664,123480,0.0,3.15,0.14,83.0,291.0
1768804644.144516,123500,0.0,3.14,-0.56,84.0,293.0
1768804644.1532557,123520,0.0,3.12,-1.76,88.0,302.0
1768804644.1772664,123540,0.0,3.09,-0.91,87.0,300.0
1768804644.19878,123560,0.0,3.09,0.25,80.0,284.0
1768804644.2169406,123580,0.0,3.1,-0.24,81.0,287.0
1768804644.2272463,123600,0.0,3.07,-1.8,89.0,305.0
1768804644.2482455,123620,0.0,3.03,-2.07,93.0,314.0
1768804644.2843297,123640,0.0,3.0,-0.6,87.0,300.0
1768804644.2918122,123660,0.0,3.0,0.31,83.0,291.0
1768804644.332926,123680,0.0,3.0,-0.78,84.0,293.0
1768804644.3377206,123700,0.0,2.97,-1.37,88.0,302.0
1768804644.3790421,123720,0.0,2.95,-0.6,87.0,300.0
1768804644.3795426,123740,0.0,2.95,0.14,81.0,287.0
1768804644.38885,123760,0.0,2.96,-0.36,81.0,287.0
1768804644.410094,123780,0.0,2.94,-1.45,86.0,298.0
1768804644.4412863,123800,0.0,2.9,-1.58,92.0,312.0
1768804644.451145,123820,0.0,2.89,-0.18,86.0,298.0
1768804644.4737802,123840,0.0,2.9,0.69,78.0,280.0
1768804644.4978824,123860,0.0,2.9,-0.54,84.0,293.0
1768804644.524114,123880,0.0,2.86,-2.36,90.0,307.0
1768804644.5379255,123900,0.0,2.82,-1.87,91.0,309.0
1768804644.5537329,123920,0.0,2.81,-0.35,84.0,293.0
1768804644.5647337,123940,0.0,2.81,-0.09,82.0,289.0
1768804644.5978158,123960,0.0,2.79,-1.48,89.0,305.0
1768804644.6217582,123980,0.0,2.75,-1.46,92.0,312.0
1768804644.6325648,124000,0.0,2.74,0.16,85.0,296.0
1768804644.6585891,124020,0.0,2.75,0.52,80.0,284.0
1768804644.6595728,124040,0.0,2.74,-1.43,86.0,298.0
1768804644.6918612,124060,0.0,2.7,-2.37,93.0,314.0
1768804644.7234027,124080,0.0,2.67,-1.21,89.0,305.0
1768804644.7337186,124100,0.0,2.66,-0.09,85.0,296.0
1768804644.7543018,124120,0.0,2.65,-0.62,85.0,296.0
1768804644.8028,124140,0.0,2.62,-1.82,91.0,309.0
1768804644.8365328,124160,0.0,2.59,-1.21,90.0,307.0
1768804644.867017,124180,0.0,2.58,-0.02,84.0,293.0
1768804644.8831644,124200,0.0,2.58,-0.69,85.0,296.0
1768804644.8838413,124220,0.0,2.55,-2.06,90.0,307.0
1768804644.8843694,124240,0.0,2.51,-1.64,91.0,309.0
1768804644.885168,124260,0.0,2.49,-0.09,88.0,302.0
1768804644.906042,124280,0.0,2.49,-0.43,83.0,291.0
1768804644.9465752,124300,0.0,2.48,-1.74,86.0,298.0
1768804644.9611678,124320,0.0,2.44,-1.88,91.0,309.0
1768804644.9727945,124340,0.0,2.41,-0.7,89.0,305.0
1768804644.9826357,124360,0.0,2.41,-0.02,85.0,296.0
1768804645.0134006,124380,0.0,2.4,-0.55,84.0,293.0
1768804645.0397863,124400,0.0,2.39,-1.01,87.0,300.0
1768804645.049487,124420,0.0,2.37,-0.87,89.0,305.0
1768804645.07114,124440,0.0,2.35,-0.48,87.0,300.0
1768804645.0995126,124460,0.0,2.35,0.4,83.0,291.0
1768804645.1095505,124480,0.0,2.36,0.08,83.0,291.0
1768804645.131126,124500,0.0,2.35,-0.89,85.0,296.0
1768804645.1405282,124520,0.0,2.33,-0.93,88.0,302.0
1768804645.2042916,124540,0.0,2.33,0.3,84.0,293.0
1768804645.270322,124560,0.0,2.34,0.68,82.0,289.0
1768804645.3021135,124580,0.0,2.34,-0.16,84.0,293.0
1768804645.3238478,124600,0.0,2.33,-1.14,87.0,300.0
1768804645.324764,124620,0.0,2.32,-0.5,86.0,298.0
1768804645.325695,124640,0.0,2.32,0.41,82.0,289.0
1768804645.3265045,124660,0.0,2.33,-0.19,82.0,289.0
1768804645.3273315,124680,0.0,2.31,-1.24,87.0,300.0
1768804645.3344364,124700,0.0,2.29,-0.79,89.0,305.0
1768804645.3559074,124720,0.0,2.28,0.08,86.0,298.0
1768804645.3725798,124740,0.0,2.29,0.07,80.0,284.0
1768804645.389371,124760,0.0,2.29,-0.75,84.0,293.0
1768804645.4249134,124780,0.0,2.26,-1.84,91.0,309.0
1768804645.4552891,124800,0.0,2.22,-1.87,95.0,318.0
1768804645.4618697,124820,0.0,2.19,-1.09,90.0,307.0
1768804645.4750443,124840,0.0,2.18,-0.18,86.0,298.0
1768804645.501279,124860,0.0,2.18,-0.57,86.0,298.0
1768804645.51086,124880,0.0,2.16,-1.48,96.0,321.0
1768804645.5360217,124900,0.0,2.13,-1.4,97.0,323.0
1768804645.5514731,124920,0.0,2.11,-0.41,92.0,312.0
1768804645.5744145,124940,0.0,2.11,0.28,90.0,307.0
1768804645.5969572,124960,0.0,2.11,-0.81,92.0,312.0
1768804645.6147528,124980,0.0,2.09,-0.85,96.0,321.0
1768804645.6331182,125000,0.0,2.08,0.11,92.0,312.0
1768804645.6665497,125020,0.0,2.1,0.32,86.0,298.0
1768804645.67632,125040,0.0,2.1,-0.53,90.0,307.0
1768804645.6926682,125060,0.0,2.07,-1.83,97.0,323.0
1768804645.7078686,125080,0.0,2.03,-1.51,99.0,327.0
1768804645.7396855,125100,0.0,2.02,-0.33,88.0,302.0
1768804645.7715278,125120,0.0,2.02,-0.12,83.0,291.0
1768804645.7720592,125140,0.0,2.0,-1.03,89.0,305.0
1768804645.788412,125160,0.0,1.96,-2.19,95.0,318.0
1768804645.8210573,125180,0.0,1.92,-1.72,93.0,314.0
1768804645.8396175,125200,0.0,1.91,-0.53,85.0,296.0
1768804645.8661635,125220,0.0,1.91,-0.32,84.0,293.0
1768804645.8698504,125240,0.0,1.89,-1.73,90.0,307.0
1768804645.9030497,125260,0.0,1.85,-1.63,94.0,316.0
1768804645.919036,125280,0.0,1.83,0.21,87.0,300.0
1768804645.9355776,125300,0.0,1.85,0.83,80.0,284.0
1768804645.9479394,125320,0.0,1.85,-0.44,85.0,296.0
1768804645.9664145,125340,0.0,1.82,-1.84,92.0,312.0
1768804646.0004637,125360,0.0,1.79,-1.37,92.0,312.0
1768804646.007683,125380,0.0,1.78,-0.28,85.0,296.0
1768804646.0303369,125400,0.0,1.78,-0.26,85.0,296.0
1768804646.039525,125420,0.0,1.76,-1.14,91.0,309.0
1768804646.0865233,125440,0.0,1.73,-0.85,93.0,314.0
1768804646.0952778,125460,0.0,1.72,0.11,85.0,296.0
1768804646.1054337,125480,0.0,1.74,0.11,82.0,289.0
1768804646.127385,125500,0.0,1.72,-0.92,89.0,305.0
1768804646.1623485,125520,0.0,1.69,-1.59,95.0,318.0
1768804646.1684103,125540,0.0,1.67,-0.42,89.0,305.0
1768804646.1951118,125560,0.0,1.68,1.05,81.0,287.0
1768804646.1998794,125580,0.0,1.69,-0.04,85.0,296.0
1768804646.2328315,125600,0.0,1.66,-1.9,92.0,312.0
1768804646.2550344,125620,0.0,1.64,-0.84,90.0,307.0
1768804646.265017,125640,0.0,1.65,1.27,82.0,289.0
1768804646.299469,125660,0.0,1.66,0.31,83.0,291.0
1768804646.3219779,125680,0.0,1.65,-1.31,90.0,307.0
1768804646.3312995,125700,0.0,1.63,-0.63,90.0,307.0
1768804646.3547416,125720,0.0,1.64,1.62,80.0,284.0
1768804646.3659725,125740,0.0,1.67,0.85,79.0,282.0
1768804646.398003,125760,0.0,1.66,-1.65,88.0,302.0
1768804646.415802,125780,0.0,1.62,-1.79,94.0,316.0
1768804646.4269235,125800,0.0,1.61,0.32,89.0,305.0
1768804646.4543931,125820,0.0,1.63,1.4,82.0,289.0
1768804646.4795525,125840,0.0,1.64,0.07,82.0,289.0
1768804646.4895017,125860,0.0,1.63,-1.01,89.0,305.0
1768804646.5138824,125880,0.0,1.61,-1.15,91.0,309.0
1768804646.5238135,125900,0.0,1.6,-0.62,86.0,298.0
1768804646.5541217,125920,0.0,1.6,0.1,84.0,293.0
1768804646.5826926,125940,0.0,1.6,-0.18,86.0,298.0
1768804646.5869837,125960,0.0,1.58,-0.32,90.0,307.0
1768804646.6177506,125980,0.0,1.58,0.14,87.0,300.0
1768804646.6399841,126000,0.0,1.59,0.63,82.0,289.0
1768804646.6503263,126020,0.0,1.6,-0.14,83.0,291.0
1768804646.6816306,126040,0.0,1.58,-1.59,90.0,307.0
1768804646.683691,126060,0.0,1.55,-1.14,92.0,312.0
1768804646.7141404,126080,0.0,1.54,0.48,87.0,300.0
1768804646.7362566,126100,0.0,1.56,0.31,82.0,289.0
1768804646.7666728,126120,0.0,1.55,-1.45,87.0,300.0
1768804646.7731683,126140,0.0,1.51,-2.01,93.0,314.0
1768804646.8063924,126160,0.0,1.49,-0.61,92.0,312.0
1768804646.8192906,126180,0.0,1.48,0.47,87.0,300.0
1768804646.8454392,126200,0.0,1.48,-0.72,88.0,302.0
1768804646.846037,126220,0.0,1.45,-1.8,92.0,312.0
1768804646.8747823,126240,0.0,1.42,-1.03,92.0,312.0
1768804646.897149,126260,0.0,1.42,-0.14,86.0,298.0
1768804646.913218,126280,0.0,1.42,-0.58,86.0,298.0
1768804646.928134,126300,0.0,1.39,-1.83,92.0,312.0
1768804646.9606981,126320,0.0,1.35,-1.5,98.0,325.0
1768804646.9804904,126340,0.0,1.33,-0.43,91.0,309.0
1768804647.0013697,126360,0.0,1.34,0.16,82.0,289.0
1768804647.0138447,126380,0.0,1.33,-0.52,87.0,300.0
1768804647.0425422,126400,0.0,1.31,-2.03,93.0,314.0
1768804647.0692508,126420,0.0,1.27,-1.53,95.0,318.0
1768804647.0781412,126440,0.0,1.25,-0.51,90.0,307.0
1768804647.0929718,126460,0.0,1.25,0.04,87.0,300.0
1768804647.1299617,126480,0.0,1.23,-1.15,91.0,309.0
1768804647.1314063,126500,0.0,1.21,-1.25,93.0,314.0
1768804647.15342,126520,0.0,1.19,-0.63,89.0,305.0
1768804647.1626308,126540,0.0,1.19,-0.48,86.0,298.0
1768804647.2144682,126560,0.0,1.17,-1.5,91.0,309.0
1768804647.2288415,126580,0.0,1.13,-2.1,96.0,321.0
1768804647.235925,126600,0.0,1.1,-0.83,93.0,314.0
1768804647.261169,126620,0.0,1.1,0.81,85.0,296.0
1768804647.2816277,126640,0.0,1.11,0.46,85.0,296.0
1768804647.295729,126660,0.0,1.1,-0.8,90.0,307.0
1768804647.3168225,126680,0.0,1.08,-0.98,93.0,314.0
1768804647.32658,126700,0.0,1.07,-0.15,88.0,302.0
1768804647.355971,126720,0.0,1.08,0.4,83.0,291.0
1768804647.377509,126740,0.0,1.08,-0.66,88.0,302.0
1768804647.3875759,126760,0.0,1.05,-1.74,94.0,316.0
1768804647.418184,126780,0.0,1.02,-1.1,93.0,314.0
1768804647.4401312,126800,0.0,1.02,0.17,86.0,298.0
1768804647.4559445,126820,0.0,1.03,-0.02,85.0,296.0
1768804647.481199,126840,0.0,1.02,-1.17,90.0,307.0
1768804647.49193,126860,0.0,0.98,-1.11,96.0,321.0
1768804647.5142174,126880,0.0,0.97,-0.22,90.0,307.0
1768804647.539106,126900,0.0,0.98,0.62,83.0,291.0
1768804647.5496354,126920,0.0,0.98,-0.68,87.0,300.0
1768804647.5825117,126940,0.0,0.95,-2.26,95.0,318.0
1768804647.5832427,126960,0.0,0.91,-1.76,96.0,321.0
1768804647.612584,126980,0.0,0.9,0.09,90.0,307.0
1768804647.6348155,127000,0.0,0.91,0.9,85.0,296.0
1768804647.647848,127020,0.0,0.92,0.16,87.0,300.0
1768804647.6695461,127040,0.0,0.91,-0.58,90.0,307.0
1768804647.6995978,127060,0.0,0.91,0.14,88.0,302.0
1768804647.715485,127080,0.0,0.92,0.25,84.0,293.0
1768804647.7311046,127100,0.0,0.92,-0.11,85.0,296.0
1768804647.748329,127120,0.0,0.91,-0.99,89.0,305.0
1768804647.7758677,127140,0.0,0.9,-0.61,90.0,307.0
1768804647.7954235,127160,0.0,0.9,0.4,85.0,296.0
1768804647.812029,127180,0.0,0.92,0.61,82.0,289.0
1768804647.8262007,127200,0.0,0.92,-0.03,88.0,302.0
1768804647.8595285,127220,0.0,0.9,-1.1,94.0,316.0
1768804647.8780534,127240,0.0,0.88,-0.19,90.0,307.0
1768804647.8924673,127260,0.0,0.9,1.32,82.0,289.0
1768804647.9020972,127280,0.0,0.92,0.62,83.0,291.0
1768804647.9400728,127300,0.0,0.91,-1.11,90.0,307.0
1768804647.9576633,127320,0.0,0.88,-1.28,96.0,321.0
1768804647.965915,127340,0.0,0.87,0.1,89.0,305.0
1768804647.9875054,127360,0.0,0.89,1.04,82.0,289.0
1768804648.0197442,127380,0.0,0.89,-0.65,88.0,302.0
1768804648.037861,127400,0.0,0.86,-2.12,95.0,318.0
1768804648.0520134,127420,0.0,0.83,-1.17,93.0,314.0
1768804648.0609767,127440,0.0,0.82,0.71,87.0,300.0
1768804648.0961847,127460,0.0,0.83,0.19,86.0,298.0
1768804648.121956,127480,0.0,0.82,-1.28,91.0,309.0
1768804648.1306107,127500,0.0,0.79,-1.45,94.0,316.0
1768804648.1505392,127520,0.0,0.77,-0.12,91.0,309.0
1768804648.183666,127540,0.0,0.78,0.03,86.0,298.0
1768804648.204449,127560,0.0,0.76,-1.48,89.0,305.0
1768804648.2134867,127580,0.0,0.73,-1.87,95.0,318.0
1768804648.2217517,127600,0.0,0.69,-1.1,96.0,321.0
1768804648.2671156,127620,0.0,0.68,-0.46,92.0,312.0
1768804648.276426,127640,0.0,0.67,-0.81,89.0,305.0
1768804648.2864883,127660,0.0,0.65,-1.19,90.0,307.0
1768804648.3079112,127680,0.0,0.63,-0.88,93.0,314.0
1768804648.3510814,127700,0.0,0.62,-0.35,92.0,312.0
1768804648.353218,127720,0.0,0.61,-0.07,89.0,305.0
1768804648.386087,127740,0.0,0.61,-0.06,88.0,302.0
1768804648.3968918,127760,0.0,0.61,-0.52,89.0,305.0
1768804648.4289937,127780,0.0,0.59,-0.39,92.0,312.0
1768804648.432409,127800,0.0,0.59,0.01,90.0,307.0
1768804648.4531374,127820,0.0,0.6,0.41,86.0,298.0
1768804648.4645097,127840,0.0,0.6,-0.19,86.0,298.0
1768804648.4965374,127860,0.0,0.59,-1.21,91.0,309.0
1768804648.5172563,127880,0.0,0.57,-1.32,93.0,314.0
1768804648.5273538,127900,0.0,0.56,0.01,90.0,307.0
1768804648.5724702,127920,0.0,0.57,0.84,86.0,298.0
1768804648.5819776,127940,0.0,0.57,-0.18,88.0,302.0
1768804648.5960448,127960,0.0,0.55,-1.54,93.0,314.0
1768804648.624365,127980,0.0,0.53,-0.45,93.0,314.0
1768804648.6392505,128000,0.0,0.54,0.99,86.0,298.0
1768804648.6851285,128020,0.0,0.56,0.5,85.0,296.0
1768804648.6866124,128040,0.0,0.55,-1.05,90.0,307.0
1768804648.6992598,128060,0.0,0.52,-1.4,95.0,318.0
1768804648.725325,128080,0.0,0.51,-0.02,91.0,309.0
1768804648.7416518,128100,0.0,0.52,0.32,85.0,296.0
1768804648.7517667,128120,0.0,0.52,-0.66,88.0,302.0
1768804648.7741454,128140,0.0,0.49,-1.41,94.0,316.0
1768804648.8028505,128160,0.0,0.47,-0.53,94.0,316.0
1768804648.822044,128180,0.0,0.47,0.62,90.0,307.0
1768804648.8514872,128200,0.0,0.48,0.28,86.0,298.0
1768804648.8934147,128220,0.0,0.48,-0.61,87.0,300.0
1768804648.9116874,128240,0.0,0.47,-0.85,91.0,309.0
1768804648.9127948,128260,0.0,0.46,-0.26,91.0,309.0
1768804648.927347,128280,0.0,0.46,0.34,89.0,305.0
1768804648.9461002,128300,0.0,0.47,0.02,87.0,300.0
1768804648.9503012,128320,0.0,0.46,-0.23,89.0,305.0
1768804648.9593458,128340,0.0,0.46,-0.09,90.0,307.0
1768804648.9925008,128360,0.0,0.46,-0.08,90.0,307.0
1768804649.020071,128380,0.0,0.46,-0.19,90.0,307.0
1768804649.025738,128400,0.0,0.45,-0.58,91.0,309.0
1768804649.0477703,128420,0.0,0.44,-0.35,91.0,309.0
1768804649.0840664,128440,0.0,0.44,-0.23,90.0,307.0
1768804649.1132345,128460,0.0,0.43,-0.51,91.0,309.0
1768804649.1175025,128480,0.0,0.42,-0.65,92.0,312.0
1768804649.128018,128500,0.0,0.41,-0.23,92.0,312.0
1768804649.1649802,128520,0.0,0.42,0.33,89.0,305.0
1768804649.175173,128540,0.0,0.42,-0.12,88.0,302.0
1768804649.1852927,128560,0.0,0.42,-0.55,90.0,307.0
1768804649.206232,128580,0.0,0.4,-0.59,94.0,316.0
1768804649.2430215,128600,0.0,0.39,0.12,92.0,312.0
1768804649.2500181,128620,0.0,0.41,0.89,86.0,298.0
1768804649.2741077,128640,0.0,0.42,0.49,87.0,300.0
1768804649.2811525,128660,0.0,0.42,-0.97,90.0,307.0
1768804649.3144956,128680,0.0,0.4,-0.73,93.0,314.0
1768804649.335737,128700,0.0,0.39,0.5,91.0,309.0
1768804649.346273,128720,0.0,0.41,1.03,86.0,298.0
1768804649.3664486,128740,0.0,0.42,0.01,87.0,300.0
1768804649.3995445,128760,0.0,0.41,-0.86,92.0,312.0
1768804649.4096112,128780,0.0,0.41,-0.01,90.0,307.0
1768804649.4316337,128800,0.0,0.43,1.34,84.0,293.0
1768804649.4407103,128820,0.0,0.44,0.58,86.0,298.0
1768804649.478939,128840,0.0,0.43,-1.38,94.0,316.0
1768804649.5107121,128860,0.0,0.41,-0.99,95.0,318.0
1768804649.5299957,128880,0.0,0.41,0.64,87.0,300.0
1768804649.530837,128900,0.0,0.43,0.9,84.0,293.0
1768804649.559986,128920,0.0,0.43,-0.82,91.0,309.0
1768804649.5727375,128940,0.0,0.4,-1.51,97.0,323.0
1768804649.5975509,128960,0.0,0.39,-0.56,93.0,314.0
1768804649.6142182,128980,0.0,0.39,0.21,88.0,302.0
1768804649.634081,129000,0.0,0.39,-0.65,92.0,312.0
1768804649.6563148,129020,0.0,0.35,-1.98,100.0,330.0
1768804649.6664064,129040,0.0,0.31,-1.68,98.0,325.0
1768804649.6976674,129060,0.0,0.3,-0.52,92.0,312.0
1768804649.7300835,129080,0.0,0.29,-1.34,93.0,314.0
1768804649.7414517,129100,0.0,0.24,-2.54,101.0,332.0
1768804649.7559912,129120,0.0,0.19,-1.83,101.0,332.0
1768804649.777637,129140,0.0,0.18,-0.14,92.0,312.0
1768804649.8004346,129160,0.0,0.19,-0.22,88.0,302.0
1768804649.8115346,129180,0.0,0.17,-1.26,95.0,318.0
1768804649.8429523,129200,0.0,0.13,-1.83,99.0,327.0
1768804649.8443098,129220,0.0,0.11,-0.56,94.0,316.0
1768804649.8748233,129240,0.0,0.12,0.49,86.0,298.0
1768804649.8967943,129260,0.0,0.13,-0.12,87.0,300.0
1768804649.9412942,129280,0.0,0.12,-1.17,93.0,314.0
1768804649.9672556,129300,0.0,0.1,-0.99,94.0,316.0
1768804649.9782991,129320,0.0,0.09,0.47,91.0,309.0
1768804649.998545,129340,0.0,0.1,1.11,87.0,300.0
1768804650.0120766,129360,0.0,0.12,0.2,88.0,302.0
1768804650.0126107,129380,0.0,0.11,-0.61,91.0,309.0
1768804650.0352523,129400,0.0,0.1,-0.22,91.0,309.0
1768804650.067631,129420,0.0,0.11,0.8,86.0,298.0
1768804650.068549,129440,0.0,0.14,0.79,83.0,291.0
1768804650.088339,129460,0.0,0.14,-0.34,89.0,305.0
1768804650.1310837,129480,0.0,0.13,-0.35,94.0,316.0
1768804650.1668875,129500,0.0,0.13,0.62,90.0,307.0
1768804650.2369113,129520,0.0,0.16,1.6,83.0,291.0
1768804650.2851171,129540,0.0,0.18,0.5,85.0,296.0
1768804650.285988,129560,0.0,0.16,-1.45,94.0,316.0
1768804650.286863,129580,0.0,0.13,-1.35,96.0,321.0
1768804650.2877421,129600,0.0,0.12,0.34,90.0,307.0
1768804650.2885633,129620,0.0,0.14,0.99,86.0,298.0
1768804650.2894056,129640,0.0,0.14,-0.23,90.0,307.0
1768804650.2981048,129660,0.0,0.13,-0.89,93.0,314.0
1768804650.3081026,129680,0.0,0.12,0.45,90.0,307.0
1768804650.3291287,129700,0.0,0.14,1.01,84.0,293.0
1768804650.3645563,129720,0.0,0.15,-0.27,87.0,300.0
1768804650.3737826,129740,0.0,0.13,-1.63,94.0,316.0
1768804650.4107056,129760,0.0,0.11,-0.82,96.0,321.0
1768804650.416037,129780,0.0,0.1,0.12,89.0,305.0
1768804650.4317155,129800,0.0,0.11,-0.0,87.0,300.0
1768804650.4599464,129820,0.0,0.1,-0.89,92.0,312.0
1768804650.4684908,129840,0.0,0.08,-0.4,94.0,316.0
1768804650.4910033,129860,0.0,0.08,0.38,91.0,309.0
1768804650.512375,129880,0.0,0.09,0.18,87.0,300.0
1768804650.5324154,129900,0.0,0.1,-0.48,86.0,298.0
1768804650.5544171,129920,0.0,0.08,-0.77,92.0,312.0
1768804650.5646763,129940,0.0,0.06,-0.57,95.0,318.0
1768804650.5917976,129960,0.0,0.05,-0.13,92.0,312.0
1768804650.6217055,129980,0.0,0.06,0.6,86.0,298.0
1768804650.6310809,130000,0.0,0.08,-0.07,87.0,300.0
1768804650.6511698,130020,0.0,0.06,-1.26,93.0,314.0
1768804650.6798139,130040,0.0,0.02,-2.04,99.0,327.0
1768804650.6996694,130060,0.0,-0.01,-0.87,96.0,321.0
1768804650.714869,130080,0.0,-0.01,0.53,89.0,305.0
1768804650.7374756,130100,0.0,-0.0,-0.21,89.0,305.0
1768804650.7467346,130120,0.0,-0.02,-1.62,95.0,318.0
1768804650.7788296,130140,0.0,-0.05,-1.18,96.0,321.0
1768804650.7890613,130160,0.0,-0.05,0.03,89.0,305.0
1768804650.8198326,130180,0.0,-0.05,-0.1,87.0,300.0
1768804650.8340852,130200,0.0,-0.06,-0.85,92.0,312.0
1768804650.8656056,130220,0.0,-0.09,-0.96,97.0,323.0
1768804650.8800378,130240,0.0,-0.1,-0.07,92.0,312.0
1768804650.8993933,130260,0.0,-0.08,1.09,84.0,293.0
1768804650.907731,130280,0.0,-0.07,0.09,88.0,302.0
1768804650.9399314,130300,0.0,-0.09,-1.65,95.0,318.0
1768804650.965806,130320,0.0,-0.11,-0.64,94.0,316.0
1768804650.9717345,130340,0.0,-0.1,0.77,87.0,300.0
1768804650.9812818,130360,0.0,-0.08,0.59,85.0,296.0
1768804651.0141456,130380,0.0,-0.09,-1.03,91.0,309.0
1768804651.043677,130400,0.0,-0.11,-0.82,94.0,316.0
1768804651.0488925,130420,0.0,-0.11,0.55,89.0,305.0
1768804651.0826116,130440,0.0,-0.08,1.18,83.0,291.0
1768804651.104644,130460,0.0,-0.08,-0.06,88.0,302.0
1768804651.1152635,130480,0.0,-0.09,-1.35,94.0,316.0
1768804651.1377556,130500,0.0,-0.11,-0.57,93.0,314.0
1768804651.1490943,130520,0.0,-0.1,0.65,88.0,302.0
1768804651.1848772,130540,0.0,-0.09,0.77,86.0,298.0
1768804651.196425,130560,0.0,-0.08,0.33,88.0,302.0
1768804651.2065053,130580,0.0,-0.07,0.37,89.0,305.0
1768804651.2278748,130600,0.0,-0.06,0.62,87.0,300.0
1768804651.2645833,130620,0.0,-0.05,0.3,86.0,298.0
1768804651.2708158,130640,0.0,-0.05,-0.17,89.0,305.0
1768804651.309183,130660,0.0,-0.05,-0.16,91.0,309.0
1768804651.3184335,130680,0.0,-0.05,0.19,89.0,305.0
1768804651.3532763,130700,0.0,-0.04,0.35,86.0,298.0
1768804651.36486,130720,0.0,-0.03,0.04,88.0,302.0
1768804651.3731823,130740,0.0,-0.04,-0.28,91.0,309.0
1768804651.3911254,130760,0.0,-0.04,0.32,91.0,309.0
1768804651.4211423,130780,0.0,-0.04,0.6,89.0,305.0
1768804651.4312,130800,0.0,-0.02,0.58,86.0,298.0
1768804651.4532564,130820,0.0,-0.01,-0.2,86.0,298.0
1768804651.4627333,130840,0.0,-0.02,-0.86,91.0,309.0
1768804651.5002208,130860,0.0,-0.03,-0.24,93.0,314.0
1768804651.517963,130880,0.0,-0.02,0.96,87.0,300.0
1768804651.552317,130900,0.0,0.01,1.1,83.0,291.0
1768804651.596421,130920,0.0,0.02,0.25,87.0,300.0
1768804651.5994463,130940,0.0,0.0,-0.7,94.0,316.0
1768804651.6141758,130960,0.0,-0.0,-0.26,91.0,309.0
1768804651.6151857,130980,0.0,0.01,1.22,84.0,293.0
1768804651.6464055,131000,0.0,0.04,0.82,82.0,289.0
1768804651.6558764,131020,0.0,0.04,-0.75,89.0,305.0
1768804651.6779368,131040,0.0,0.03,-0.41,92.0,312.0
1768804651.687948,131060,0.0,0.04,1.18,87.0,300.0
1768804651.709114,131080,0.0,0.07,1.37,83.0,291.0
1768804651.741473,131100,0.0,0.09,0.15,87.0,300.0
1768804651.764441,131120,0.0,0.08,-0.02,91.0,309.0
1768804651.777272,131140,0.0,0.09,0.76,88.0,302.0
1768804651.7987297,131160,0.0,0.12,1.5,83.0,291.0
1768804651.8105807,131180,0.0,0.14,0.45,86.0,298.0
1768804651.8383586,131200,0.0,0.13,-0.91,92.0,312.0
1768804651.8494296,131220,0.0,0.12,-0.17,90.0,307.0
1768804651.8704565,131240,0.0,0.14,1.05,85.0,296.0
1768804651.8795788,131260,0.0,0.15,0.45,87.0,300.0
1768804651.9125164,131280,0.0,0.15,-0.78,92.0,312.0
1768804651.9463444,131300,0.0,0.13,-0.46,93.0,314.0
1768804651.9676394,131320,0.0,0.14,0.57,87.0,300.0
1768804651.9685922,131340,0.0,0.16,0.25,85.0,296.0
1768804652.0004303,131360,0.0,0.15,-1.38,94.0,316.0
1768804652.0143127,131380,0.0,0.1,-2.24,101.0,332.0
1768804652.0343914,131400,0.0,0.08,-1.28,95.0,318.0
1768804652.0414138,131420,0.0,0.08,0.18,89.0,305.0
1768804652.0748317,131440,0.0,0.07,-0.5,91.0,309.0
1768804652.101822,131460,0.0,0.04,-1.97,98.0,325.0
1768804652.1054108,131480,0.0,0.01,-1.54,98.0,325.0
1768804652.1268976,131500,0.0,-0.0,-0.35,91.0,309.0
1768804652.180987,131520,0.0,-0.01,-0.08,90.0,307.0
1768804652.184512,131540,0.0,-0.02,-1.28,95.0,318.0
1768804652.203244,131560,0.0,-0.06,-1.83,98.0,325.0
1768804652.2350554,131580,0.0,-0.07,-0.1,91.0,309.0
1768804652.2470138,131600,0.0,-0.06,0.48,84.0,293.0
1768804652.2654877,131620,0.0,-0.06,-0.06,90.0,307.0
1768804652.271733,131640,0.0,-0.08,-1.67,98.0,325.0
1768804652.2909157,131660,0.0,-0.11,-1.07,96.0,321.0
1768804652.3329227,131680,0.0,-0.11,0.9,87.0,300.0
1768804652.3336904,131700,0.0,-0.08,1.24,84.0,293.0
1768804652.3519819,131720,0.0,-0.08,-0.69,89.0,305.0
1768804652.3614848,131740,0.0,-0.1,-1.11,93.0,314.0
1768804652.3976793,131760,0.0,-0.11,0.4,90.0,307.0
1768804652.4162424,131780,0.0,-0.09,1.24,85.0,296.0
1768804652.4298942,131800,0.0,-0.08,0.05,87.0,300.0
1768804652.4478977,131820,0.0,-0.09,-1.42,93.0,314.0
1768804652.4815326,131840,0.0,-0.11,-0.57,93.0,314.0
1768804652.5022817,131860,0.0,-0.1,0.94,87.0,300.0
1768804652.53543,131880,0.0,-0.09,0.33,86.0,298.0
1768804652.5360842,131900,0.0,-0.1,-1.1,93.0,314.0
1768804652.566855,131920,0.0,-0.12,-0.61,94.0,316.0
1768804652.576151,131940,0.0,-0.12,0.9,87.0,300.0
1768804652.586258,131960,0.0,-0.1,0.16,87.0,300.0
1768804652.6082876,131980,0.0,-0.11,-1.04,92.0,312.0
1768804652.648114,132000,0.0,-0.14,-0.65,96.0,321.0
1768804652.65279,132020,0.0,-0.14,0.55,91.0,309.0
1768804652.673156,132040,0.0,-0.12,0.42,84.0,293.0
1768804652.689134,132060,0.0,-0.12,-0.57,87.0,300.0
1768804652.7202663,132080,0.0,-0.14,-1.35,96.0,321.0
1768804652.7479372,132100,0.0,-0.18,-1.17,98.0,325.0
1768804652.752814,132120,0.0,-0.19,-0.29,93.0,314.0
1768804652.7807107,132140,0.0,-0.19,0.38,89.0,305.0
1768804652.8057199,132160,0.0,-0.19,-0.15,90.0,307.0
1768804652.8113418,132180,0.0,-0.2,-0.67,91.0,309.0
1768804652.8329663,132200,0.0,-0.2,-0.36,91.0,309.0
1768804652.8424919,132220,0.0,-0.21,-0.29,90.0,307.0
1768804652.8777924,132240,0.0,-0.21,-0.29,90.0,307.0
1768804652.8999405,132260,0.0,-0.22,-0.36,90.0,307.0
1768804652.9102592,132280,0.0,-0.22,0.13,91.0,309.0
1768804652.9320707,132300,0.0,-0.22,0.41,88.0,302.0
1768804652.9635262,132320,0.0,-0.21,0.38,88.0,302.0
1768804652.9735255,132340,0.0,-0.2,0.38,87.0,300.0
1768804652.9985926,132360,0.0,-0.19,0.1,89.0,305.0
1768804653.0046246,132380,0.0,-0.2,0.1,91.0,309.0
1768804653.035812,132400,0.0,-0.19,0.36,89.0,305.0
1768804653.0581272,132420,0.0,-0.18,0.64,86.0,298.0
1768804653.0680354,132440,0.0,-0.16,0.33,86.0,298.0
1768804653.1005762,132460,0.0,-0.16,-0.66,89.0,305.0
1768804653.1222942,132480,0.0,-0.17,-0.28,91.0,309.0
1768804653.1321728,132500,0.0,-0.17,0.22,89.0,305.0
1768804653.1608667,132520,0.0,-0.16,0.42,88.0,302.0
1768804653.1874902,132540,0.0,-0.16,-0.0,90.0,307.0
1768804653.1985633,132560,0.0,-0.17,-0.39,93.0,314.0
1768804653.2221208,132580,0.0,-0.17,0.04,92.0,312.0
1768804653.2370503,132600,0.0,-0.17,0.29,86.0,298.0
1768804653.2558908,132620,0.0,-0.16,-0.17,87.0,300.0
1768804653.259404,132640,0.0,-0.17,-0.98,93.0,314.0
1768804653.2934701,132660,0.0,-0.2,-1.26,98.0,325.0
1768804653.3153212,132680,0.0,-0.22,-0.3,93.0,314.0
1768804653.3318615,132700,0.0,-0.21,0.57,87.0,300.0
1768804653.3466718,132720,0.0,-0.2,-0.32,89.0,305.0
1768804653.3809786,132740,0.0,-0.23,-1.48,95.0,318.0
1768804653.3962464,132760,0.0,-0.25,-0.56,95.0,318.0
1768804653.429165,132780,0.0,-0.25,0.6,89.0,305.0
1768804653.4329116,132800,0.0,-0.23,0.45,87.0,300.0
1768804653.4550526,132820,0.0,-0.24,-0.71,90.0,307.0
1768804653.4829884,132840,0.0,-0.25,-0.92,94.0,316.0
1768804653.4914117,132860,0.0,-0.26,-0.21,90.0,307.0
1768804653.5006154,132880,0.0,-0.25,0.55,87.0,300.0
1768804653.5331895,132900,0.0,-0.25,-0.23,91.0,309.0
1768804653.5626655,132920,0.0,-0.27,-1.24,95.0,318.0
1768804653.565778,132940,0.0,-0.29,-0.57,93.0,314.0
1768804653.5990493,132960,0.0,-0.28,0.79,87.0,300.0
1768804653.6207492,132980,0.0,-0.27,0.3,88.0,302.0
1768804653.6440403,133000,0.0,-0.28,-1.32,94.0,316.0
1768804653.6667416,133020,0.0,-0.32,-1.57,99.0,327.0
1768804653.681766,133040,0.0,-0.34,-0.48,93.0,314.0
1768804653.7089992,133060,0.0,-0.33,0.85,87.0,300.0
1768804653.7157311,133080,0.0,-0.33,-0.37,91.0,309.0
1768804653.7259471,133100,0.0,-0.35,-1.53,95.0,318.0
1768804653.7471485,133120,0.0,-0.37,-0.62,94.0,316.0
1768804653.7865303,133140,0.0,-0.36,0.82,89.0,305.0
1768804653.8022792,133160,0.0,-0.35,0.23,87.0,300.0
1768804653.8283844,133180,0.0,-0.36,-1.18,92.0,312.0
1768804653.8351524,133200,0.0,-0.39,-1.62,97.0,323.0
1768804653.8573751,133220,0.0,-0.41,-0.64,92.0,312.0
1768804653.8760693,133240,0.0,-0.41,0.36,89.0,305.0
1768804653.8905938,133260,0.0,-0.41,-0.39,92.0,312.0
1768804653.913088,133280,0.0,-0.44,-1.56,95.0,318.0
1768804653.9400406,133300,0.0,-0.45,-0.75,93.0,314.0
1768804653.9501827,133320,0.0,-0.45,0.41,86.0,298.0
1768804653.9732656,133340,0.0,-0.44,-0.17,88.0,302.0
1768804653.9817252,133360,0.0,-0.46,-1.47,96.0,321.0
1768804654.0148256,133380,0.0,-0.51,-1.78,102.0,334.0
1768804654.0472703,133400,0.0,-0.53,-0.33,96.0,321.0
1768804654.0677295,133420,0.0,-0.52,0.8,89.0,305.0
1768804654.0939922,133440,0.0,-0.51,-0.09,91.0,309.0
1768804654.106759,133460,0.0,-0.52,-0.62,94.0,316.0
1768804654.1102514,133480,0.0,-0.53,0.06,91.0,309.0
1768804654.1401618,133500,0.0,-0.52,0.72,88.0,302.0
1768804654.1646297,133520,0.0,-0.51,0.16,89.0,305.0
1768804654.174631,133540,0.0,-0.52,-1.21,95.0,318.0
1768804654.1969886,133560,0.0,-0.54,-0.71,95.0,318.0
1768804654.2068474,133580,0.0,-0.53,0.62,89.0,305.0
1768804654.2301085,133600,0.0,-0.53,-0.26,89.0,305.0
1768804654.262407,133620,0.0,-0.54,-1.07,94.0,316.0
1768804654.271924,133640,0.0,-0.56,-0.58,96.0,321.0
1768804654.2951005,133660,0.0,-0.56,0.69,91.0,309.0
1768804654.3285718,133680,0.0,-0.54,0.28,89.0,305.0
1768804654.3388762,133700,0.0,-0.55,-0.6,91.0,309.0
1768804654.3578103,133720,0.0,-0.55,-0.25,93.0,314.0
1768804654.3687744,133740,0.0,-0.55,0.73,89.0,305.0
1768804654.3952487,133760,0.0,-0.53,0.49,88.0,302.0
1768804654.4214823,133780,0.0,-0.53,0.02,91.0,309.0
1768804654.4316404,133800,0.0,-0.53,-0.03,94.0,316.0
1768804654.4558628,133820,0.0,-0.53,0.42,90.0,307.0
1768804654.4645085,133840,0.0,-0.51,1.12,85.0,296.0
1768804654.5000048,133860,0.0,-0.5,0.24,89.0,305.0
1768804654.5323243,133880,0.0,-0.5,-0.43,94.0,316.0
1768804654.533296,133900,0.0,-0.51,-0.35,92.0,312.0
1768804654.566255,133920,0.0,-0.49,0.99,86.0,298.0
1768804654.5818844,133940,0.0,-0.47,0.8,85.0,296.0
1768804654.593039,133960,0.0,-0.46,-0.74,89.0,305.0
1768804654.6287482,133980,0.0,-0.48,-0.48,96.0,321.0
1768804654.6297147,134000,0.0,-0.48,0.83,91.0,309.0
1768804654.6556175,134020,0.0,-0.45,1.41,84.0,293.0
1768804654.6781735,134040,0.0,-0.44,0.05,87.0,300.0
1768804654.6916656,134060,0.0,-0.45,-1.28,93.0,314.0
1768804654.713473,134080,0.0,-0.47,-0.4,95.0,318.0
1768804654.7426674,134100,0.0,-0.47,0.55,90.0,307.0
1768804654.781144,134120,0.0,-0.46,0.31,88.0,302.0
1768804654.801203,134140,0.0,-0.46,-0.68,91.0,309.0
1768804654.8308375,134160,0.0,-0.47,-0.3,93.0,314.0
1768804654.8323588,134180,0.0,-0.47,0.47,91.0,309.0
1768804654.8396819,134200,0.0,-0.46,0.59,87.0,300.0
1768804654.8586833,134220,0.0,-0.45,0.02,86.0,298.0
1768804654.8646324,134240,0.0,-0.45,0.05,90.0,307.0
1768804654.8861127,134260,0.0,-0.45,0.3,92.0,312.0
1768804654.9320729,134280,0.0,-0.45,0.62,89.0,305.0
1768804654.9336514,134300,0.0,-0.42,1.19,83.0,291.0
1768804654.95718,134320,0.0,-0.4,1.15,83.0,291.0
1768804654.9656973,134340,0.0,-0.38,-0.35,87.0,300.0
1768804654.999361,134360,0.0,-0.4,-0.75,91.0,309.0
1768804655.0154474,134380,0.0,-0.4,0.65,91.0,309.0
1768804655.0291405,134400,0.0,-0.38,1.63,84.0,293.0
1768804655.0482285,134420,0.0,-0.35,0.77,84.0,293.0
1768804655.0853057,134440,0.0,-0.35,-0.5,89.0,305.0
1768804655.089105,134460,0.0,-0.35,0.21,90.0,307.0
1768804655.1112854,134480,0.0,-0.33,1.4,86.0,298.0
1768804655.1228652,134500,0.0,-0.31,0.98,85.0,296.0
1768804655.16496,134520,0.0,-0.31,-0.74,90.0,307.0
1768804655.1803563,134540,0.0,-0.33,-0.73,93.0,314.0
1768804655.190416,134560,0.0,-0.33,0.24,88.0,302.0
1768804655.214366,134580,0.0,-0.31,0.43,85.0,296.0
1768804655.2427218,134600,0.0,-0.31,-0.6,90.0,307.0
1768804655.2559147,134620,0.0,-0.34,-1.51,97.0,323.0
1768804655.2728589,134640,0.0,-0.36,-0.38,94.0,316.0
1768804655.2881217,134660,0.0,-0.35,1.01,87.0,300.0
1768804655.3189058,134680,0.0,-0.34,0.31,89.0,305.0
1768804655.3358514,134700,0.0,-0.35,-0.85,94.0,316.0
1768804655.3460143,134720,0.0,-0.37,-0.98,94.0,316.0
1768804655.3674395,134740,0.0,-0.37,0.75,89.0,305.0
1768804655.4036999,134760,0.0,-0.35,0.4,86.0,298.0
1768804655.42617,134780,0.0,-0.35,-0.49,89.0,305.0
1768804655.4475868,134800,0.0,-0.37,-0.8,94.0,316.0
1768804655.460272,134820,0.0,-0.37,-0.08,90.0,307.0
1768804655.4782012,134840,0.0,-0.36,0.12,86.0,298.0
1768804655.4965029,134860,0.0,-0.37,-0.56,91.0,309.0
1768804655.509978,134880,0.0,-0.39,-1.26,97.0,323.0
1768804655.5284426,134900,0.0,-0.41,-0.69,94.0,316.0
1768804655.5611942,134920,0.0,-0.41,0.47,89.0,305.0
1768804655.5700343,134940,0.0,-0.4,0.08,89.0,305.0
1768804655.592891,134960,0.0,-0.42,-1.61,95.0,318.0
1768804655.6023953,134980,0.0,-0.46,-1.46,97.0,323.0
1768804655.6503215,135000,0.0,-0.47,-0.37,93.0,314.0
1768804655.6624124,135020,0.0,-0.47,-0.48,91.0,309.0
1768804655.6827734,135040,0.0,-0.49,-1.15,93.0,314.0
1768804655.6951659,135060,0.0,-0.51,-1.4,98.0,325.0
1768804655.7229822,135080,0.0,-0.54,-0.6,97.0,323.0
1768804655.7312653,135100,0.0,-0.54,-0.24,91.0,309.0
1768804655.7617905,135120,0.0,-0.54,-0.7,91.0,309.0
1768804655.7652586,135140,0.0,-0.56,-1.17,95.0,318.0
1768804655.7951307,135160,0.0,-0.6,-1.7,101.0,332.0
1768804655.8172636,135180,0.0,-0.63,-1.02,99.0,327.0
1768804655.827315,135200,0.0,-0.63,0.28,91.0,309.0
1768804655.8516479,135220,0.0,-0.62,-0.14,88.0,302.0
1768804655.8896558,135240,0.0,-0.63,-0.79,92.0,312.0
1768804655.899223,135260,0.0,-0.65,-0.83,98.0,325.0
1768804655.9145687,135280,0.0,-0.66,-0.16,94.0,316.0
1768804655.9280906,135300,0.0,-0.65,0.86,88.0,302.0
1768804655.9647808,135320,0.0,-0.63,0.26,87.0,300.0
1768804655.9780486,135340,0.0,-0.63,-0.55,91.0,309.0
1768804655.9949625,135360,0.0,-0.64,-0.31,94.0,316.0
1768804656.0215516,135380,0.0,-0.64,0.84,92.0,312.0
1768804656.0419736,135400,0.0,-0.62,1.59,86.0,298.0
1768804656.0519438,135420,0.0,-0.6,0.54,87.0,300.0
1768804656.0820339,135440,0.0,-0.6,-0.82,90.0,307.0
1768804656.099208,135460,0.0,-0.61,-0.73,94.0,316.0
1768804656.1235106,135480,0.0,-0.61,0.67,91.0,309.0
1768804656.1323195,135500,0.0,-0.59,1.47,87.0,300.0
1768804656.155446,135520,0.0,-0.58,-0.07,89.0,305.0
1768804656.165658,135540,0.0,-0.59,-0.81,95.0,318.0
1768804656.188042,135560,0.0,-0.6,-0.34,94.0,316.0
1768804656.2201428,135580,0.0,-0.6,0.54,90.0,307.0
1768804656.230186,135600,0.0,-0.59,0.19,90.0,307.0
1768804656.2502787,135620,0.0,-0.6,-0.45,93.0,314.0
1768804656.2596982,135640,0.0,-0.61,-0.44,94.0,316.0
1768804656.2921126,135660,0.0,-0.6,0.58,90.0,307.0
1768804656.3151257,135680,0.0,-0.58,0.55,86.0,298.0
1768804656.3331277,135700,0.0,-0.58,0.25,90.0,307.0
1768804656.346656,135720,0.0,-0.59,-0.51,94.0,316.0
1768804656.3789215,135740,0.0,-0.59,-0.09,92.0,312.0
1768804656.3923616,135760,0.0,-0.57,1.11,86.0,298.0
1768804656.4107614,135780,0.0,-0.55,0.61,86.0,298.0
1768804656.4280956,135800,0.0,-0.56,-0.69,93.0,314.0
1768804656.4541554,135820,0.0,-0.57,-0.17,96.0,321.0
1768804656.485863,135840,0.0,-0.56,0.94,88.0,302.0
1768804656.4863997,135860,0.0,-0.53,0.83,83.0,291.0
1768804656.5068727,135880,0.0,-0.53,-0.52,90.0,307.0
1768804656.5393713,135900,0.0,-0.56,-1.22,98.0,325.0
1768804656.5657873,135920,0.0,-0.57,-0.01,93.0,314.0
1768804656.5847092,135940,0.0,-0.55,1.0,87.0,300.0
1768804656.6137805,135960,0.0,-0.54,-0.2,91.0,309.0
1768804656.6340432,135980,0.0,-0.56,-0.86,96.0,321.0
1768804656.6368747,136000,0.0,-0.57,0.16,94.0,316.0
1768804656.647334,136020,0.0,-0.55,0.74,87.0,300.0
1768804656.6669865,136040,0.0,-0.54,-0.04,87.0,300.0
1768804656.7005236,136060,0.0,-0.56,-1.35,97.0,323.0
1768804656.7183454,136080,0.0,-0.59,-1.38,101.0,332.0
1768804656.731843,136100,0.0,-0.61,-0.79,94.0,316.0
1768804656.7980754,136160,0.0,-0.63,-1.24,98.0,325.0
1768804656.8063989,136180,0.0,-0.66,-0.91,97.0,323.0
1768804656.8314033,136200,0.0,-0.66,-0.06,91.0,309.0
1768804656.8639274,136220,0.0,-0.65,-0.39,90.0,307.0
1768804656.8705683,136240,0.0,-0.68,-1.59,99.0,327.0
1768804656.8972857,136260,0.0,-0.73,-2.25,104.0,339.0
1768804656.9069848,136280,0.0,-0.76,-1.22,98.0,325.0
1768804656.9475882,136300,0.0,-0.76,0.32,91.0,309.0
1768804656.9559767,136320,0.0,-0.76,-0.47,94.0,316.0
1768804656.972529,136340,0.0,-0.79,-1.94,99.0,327.0
1768804656.984228,136360,0.0,-0.82,-0.92,99.0,327.0
1768804657.0148833,136380,0.0,-0.81,0.91,91.0,309.0
1768804657.0361629,136400,0.0,-0.8,0.69,88.0,302.0
1768804657.0470252,136420,0.0,-0.8,-1.1,94.0,316.0
1768804657.071012,136440,0.0,-0.83,-1.24,99.0,327.0
1768804657.1045365,136460,0.0,-0.85,-0.11,95.0,318.0
1768804657.114547,136480,0.0,-0.83,0.91,87.0,300.0
1768804657.1361947,136500,0.0,-0.82,-0.25,91.0,309.0
1768804657.147841,136520,0.0,-0.85,-1.7,98.0,325.0
1768804657.176012,136540,0.0,-0.87,-0.85,98.0,325.0
1768804657.1971977,136560,0.0,-0.87,0.8,90.0,307.0
1768804657.2074587,136580,0.0,-0.85,0.06,87.0,300.0
1768804657.2345552,136600,0.0,-0.86,-1.15,95.0,318.0
1768804657.2776701,136620,0.0,-0.9,-1.18,102.0,334.0
1768804657.3017101,136640,0.0,-0.91,0.06,94.0,316.0
1768804657.310401,136660,0.0,-0.89,0.93,86.0,298.0
1768804657.3413014,136680,0.0,-0.89,-0.54,92.0,312.0
1768804657.3496406,136700,0.0,-0.92,-2.3,99.0,327.0
1768804657.3618212,136720,0.0,-0.96,-1.52,100.0,330.0
1768804657.371451,136740,0.0,-0.97,0.06,93.0,314.0
1768804657.39011,136760,0.0,-0.96,0.3,90.0,307.0
1768804657.4219387,136780,0.0,-0.97,-0.76,95.0,318.0
1768804657.4320002,136800,0.0,-0.99,-0.79,98.0,325.0
1768804657.4539704,136820,0.0,-1.0,0.55,94.0,316.0
1768804657.4634414,136840,0.0,-0.98,0.63,87.0,300.0
1768804657.5070481,136860,0.0,-0.97,-0.29,89.0,305.0
1768804657.5244722,136880,0.0,-0.98,-1.2,94.0,316.0
1768804657.53059,136900,0.0,-1.01,-0.78,99.0,327.0
1768804657.554013,136920,0.0,-1.01,0.45,94.0,316.0
1768804657.5840309,136940,0.0,-0.99,1.08,88.0,302.0
1768804657.5954995,136960,0.0,-0.97,0.53,87.0,300.0
1768804657.6184952,136980,0.0,-0.96,0.31,89.0,305.0
1768804657.626321,137000,0.0,-0.97,-0.25,96.0,321.0
1768804657.6528437,137020,0.0,-0.97,0.0,94.0,316.0
1768804657.6784642,137040,0.0,-0.96,0.85,88.0,302.0
1768804657.6903706,137060,0.0,-0.93,1.22,87.0,300.0
1768804657.714429,137080,0.0,-0.92,0.59,89.0,305.0
1768804657.7502196,137100,0.0,-0.91,0.52,92.0,312.0
1768804657.7834616,137120,0.0,-0.89,1.31,89.0,305.0
1768804657.790286,137140,0.0,-0.86,1.66,84.0,293.0
1768804657.7938845,137160,0.0,-0.83,0.88,86.0,298.0
1768804657.8062584,137180,0.0,-0.83,-0.55,90.0,307.0
1768804657.8395832,137200,0.0,-0.84,-0.37,93.0,314.0
1768804657.8509762,137220,0.0,-0.83,0.79,89.0,305.0
1768804657.8889027,137240,0.0,-0.8,1.34,86.0,298.0
1768804657.8898098,137260,0.0,-0.79,0.07,90.0,307.0
1768804657.9132416,137280,0.0,-0.8,-0.68,96.0,321.0
1768804657.9354317,137300,0.0,-0.81,-0.09,95.0,318.0
1768804657.9463766,137320,0.0,-0.8,0.92,89.0,305.0
1768804657.9751148,137340,0.0,-0.79,0.7,89.0,305.0
1768804658.0094888,137360,0.0,-0.79,-0.83,94.0,316.0
1768804658.010439,137380,0.0,-0.81,-0.86,95.0,318.0
1768804658.047887,137400,0.0,-0.81,0.4,92.0,312.0
1768804658.0697129,137420,0.0,-0.8,0.5,90.0,307.0
1768804658.0770285,137440,0.0,-0.8,-0.77,93.0,314.0
1768804658.0976214,137460,0.0,-0.82,-0.81,95.0,318.0
1768804658.119499,137480,0.0,-0.82,-0.07,93.0,314.0
1768804658.1271942,137500,0.0,-0.81,0.42,89.0,305.0
1768804658.1592062,137520,0.0,-0.81,-0.19,92.0,312.0
1768804658.1692514,137540,0.0,-0.83,-1.02,96.0,321.0
1768804658.2025435,137560,0.0,-0.84,-0.15,95.0,318.0
1768804658.2167783,137580,0.0,-0.84,0.55,91.0,309.0
1768804658.2434244,137600,0.0,-0.83,-0.01,91.0,309.0
1768804658.2609513,137620,0.0,-0.84,-0.72,94.0,316.0
1768804658.2929516,137640,0.0,-0.85,-0.54,96.0,321.0
1768804658.3077064,137660,0.0,-0.86,-0.29,93.0,314.0
1768804658.3218508,137680,0.0,-0.85,0.12,90.0,307.0
1768804658.3450983,137700,0.0,-0.85,-0.24,93.0,314.0
1768804658.3523498,137720,0.0,-0.87,-0.73,96.0,321.0
1768804658.361938,137740,0.0,-0.88,-0.07,94.0,316.0
1768804658.394421,137760,0.0,-0.87,0.73,90.0,307.0
1768804658.4187672,137780,0.0,-0.86,0.6,90.0,307.0
1768804658.431317,137800,0.0,-0.86,-0.8,92.0,312.0
1768804658.4478645,137820,0.0,-0.87,-0.65,94.0,316.0
1768804658.4836872,137840,0.0,-0.87,0.45,93.0,314.0
1768804658.4981039,137860,0.0,-0.87,0.53,90.0,307.0
1768804658.5128865,137880,0.0,-0.86,-0.38,91.0,309.0
1768804658.5271118,137900,0.0,-0.87,-0.63,93.0,314.0
1768804658.5725944,137920,0.0,-0.88,0.11,94.0,316.0
1768804658.5763335,137940,0.0,-0.87,0.39,92.0,312.0
1768804658.5867085,137960,0.0,-0.87,-0.03,92.0,312.0
1768804658.6085422,137980,0.0,-0.87,0.01,93.0,314.0
1768804658.6493518,138000,0.0,-0.87,0.26,92.0,312.0
1768804658.6516533,138020,0.0,-0.87,-0.09,92.0,312.0
1768804658.6747525,138040,0.0,-0.87,0.07,92.0,312.0
1768804658.6995819,138060,0.0,-0.86,0.33,91.0,309.0
1768804658.7297008,138080,0.0,-0.85,0.61,90.0,307.0
1768804658.7390804,138100,0.0,-0.84,0.61,89.0,305.0
1768804658.7556782,138120,0.0,-0.83,0.33,90.0,307.0
1768804658.7647238,138140,0.0,-0.82,0.86,89.0,305.0
1768804658.8064876,138160,0.0,-0.79,1.39,85.0,296.0
1768804658.8177876,138180,0.0,-0.77,0.86,86.0,298.0
1768804658.8279188,138200,0.0,-0.75,0.73,89.0,305.0
1768804658.8489556,138220,0.0,-0.74,0.66,90.0,307.0
1768804658.8828766,138240,0.0,-0.72,1.5,85.0,296.0
1768804658.8940973,138260,0.0,-0.68,1.75,83.0,291.0
1768804658.916802,138280,0.0,-0.65,0.8,85.0,296.0
1768804658.9355733,138300,0.0,-0.63,0.86,89.0,305.0
1768804658.981128,138320,0.0,-0.61,1.6,87.0,300.0
1768804658.981678,138340,0.0,-0.57,1.93,83.0,291.0
1768804658.9885795,138360,0.0,-0.54,1.02,83.0,291.0
1768804659.0124316,138380,0.0,-0.53,-0.7,90.0,307.0
1768804659.0422666,138400,0.0,-0.54,-0.29,94.0,316.0
1768804659.052384,138420,0.0,-0.54,0.72,91.0,309.0
1768804659.0761578,138440,0.0,-0.52,0.63,88.0,302.0
1768804659.0906441,138460,0.0,-0.51,-0.32,88.0,302.0
1768804659.1016884,138480,0.0,-0.52,-0.6,93.0,314.0
1768804659.1348608,138500,0.0,-0.53,0.1,94.0,316.0
1768804659.1631272,138520,0.0,-0.52,0.28,89.0,305.0
1768804659.1739705,138540,0.0,-0.51,-0.11,89.0,305.0
1768804659.1862602,138560,0.0,-0.52,-0.74,94.0,316.0
1768804659.21899,138580,0.0,-0.54,-0.71,95.0,318.0
1768804659.2295983,138600,0.0,-0.54,0.31,91.0,309.0
1768804659.2527337,138620,0.0,-0.53,0.28,89.0,305.0
1768804659.2729928,138640,0.0,-0.53,-0.71,93.0,314.0
1768804659.2929587,138660,0.0,-0.55,-0.98,96.0,321.0
1768804659.3150797,138680,0.0,-0.56,-0.25,93.0,314.0
1768804659.3251698,138700,0.0,-0.55,0.56,88.0,302.0
1768804659.349628,138720,0.0,-0.54,0.37,91.0,309.0
1768804659.382077,138740,0.0,-0.55,-1.24,95.0,318.0
1768804659.391745,138760,0.0,-0.57,-0.29,95.0,318.0
1768804659.4117305,138780,0.0,-0.56,0.56,90.0,307.0
1768804659.437357,138800,0.0,-0.55,0.67,86.0,298.0
1768804659.4571471,138820,0.0,-0.54,0.29,90.0,307.0
1768804659.477541,138840,0.0,-0.55,-0.23,95.0,318.0
1768804659.486821,138860,0.0,-0.55,0.59,91.0,309.0
1768804659.512261,138880,0.0,-0.52,1.43,84.0,293.0
1768804659.539678,138900,0.0,-0.49,1.42,83.0,291.0
1768804659.5515523,138920,0.0,-0.47,-0.05,88.0,302.0
1768804659.5784185,138940,0.0,-0.47,0.05,91.0,309.0
1768804659.5857048,138960,0.0,-0.46,1.63,87.0,300.0
1768804659.6261115,138980,0.0,-0.41,2.76,79.0,282.0
1768804659.643155,139000,0.0,-0.36,1.63,80.0,284.0
1768804659.6654403,139020,0.0,-0.35,0.21,87.0,300.0
1768804659.6818094,139040,0.0,-0.35,0.55,90.0,307.0
1768804659.7004704,139060,0.0,-0.32,1.99,82.0,289.0
1768804659.7101717,139080,0.0,-0.27,2.13,78.0,280.0
1768804659.734036,139100,0.0,-0.25,0.44,84.0,293.0
1768804659.756821,139120,0.0,-0.25,-0.01,91.0,309.0
1768804659.7739887,139140,0.0,-0.24,0.46,87.0,300.0
1768804659.7965794,139160,0.0,-0.21,1.4,83.0,291.0
1768804659.8066869,139180,0.0,-0.2,0.31,87.0,300.0
1768804659.8333893,139200,0.0,-0.21,-0.79,94.0,316.0
1768804659.864584,139220,0.0,-0.22,-0.0,92.0,312.0
1768804659.8739884,139240,0.0,-0.2,0.95,84.0,293.0
1768804659.8999107,139260,0.0,-0.19,-0.07,87.0,300.0
1768804659.9139433,139280,0.0,-0.21,-1.66,97.0,323.0
1768804659.9408486,139300,0.0,-0.25,-2.02,101.0,332.0
1768804659.9641192,139320,0.0,-0.28,-0.85,93.0,314.0
1768804659.993945,139340,0.0,-0.27,0.43,87.0,300.0
1768804659.9945388,139360,0.0,-0.27,-0.28,91.0,309.0
1768804660.0212018,139380,0.0,-0.29,-1.22,97.0,323.0
1768804660.031262,139400,0.0,-0.32,-0.97,95.0,318.0
1768804660.0528207,139420,0.0,-0.31,0.23,88.0,302.0
1768804660.08692,139440,0.0,-0.3,-0.02,87.0,300.0
1768804660.0961828,139460,0.0,-0.33,-1.48,96.0,321.0
1768804660.119494,139480,0.0,-0.37,-2.2,101.0,332.0
1768804660.146814,139500,0.0,-0.4,-1.14,95.0,318.0
1768804660.1493852,139520,0.0,-0.4,0.26,89.0,305.0
1768804660.1820314,139540,0.0,-0.4,-0.28,90.0,307.0
1768804660.1921606,139560,0.0,-0.43,-2.9,101.0,332.0
1768804660.2154775,139580,0.0,-0.52,-5.34,111.0,355.0
1768804660.237588,139600,0.0,-0.65,-8.51,115.0,364.0
1768804660.2554145,139620,0.0,-0.85,-12.18,115.0,364.0
1768804660.2781732,139640,0.0,-1.13,-15.32,115.0,364.0
1768804660.2878726,139660,0.0,-1.45,-17.0,115.0,364.0
1768804660.3163676,139680,0.0,-1.8,-17.14,115.0,364.0
1768804660.3505764,139700,0.0,-2.13,-16.9,115.0,364.0
1768804660.3807912,139720,0.0,-2.47,-17.12,115.0,364.0
1768804660.3963485,139740,0.0,-2.82,-18.14,115.0,364.0
1768804660.3990989,139760,0.0,-3.19,-18.78,115.0,364.0
1768804660.4210873,139780,0.0,-3.59,-20.5,115.0,364.0
1768804660.4439685,139800,0.0,-4.02,-22.88,115.0,364.0
1768804660.4716125,139820,0.0,-4.5,-24.87,115.0,364.0
1768804660.4727376,139840,0.0,-5.01,-26.73,115.0,364.0
1768804660.5121908,139860,0.0,-5.57,-28.6,115.0,364.0
1768804660.5393994,139880,0.0,-6.15,-29.73,115.0,364.0
1768804660.5558958,139900,0.0,-6.76,-31.17,115.0,364.0
1768804660.5741515,139920,0.0,-7.39,-32.66,115.0,364.0
1768804660.5941799,139940,0.0,-8.06,-33.84,115.0,364.0
1768804660.599198,139960,0.0,-8.74,-33.94,115.0,364.0
1768804660.6198945,139980,0.0,-9.33,-34.06,115.0,364.0
1768804660.643018,140000,0.0,-10.02,-34.46,115.0,364.0
1768804660.6820655,140020,0.0,-10.71,-34.34,115.0,364.0
1768804660.7094588,140040,0.0,-11.4,-34.07,115.0,364.0
1768804660.7105463,140060,0.0,-12.08,-33.71,115.0,364.0
1768804660.7120342,140080,0.0,-12.77,-34.76,115.0,364.0
1768804660.7371807,140100,0.0,-13.48,-35.18,115.0,364.0
1768804660.7589235,140120,0.0,-14.19,-35.62,115.0,364.0
1768804660.7905273,140140,0.0,-14.92,-35.76,115.0,364.0
1768804660.791203,140160,0.0,-15.64,-35.46,115.0,364.0
1768804660.8117151,140180,0.0,-16.36,-34.97,115.0,364.0
1768804660.8509424,140200,0.0,-17.07,-34.63,115.0,364.0
1768804660.8707964,140220,0.0,-17.78,-34.36,115.0,364.0
1768804660.8723109,140240,0.0,-18.48,-33.87,115.0,364.0
1768804660.8837702,140260,0.0,-19.18,-33.59,115.0,364.0
1768804660.9151602,140280,0.0,-19.87,-33.52,115.0,364.0
1768804660.9435077,140300,0.0,-20.56,-33.14,115.0,364.0
1768804660.965085,140320,0.0,-21.25,-32.68,115.0,364.0
1768804660.9685767,140340,0.0,-21.92,-32.43,115.0,364.0
1768804661.0028567,140360,0.0,-22.6,-32.26,115.0,364.0
1768804661.010037,140380,0.0,-23.27,-31.93,115.0,364.0
1768804661.0326586,140400,0.0,-23.93,-31.61,115.0,364.0
1768804661.04945,140420,0.0,-24.59,-31.61,115.0,364.0
1768804661.081183,140440,0.0,-25.25,-31.34,115.0,364.0
1768804661.097795,140460,0.0,-25.9,-30.92,115.0,364.0
1768804661.1312494,140480,0.0,-26.55,-30.53,115.0,364.0
1768804661.1512017,140500,0.0,-27.19,-30.55,115.0,364.0
1768804661.1663628,140520,0.0,-27.83,-30.16,115.0,364.0
1768804661.1810682,140540,0.0,-28.45,-29.8,115.0,364.0
1768804661.2054784,140560,0.0,-29.07,-29.65,115.0,364.0
1768804661.2064314,140580,0.0,-29.69,-29.36,115.0,364.0
1768804661.2345378,140600,0.0,-30.3,-28.81,115.0,364.0
1768804661.2568562,140620,0.0,-30.89,-28.63,115.0,364.0
1768804661.2738068,140640,0.0,-31.49,-28.55,115.0,364.0
1768804661.294411,140660,0.0,-32.07,-28.52,115.0,364.0
1768804661.330358,140680,0.0,-32.66,-28.22,115.0,364.0
1768804661.3327744,140700,0.0,-33.24,-28.03,115.0,364.0
1768804661.3535712,140720,0.0,-33.81,-27.88,115.0,364.0
1768804661.3758883,140740,0.0,-34.38,-27.39,115.0,364.0
1768804661.3990548,140760,0.0,-34.93,-26.89,115.0,364.0
1768804661.4345222,140780,0.0,-35.47,-26.15,115.0,364.0
1768804661.4360595,140800,0.0,-36.0,-25.62,115.0,364.0
1768804661.4497268,140820,0.0,-36.51,-25.05,115.0,364.0
1768804661.4811254,140840,0.0,-37.01,-24.35,115.0,364.0
1768804661.4952028,140860,0.0,-37.5,-23.99,115.0,364.0
1768804661.525174,140880,0.0,-37.98,-23.61,115.0,364.0
1768804661.5333004,140900,0.0,-38.45,-23.14,115.0,364.0
1768804661.5662313,140920,0.0,-38.91,-22.86,115.0,364.0
1768804661.5871644,140940,0.0,-39.37,-22.44,115.0,364.0
1768804661.5991075,140960,0.0,-39.81,-21.67,115.0,364.0
1768804661.6145175,140980,0.0,-40.24,-21.35,115.0,364.0
1768804661.6369522,141000,0.0,-40.67,-20.66,115.0,364.0
1768804661.6738257,141020,0.0,-41.07,-19.9,115.0,364.0
1768804661.674863,141040,0.0,-41.47,-19.3,115.0,364.0
1768804661.6907551,141060,0.0,-41.85,-18.72,115.0,364.0
1768804661.7221844,141080,0.0,-42.22,-18.16,115.0,364.0
1768804661.7321305,141100,0.0,-42.59,-17.6,115.0,364.0
1768804661.7615197,141120,0.0,-42.94,-17.01,115.0,364.0
1768804661.765093,141140,0.0,-43.28,-16.42,115.0,364.0
1768804661.7989,141160,0.0,-43.6,-15.69,115.0,364.0
1768804661.8237567,141180,0.0,-43.92,-15.1,115.0,364.0
1768804661.83253,141200,0.0,-44.22,-14.46,115.0,364.0
1768804661.8510177,141220,0.0,-44.51,-13.64,115.0,364.0
1768804661.8825645,141240,0.0,-44.78,-12.91,115.0,364.0
1768804661.9051423,141260,0.0,-45.04,-12.09,115.0,364.0
1768804661.9145272,141280,0.0,-45.28,-11.2,115.0,364.0
1768804661.9251747,141300,0.0,-45.51,-10.36,115.0,364.0
1768804661.9565618,141320,0.0,-45.71,-9.31,115.0,364.0
1768804661.9815779,141340,0.0,-45.9,-8.48,115.0,364.0
1768804662.0075195,141360,0.0,-46.07,-7.78,115.0,364.0
1768804662.0205204,141380,0.0,-46.23,-6.8,115.0,364.0
1768804662.0512462,141400,0.0,-46.37,-6.1,115.0,364.0
1768804662.0748515,141420,0.0,-46.49,-5.15,115.0,364.0
1768804662.0768178,141440,0.0,-46.59,-4.06,115.0,364.0
1768804662.0890493,141460,0.0,-46.67,-3.32,115.0,364.0
1768804662.1090238,141480,0.0,-46.73,-2.37,115.0,364.0
1768804662.1537445,141500,0.0,-46.77,-1.39,115.0,364.0
1768804662.154728,141520,0.0,-46.8,-0.68,115.0,364.0
1768804662.17125,141540,0.0,-46.8,0.2,115.0,364.0
1768804662.1813974,141560,0.0,-46.79,0.94,115.0,364.0
1768804662.213849,141580,0.0,-46.77,1.78,115.0,364.0
1768804662.2437088,141600,0.0,-46.72,2.68,115.0,364.0
1768804662.2499197,141620,0.0,-46.66,3.42,115.0,364.0
1768804662.2705998,141640,0.0,-46.58,4.47,115.0,364.0
1768804662.3006008,141660,0.0,-46.48,5.19,115.0,364.0
1768804662.32042,141680,0.0,-46.37,5.87,115.0,364.0
1768804662.339162,141700,0.0,-46.24,6.76,115.0,364.0
1768804662.3489733,141720,0.0,-46.09,7.4,115.0,364.0
1768804662.3874443,141740,0.0,-45.94,8.0,115.0,364.0
1768804662.3958051,141760,0.0,-45.77,8.78,115.0,364.0
1768804662.4060335,141780,0.0,-45.59,9.56,115.0,364.0
1768804662.4281294,141800,0.0,-45.39,10.37,115.0,364.0
1768804662.4611073,141820,0.0,-45.18,10.88,115.0,364.0
1768804662.4701836,141840,0.0,-44.97,11.51,115.0,364.0
1768804662.4977665,141860,0.0,-44.74,11.91,115.0,364.0
1768804662.5233881,141880,0.0,-44.51,12.4,115.0,364.0
1768804662.5337994,141900,0.0,-44.27,12.86,115.0,364.0
1768804662.5586011,141920,0.0,-44.03,13.22,115.0,364.0
1768804662.5664783,141940,0.0,-43.78,13.64,115.0,364.0
1768804662.5920281,141960,0.0,-43.53,14.24,115.0,364.0
1768804662.620138,141980,0.0,-43.26,14.55,115.0,364.0
1768804662.6301973,142000,0.0,-43.0,15.04,115.0,364.0
1768804662.6527457,142020,0.0,-42.72,15.57,115.0,364.0
1768804662.6630497,142040,0.0,-42.43,15.95,115.0,364.0
1768804662.7034607,142060,0.0,-42.14,16.44,115.0,364.0
1768804662.7167785,142080,0.0,-41.84,16.99,115.0,364.0
1768804662.731107,142100,0.0,-41.53,17.33,115.0,364.0
1768804662.7489178,142120,0.0,-41.21,17.78,115.0,364.0
1768804662.7815807,142140,0.0,-40.89,18.09,115.0,364.0
1768804662.795936,142160,0.0,-40.56,18.32,113.0,359.0
1768804662.8140147,142180,0.0,-40.22,18.48,112.0,357.0
1768804662.8311849,142200,0.0,-39.88,18.72,109.0,350.0
1768804662.8615086,142220,0.0,-39.53,18.57,110.0,352.0
1768804662.876454,142240,0.0,-39.19,18.41,110.0,352.0
1768804662.886477,142260,0.0,-38.84,18.68,108.0,348.0
1768804662.9094777,142280,0.0,-38.47,19.69,102.0,334.0
1768804662.9519913,142300,0.0,-38.09,19.56,102.0,334.0
1768804662.9700556,142320,0.0,-37.73,18.21,106.0,343.0
1768804662.9811637,142340,0.0,-37.38,17.92,108.0,348.0
1768804662.997943,142360,0.0,-37.01,19.48,103.0,337.0
1768804663.015474,142380,0.0,-36.61,20.45,97.0,323.0
1768804663.0380497,142400,0.0,-36.21,19.49,98.0,325.0
1768804663.0475662,142420,0.0,-35.84,18.34,105.0,341.0
1768804663.0714157,142440,0.0,-35.47,18.77,110.0,352.0
1768804663.107858,142460,0.0,-35.07,20.54,101.0,332.0
1768804663.1117697,142480,0.0,-34.66,20.67,98.0,325.0
1768804663.1337216,142500,0.0,-34.26,19.88,99.0,327.0
1768804663.1450846,142520,0.0,-33.87,19.7,102.0,334.0
1768804663.1942213,142540,0.0,-33.46,20.65,96.0,321.0
1768804663.2091045,142560,0.0,-33.03,21.0,89.0,305.0
1768804663.216396,142580,0.0,-32.62,20.17,90.0,307.0
1768804663.248718,142600,0.0,-32.23,19.0,97.0,323.0
1768804663.2687094,142620,0.0,-31.85,19.09,98.0,325.0
1768804663.287931,142640,0.0,-31.46,20.51,92.0,312.0
1768804663.297958,142660,0.0,-31.04,21.07,86.0,298.0
1768804663.3070767,142680,0.0,-30.64,19.84,87.0,300.0
1768804663.3367813,142700,0.0,-30.26,18.61,92.0,312.0
1768804663.3577068,142720,0.0,-29.9,18.57,94.0,316.0
1768804663.3678656,142740,0.0,-29.52,20.13,95.0,318.0
1768804663.390226,142760,0.0,-29.12,20.76,90.0,307.0
1768804663.4367633,142780,0.0,-28.71,20.87,87.0,300.0
1768804663.447616,142800,0.0,-28.31,20.07,89.0,305.0
1768804663.4554238,142820,0.0,-27.92,19.73,91.0,309.0
1768804663.4677482,142840,0.0,-27.53,19.99,90.0,307.0
1768804663.4917133,142860,0.0,-27.13,20.65,87.0,300.0
1768804663.5268278,142880,0.0,-26.73,20.7,87.0,300.0
1768804663.5284154,142900,0.0,-26.33,19.72,89.0,305.0
1768804663.5528111,142920,0.0,-25.95,19.38,91.0,309.0
1768804663.5629103,142940,0.0,-25.56,20.1,87.0,300.0
1768804663.6014924,142960,0.0,-25.15,20.49,84.0,293.0
1768804663.6144187,142980,0.0,-24.75,20.11,85.0,296.0
1768804663.6244514,143000,0.0,-24.36,19.42,88.0,302.0
1768804663.6471024,143020,0.0,-23.97,19.44,85.0,296.0
1768804663.6844409,143040,0.0,-23.57,20.28,81.0,287.0
1768804663.6963303,143060,0.0,-23.16,19.94,81.0,287.0
1768804663.7311854,143080,0.0,-22.77,18.49,86.0,298.0
1768804663.7317498,143100,0.0,-22.41,18.19,89.0,305.0
1768804663.7580247,143120,0.0,-22.02,19.25,83.0,291.0
1768804663.7767365,143140,0.0,-21.62,19.88,78.0,280.0
1768804663.7928493,143160,0.0,-21.23,18.52,82.0,289.0
1768804663.8080955,143180,0.0,-20.88,16.45,89.0,305.0
1768804663.832867,143200,0.0,-20.54,16.66,89.0,305.0
1768804663.85779,143220,0.0,-20.19,17.78,85.0,296.0
1768804663.8656056,143240,0.0,-19.83,17.46,83.0,291.0
1768804663.8877587,143260,0.0,-19.49,15.95,88.0,302.0
1768804663.9201615,143280,0.0,-19.17,15.96,90.0,307.0
1768804663.94021,143300,0.0,-18.84,16.21,86.0,298.0
1768804663.957454,143320,0.0,-18.51,16.03,85.0,296.0
1768804663.9684346,143340,0.0,-18.21,14.38,90.0,307.0
1768804663.9991486,143360,0.0,-17.93,13.64,94.0,316.0
1768804664.0291264,143380,0.0,-17.64,14.28,92.0,312.0
1768804664.0414734,143400,0.0,-17.34,14.98,87.0,300.0
1768804664.047984,143420,0.0,-17.05,13.92,88.0,302.0
1768804664.0802135,143440,0.0,-16.79,12.41,95.0,318.0
1768804664.1006846,143460,0.0,-16.55,11.9,98.0,325.0
1768804664.1117802,143480,0.0,-16.3,12.29,93.0,314.0
1768804664.1216264,143500,0.0,-16.05,12.38,93.0,314.0
1768804664.153833,143520,0.0,-15.81,11.84,95.0,318.0
1768804664.185116,143540,0.0,-15.58,11.38,97.0,323.0
1768804664.1913092,143560,0.0,-15.35,11.33,95.0,318.0
1768804664.2088802,143580,0.0,-15.12,11.78,92.0,312.0
1768804664.240792,143600,0.0,-14.9,10.71,95.0,318.0
1768804664.2512739,143620,0.0,-14.7,9.98,99.0,327.0
1768804664.2786708,143640,0.0,-14.5,10.13,99.0,327.0
1768804664.2826147,143660,0.0,-14.29,11.03,94.0,316.0
1768804664.3146594,143680,0.0,-14.07,10.79,93.0,314.0
1768804664.339086,143700,0.0,-13.87,9.57,95.0,318.0
1768804664.3465037,143720,0.0,-13.68,9.33,97.0,323.0
1768804664.369024,143740,0.0,-13.48,10.0,87.0,300.0
1768804664.415801,143760,0.0,-13.27,10.56,84.0,293.0
1768804664.4237878,143780,0.0,-13.06,9.69,84.0,293.0
1768804664.44768,143800,0.0,-12.88,8.81,91.0,309.0
1768804664.44928,143820,0.0,-12.71,8.75,94.0,316.0
1768804664.4819458,143840,0.0,-12.53,9.67,89.0,305.0
1768804664.497678,143860,0.0,-12.32,10.38,83.0,291.0
1768804664.5151505,143880,0.0,-12.12,9.46,84.0,293.0
1768804664.5294912,143900,0.0,-11.94,8.0,90.0,307.0
1768804664.578822,143920,0.0,-11.79,7.64,93.0,314.0
1768804664.5793712,143940,0.0,-11.62,8.72,90.0,307.0
1768804664.593508,143960,0.0,-11.43,9.36,87.0,300.0
1768804664.6030974,143980,0.0,-11.25,8.87,85.0,296.0
1768804664.6379879,144000,0.0,-11.08,8.14,88.0,302.0
1768804664.660929,144020,0.0,-10.92,7.97,90.0,307.0
1768804664.681029,144040,0.0,-10.76,7.91,90.0,307.0
1768804664.7039893,144060,0.0,-10.6,7.91,89.0,305.0
1768804664.7238297,144080,0.0,-10.45,7.4,91.0,309.0
1768804664.7366922,144100,0.0,-10.31,6.45,94.0,316.0
1768804664.7602587,144120,0.0,-10.19,6.42,94.0,316.0
1768804664.7890024,144140,0.0,-10.05,6.63,92.0,312.0
1768804664.8132498,144160,0.0,-9.92,6.56,92.0,312.0
1768804664.8180435,144180,0.0,-9.81,5.61,98.0,325.0
1768804664.8280694,144200,0.0,-9.71,5.16,100.0,330.0
1768804664.8495135,144220,0.0,-9.6,5.73,96.0,321.0
1768804664.8823955,144240,0.0,-9.48,6.42,92.0,312.0
1768804664.8996527,144260,0.0,-9.37,4.94,98.0,325.0
1768804664.922553,144280,0.0,-9.3,3.96,103.0,337.0
1768804664.938711,144300,0.0,-9.22,4.58,102.0,334.0
1768804664.9474158,144320,0.0,-9.12,5.78,96.0,321.0
1768804664.9830093,144340,0.0,-9.01,5.31,97.0,323.0
1768804665.0086184,144360,0.0,-8.94,3.55,102.0,334.0
1768804665.0149248,144380,0.0,-8.88,2.99,106.0,343.0
1768804665.0198593,144400,0.0,-8.8,4.43,103.0,337.0
1768804665.0594728,144420,0.0,-8.71,4.88,99.0,327.0
1768804665.0747368,144440,0.0,-8.63,3.88,100.0,330.0
1768804665.0848682,144460,0.0,-8.57,2.79,107.0,346.0
1768804665.1063724,144480,0.0,-8.52,3.24,107.0,346.0
1768804665.1462493,144500,0.0,-8.44,4.42,102.0,334.0
1768804665.149345,144520,0.0,-8.36,4.14,100.0,330.0
1768804665.189699,144540,0.0,-8.29,2.86,103.0,337.0
1768804665.2154388,144560,0.0,-8.23,2.79,105.0,341.0
1768804665.2196207,144580,0.0,-8.17,3.52,103.0,337.0
1768804665.2351413,144600,0.0,-8.09,3.85,102.0,334.0
1768804665.2512004,144620,0.0,-8.03,3.04,105.0,341.0
1768804665.2634575,144640,0.0,-7.97,2.51,107.0,346.0
1768804665.308765,144660,0.0,-7.92,2.85,106.0,343.0
1768804665.3147547,144680,0.0,-7.85,3.31,102.0,334.0
1768804665.3250666,144700,0.0,-7.79,2.7,103.0,337.0
1768804665.3487203,144720,0.0,-7.74,2.06,107.0,346.0
1768804665.3823,144740,0.0,-7.7,2.23,109.0,350.0
1768804665.3946922,144760,0.0,-7.64,3.49,105.0,341.0
1768804665.41167,144780,0.0,-7.56,3.77,99.0,327.0
1768804665.4429896,144800,0.0,-7.49,2.88,99.0,327.0
1768804665.4633048,144820,0.0,-7.44,1.97,106.0,343.0
1768804665.4818363,144840,0.0,-7.4,2.19,108.0,348.0
1768804665.486544,144860,0.0,-7.34,3.75,103.0,337.0
1768804665.5125313,144880,0.0,-7.26,4.31,99.0,327.0
1768804665.5544739,144900,0.0,-7.19,3.54,98.0,325.0
1768804665.5553741,144920,0.0,-7.13,2.87,102.0,334.0
1768804665.5722702,144940,0.0,-7.07,3.23,101.0,332.0
1768804665.5814347,144960,0.0,-6.99,4.35,96.0,321.0
1768804665.6150002,144980,0.0,-6.9,4.84,94.0,316.0
1768804665.6368089,145000,0.0,-6.82,4.04,96.0,321.0
1768804665.6485026,145020,0.0,-6.75,4.11,98.0,325.0
1768804665.6812603,145040,0.0,-6.66,5.13,99.0,327.0
1768804665.704411,145060,0.0,-6.55,5.97,95.0,318.0
1768804665.7144296,145080,0.0,-6.44,5.7,94.0,316.0
1768804665.734848,145100,0.0,-6.33,5.39,96.0,321.0
1768804665.745809,145120,0.0,-6.23,5.6,97.0,323.0
1768804665.7748706,145140,0.0,-6.11,6.14,95.0,318.0
1768804665.7967618,145160,0.0,-5.99,6.11,93.0,314.0
1768804665.8068244,145180,0.0,-5.87,6.01,93.0,314.0
1768804665.828295,145200,0.0,-5.75,6.05,95.0,318.0
1768804665.8634167,145220,0.0,-5.64,5.71,95.0,318.0
1768804665.8790524,145240,0.0,-5.52,6.06,94.0,316.0
1768804665.8944855,145260,0.0,-5.39,6.17,91.0,309.0
1768804665.9101832,145280,0.0,-5.27,5.67,94.0,316.0
1768804665.9487665,145300,0.0,-5.16,5.34,97.0,323.0
1768804665.973848,145320,0.0,-5.05,5.7,96.0,321.0
1768804665.9813836,145340,0.0,-4.92,6.48,93.0,314.0
1768804665.9892547,145360,0.0,-4.79,6.03,92.0,312.0
1768804666.0347202,145380,0.0,-4.68,5.26,94.0,316.0
1768804666.035763,145400,0.0,-4.57,4.99,98.0,325.0
1768804666.0535629,145420,0.0,-4.45,5.42,94.0,316.0
1768804666.0630262,145440,0.0,-4.33,6.23,91.0,309.0
1768804666.0995016,145460,0.0,-4.2,5.7,93.0,314.0
1768804666.1178172,145480,0.0,-4.09,4.55,95.0,318.0
1768804666.133085,145500,0.0,-3.98,4.94,94.0,316.0
1768804666.1600838,145520,0.0,-3.86,5.61,91.0,309.0
1768804666.1823235,145540,0.0,-3.74,5.43,92.0,312.0
1768804666.1929963,145560,0.0,-3.64,4.13,95.0,318.0
1768804666.2139587,145580,0.0,-3.55,4.34,97.0,323.0
1768804666.223872,145600,0.0,-3.44,5.19,94.0,316.0
1768804666.2721095,145620,0.0,-3.32,5.23,88.0,302.0
1768804666.2779574,145640,0.0,-3.22,4.41,92.0,312.0
1768804666.2881243,145660,0.0,-3.13,3.68,96.0,321.0
1768804666.309512,145680,0.0,-3.05,3.47,96.0,321.0
1768804666.3428996,145700,0.0,-2.96,4.52,94.0,316.0
1768804666.3553407,145720,0.0,-2.87,4.57,92.0,312.0
1768804666.3773196,145740,0.0,-2.78,3.82,93.0,314.0
1768804666.3878946,145760,0.0,-2.7,3.41,95.0,318.0
1768804666.4169848,145780,0.0,-2.62,3.62,94.0,316.0
1768804666.438809,145800,0.0,-2.54,3.54,93.0,314.0
1768804666.4640105,145820,0.0,-2.47,2.98,95.0,318.0
1768804666.4787276,145840,0.0,-2.42,2.55,91.0,309.0
1768804666.484797,145860,0.0,-2.36,2.73,91.0,309.0
1768804666.5292642,145880,0.0,-2.3,2.21,90.0,307.0
1768804666.5342195,145900,0.0,-2.26,1.53,95.0,318.0
1768804666.5445282,145920,0.0,-2.23,1.53,97.0,323.0
1768804666.566351,145940,0.0,-2.19,2.14,93.0,314.0
1768804666.6106012,145960,0.0,-2.13,2.76,89.0,305.0
1768804666.6162734,145980,0.0,-2.09,2.09,92.0,312.0
1768804666.635229,146000,0.0,-2.07,0.34,99.0,327.0
1768804666.6613197,146020,0.0,-2.05,0.76,98.0,325.0
1768804666.674375,146040,0.0,-2.01,2.27,93.0,314.0
1768804666.6994987,146060,0.0,-1.97,1.92,93.0,314.0
1768804666.7067356,146080,0.0,-1.94,1.42,94.0,316.0
1768804666.727857,146100,0.0,-1.9,1.75,94.0,316.0
1768804666.7716682,146120,0.0,-1.86,2.62,91.0,309.0
1768804666.7724068,146140,0.0,-1.81,2.27,91.0,309.0
1768804666.791641,146160,0.0,-1.77,1.43,92.0,312.0
1768804666.8010743,146180,0.0,-1.73,1.99,94.0,316.0
1768804666.8588083,146200,0.0,-1.68,3.11,88.0,302.0
1768804666.8688085,146220,0.0,-1.62,3.07,87.0,300.0
1768804666.873516,146240,0.0,-1.57,1.85,89.0,305.0
1768804666.888646,146260,0.0,-1.53,1.89,93.0,314.0
1768804666.9232793,146280,0.0,-1.48,2.97,91.0,309.0
1768804666.9314406,146300,0.0,-1.42,3.61,85.0,296.0
1768804666.9563265,146320,0.0,-1.35,2.56,85.0,296.0
1768804666.965448,146340,0.0,-1.31,1.37,90.0,307.0
1768804667.0115886,146360,0.0,-1.3,0.7,96.0,321.0
1768804667.0161054,146380,0.0,-1.28,1.43,98.0,325.0
1768804667.0265148,146400,0.0,-1.25,1.79,93.0,314.0
1768804667.0492055,146420,0.0,-1.21,1.75,89.0,305.0
1768804667.0908241,146440,0.0,-1.18,1.19,92.0,312.0
1768804667.0997214,146460,0.0,-1.17,0.73,97.0,323.0
1768804667.1148388,146480,0.0,-1.16,0.97,97.0,323.0
1768804667.1259606,146500,0.0,-1.13,1.44,92.0,312.0
1768804667.1765757,146520,0.0,-1.11,0.94,93.0,314.0
1768804667.1889453,146540,0.0,-1.11,-0.33,100.0,330.0
1768804667.1896691,146560,0.0,-1.12,-0.46,103.0,337.0
1768804667.2103722,146580,0.0,-1.12,0.59,98.0,325.0
1768804667.2473903,146600,0.0,-1.1,1.07,94.0,316.0
1768804667.250829,146620,0.0,-1.1,-0.3,98.0,325.0
1768804667.273116,146640,0.0,-1.12,-1.26,105.0,341.0
1768804667.282755,146660,0.0,-1.14,-0.45,104.0,339.0
1768804667.3458974,146680,0.0,-1.13,1.06,98.0,325.0
1768804667.3593314,146700,0.0,-1.11,0.91,96.0,321.0
1768804667.4002922,146720,0.0,-1.11,-0.6,99.0,327.0
1768804667.4418015,146740,0.0,-1.13,-1.09,103.0,337.0
1768804667.4528797,146760,0.0,-1.13,0.06,99.0,327.0
1768804667.463327,146780,0.0,-1.11,1.45,95.0,318.0
1768804667.4650552,146800,0.0,-1.09,0.89,96.0,321.0
1768804667.4656377,146820,0.0,-1.09,-0.48,99.0,327.0
1768804667.4939659,146840,0.0,-1.09,0.49,98.0,325.0
1768804667.497612,146860,0.0,-1.05,2.28,92.0,312.0
1768804667.5074663,146880,0.0,-1.01,2.45,88.0,302.0
1768804667.5287924,146900,0.0,-0.98,0.31,93.0,314.0
1768804667.5696585,146920,0.0,-0.97,-0.12,98.0,325.0
1768804667.5793872,146940,0.0,-0.96,1.53,96.0,321.0
1768804667.5939624,146960,0.0,-0.92,2.15,89.0,305.0
1768804667.6211882,146980,0.0,-0.88,1.38,90.0,307.0
1768804667.6429799,147000,0.0,-0.87,0.11,97.0,323.0
1768804667.659887,147020,0.0,-0.86,0.78,97.0,323.0
1768804667.670208,147040,0.0,-0.82,2.33,89.0,305.0
1768804667.6913729,147060,0.0,-0.77,1.69,87.0,300.0
1768804667.7397833,147080,0.0,-0.75,0.38,93.0,314.0
1768804667.7407255,147100,0.0,-0.75,0.58,99.0,327.0
1768804667.7539494,147120,0.0,-0.72,1.85,94.0,316.0
1768804667.7640762,147140,0.0,-0.67,2.56,87.0,300.0
1768804667.786072,147160,0.0,-0.63,1.88,89.0,305.0
1768804667.8191872,147180,0.0,-0.61,0.86,95.0,318.0
1768804667.8308084,147200,0.0,-0.6,0.6,97.0,323.0
1768804667.8653836,147220,0.0,-0.58,1.09,92.0,312.0
1768804667.865925,147240,0.0,-0.56,1.6,91.0,309.0
1768804667.8988822,147260,0.0,-0.53,1.02,91.0,309.0
1768804667.9171023,147280,0.0,-0.51,0.92,94.0,316.0
1768804667.9316669,147300,0.0,-0.49,1.06,93.0,314.0
1768804667.94975,147320,0.0,-0.47,1.35,92.0,312.0
1768804667.979079,147340,0.0,-0.44,1.24,90.0,307.0
1768804667.9889164,147360,0.0,-0.43,0.65,93.0,314.0
1768804668.0110626,147380,0.0,-0.42,0.51,101.0,332.0
1768804668.020469,147400,0.0,-0.41,0.85,99.0,327.0
1768804668.0621274,147420,0.0,-0.38,1.67,97.0,323.0
1768804668.0760453,147440,0.0,-0.35,1.58,98.0,325.0
1768804668.094847,147460,0.0,-0.33,0.91,99.0,327.0
1768804668.100963,147480,0.0,-0.3,1.17,98.0,325.0
1768804668.1414354,147500,0.0,-0.27,1.7,96.0,321.0
1768804668.156662,147520,0.0,-0.23,1.35,97.0,323.0
1768804668.1662798,147540,0.0,-0.21,1.18,100.0,330.0
1768804668.188602,147560,0.0,-0.18,1.45,101.0,332.0
1768804668.2191422,147580,0.0,-0.13,2.45,96.0,321.0
1768804668.2292306,147600,0.0,-0.08,2.59,93.0,314.0
1768804668.251942,147620,0.0,-0.04,1.44,98.0,325.0
1768804668.2606182,147640,0.0,-0.01,1.05,102.0,334.0
1768804668.2997117,147660,0.0,0.02,1.66,98.0,325.0
1768804668.319708,147680,0.0,0.09,3.27,92.0,312.0
1768804668.3592088,147700,0.0,0.15,3.02,93.0,314.0
1768804668.3786793,147720,0.0,0.2,1.48,97.0,323.0
1768804668.3812587,147740,0.0,0.24,1.94,98.0,325.0
1768804668.3978326,147760,0.0,0.3,3.69,91.0,309.0
1768804668.4121845,147780,0.0,0.39,4.49,87.0,300.0
1768804668.4266837,147800,0.0,0.46,2.98,93.0,314.0
1768804668.466131,147820,0.0,0.51,1.69,97.0,323.0
1768804668.476383,147840,0.0,0.56,2.87,93.0,314.0
1768804668.4864972,147860,0.0,0.64,4.47,85.0,296.0
1768804668.5073867,147880,0.0,0.73,3.83,85.0,296.0
1768804668.547661,147900,0.0,0.79,2.56,92.0,312.0
1768804668.56544,147920,0.0,0.84,2.44,92.0,312.0
1768804668.5727825,147940,0.0,0.92,4.58,84.0,293.0
1768804668.58862,147960,0.0,1.02,4.51,79.0,282.0
1768804668.624568,147980,0.0,1.09,2.78,86.0,298.0
1768804668.6590765,148000,0.0,1.14,2.28,91.0,309.0
1768804668.6701035,148020,0.0,1.21,3.77,86.0,298.0
1768804668.688982,148040,0.0,1.3,4.68,79.0,282.0
1768804668.7155643,148060,0.0,1.38,3.55,81.0,287.0
1768804668.716394,148080,0.0,1.44,2.05,88.0,302.0
1768804668.7331526,148100,0.0,1.48,2.37,89.0,305.0
1768804668.7420819,148120,0.0,1.55,3.77,76.0,275.0
1768804668.783373,148140,0.0,1.63,3.48,75.0,273.0
1768804668.7979414,148160,0.0,1.68,1.9,80.0,284.0
1768804668.8074741,148180,0.0,1.71,1.0,86.0,298.0
1768804668.840901,148200,0.0,1.74,2.4,85.0,296.0
1768804668.8623703,148220,0.0,1.81,3.31,78.0,280.0
1768804668.882355,148240,0.0,1.86,2.16,79.0,282.0
1768804668.8972476,148260,0.0,1.9,1.31,84.0,293.0
1768804668.9028034,148280,0.0,1.93,1.74,84.0,293.0
1768804668.935637,148300,0.0,1.97,2.62,80.0,284.0
1768804668.9575315,148320,0.0,2.02,1.8,82.0,289.0
1768804668.9675918,148340,0.0,2.04,0.72,85.0,296.0
1768804668.9884992,148360,0.0,2.06,1.29,86.0,298.0
1768804669.023266,148380,0.0,2.1,2.02,81.0,287.0
1768804669.036918,148400,0.0,2.15,1.74,80.0,284.0
1768804669.05463,148420,0.0,2.16,0.33,88.0,302.0
1768804669.0668173,148440,0.0,2.15,-0.61,94.0,316.0
1768804669.096261,148460,0.0,2.16,0.32,89.0,305.0
1768804669.1179235,148480,0.0,2.18,1.47,84.0,293.0
1768804669.1308913,148500,0.0,2.2,0.65,86.0,298.0
1768804669.1506603,148520,0.0,2.2,-0.22,92.0,312.0
1768804669.1602752,148540,0.0,2.19,-0.57,92.0,312.0
1768804669.2001498,148560,0.0,2.2,0.67,87.0,300.0
1768804669.2142968,148580,0.0,2.21,0.77,86.0,298.0
1768804669.2243645,148600,0.0,2.21,-0.93,93.0,314.0
1768804669.2455394,148620,0.0,2.18,-0.99,96.0,321.0
1768804669.2836564,148640,0.0,2.17,0.52,92.0,312.0
1768804669.291114,148660,0.0,2.19,0.71,86.0,298.0
1768804669.3140278,148680,0.0,2.2,-0.01,87.0,300.0
1768804669.3322916,148700,0.0,2.18,-1.17,95.0,318.0
1768804669.365807,148720,0.0,2.15,-1.31,98.0,325.0
1768804669.3813448,148740,0.0,2.14,-0.75,93.0,314.0
1768804669.3990533,148760,0.0,2.14,0.23,89.0,305.0
1768804669.4073834,148780,0.0,2.14,0.12,90.0,307.0
1768804669.457695,148800,0.0,2.13,-0.45,91.0,309.0
1768804669.4594257,148820,0.0,2.13,-0.2,92.0,312.0
1768804669.470641,148840,0.0,2.13,0.07,90.0,307.0
1768804669.4798036,148860,0.0,2.13,0.39,89.0,305.0
1768804669.527552,148880,0.0,2.14,0.07,89.0,305.0
1768804669.5423448,148900,0.0,2.14,0.17,90.0,307.0
1768804669.5551755,148920,0.0,2.15,0.65,89.0,305.0
1768804669.5768886,148940,0.0,2.16,1.01,87.0,300.0
1768804669.5994258,148960,0.0,2.18,0.83,85.0,296.0
1768804669.6248317,148980,0.0,2.2,0.71,87.0,300.0
1768804669.6319563,149000,0.0,2.21,0.93,88.0,302.0
1768804669.6399534,149020,0.0,2.24,1.66,84.0,293.0
1768804669.677857,149040,0.0,2.28,1.94,80.0,284.0
1768804669.7094686,149060,0.0,2.32,1.55,82.0,289.0
1768804669.7100809,149080,0.0,2.33,0.53,87.0,300.0
1768804669.726096,149100,0.0,2.35,1.03,87.0,300.0
1768804669.759482,149120,0.0,2.39,1.76,80.0,284.0
1768804669.784192,149140,0.0,2.43,1.78,80.0,284.0
1768804669.7989686,149160,0.0,2.45,0.44,87.0,300.0
1768804669.8024075,149180,0.0,2.44,-0.25,92.0,312.0
1768804669.8480866,149200,0.0,2.44,0.56,89.0,305.0
1768804669.8624907,149220,0.0,2.47,1.82,83.0,291.0
1768804669.8662956,149240,0.0,2.5,1.25,83.0,291.0
1768804669.8889985,149260,0.0,2.51,-0.15,87.0,300.0
1768804669.922088,149280,0.0,2.51,-0.63,90.0,307.0
1768804669.9321272,149300,0.0,2.52,0.56,86.0,298.0
1768804669.9590008,149320,0.0,2.54,1.49,83.0,291.0
1768804669.9617372,149340,0.0,2.56,0.85,86.0,298.0
1768804669.995376,149360,0.0,2.57,0.2,90.0,307.0
1768804670.0359802,149380,0.0,2.57,0.38,89.0,305.0
1768804670.0503826,149400,0.0,2.59,1.43,85.0,296.0
1768804670.052833,149420,0.0,2.61,0.73,85.0,296.0
1768804670.089337,149440,0.0,2.61,-0.33,89.0,305.0
1768804670.097239,149460,0.0,2.6,-0.36,91.0,309.0
1768804670.1136768,149480,0.0,2.61,0.63,87.0,300.0
1768804670.1294415,149500,0.0,2.63,0.74,83.0,291.0
1768804670.1646595,149520,0.0,2.64,-0.09,86.0,298.0
1768804670.1753273,149540,0.0,2.63,-0.7,92.0,312.0
1768804670.209863,149560,0.0,2.62,0.07,91.0,309.0
1768804670.2107596,149580,0.0,2.63,0.81,85.0,296.0
1768804670.2349935,149600,0.0,2.66,1.19,83.0,291.0
1768804670.2575734,149620,0.0,2.67,0.8,86.0,298.0
1768804670.2700214,149640,0.0,2.68,0.25,88.0,302.0
1768804670.2901962,149660,0.0,2.7,0.82,85.0,296.0
1768804670.3216043,149680,0.0,2.72,1.19,82.0,289.0
1768804670.334191,149700,0.0,2.74,0.99,90.0,307.0
1768804670.3597662,149720,0.0,2.76,0.44,93.0,314.0
1768804670.364627,149740,0.0,2.78,1.04,90.0,307.0
1768804670.4107597,149760,0.0,2.81,1.77,87.0,300.0
1768804670.423121,149780,0.0,2.85,1.7,87.0,300.0
1768804670.4513123,149800,0.0,2.87,0.89,93.0,314.0
1768804670.4520972,149820,0.0,2.89,0.86,94.0,316.0
1768804670.482033,149840,0.0,2.92,1.68,88.0,302.0
1768804670.4922187,149860,0.0,2.96,1.43,87.0,300.0
1768804670.5146878,149880,0.0,2.98,0.65,93.0,314.0
1768804670.5272303,149900,0.0,2.98,-0.26,97.0,323.0
1768804670.5459177,149920,0.0,3.0,0.98,92.0,312.0
1768804670.5788946,149940,0.0,3.03,2.2,88.0,302.0
1768804670.591531,149960,0.0,3.07,1.66,89.0,305.0
1768804670.6219301,149980,0.0,3.1,1.18,93.0,314.0
1768804670.622482,150000,0.0,3.12,1.43,91.0,309.0
1768804670.6538227,150020,0.0,3.17,2.45,86.0,298.0
1768804670.6928144,150040,0.0,3.22,2.02,86.0,298.0
1768804670.6937041,150060,0.0,3.25,1.14,88.0,302.0
1768804670.7051437,150080,0.0,3.28,1.32,91.0,309.0
1768804670.7388515,150100,0.0,3.31,2.54,88.0,302.0
1768804670.758215,150120,0.0,3.38,3.36,82.0,289.0
1768804670.7775707,150140,0.0,3.44,3.08,80.0,284.0
1768804670.7801309,150160,0.0,3.5,2.07,82.0,289.0
1768804670.813571,150180,0.0,3.54,1.82,86.0,298.0
1768804670.8349257,150200,0.0,3.59,2.9,84.0,293.0
1768804670.8546433,150220,0.0,3.66,4.16,77.0,277.0
1768804670.8795078,150240,0.0,3.74,3.61,77.0,277.0
1768804670.8985605,150260,0.0,3.8,2.51,81.0,287.0
1768804670.9099674,150280,0.0,3.85,2.87,82.0,289.0
1768804670.9499602,150300,0.0,3.92,4.53,75.0,273.0
1768804670.9505095,150320,0.0,4.01,4.21,72.0,266.0
1768804670.9731255,150340,0.0,4.08,2.59,77.0,277.0
1768804670.9953184,150360,0.0,4.12,2.06,83.0,291.0
1768804671.0313468,150380,0.0,4.17,3.13,79.0,2864.0
1768804671.061006,150420,0.0,4.34,3.59,66.0,252.0
1768804671.0810661,150440,0.0,4.4,2.95,72.0,266.0
1768804671.0978634,150460,0.0,4.45,2.75,73.0,268.0
1768804671.1031113,150480,0.0,4.51,2.87,69.0,259.0
1768804671.1343815,150500,0.0,4.58,3.39,66.0,252.0
1768804671.1558046,150520,0.0,4.64,2.89,69.0,259.0
1768804671.189059,150540,0.0,4.69,2.4,74.0,271.0
1768804671.1898942,150560,0.0,4.74,2.79,71.0,264.0
1768804671.2200332,150580,0.0,4.81,3.43,68.0,257.0
1768804671.2302437,150600,0.0,4.87,2.45,69.0,259.0
1768804671.2523632,150620,0.0,4.91,1.77,73.0,268.0
1768804671.2677603,150640,0.0,4.95,2.03,74.0,271.0
1768804671.2999089,150660,0.0,5.0,2.7,72.0,266.0
1768804671.3160255,150680,0.0,5.05,2.03,69.0,259.0
1768804671.3283265,150700,0.0,5.09,1.5,73.0,268.0
1768804671.353142,150720,0.0,5.11,1.36,77.0,277.0
1768804671.3809898,150740,0.0,5.14,1.5,75.0,273.0
1768804671.3954256,150760,0.0,5.18,2.3,72.0,266.0
1768804671.4146953,150780,0.0,5.22,1.85,74.0,271.0
1768804671.4214268,150800,0.0,5.24,0.8,77.0,277.0
1768804671.4546885,150820,0.0,5.26,0.76,77.0,277.0
1768804671.482002,150840,0.0,5.29,1.55,73.0,268.0
1768804671.4993126,150860,0.0,5.32,1.36,74.0,271.0
1768804671.5080075,150880,0.0,5.33,0.44,79.0,282.0
1768804671.5362582,150900,0.0,5.34,0.76,80.0,284.0
1768804671.557077,150920,0.0,5.36,1.85,76.0,275.0
1768804671.581456,150940,0.0,5.4,1.5,72.0,266.0
1768804671.5930426,150960,0.0,5.41,-0.12,77.0,277.0
1768804671.6246212,150980,0.0,5.4,-1.1,83.0,291.0
1768804671.6326444,151000,0.0,5.39,-0.05,82.0,289.0
1768804671.653126,151020,0.0,5.4,0.65,78.0,280.0
1768804671.6622028,151040,0.0,5.41,0.43,77.0,277.0
1768804671.6949363,151060,0.0,5.41,-0.24,80.0,284.0
1768804671.7281997,151080,0.0,5.41,0.11,83.0,291.0
1768804671.7402267,151100,0.0,5.41,0.54,80.0,284.0
1768804671.7528045,151120,0.0,5.42,0.46,79.0,282.0
1768804671.7851367,151140,0.0,5.42,-0.14,81.0,287.0
1768804671.7935174,151160,0.0,5.41,-0.6,84.0,293.0
1768804671.8233843,151180,0.0,5.4,0.11,82.0,289.0
1768804671.8327813,151200,0.0,5.41,0.32,78.0,280.0
1768804671.856632,151220,0.0,5.42,-0.15,80.0,284.0
1768804671.878052,151240,0.0,5.4,-0.85,84.0,293.0
1768804671.8878534,151260,0.0,5.39,-0.29,85.0,296.0
1768804671.9090242,151280,0.0,5.39,0.87,80.0,284.0
1768804671.942318,151300,0.0,5.41,0.45,76.0,275.0
1768804671.9630864,151320,0.0,5.41,-0.34,80.0,284.0
1768804671.978088,151340,0.0,5.4,-0.82,84.0,293.0
1768804671.9848502,151360,0.0,5.39,-0.02,82.0,289.0
1768804672.0160315,151380,0.0,5.42,1.42,74.0,271.0
1768804672.0416076,151400,0.0,5.44,1.03,74.0,271.0
1768804672.0497377,151420,0.0,5.45,0.01,81.0,287.0
1768804672.0730731,151440,0.0,5.45,0.46,82.0,289.0
1768804672.0793252,151460,0.0,5.48,2.02,72.0,266.0
1768804672.11229,151480,0.0,5.52,1.7,71.0,264.0
1768804672.1344965,151500,0.0,5.54,0.07,78.0,280.0
1768804672.144461,151520,0.0,5.54,0.42,81.0,287.0
1768804672.1656694,151540,0.0,5.57,2.22,72.0,266.0
1768804672.198787,151560,0.0,5.62,2.35,68.0,257.0
1768804672.2163765,151580,0.0,5.65,0.87,74.0,271.0
1768804672.2608821,151600,0.0,5.66,0.59,80.0,284.0
1768804672.265703,151620,0.0,5.68,1.69,75.0,273.0
1768804672.294526,151640,0.0,5.72,2.28,69.0,259.0
1768804672.2990873,151660,0.0,5.76,0.88,72.0,266.0
1768804672.3097925,151680,0.0,5.76,-0.62,78.0,280.0
1768804672.326646,151700,0.0,5.76,0.32,78.0,280.0
1768804672.3589492,151720,0.0,5.78,1.41,74.0,271.0
1768804672.3690636,151740,0.0,5.81,1.47,73.0,268.0
1768804672.39118,151760,0.0,5.83,0.76,77.0,277.0
1768804672.400107,151780,0.0,5.84,0.43,78.0,280.0
1768804672.4338527,151800,0.0,5.85,0.67,75.0,273.0
1768804672.4595635,151820,0.0,5.87,0.39,76.0,275.0
1768804672.4659932,151840,0.0,5.86,-0.21,80.0,284.0
1768804672.4881258,151860,0.0,5.85,-0.2,82.0,289.0
1768804672.5209203,151880,0.0,5.86,0.65,77.0,277.0
1768804672.5309107,151900,0.0,5.88,0.74,74.0,271.0
1768804672.551956,151920,0.0,5.89,0.07,78.0,280.0
1768804672.5628674,151940,0.0,5.87,-0.84,83.0,291.0
1768804672.5936487,151960,0.0,5.87,0.01,80.0,284.0
1768804672.617768,151980,0.0,5.89,1.48,81.0,287.0
1768804672.625923,152000,0.0,5.91,0.75,81.0,287.0
1768804672.6486292,152020,0.0,5.92,0.49,82.0,289.0
1768804672.680872,152040,0.0,5.94,1.34,82.0,289.0
1768804672.6926887,152060,0.0,5.97,2.01,78.0,280.0
1768804672.7140732,152080,0.0,6.01,1.38,78.0,280.0
1768804672.7267764,152100,0.0,6.03,0.56,84.0,293.0
1768804672.774827,152120,0.0,6.03,0.75,85.0,296.0
1768804672.7817707,152140,0.0,6.06,1.91,79.0,282.0
1768804672.7894928,152160,0.0,6.1,1.35,79.0,282.0
1768804672.8095622,152180,0.0,6.12,0.86,82.0,289.0
1768804672.8404396,152200,0.0,6.14,1.31,83.0,291.0
1768804672.8524852,152220,0.0,6.18,2.12,79.0,282.0
1768804672.8752332,152240,0.0,6.22,2.02,76.0,275.0
1768804672.881085,152260,0.0,6.26,1.48,80.0,284.0
1768804672.9161763,152280,0.0,6.28,0.99,85.0,296.0
1768804672.9386292,152300,0.0,6.3,1.56,81.0,287.0
1768804672.9489782,152320,0.0,6.35,2.55,76.0,275.0
1768804672.970515,152340,0.0,6.39,1.71,78.0,280.0
1768804673.0020037,152360,0.0,6.4,-0.04,85.0,296.0
1768804673.011742,152380,0.0,6.41,0.56,84.0,293.0
1768804673.0337834,152400,0.0,6.44,2.32,79.0,282.0
1768804673.0421555,152420,0.0,6.48,1.51,78.0,280.0
1768804673.0747433,152440,0.0,6.5,0.13,83.0,291.0
1768804673.0971231,152460,0.0,6.5,0.56,85.0,296.0
1768804673.1125646,152480,0.0,6.53,2.42,79.0,282.0
1768804673.138036,152500,0.0,6.58,1.37,76.0,275.0
1768804673.1616194,152520,0.0,6.59,0.31,82.0,289.0
1768804673.186723,152540,0.0,6.59,0.18,87.0,300.0
1768804673.1933804,152560,0.0,6.61,1.41,80.0,284.0
1768804673.2193415,152580,0.0,6.65,2.07,75.0,273.0
1768804673.2476509,152600,0.0,6.68,1.4,79.0,282.0
1768804673.2607744,152620,0.0,6.69,-0.41,83.0,291.0
1768804673.267361,152640,0.0,6.68,-0.2,83.0,291.0
1768804673.2915738,152660,0.0,6.71,1.83,78.0,280.0
1768804673.3217843,152680,0.0,6.74,1.41,77.0,277.0
1768804673.3316865,152700,0.0,6.75,0.63,79.0,282.0
1768804673.3548648,152720,0.0,6.76,0.6,80.0,284.0
1768804673.3768036,152740,0.0,6.78,0.99,72.0,266.0
1768804673.397835,152760,0.0,6.8,0.57,70.0,262.0
1768804673.4189422,152780,0.0,6.8,-0.76,76.0,275.0
1768804673.430225,152800,0.0,6.78,-1.04,82.0,289.0
1768804673.4503262,152820,0.0,6.76,-0.06,79.0,282.0
1768804673.4821591,152840,0.0,6.77,0.57,75.0,273.0
1768804673.4950988,152860,0.0,6.78,-0.34,74.0,271.0
1768804673.5158474,152880,0.0,6.76,-1.08,79.0,282.0
1768804673.5244281,152900,0.0,6.74,-0.8,80.0,284.0
1768804673.5455914,152920,0.0,6.74,-0.06,77.0,277.0
1768804673.5837317,152940,0.0,6.73,-0.89,79.0,282.0
1768804673.5976932,152960,0.0,6.7,-1.65,84.0,293.0
1768804673.6134877,152980,0.0,6.66,-1.36,84.0,293.0
1768804673.6205087,153000,0.0,6.65,-0.29,78.0,280.0
1768804673.65563,153020,0.0,6.65,-0.7,78.0,280.0
1768804673.6790404,153040,0.0,6.62,-1.83,83.0,291.0
1768804673.6911316,153060,0.0,6.58,-2.17,86.0,298.0
1768804673.7096305,153080,0.0,6.54,-1.51,82.0,289.0
1768804673.7413468,153100,0.0,6.53,-0.6,79.0,282.0
1768804673.7549758,153120,0.0,6.51,-1.34,82.0,289.0
1768804673.7649999,153140,0.0,6.47,-2.12,87.0,300.0
1768804673.787635,153160,0.0,6.43,-1.88,87.0,300.0
1768804673.820181,153180,0.0,6.41,-0.5,82.0,289.0
1768804673.8331802,153200,0.0,6.39,-1.3,82.0,289.0
1768804673.8508613,153220,0.0,6.35,-2.28,85.0,296.0
1768804673.8623285,153240,0.0,6.31,-1.97,86.0,298.0
1768804673.8978868,153260,0.0,6.29,-0.57,82.0,289.0
1768804673.9280975,153280,0.0,6.28,-0.74,79.0,282.0
1768804673.929878,153300,0.0,6.26,-1.35,82.0,289.0
1768804673.947693,153320,0.0,6.23,-1.38,85.0,296.0
1768804673.9808657,153340,0.0,6.21,-0.39,80.0,284.0
1768804673.9896924,153360,0.0,6.22,0.27,76.0,275.0
1768804674.0118976,153380,0.0,6.22,-0.37,77.0,277.0
1768804674.0209835,153400,0.0,6.2,-1.22,82.0,289.0
1768804674.0546947,153420,0.0,6.17,-1.24,84.0,293.0
1768804674.075886,153440,0.0,6.17,0.41,77.0,277.0
1768804674.086741,153460,0.0,6.18,0.44,74.0,271.0
1768804674.1064963,153480,0.0,6.18,-0.55,78.0,280.0
1768804674.1449354,153500,0.0,6.16,-1.04,83.0,291.0
1768804674.1651025,153520,0.0,6.15,0.02,79.0,282.0
1768804674.1728086,153540,0.0,6.17,0.56,74.0,271.0
1768804674.1885333,153560,0.0,6.17,-0.38,78.0,280.0
1768804674.2221603,153580,0.0,6.15,-1.39,82.0,289.0
1768804674.230432,153600,0.0,6.13,-0.65,81.0,287.0
1768804674.2519777,153620,0.0,6.13,0.61,77.0,277.0
1768804674.261184,153640,0.0,6.14,0.19,76.0,275.0
1768804674.3014324,153660,0.0,6.13,-0.86,80.0,284.0
1768804674.3199823,153680,0.0,6.11,-0.89,81.0,287.0
1768804674.3391762,153700,0.0,6.11,-0.11,77.0,277.0
1768804674.3481493,153720,0.0,6.12,0.75,74.0,271.0
1768804674.3808403,153740,0.0,6.12,0.15,77.0,277.0
1768804674.4004867,153760,0.0,6.11,-1.07,82.0,289.0
1768804674.413835,153780,0.0,6.1,-0.37,80.0,284.0
1768804674.4235806,153800,0.0,6.11,0.83,75.0,273.0
1768804674.4558692,153820,0.0,6.12,0.38,74.0,271.0
1768804674.4767401,153840,0.0,6.12,-0.62,78.0,280.0
1768804674.4868808,153860,0.0,6.1,-0.44,82.0,289.0
1768804674.508356,153880,0.0,6.1,0.63,76.0,275.0
1768804674.56702,153900,0.0,6.13,1.04,70.0,262.0
1768804674.6186655,153920,0.0,6.14,-0.06,76.0,275.0
1768804674.649348,153940,0.0,6.12,-1.2,82.0,289.0
1768804674.6647172,153960,0.0,6.1,-1.02,81.0,287.0
1768804674.6856244,153980,0.0,6.1,0.23,75.0,273.0
1768804674.6979406,154000,0.0,6.11,-0.05,76.0,275.0
1768804674.6989465,154020,0.0,6.1,-0.86,81.0,287.0
1768804674.6998208,154040,0.0,6.08,-0.61,82.0,289.0
1768804674.7011821,154060,0.0,6.08,0.07,77.0,277.0
1768804674.7113805,154080,0.0,6.09,0.06,77.0,277.0
1768804674.7352626,154100,0.0,6.07,-1.39,83.0,291.0
1768804674.7432535,154120,0.0,6.04,-1.59,86.0,298.0
1768804674.783229,154140,0.0,6.02,-0.5,80.0,284.0
1768804674.8042262,154160,0.0,6.02,-0.42,79.0,282.0
1768804674.8129442,154180,0.0,5.99,-1.9,83.0,291.0
1768804674.830408,154200,0.0,5.95,-2.06,88.0,302.0
1768804674.8643003,154220,0.0,5.92,-0.7,84.0,293.0
1768804674.873303,154240,0.0,5.92,-0.28,78.0,280.0
1768804674.8962965,154260,0.0,5.91,-1.35,87.0,300.0
1768804674.9067647,154280,0.0,5.87,-2.12,93.0,314.0
1768804674.9272325,154300,0.0,5.84,-1.42,93.0,314.0
1768804674.9584944,154320,0.0,5.83,0.19,87.0,300.0
1768804674.9686716,154340,0.0,5.83,-0.12,85.0,296.0
1768804674.9975605,154360,0.0,5.82,-0.72,86.0,298.0
1768804675.002427,154380,0.0,5.81,-0.85,89.0,305.0
1768804675.033946,154400,0.0,5.8,-0.36,87.0,300.0
1768804675.0557382,154420,0.0,5.8,0.08,85.0,296.0
1768804675.0644581,154440,0.0,5.8,-0.2,86.0,298.0
1768804675.0973938,154460,0.0,5.79,-0.17,88.0,302.0
1768804675.121867,154480,0.0,5.79,0.15,87.0,300.0
1768804675.139043,154500,0.0,5.79,0.02,85.0,296.0
1768804675.1505687,154520,0.0,5.79,-0.19,86.0,298.0
1768804675.159718,154540,0.0,5.79,-0.02,87.0,300.0
1768804675.1932986,154560,0.0,5.79,0.05,86.0,298.0
1768804675.215699,154580,0.0,5.79,0.26,85.0,296.0
1768804675.2419295,154600,0.0,5.79,0.19,85.0,296.0
1768804675.246277,154620,0.0,5.8,0.4,84.0,293.0
1768804675.2809687,154640,0.0,5.81,0.57,85.0,296.0
1768804675.303406,154660,0.0,5.82,0.78,84.0,293.0
1768804675.3155856,154680,0.0,5.84,1.45,81.0,287.0
1768804675.3325481,154700,0.0,5.87,1.88,78.0,280.0
1768804675.3535612,154720,0.0,5.9,1.17,79.0,282.0
1768804675.376336,154740,0.0,5.91,0.87,83.0,291.0
1768804675.3917563,154760,0.0,5.94,1.67,80.0,284.0
1768804675.400649,154780,0.0,5.98,2.73,74.0,271.0
1768804675.4338782,154800,0.0,6.04,2.27,72.0,266.0
1768804675.4680538,154820,0.0,6.07,1.28,78.0,280.0
1768804675.4687586,154840,0.0,6.09,1.04,81.0,287.0
1768804675.4874084,154860,0.0,6.13,2.59,76.0,275.0
1768804675.5242994,154880,0.0,6.19,2.91,70.0,262.0
1768804675.5301683,154900,0.0,6.23,1.88,73.0,268.0
1768804675.55912,154920,0.0,6.26,1.14,79.0,282.0
1768804675.566848,154940,0.0,6.28,1.47,77.0,277.0
1768804675.5966167,154960,0.0,6.33,2.24,72.0,266.0
1768804675.6168394,154980,0.0,6.37,1.47,73.0,268.0
1768804675.626366,155000,0.0,6.38,0.52,73.0,268.0
1768804675.6473577,155020,0.0,6.39,0.74,72.0,266.0
1768804675.6815317,155040,0.0,6.41,1.23,70.0,262.0
1768804675.7089238,155060,0.0,6.43,0.13,73.0,268.0
1768804675.717509,155080,0.0,6.42,-0.57,79.0,282.0
1768804675.729909,155100,0.0,6.41,0.18,77.0,277.0
1768804675.7607296,155120,0.0,6.42,1.07,72.0,266.0
1768804675.7779522,155140,0.0,6.43,-0.21,75.0,273.0
1768804675.7989314,155160,0.0,6.41,-1.26,79.0,282.0
1768804675.8107762,155180,0.0,6.39,-0.6,79.0,282.0
1768804675.8410332,155200,0.0,6.4,0.6,73.0,268.0
1768804675.8539894,155220,0.0,6.41,0.07,75.0,273.0
1768804675.873061,155240,0.0,6.38,-1.51,83.0,291.0
1768804675.8821957,155260,0.0,6.35,-1.57,83.0,291.0
1768804675.918902,155280,0.0,6.34,-0.15,79.0,282.0
1768804675.9374998,155300,0.0,6.33,-0.73,79.0,282.0
1768804675.9496741,155320,0.0,6.3,-2.16,82.0,289.0
1768804675.9838161,155340,0.0,6.26,-1.56,84.0,293.0
1768804676.0064542,155360,0.0,6.25,-0.26,78.0,280.0
1768804676.0312827,155380,0.0,6.25,-0.24,76.0,275.0
1768804676.0351307,155400,0.0,6.22,-1.61,83.0,291.0
1768804676.047799,155420,0.0,6.18,-2.31,87.0,300.0
1768804676.0814095,155440,0.0,6.15,-1.0,81.0,287.0
1768804676.0976052,155460,0.0,6.15,-0.3,76.0,275.0
1768804676.1076715,155480,0.0,6.14,-0.92,80.0,284.0
1768804676.1292188,155500,0.0,6.1,-1.75,84.0,293.0
1768804676.1640015,155520,0.0,6.07,-1.36,84.0,293.0
1768804676.1752157,155540,0.0,6.06,-0.42,80.0,284.0
1768804676.195143,155560,0.0,6.05,-0.3,78.0,280.0
1768804676.2150888,155580,0.0,6.04,-0.67,79.0,282.0
1768804676.2503583,155600,0.0,6.03,-0.57,81.0,287.0
1768804676.2762213,155620,0.0,6.02,-0.42,79.0,282.0
1768804676.298511,155640,0.0,6.01,-0.04,76.0,275.0
1768804676.3162615,155660,0.0,6.01,-0.06,76.0,275.0
1768804676.3229477,155680,0.0,6.01,-0.91,78.0,280.0
1768804676.3319428,155700,0.0,5.99,-0.78,79.0,282.0
1768804676.3544147,155720,0.0,5.99,-0.08,78.0,280.0
1768804676.364583,155740,0.0,5.99,0.27,76.0,275.0
1768804676.406566,155760,0.0,5.99,-0.33,76.0,275.0
1768804676.4220817,155780,0.0,5.98,-0.64,79.0,282.0
1768804676.4291975,155800,0.0,5.97,-0.26,80.0,284.0
1768804676.454104,155820,0.0,5.96,-0.29,77.0,277.0
1768804676.460797,155840,0.0,5.96,-0.4,77.0,277.0
1768804676.4978135,155860,0.0,5.95,-0.5,79.0,282.0
1768804676.5151958,155880,0.0,5.93,-0.41,80.0,284.0
1768804676.5274508,155900,0.0,5.93,-0.15,78.0,280.0
1768804676.5466619,155920,0.0,5.93,-0.05,76.0,275.0
1768804676.5789268,155940,0.0,5.93,-0.23,77.0,277.0
1768804676.5890217,155960,0.0,5.92,-0.51,79.0,282.0
1768804676.616618,155980,0.0,5.91,-0.44,79.0,282.0
1768804676.633042,156000,0.0,5.9,-0.16,78.0,280.0
1768804676.6533222,156020,0.0,5.9,-0.16,77.0,277.0
1768804676.6781785,156040,0.0,5.9,-0.58,78.0,280.0
1768804676.7009706,156060,0.0,5.88,-0.55,79.0,282.0
1768804676.7235038,156080,0.0,5.87,-0.44,79.0,282.0
1768804676.740056,156100,0.0,5.86,-0.63,79.0,282.0
1768804676.749695,156120,0.0,5.85,-0.61,79.0,282.0
1768804676.7746313,156140,0.0,5.84,-0.79,79.0,282.0
1768804676.7809014,156160,0.0,5.82,-1.24,81.0,287.0
1768804676.8135927,156180,0.0,5.79,-1.35,83.0,291.0
1768804676.8474357,156200,0.0,5.77,-1.35,83.0,291.0
1768804676.8550277,156220,0.0,5.74,-1.24,82.0,289.0
1768804676.8796537,156240,0.0,5.72,-1.63,83.0,291.0
1768804676.918979,156260,0.0,5.68,-2.33,87.0,300.0
1768804676.9648175,156280,0.0,5.63,-2.02,87.0,300.0
1768804676.9928718,156300,0.0,5.61,-1.21,82.0,289.0
1768804677.0011482,156320,0.0,5.59,-1.17,82.0,289.0
1768804677.0139587,156340,0.0,5.55,-2.13,87.0,300.0
1768804677.0155842,156360,0.0,5.49,-2.61,90.0,307.0
1768804677.0166755,156380,0.0,5.46,-1.45,84.0,293.0
1768804677.0273728,156400,0.0,5.45,-0.54,79.0,282.0
1768804677.060347,156420,0.0,5.43,-1.61,83.0,291.0
1768804677.0756862,156440,0.0,5.38,-2.9,89.0,305.0
1768804677.0956461,156460,0.0,5.33,-2.46,90.0,307.0
1768804677.1021607,156480,0.0,5.3,-0.9,83.0,291.0
1768804677.1494415,156500,0.0,5.29,-0.72,81.0,287.0
1768804677.1667297,156520,0.0,5.26,-1.57,86.0,298.0
1768804677.1738455,156540,0.0,5.23,-1.63,93.0,314.0
1768804677.1829886,156560,0.0,5.21,-0.5,88.0,302.0
1768804677.2150111,156580,0.0,5.21,0.44,82.0,289.0
1768804677.2375677,156600,0.0,5.22,0.35,84.0,293.0
1768804677.2526045,156620,0.0,5.21,-0.8,89.0,305.0
1768804677.2688742,156640,0.0,5.19,-0.42,90.0,307.0
1768804677.3009138,156660,0.0,5.2,0.51,83.0,291.0
1768804677.3152573,156680,0.0,5.22,0.83,80.0,284.0
1768804677.3335316,156700,0.0,5.23,0.05,83.0,291.0
1768804677.3432977,156720,0.0,5.22,-0.28,88.0,302.0
1768804677.3744812,156740,0.0,5.22,1.02,86.0,298.0
1768804677.3979802,156760,0.0,5.25,1.83,80.0,284.0
1768804677.4104044,156780,0.0,5.27,0.64,79.0,282.0
1768804677.4327266,156800,0.0,5.27,-0.66,85.0,296.0
1768804677.4614892,156820,0.0,5.26,-0.21,88.0,302.0
1768804677.4735167,156840,0.0,5.27,1.17,83.0,291.0
1768804677.4933589,156860,0.0,5.29,0.96,82.0,289.0
1768804677.5025697,156880,0.0,5.29,-0.34,86.0,298.0
1768804677.5354424,156900,0.0,5.28,-0.16,89.0,305.0
1768804677.5617468,156920,0.0,5.29,0.77,84.0,293.0
1768804677.5755658,156940,0.0,5.31,1.21,81.0,287.0
1768804677.5903263,156960,0.0,5.31,-0.4,85.0,296.0
1768804677.6212764,156980,0.0,5.29,-1.24,90.0,307.0
1768804677.6434107,157000,0.0,5.28,0.06,88.0,302.0
1768804677.667221,157020,0.0,5.3,1.09,83.0,291.0
1768804677.673357,157040,0.0,5.31,0.62,83.0,291.0
1768804677.7020633,157060,0.0,5.31,-0.43,86.0,298.0
1768804677.7147741,157080,0.0,5.3,0.02,86.0,298.0
1768804677.7340682,157100,0.0,5.32,0.7,81.0,287.0
1768804677.7431953,157120,0.0,5.33,0.66,81.0,287.0
1768804677.7756581,157140,0.0,5.34,0.1,83.0,291.0
1768804677.806206,157160,0.0,5.34,0.59,85.0,296.0
1768804677.8256576,157180,0.0,5.36,1.58,80.0,284.0
1768804677.8321743,157200,0.0,5.4,2.07,76.0,275.0
1768804677.8445172,157220,0.0,5.44,1.05,76.0,275.0
1768804677.8777933,157240,0.0,5.45,0.47,80.0,284.0
1768804677.895547,157260,0.0,5.46,0.99,82.0,289.0
1768804677.9226422,157280,0.0,5.5,2.22,69.0,259.0
1768804677.9535823,157300,0.0,5.55,2.68,65.0,250.0
1768804677.9601157,157320,0.0,5.6,1.52,65.0,250.0
1768804677.9682763,157340,0.0,5.62,0.77,70.0,262.0
1768804677.9909809,157360,0.0,5.64,1.17,74.0,271.0
1768804677.999811,157380,0.0,5.68,2.12,68.0,257.0
1768804678.0445557,157400,0.0,5.73,2.54,65.0,250.0
1768804678.0513759,157420,0.0,5.77,1.59,67.0,255.0
1768804678.0836205,157440,0.0,5.79,0.53,71.0,264.0
1768804678.0976043,157460,0.0,5.8,0.67,73.0,268.0
1768804678.1155367,157480,0.0,5.83,1.49,71.0,264.0
1768804678.135781,157500,0.0,5.85,0.85,71.0,264.0
1768804678.147404,157520,0.0,5.86,0.67,74.0,271.0
1768804678.1664622,157540,0.0,5.87,0.57,75.0,273.0
1768804678.199552,157560,0.0,5.89,0.58,71.0,264.0
1768804678.2093778,157580,0.0,5.9,-0.02,72.0,266.0
1768804678.2314956,157600,0.0,5.89,-0.87,79.0,282.0
1768804678.2576377,157620,0.0,5.87,-0.9,81.0,287.0
1768804678.2742841,157640,0.0,5.86,0.05,77.0,277.0
1768804678.2974246,157660,0.0,5.87,0.12,75.0,273.0
1768804678.3058836,157680,0.0,5.86,-0.67,78.0,280.0
1768804678.331067,157700,0.0,5.84,-1.07,80.0,284.0
1768804678.364753,157720,0.0,5.82,-0.76,80.0,284.0
1768804678.3714259,157740,0.0,5.81,-0.69,78.0,280.0
1768804678.3947735,157760,0.0,5.8,-0.94,79.0,282.0
1768804678.405638,157780,0.0,5.78,-1.05,81.0,287.0
1768804678.4340625,157800,0.0,5.76,-0.66,81.0,287.0
1768804678.456173,157820,0.0,5.75,-0.13,77.0,277.0
1768804678.4664824,157840,0.0,5.75,-0.14,76.0,275.0
1768804678.5013804,157860,0.0,5.74,-0.81,79.0,282.0
1768804678.5203822,157880,0.0,5.71,-1.27,83.0,291.0
1768804678.5342891,157900,0.0,5.7,-0.7,80.0,284.0
1768804678.5628803,157920,0.0,5.69,0.17,76.0,275.0
1768804678.5740578,157940,0.0,5.69,-0.63,78.0,280.0
1768804678.6093674,157960,0.0,5.66,-1.86,83.0,291.0
1768804678.6255744,157980,0.0,5.63,-1.48,83.0,291.0
1768804678.632414,158000,0.0,5.63,0.6,76.0,275.0
1768804678.6482232,158020,0.0,5.63,-0.57,77.0,277.0
1768804678.6813335,158040,0.0,5.6,-2.12,82.0,289.0
1768804678.6909697,158060,0.0,5.56,-1.56,85.0,296.0
1768804678.7131329,158080,0.0,5.55,0.37,78.0,280.0
1768804678.730954,158100,0.0,5.57,0.44,73.0,268.0
1768804678.7663665,158120,0.0,5.55,-1.42,80.0,284.0
1768804678.7771683,158140,0.0,5.52,-2.15,85.0,296.0
1768804678.798311,158160,0.0,5.49,-1.23,83.0,291.0
1768804678.8090954,158180,0.0,5.47,-0.55,79.0,282.0
1768804678.8418715,158200,0.0,5.46,-0.86,82.0,289.0
1768804678.8514276,158220,0.0,5.43,-1.05,82.0,289.0
1768804678.8760924,158240,0.0,5.42,-0.5,79.0,282.0
1768804678.8855343,158260,0.0,5.42,-0.43,77.0,277.0
1768804678.9155962,158280,0.0,5.4,-1.56,82.0,289.0
1768804678.9375663,158300,0.0,5.36,-2.16,86.0,298.0
1768804678.9482143,158320,0.0,5.33,-1.31,83.0,291.0
1768804678.9809015,158340,0.0,5.32,0.02,78.0,280.0
1768804679.0026085,158360,0.0,5.31,-0.62,80.0,284.0
1768804679.0360663,158380,0.0,5.27,-2.01,85.0,296.0
1768804679.0481358,158400,0.0,5.24,-1.7,87.0,300.0
1768804679.065146,158420,0.0,5.22,-0.22,79.0,282.0
1768804679.0760834,158440,0.0,5.22,-0.13,76.0,275.0
1768804679.100367,158460,0.0,5.21,-1.47,81.0,287.0
1768804679.1093864,158480,0.0,5.17,-1.99,88.0,302.0
1768804679.1289303,158500,0.0,5.14,-0.99,84.0,293.0
1768804679.1621902,158520,0.0,5.13,0.08,77.0,277.0
1768804679.1721702,158540,0.0,5.13,-0.86,79.0,282.0
1768804679.2035193,158560,0.0,5.1,-2.06,84.0,293.0
1768804679.2204454,158580,0.0,5.06,-1.22,86.0,298.0
1768804679.227089,158600,0.0,5.05,0.37,80.0,284.0
1768804679.2617338,158620,0.0,5.07,0.5,74.0,271.0
1768804679.2739537,158640,0.0,5.06,-0.77,78.0,280.0
1768804679.2929611,158660,0.0,5.04,-1.88,83.0,291.0
1768804679.3000693,158680,0.0,5.0,-1.29,85.0,296.0
1768804679.337097,158700,0.0,4.99,-0.0,79.0,282.0
1768804679.356718,158720,0.0,4.99,0.1,79.0,282.0
1768804679.36486,158740,0.0,4.98,-0.7,80.0,284.0
1768804679.3860893,158760,0.0,4.97,-0.59,81.0,287.0
1768804679.4329998,158780,0.0,4.96,-0.27,79.0,282.0
1768804679.4335535,158800,0.0,4.96,-0.24,77.0,277.0
1768804679.4518328,158820,0.0,4.94,-0.95,80.0,284.0
1768804679.4648876,158840,0.0,4.92,-1.33,89.0,305.0
1768804679.496063,158860,0.0,4.9,-0.73,88.0,302.0
1768804679.5274563,158880,0.0,4.89,0.17,86.0,298.0
1768804679.5299835,158900,0.0,4.89,0.25,85.0,296.0
1768804679.5515497,158920,0.0,4.89,-0.24,84.0,293.0
1768804679.579673,158940,0.0,4.89,-0.02,83.0,291.0
1768804679.5922198,158960,0.0,4.9,0.21,83.0,291.0
1768804679.610952,158980,0.0,4.9,0.04,86.0,298.0
1768804679.6199715,159000,0.0,4.89,0.36,87.0,300.0
1768804679.65534,159020,0.0,4.9,0.82,83.0,291.0
1768804679.6799247,159040,0.0,4.93,1.13,80.0,284.0
1768804679.6870723,159060,0.0,4.95,0.78,80.0,284.0
1768804679.7187486,159080,0.0,4.95,-0.09,86.0,298.0
1768804679.743126,159100,0.0,4.95,0.12,85.0,296.0
1768804679.7724874,159120,0.0,4.97,1.35,80.0,284.0
1768804679.7819538,159140,0.0,5.0,1.57,78.0,280.0
1768804679.7933984,159160,0.0,5.02,0.39,82.0,289.0
1768804679.8235269,159180,0.0,5.02,-0.02,86.0,298.0
1768804679.8360837,159200,0.0,5.03,1.51,81.0,287.0
1768804679.8463068,159220,0.0,5.08,2.37,75.0,273.0
1768804679.866708,159240,0.0,5.11,1.17,80.0,284.0
1768804679.9053497,159260,0.0,5.1,-0.61,87.0,300.0
1768804679.916733,159280,0.0,5.1,0.28,84.0,293.0
1768804679.9347353,159300,0.0,5.13,2.0,78.0,280.0
1768804679.948285,159320,0.0,5.16,0.91,79.0,282.0
1768804679.989023,159340,0.0,5.16,-0.36,84.0,293.0
1768804679.9996173,159360,0.0,5.16,0.58,83.0,291.0
1768804680.0155349,159380,0.0,5.2,2.35,77.0,277.0
1768804680.0291104,159400,0.0,5.23,1.29,76.0,275.0
1768804680.0634654,159420,0.0,5.24,-0.12,82.0,289.0
1768804680.0703807,159440,0.0,5.24,0.11,85.0,296.0
1768804680.0930634,159460,0.0,5.26,2.0,77.0,277.0
1768804680.1018705,159480,0.0,5.32,2.57,70.0,262.0
1768804680.1486378,159500,0.0,5.35,1.15,76.0,275.0
1768804680.1575453,159520,0.0,5.36,-0.0,83.0,291.0
1768804680.1808798,159540,0.0,5.37,0.4,74.0,271.0
1768804680.1885517,159560,0.0,5.39,1.69,69.0,259.0
1768804680.2282426,159580,0.0,5.42,0.41,70.0,262.0
1768804680.2467213,159600,0.0,5.41,-1.08,79.0,282.0
1768804680.2533076,159620,0.0,5.38,-1.35,84.0,293.0
1768804680.2649453,159640,0.0,5.37,0.3,77.0,277.0
1768804680.2964404,159660,0.0,5.38,0.54,75.0,273.0
1768804680.3171513,159680,0.0,5.38,-0.55,77.0,277.0
1768804680.327234,159700,0.0,5.36,-1.28,80.0,284.0
1768804680.3482735,159720,0.0,5.35,-0.96,79.0,282.0
1768804680.3840196,159740,0.0,5.34,-0.64,78.0,280.0
1768804680.405078,159760,0.0,5.32,-1.01,81.0,287.0
1768804680.4137628,159780,0.0,5.29,-1.43,84.0,293.0
1768804680.42377,159800,0.0,5.27,-0.97,81.0,287.0
1768804680.481917,159820,0.0,5.26,-0.58,78.0,280.0
1768804680.4992993,159840,0.0,5.24,-1.18,80.0,284.0
1768804680.5065565,159860,0.0,5.21,-1.47,85.0,296.0
1768804680.5229604,159880,0.0,5.18,-0.91,84.0,293.0
1768804680.5426893,159900,0.0,5.17,0.26,78.0,280.0
1768804680.5523896,159920,0.0,5.18,-0.03,77.0,277.0
1768804680.5732265,159940,0.0,5.17,-1.18,79.0,282.0
1768804680.5823836,159960,0.0,5.14,-1.12,82.0,289.0
1768804680.6158822,159980,0.0,5.13,0.32,78.0,280.0
1768804680.6472402,160000,0.0,5.15,0.85,73.0,268.0
1768804680.6480498,160020,0.0,5.15,-0.17,75.0,273.0
1768804680.6715915,160040,0.0,5.14,-1.19,80.0,284.0
1768804680.7027118,160060,0.0,5.12,-1.36,82.0,289.0
1768804680.7358801,160080,0.0,5.11,0.24,77.0,277.0
1768804680.7519848,160100,0.0,5.12,0.59,75.0,273.0
1768804680.7668061,160120,0.0,5.13,-0.08,76.0,275.0
1768804680.7768998,160140,0.0,5.12,-0.05,79.0,282.0
1768804680.7997398,160160,0.0,5.12,0.35,76.0,275.0
1768804680.8085353,160180,0.0,5.13,0.72,74.0,271.0
1768804680.8308272,160200,0.0,5.14,0.03,76.0,275.0
1768804680.8424942,160220,0.0,5.13,-0.45,78.0,280.0
1768804680.882908,160240,0.0,5.14,0.11,75.0,273.0
1768804680.894808,160260,0.0,5.15,0.49,74.0,271.0
1768804680.909271,160280,0.0,5.15,-0.14,76.0,275.0
1768804680.9380841,160300,0.0,5.14,-0.53,78.0,280.0
1768804680.9608688,160320,0.0,5.14,-0.35,78.0,280.0
1768804680.9696822,160340,0.0,5.13,-0.03,77.0,277.0
1768804680.9932783,160360,0.0,5.13,-0.43,77.0,277.0
1768804681.0017495,160380,0.0,5.11,-0.92,80.0,284.0
1768804681.0362635,160400,0.0,5.09,-1.09,82.0,289.0
1768804681.0553532,160420,0.0,5.08,-0.51,80.0,284.0
1768804681.065262,160440,0.0,5.07,-0.37,78.0,280.0
1768804681.086164,160460,0.0,5.06,-0.83,79.0,282.0
1768804681.144959,160480,0.0,5.04,-1.32,82.0,289.0
1768804681.1841447,160500,0.0,5.02,-0.91,82.0,289.0
1768804681.184705,160520,0.0,5.01,-0.3,78.0,280.0
1768804681.2168765,160540,0.0,5.01,-0.06,78.0,280.0
1768804681.2410197,160560,0.0,4.99,-0.68,81.0,287.0
1768804681.2709494,160580,0.0,4.97,-0.87,82.0,289.0
1768804681.2774506,160600,0.0,4.97,-0.06,78.0,280.0
1768804681.2783437,160620,0.0,4.98,0.37,73.0,268.0
1768804681.2793088,160640,0.0,4.98,-0.38,77.0,277.0
1768804681.2960112,160660,0.0,4.96,-1.47,82.0,289.0
1768804681.30601,160680,0.0,4.93,-1.18,82.0,289.0
1768804681.3269908,160700,0.0,4.93,-0.13,77.0,277.0
1768804681.3596134,160720,0.0,4.93,-0.19,77.0,277.0
1768804681.3720822,160740,0.0,4.91,-1.09,81.0,287.0
1768804681.3944428,160760,0.0,4.89,-0.74,82.0,289.0
1768804681.4150052,160780,0.0,4.88,0.04,79.0,282.0
1768804681.4420805,160800,0.0,4.88,-0.44,78.0,280.0
1768804681.4578006,160820,0.0,4.86,-1.35,80.0,284.0
1768804681.46725,160840,0.0,4.84,-1.21,83.0,291.0
1768804681.4893565,160860,0.0,4.82,-0.58,81.0,287.0
1768804681.519936,160880,0.0,4.82,-0.53,78.0,280.0
1768804681.5364206,160900,0.0,4.8,-1.08,80.0,284.0
1768804681.5464487,160920,0.0,4.78,-1.32,84.0,293.0
1768804681.5678017,160940,0.0,4.75,-0.89,84.0,293.0
1768804681.6001716,160960,0.0,4.74,-0.09,79.0,282.0
1768804681.6162443,160980,0.0,4.74,-0.16,78.0,280.0
1768804681.6399167,161000,0.0,4.73,-0.9,81.0,287.0
1768804681.6455853,161020,0.0,4.71,-1.04,83.0,291.0
1768804681.6905694,161040,0.0,4.7,-0.33,79.0,282.0
1768804681.7028792,161060,0.0,4.7,0.27,76.0,275.0
1768804681.708531,161080,0.0,4.7,-0.44,78.0,280.0
1768804681.7278275,161100,0.0,4.68,-1.49,83.0,291.0
1768804681.7605662,161120,0.0,4.66,-0.64,86.0,298.0
1768804681.7706828,161140,0.0,4.67,1.03,82.0,289.0
1768804681.8002973,161160,0.0,4.69,0.96,80.0,284.0
1768804681.8163364,161180,0.0,4.7,0.11,82.0,289.0
1768804681.83525,161200,0.0,4.69,-0.24,86.0,298.0
1768804681.857908,161220,0.0,4.69,0.12,85.0,296.0
1768804681.8751445,161240,0.0,4.71,0.96,81.0,287.0
1768804681.8988707,161260,0.0,4.72,0.33,81.0,287.0
1768804681.9491158,161280,0.0,4.72,-0.24,86.0,298.0
1768804681.9713364,161300,0.0,4.71,-0.23,88.0,302.0
1768804681.9891326,161320,0.0,4.71,0.32,84.0,293.0
1768804681.990085,161340,0.0,4.72,0.38,81.0,287.0
1768804681.995711,161360,0.0,4.73,0.05,83.0,291.0
1768804682.0178854,161380,0.0,4.72,-0.79,88.0,302.0
1768804682.0277884,161400,0.0,4.71,0.02,88.0,302.0
1768804682.0492754,161420,0.0,4.72,0.83,84.0,293.0
1768804682.0831628,161440,0.0,4.73,0.41,83.0,291.0
1768804682.0934002,161460,0.0,4.73,-0.5,85.0,296.0
1768804682.1141477,161480,0.0,4.72,-0.52,87.0,300.0
1768804682.1280363,161500,0.0,4.72,0.06,84.0,293.0
1768804682.1603487,161520,0.0,4.72,0.34,85.0,296.0
1768804682.180223,161540,0.0,4.72,-0.09,86.0,298.0
1768804682.1905134,161560,0.0,4.71,-0.33,86.0,298.0
1768804682.2129843,161580,0.0,4.71,-0.08,85.0,296.0
1768804682.2418506,161600,0.0,4.71,-0.12,84.0,293.0
1768804682.2517922,161620,0.0,4.7,-0.51,86.0,298.0
1768804682.2740862,161640,0.0,4.69,-0.27,86.0,298.0
1768804682.297702,161660,0.0,4.69,0.06,84.0,293.0
1768804682.314968,161680,0.0,4.69,-0.12,84.0,293.0
1768804682.339071,161700,0.0,4.68,-0.3,84.0,293.0
1768804682.3483975,161720,0.0,4.68,-0.16,85.0,296.0
1768804682.3730867,161740,0.0,4.67,0.13,84.0,293.0
1768804682.3871126,161760,0.0,4.67,0.06,83.0,291.0
1768804682.413703,161780,0.0,4.67,-0.01,77.0,277.0
1768804682.4357138,161800,0.0,4.67,-0.29,78.0,280.0
1768804682.4480815,161820,0.0,4.65,-0.92,80.0,284.0
1768804682.4668193,161840,0.0,4.63,-1.51,83.0,291.0
1768804682.4928381,161860,0.0,4.61,-0.38,80.0,284.0
1768804682.514901,161880,0.0,4.62,0.67,75.0,273.0
1768804682.5265317,161900,0.0,4.63,0.1,75.0,273.0
1768804682.5472891,161920,0.0,4.61,-1.62,82.0,289.0
1768804682.5801992,161940,0.0,4.58,-1.44,84.0,293.0
1768804682.5973673,161960,0.0,4.57,0.18,77.0,277.0
1768804682.6114726,161980,0.0,4.57,-0.07,77.0,277.0
1768804682.6281035,162000,0.0,4.55,-1.13,82.0,289.0
1768804682.6557846,162020,0.0,4.53,-1.23,84.0,293.0
1768804682.6761334,162040,0.0,4.52,-0.1,80.0,284.0
1768804682.691029,162060,0.0,4.52,-0.06,77.0,277.0
1768804682.7066398,162080,0.0,4.5,-1.32,81.0,287.0
1768804682.7399426,162100,0.0,4.47,-1.92,86.0,298.0
1768804682.7497513,162120,0.0,4.44,-1.01,83.0,291.0
1768804682.7808764,162140,0.0,4.43,-0.41,79.0,282.0
1768804682.7837,162160,0.0,4.42,-0.8,82.0,289.0
1768804682.8140457,162180,0.0,4.38,-1.79,87.0,300.0
1768804682.8408606,162200,0.0,4.35,-1.39,86.0,298.0
1768804682.8540227,162220,0.0,4.34,-0.2,80.0,284.0
1768804682.8668108,162240,0.0,4.33,-0.69,80.0,284.0
1768804682.8940666,162260,0.0,4.3,-2.06,84.0,293.0
1768804682.9175777,162280,0.0,4.26,-1.71,87.0,300.0
1768804682.9265409,162300,0.0,4.24,-0.59,82.0,289.0
1768804682.946936,162320,0.0,4.25,-0.16,76.0,275.0
1768804682.9803467,162340,0.0,4.23,-1.19,81.0,287.0
1768804682.990283,162360,0.0,4.19,-2.24,88.0,302.0
1768804683.0221899,162380,0.0,4.15,-1.78,87.0,300.0
1768804683.034284,162400,0.0,4.14,-0.45,81.0,287.0
1768804683.081637,162420,0.0,4.12,-0.67,81.0,287.0
1768804683.0823505,162440,0.0,4.1,-1.55,85.0,296.0
1768804683.0974605,162460,0.0,4.07,-1.12,86.0,298.0
1768804683.114241,162480,0.0,4.06,-0.45,81.0,287.0
1768804683.1411474,162500,0.0,4.05,-0.84,80.0,284.0
1768804683.1528382,162520,0.0,4.01,-2.51,88.0,302.0
1768804683.175258,162540,0.0,3.95,-3.09,92.0,312.0
1768804683.2473764,162600,0.0,3.84,-2.33,87.0,300.0
1768804683.2643228,162620,0.0,3.78,-3.25,94.0,316.0
1768804683.2744887,162640,0.0,3.72,-2.29,94.0,316.0
1768804683.3017423,162660,0.0,3.69,-0.99,85.0,296.0
1768804683.31474,162680,0.0,3.68,-1.31,83.0,291.0
1768804683.3363879,162700,0.0,3.63,-2.77,90.0,307.0
1768804683.3649116,162720,0.0,3.57,-3.28,96.0,321.0
1768804683.3812218,162740,0.0,3.52,-2.01,90.0,307.0
1768804683.3950067,162760,0.0,3.5,-0.79,85.0,296.0
1768804683.4141936,162780,0.0,3.47,-1.53,85.0,296.0
1768804683.4228752,162800,0.0,3.44,-2.17,88.0,302.0
1768804683.4556568,162820,0.0,3.4,-1.47,90.0,307.0
1768804683.4815001,162840,0.0,3.38,-0.66,85.0,296.0
1768804683.4972808,162860,0.0,3.38,-0.48,80.0,284.0
1768804683.5148964,162880,0.0,3.36,-0.98,84.0,293.0
1768804683.5461938,162900,0.0,3.32,-2.34,89.0,305.0
1768804683.5695267,162920,0.0,3.28,-2.51,90.0,307.0
1768804683.5825038,162940,0.0,3.25,-0.87,85.0,296.0
1768804683.583468,162960,0.0,3.24,-0.35,84.0,293.0
1768804683.6398928,162980,0.0,3.22,-1.47,86.0,298.0
1768804683.6564374,163000,0.0,3.18,-1.51,89.0,305.0
1768804683.657343,163020,0.0,3.17,-0.23,85.0,296.0
1768804683.6693618,163040,0.0,3.17,0.26,79.0,282.0
1768804683.7021272,163060,0.0,3.17,-0.68,81.0,287.0
1768804683.716034,163080,0.0,3.14,-2.13,87.0,300.0
1768804683.7405624,163100,0.0,3.1,-2.03,89.0,305.0
1768804683.7513034,163120,0.0,3.08,-0.56,86.0,298.0
1768804683.7914376,163140,0.0,3.07,-0.24,85.0,296.0
1768804683.8155005,163160,0.0,3.06,-0.87,84.0,293.0
1768804683.8197865,163180,0.0,3.04,-0.76,85.0,296.0
1768804683.8448927,163200,0.0,3.02,-0.93,86.0,298.0
1768804683.8491163,163220,0.0,3.0,-0.97,85.0,296.0
1768804683.8814278,163240,0.0,2.98,-1.21,86.0,298.0
1768804683.8886862,163260,0.0,2.96,-1.59,87.0,300.0
1768804683.9101355,163280,0.0,2.93,-1.3,88.0,302.0
1768804683.920426,163300,0.0,2.91,-1.21,86.0,298.0
1768804683.9527404,163320,0.0,2.88,-1.48,88.0,302.0
1768804683.9862866,163340,0.0,2.85,-1.42,88.0,302.0
1768804683.9949563,163360,0.0,2.83,-1.27,87.0,300.0
1768804684.0084805,163380,0.0,2.81,-1.09,86.0,298.0
1768804684.0414479,163400,0.0,2.79,-1.1,87.0,300.0
1768804684.0491264,163420,0.0,2.77,-1.21,93.0,314.0
1768804684.0715475,163440,0.0,2.75,-0.64,92.0,312.0
1768804684.0809953,163460,0.0,2.75,0.37,88.0,302.0
1768804684.1201122,163480,0.0,2.76,0.83,87.0,300.0
1768804684.135617,163500,0.0,2.77,-0.33,88.0,302.0
1768804684.14678,163520,0.0,2.76,-0.74,90.0,307.0
1768804684.1667259,163540,0.0,2.76,-0.08,89.0,305.0
1768804684.1996322,163560,0.0,2.77,0.52,87.0,300.0
1768804684.2121317,163580,0.0,2.78,0.41,87.0,300.0
1768804684.231929,163600,0.0,2.78,0.01,89.0,305.0
1768804684.2422612,163620,0.0,2.79,0.62,88.0,302.0
1768804684.2745435,163640,0.0,2.81,1.18,85.0,296.0
1768804684.300738,163660,0.0,2.83,0.76,85.0,296.0
1768804684.305751,163680,0.0,2.83,0.23,88.0,302.0
1768804684.3267283,163700,0.0,2.84,0.44,88.0,302.0
1768804684.3599806,163720,0.0,2.85,0.69,85.0,296.0
1768804684.3706155,163740,0.0,2.87,0.62,84.0,293.0
1768804684.3920493,163760,0.0,2.88,0.16,86.0,298.0
1768804684.4010687,163780,0.0,2.88,0.27,88.0,302.0
1768804684.4340594,163800,0.0,2.89,0.76,86.0,298.0
1768804684.4602797,163820,0.0,2.91,0.78,85.0,296.0
1768804684.4674718,163840,0.0,2.92,0.41,87.0,300.0
1768804684.4909155,163860,0.0,2.92,0.27,87.0,300.0
1768804684.5208414,163880,0.0,2.93,0.55,86.0,298.0
1768804684.5396528,163900,0.0,2.94,0.38,85.0,296.0
1768804684.5519602,163920,0.0,2.95,0.13,87.0,300.0
1768804684.5662804,163940,0.0,2.95,0.2,86.0,298.0
1768804684.5963502,163960,0.0,2.96,0.63,85.0,296.0
1768804684.6211653,163980,0.0,2.97,0.53,84.0,293.0
1768804684.6267064,164000,0.0,2.98,0.28,85.0,296.0
1768804684.6476033,164020,0.0,2.99,0.52,85.0,296.0
1768804684.6846812,164040,0.0,3.0,0.77,79.0,282.0
1768804684.7138395,164060,0.0,3.02,0.7,78.0,280.0
1768804684.71505,164080,0.0,3.02,-0.1,79.0,282.0
1768804684.7253563,164100,0.0,3.01,-1.12,83.0,291.0
1768804684.774164,164120,0.0,2.99,-0.85,85.0,296.0
1768804684.7977417,164140,0.0,2.99,0.77,79.0,282.0
1768804684.8141642,164160,0.0,3.01,0.81,78.0,280.0
1768804684.8251464,164180,0.0,3.01,-0.35,80.0,284.0
1768804684.8439565,164200,0.0,3.0,-0.49,84.0,293.0
1768804684.8540134,164220,0.0,3.0,0.51,81.0,287.0
1768804684.873341,164240,0.0,3.02,0.67,77.0,277.0
1768804684.8823936,164260,0.0,3.02,-0.3,81.0,287.0
1768804684.9155507,164280,0.0,3.0,-1.04,84.0,293.0
1768804684.9531722,164300,0.0,2.99,-0.48,83.0,291.0
1768804684.9563396,164320,0.0,3.0,0.54,79.0,282.0
1768804684.9698973,164340,0.0,3.0,0.15,81.0,287.0
1768804685.008534,164360,0.0,2.99,-1.04,85.0,296.0
1768804685.0288677,164380,0.0,2.97,-1.03,86.0,298.0
1768804685.049816,164400,0.0,2.96,-0.01,83.0,291.0
1768804685.0567014,164420,0.0,2.96,0.14,80.0,284.0
1768804685.0824785,164440,0.0,2.96,-1.17,83.0,291.0
1768804685.092335,164460,0.0,2.92,-2.26,88.0,302.0
1768804685.1139889,164480,0.0,2.89,-1.31,89.0,305.0
1768804685.1233125,164500,0.0,2.87,0.08,84.0,293.0
1768804685.1561825,164520,0.0,2.87,-0.48,84.0,293.0
1768804685.180524,164540,0.0,2.84,-1.84,87.0,300.0
1768804685.1923652,164560,0.0,2.81,-1.88,89.0,305.0
1768804685.2090566,164580,0.0,2.78,-0.81,87.0,300.0
1768804685.2460654,164600,0.0,2.77,-0.58,84.0,293.0
1768804685.2562253,164620,0.0,2.75,-1.29,85.0,296.0
1768804685.2752762,164640,0.0,2.72,-1.78,89.0,305.0
1768804685.2913399,164660,0.0,2.69,-1.12,89.0,305.0
1768804685.3191497,164680,0.0,2.67,-0.46,86.0,298.0
1768804685.3407152,164700,0.0,2.66,-0.91,85.0,296.0
1768804685.3531623,164720,0.0,2.64,-1.55,86.0,298.0
1768804685.370891,164740,0.0,2.61,-1.27,88.0,302.0
1768804685.3802419,164760,0.0,2.59,-1.2,87.0,300.0
1768804685.4143093,164780,0.0,2.57,-1.38,87.0,300.0
1768804685.4363236,164800,0.0,2.54,-1.35,89.0,305.0
1768804685.44802,164820,0.0,2.52,-0.89,87.0,300.0
1768804685.4659052,164840,0.0,2.5,-0.61,85.0,296.0
1768804685.5059748,164860,0.0,2.49,-0.65,85.0,296.0
1768804685.5111043,164880,0.0,2.47,-1.42,87.0,300.0
1768804685.5352023,164900,0.0,2.44,-1.08,88.0,302.0
1768804685.56821,164920,0.0,2.43,-0.37,86.0,298.0
1768804685.5859258,164940,0.0,2.42,-0.38,84.0,293.0
1768804685.5955777,164960,0.0,2.41,-0.8,86.0,298.0
1768804685.6057062,164980,0.0,2.39,-1.01,86.0,298.0
1768804685.6271255,165000,0.0,2.38,-0.94,86.0,298.0
1768804685.6787276,165020,0.0,2.36,-0.94,86.0,298.0
1768804685.686558,165040,0.0,2.34,-1.08,87.0,300.0
1768804685.6921587,165060,0.0,2.32,-1.01,88.0,302.0
1768804685.7074704,165080,0.0,2.3,-0.73,87.0,300.0
1768804685.739869,165100,0.0,2.29,-0.66,85.0,296.0
1768804685.7555609,165120,0.0,2.28,-0.69,85.0,296.0
1768804685.7708118,165140,0.0,2.27,-0.81,86.0,298.0
1768804685.7897477,165160,0.0,2.25,-0.74,87.0,300.0
1768804685.8201244,165180,0.0,2.24,-0.59,85.0,296.0
1768804685.8301747,165200,0.0,2.23,-0.31,85.0,296.0
1768804685.8524184,165220,0.0,2.22,-0.56,85.0,296.0
1768804685.8618963,165240,0.0,2.21,-0.46,85.0,296.0
1768804685.8997715,165260,0.0,2.2,-0.53,84.0,293.0
1768804685.9454544,165280,0.0,2.19,-0.46,85.0,296.0
1768804685.9934285,165300,0.0,2.18,-0.74,86.0,298.0
1768804686.0099292,165320,0.0,2.16,-0.74,86.0,298.0
1768804686.0354047,165340,0.0,2.15,-0.54,85.0,296.0
1768804686.0503886,165360,0.0,2.14,-0.87,86.0,298.0
1768804686.0512097,165380,0.0,2.12,-0.94,87.0,300.0
1768804686.0526812,165400,0.0,2.1,-0.87,87.0,300.0
1768804686.0549557,165420,0.0,2.09,-0.52,86.0,298.0
1768804686.0770774,165440,0.0,2.08,-0.58,85.0,296.0
1768804686.0883496,165460,0.0,2.06,-0.87,87.0,300.0
1768804686.1168082,165480,0.0,2.05,-0.8,88.0,302.0
1768804686.14415,165500,0.0,2.03,-0.62,86.0,298.0
1768804686.1626925,165520,0.0,2.02,-0.58,85.0,296.0
1768804686.1786911,165540,0.0,2.01,-0.72,87.0,300.0
1768804686.1846323,165560,0.0,1.99,-0.94,88.0,302.0
1768804686.2232425,165580,0.0,1.98,-0.72,87.0,300.0
1768804686.2379577,165600,0.0,1.97,-0.65,86.0,298.0
1768804686.2476592,165620,0.0,1.96,-0.37,86.0,298.0
1768804686.270317,165640,0.0,1.95,-0.48,85.0,296.0
1768804686.3013003,165660,0.0,1.94,-0.37,85.0,296.0
1768804686.3113227,165680,0.0,1.94,-0.3,84.0,293.0
1768804686.3479252,165700,0.0,1.93,-0.65,92.0,312.0
1768804686.3510323,165720,0.0,1.92,-0.23,94.0,316.0
1768804686.3786306,165740,0.0,1.92,0.75,90.0,307.0
1768804686.4001431,165760,0.0,1.94,1.36,84.0,293.0
1768804686.4186134,165780,0.0,1.97,0.66,84.0,293.0
1768804686.437511,165800,0.0,1.97,-0.51,90.0,307.0
1768804686.4625165,165820,0.0,1.95,-0.48,96.0,321.0
1768804686.4723945,165840,0.0,1.96,0.83,89.0,305.0
1768804686.4974182,165860,0.0,1.99,1.77,84.0,293.0
1768804686.509246,165880,0.0,2.01,0.48,86.0,298.0
1768804686.5360968,165900,0.0,2.0,-1.06,92.0,312.0
1768804686.5594313,165920,0.0,1.99,-0.29,92.0,312.0
1768804686.5681965,165940,0.0,2.0,0.88,88.0,302.0
1768804686.5903573,165960,0.0,2.02,0.87,87.0,300.0
1768804686.6233187,165980,0.0,2.03,-0.01,89.0,305.0
1768804686.6316025,166000,0.0,2.03,0.06,91.0,309.0
1768804686.6547773,166020,0.0,2.04,1.01,87.0,300.0
1768804686.6649065,166040,0.0,2.07,1.47,83.0,291.0
1768804686.686281,166060,0.0,2.09,0.62,87.0,300.0
1768804686.718736,166080,0.0,2.09,-0.11,90.0,307.0
1768804686.7362268,166100,0.0,2.1,0.26,88.0,302.0
1768804686.7475164,166120,0.0,2.12,1.33,84.0,293.0
1768804686.765435,166140,0.0,2.15,1.18,84.0,293.0
1768804686.7984245,166160,0.0,2.15,0.1,90.0,307.0
1768804686.8086503,166180,0.0,2.15,0.27,90.0,307.0
1768804686.8342795,166200,0.0,2.18,1.72,83.0,291.0
1768804686.8435602,166220,0.0,2.22,1.62,80.0,284.0
1768804686.887986,166240,0.0,2.24,0.3,85.0,296.0
1768804686.8949375,166260,0.0,2.23,-0.63,92.0,312.0
1768804686.9120965,166280,0.0,2.23,0.57,81.0,287.0
1768804686.9301245,166300,0.0,2.26,1.47,76.0,275.0
1768804686.9586582,166320,0.0,2.27,-0.07,80.0,284.0
1768804686.9730508,166340,0.0,2.24,-1.96,88.0,302.0
1768804686.9910114,166360,0.0,2.21,-2.13,90.0,307.0
1768804687.000473,166380,0.0,2.19,-0.09,86.0,298.0
1768804687.0330014,166400,0.0,2.19,0.49,84.0,293.0
1768804687.072147,166420,0.0,2.18,-0.38,84.0,293.0
1768804687.091934,166440,0.0,2.17,-1.28,85.0,296.0
1768804687.0975695,166460,0.0,2.16,-0.83,85.0,296.0
1768804687.1193845,166480,0.0,2.15,-0.69,85.0,296.0
1768804687.1431015,166500,0.0,2.13,-0.73,87.0,300.0
1768804687.1826713,166520,0.0,2.11,-0.86,88.0,302.0
1768804687.203441,166540,0.0,2.1,-0.55,86.0,298.0
1768804687.2153966,166560,0.0,2.09,-0.4,84.0,293.0
1768804687.2163007,166580,0.0,2.08,-0.31,85.0,296.0
1768804687.2316506,166600,0.0,2.07,-0.66,86.0,298.0
1768804687.2412095,166620,0.0,2.06,-0.02,85.0,296.0
1768804687.2816403,166640,0.0,2.07,0.47,82.0,289.0
1768804687.2991967,166660,0.0,2.08,0.19,81.0,287.0
1768804687.3112898,166680,0.0,2.08,-0.13,83.0,291.0
1768804687.3307083,166700,0.0,2.07,-0.4,85.0,296.0
1768804687.364491,166720,0.0,2.07,0.3,81.0,287.0
1768804687.3740935,166740,0.0,2.09,0.54,79.0,282.0
1768804687.3949895,166760,0.0,2.09,-0.2,81.0,287.0
1768804687.4020393,166780,0.0,2.08,-0.76,86.0,298.0
1768804687.4348307,166800,0.0,2.07,-0.06,85.0,296.0
1768804687.4562953,166820,0.0,2.07,0.67,83.0,291.0
1768804687.46617,166840,0.0,2.08,-0.16,82.0,289.0
1768804687.4875622,166860,0.0,2.07,-1.16,85.0,296.0
1768804687.530038,166880,0.0,2.05,-0.76,86.0,298.0
1768804687.5343149,166900,0.0,2.04,-0.06,84.0,293.0
1768804687.5525239,166920,0.0,2.04,-0.36,82.0,289.0
1768804687.5787754,166940,0.0,2.03,-0.81,85.0,296.0
1768804687.5993092,166960,0.0,2.02,-0.7,87.0,300.0
1768804687.6257544,166980,0.0,2.01,-0.35,86.0,298.0
1768804687.6315854,167000,0.0,2.0,0.1,84.0,293.0
1768804687.6516426,167020,0.0,2.0,0.1,84.0,293.0
1768804687.6746337,167040,0.0,2.0,-0.25,85.0,296.0
1768804687.6968446,167060,0.0,1.99,-0.49,84.0,293.0
1768804687.7090726,167080,0.0,1.99,-0.12,83.0,291.0
1768804687.732727,167100,0.0,1.99,-0.01,82.0,289.0
1768804687.762444,167120,0.0,1.99,-0.22,83.0,291.0
1768804687.7766786,167140,0.0,1.98,-0.29,85.0,296.0
1768804687.796326,167160,0.0,1.98,-0.19,84.0,293.0
1768804687.810124,167180,0.0,1.98,0.2,83.0,291.0
1768804687.8424199,167200,0.0,1.98,-0.02,82.0,289.0
1768804687.8576624,167220,0.0,1.98,-0.27,84.0,293.0
1768804687.8708482,167240,0.0,1.97,-0.47,85.0,296.0
1768804687.888923,167260,0.0,1.96,-0.58,85.0,296.0
1768804687.9213924,167280,0.0,1.95,-0.37,85.0,296.0
1768804687.9337547,167300,0.0,1.94,-0.65,85.0,296.0
1768804687.967834,167320,0.0,1.93,-1.0,85.0,296.0
1768804687.9683852,167340,0.0,1.91,-1.07,88.0,302.0
1768804688.0141041,167360,0.0,1.89,-1.07,88.0,302.0
1768804688.0244591,167380,0.0,1.87,-0.79,87.0,300.0
1768804688.031683,167400,0.0,1.86,-0.76,86.0,298.0
1768804688.049925,167420,0.0,1.84,-1.47,89.0,305.0
1768804688.082606,167440,0.0,1.8,-1.64,91.0,309.0
1768804688.0965376,167460,0.0,1.78,-1.1,90.0,307.0
1768804688.1142678,167480,0.0,1.76,-0.9,87.0,300.0
1768804688.1232185,167500,0.0,1.74,-1.46,89.0,305.0
1768804688.1560378,167520,0.0,1.7,-2.13,93.0,314.0
1768804688.1781375,167540,0.0,1.66,-1.71,93.0,314.0
1768804688.2113254,167560,0.0,1.64,-0.79,88.0,302.0
1768804688.2184246,167580,0.0,1.63,-0.55,86.0,298.0
1768804688.248703,167600,0.0,1.61,-1.4,90.0,307.0
1768804688.265842,167620,0.0,1.57,-1.77,92.0,312.0
1768804688.2895422,167640,0.0,1.55,-0.86,88.0,302.0
1768804688.3095925,167660,0.0,1.55,0.16,84.0,293.0
1768804688.3181548,167680,0.0,1.55,-0.0,84.0,293.0
1768804688.338731,167700,0.0,1.54,-1.11,88.0,302.0
1768804688.3652868,167720,0.0,1.52,-1.28,89.0,305.0
1768804688.370381,167740,0.0,1.51,0.46,85.0,296.0
1768804688.3793168,167760,0.0,1.52,0.71,82.0,289.0
1768804688.412849,167780,0.0,1.53,0.22,83.0,291.0
1768804688.436865,167800,0.0,1.52,-0.59,88.0,302.0
1768804688.4516735,167820,0.0,1.51,-0.16,87.0,300.0
1768804688.4605691,167840,0.0,1.52,0.39,82.0,289.0
1768804688.4957244,167860,0.0,1.53,0.09,80.0,284.0
1768804688.5197992,167880,0.0,1.53,-0.58,85.0,296.0
1768804688.5278468,167900,0.0,1.51,-0.8,90.0,307.0
1768804688.5466313,167920,0.0,1.49,0.05,88.0,302.0
1768804688.5798883,167940,0.0,1.5,0.54,81.0,287.0
1768804688.5902395,167960,0.0,1.52,0.09,82.0,289.0
1768804688.611354,167980,0.0,1.5,-1.15,87.0,300.0
1768804688.6204398,168000,0.0,1.47,-2.08,99.0,327.0
1768804688.6629007,168020,0.0,1.44,-1.45,97.0,323.0
1768804688.6772842,168040,0.0,1.42,-0.37,94.0,316.0
1768804688.692289,168060,0.0,1.42,-0.02,92.0,312.0
1768804688.711202,168080,0.0,1.41,-0.23,92.0,312.0
1768804688.7398093,168100,0.0,1.41,-0.55,93.0,314.0
1768804688.7589433,168120,0.0,1.39,-0.88,95.0,318.0
1768804688.771839,168140,0.0,1.38,-0.69,93.0,314.0
1768804688.7813215,168160,0.0,1.37,-0.55,94.0,316.0
1768804688.8145926,168180,0.0,1.35,-0.62,97.0,323.0
1768804688.8365383,168200,0.0,1.33,-0.9,96.0,321.0
1768804688.8460257,168220,0.0,1.32,-0.48,93.0,314.0
1768804688.8674734,168240,0.0,1.32,-0.19,93.0,314.0
1768804688.8974419,168260,0.0,1.31,-0.31,94.0,316.0
1768804688.919072,168280,0.0,1.3,-0.35,96.0,321.0
1768804688.931828,168300,0.0,1.29,0.23,93.0,314.0
1768804688.9476566,168320,0.0,1.3,0.48,89.0,305.0
1768804688.9808228,168340,0.0,1.31,0.26,90.0,307.0
1768804688.9947555,168360,0.0,1.3,-0.47,94.0,316.0
1768804689.0137987,168380,0.0,1.3,-0.22,91.0,309.0
1768804689.0212107,168400,0.0,1.32,1.25,86.0,298.0
1768804689.0548007,168420,0.0,1.35,1.56,85.0,296.0
1768804689.0769062,168440,0.0,1.36,0.09,90.0,307.0
1768804689.0867753,168460,0.0,1.35,-0.23,93.0,314.0
1768804689.1212177,168480,0.0,1.36,1.29,86.0,298.0
1768804689.1415389,168500,0.0,1.4,2.05,81.0,287.0
1768804689.1624112,168520,0.0,1.43,0.97,84.0,293.0
1768804689.1807272,168540,0.0,1.43,-0.47,92.0,312.0
1768804689.19518,168560,0.0,1.42,0.1,86.0,298.0
1768804689.231065,168580,0.0,1.45,1.58,77.0,277.0
1768804689.2396257,168600,0.0,1.48,0.82,77.0,277.0
1768804689.247514,168620,0.0,1.47,-1.13,85.0,296.0
1768804689.27153,168640,0.0,1.45,-1.37,90.0,307.0
1768804689.3014462,168660,0.0,1.44,0.62,84.0,293.0
1768804689.311575,168680,0.0,1.46,1.12,80.0,284.0
1768804689.3337421,168700,0.0,1.47,-0.04,82.0,289.0
1768804689.3524022,168720,0.0,1.46,-0.45,87.0,300.0
1768804689.376946,168740,0.0,1.46,0.26,85.0,296.0
1768804689.397623,168760,0.0,1.48,0.78,79.0,282.0
1768804689.4086728,168780,0.0,1.49,0.08,81.0,287.0
1768804689.43358,168800,0.0,1.48,-0.98,88.0,302.0
1768804689.4630768,168820,0.0,1.45,-1.67,92.0,312.0
1768804689.4784188,168840,0.0,1.43,-0.51,90.0,307.0
1768804689.4970713,168860,0.0,1.43,0.43,85.0,296.0
1768804689.505047,168880,0.0,1.44,0.32,81.0,287.0
1768804689.5359528,168900,0.0,1.43,-1.07,86.0,298.0
1768804689.5589414,168920,0.0,1.4,-1.53,91.0,309.0
1768804689.5680823,168940,0.0,1.38,-0.86,90.0,307.0
1768804689.598371,168960,0.0,1.37,0.01,85.0,296.0
1768804689.625076,168980,0.0,1.37,-0.35,85.0,296.0
1768804689.633547,169000,0.0,1.35,-1.4,91.0,309.0
1768804689.6559713,169020,0.0,1.31,-2.06,93.0,314.0
1768804689.676595,169040,0.0,1.29,-0.97,89.0,305.0
1768804689.6934798,169060,0.0,1.28,-0.16,85.0,296.0
1768804689.7226722,169080,0.0,1.27,-0.84,87.0,300.0
1768804689.732094,169100,0.0,1.24,-1.66,92.0,312.0
1768804689.752057,169120,0.0,1.21,-1.12,93.0,314.0
1768804689.7599926,169140,0.0,1.2,-0.02,88.0,302.0
1768804689.7926912,169160,0.0,1.21,0.08,82.0,289.0
1768804689.8236778,169180,0.0,1.2,-1.02,86.0,298.0
1768804689.8332527,169200,0.0,1.16,-2.53,95.0,318.0
1768804689.8477468,169220,0.0,1.11,-2.42,95.0,318.0
1768804689.8812165,169240,0.0,1.08,-0.75,91.0,309.0
1768804689.8959625,169260,0.0,1.07,-0.23,89.0,305.0
1768804689.915392,169280,0.0,1.06,-0.78,87.0,300.0
1768804689.9306004,169300,0.0,1.04,-1.52,89.0,305.0
1768804689.9563172,169320,0.0,1.01,-1.48,92.0,312.0
1768804689.975986,169340,0.0,0.99,-1.45,91.0,309.0
1768804689.9851449,169360,0.0,0.97,-1.0,90.0,307.0
1768804690.0062642,169380,0.0,0.94,-1.25,91.0,309.0
1768804690.0440576,169400,0.0,0.91,-1.64,93.0,314.0
1768804690.0492303,169420,0.0,0.88,-1.71,94.0,316.0
1768804690.0719566,169440,0.0,0.86,-0.65,91.0,309.0
1768804690.0852094,169460,0.0,0.85,-0.76,87.0,300.0
1768804690.1378298,169480,0.0,0.83,-1.3,90.0,307.0
1768804690.1688378,169500,0.0,0.79,-1.93,95.0,318.0
1768804690.1719446,169520,0.0,0.77,-0.98,92.0,312.0
1768804690.1859581,169540,0.0,0.76,0.01,86.0,298.0
1768804690.2117302,169560,0.0,0.76,-0.0,86.0,298.0
1768804690.2174482,169580,0.0,0.75,-1.2,90.0,307.0
1768804690.2257805,169600,0.0,0.73,-1.25,91.0,309.0
1768804690.247135,169620,0.0,0.72,-0.03,87.0,300.0
1768804690.2801247,169640,0.0,0.72,0.3,86.0,298.0
1768804690.2938435,169660,0.0,0.72,-0.69,88.0,302.0
1768804690.3115528,169680,0.0,0.7,-0.87,91.0,309.0
1768804690.3258252,169700,0.0,0.69,-0.29,89.0,305.0
1768804690.3539507,169720,0.0,0.69,0.16,85.0,296.0
1768804690.3811193,169740,0.0,0.68,-0.82,88.0,302.0
1768804690.3926613,169760,0.0,0.66,-1.62,91.0,309.0
1768804690.4103587,169780,0.0,0.64,-0.89,92.0,312.0
1768804690.4397519,169800,0.0,0.62,-0.25,89.0,305.0
1768804690.4497619,169820,0.0,0.62,-0.47,87.0,300.0
1768804690.4757135,169840,0.0,0.6,-1.38,89.0,305.0
1768804690.4820495,169860,0.0,0.58,-1.42,94.0,316.0
1768804690.5193086,169880,0.0,0.54,-1.03,95.0,318.0
1768804690.5477543,169900,0.0,0.53,-0.37,92.0,312.0
1768804690.575775,169920,0.0,0.52,-0.19,89.0,305.0
1768804690.5765312,169940,0.0,0.51,-1.2,89.0,305.0
1768804690.6069357,169960,0.0,0.48,-1.97,93.0,314.0
1768804690.614523,169980,0.0,0.44,-1.66,96.0,321.0
1768804690.6329226,170000,0.0,0.42,-0.92,92.0,312.0
1768804690.6431592,170020,0.0,0.42,0.26,86.0,298.0
1768804690.6749048,170040,0.0,0.42,0.11,89.0,305.0
1768804690.6970346,170060,0.0,0.41,-1.25,93.0,314.0
1768804690.7071617,170080,0.0,0.38,-1.46,96.0,321.0
1768804690.7290967,170100,0.0,0.36,-0.59,92.0,312.0
1768804690.7637334,170120,0.0,0.36,0.6,88.0,302.0
1768804690.7742534,170140,0.0,0.36,-0.44,87.0,300.0
1768804690.8104804,170160,0.0,0.35,-1.05,91.0,309.0
1768804690.8206046,170180,0.0,0.33,-0.38,92.0,312.0
1768804690.8624728,170200,0.0,0.33,0.36,88.0,302.0
1768804690.8704066,170220,0.0,0.34,0.78,85.0,296.0
1768804690.9073997,170240,0.0,0.35,0.25,86.0,298.0
1768804690.9082663,170260,0.0,0.34,-0.55,90.0,307.0
1768804690.9217348,170280,0.0,0.34,-0.06,95.0,318.0
1768804690.931712,170300,0.0,0.35,0.76,90.0,307.0
1768804690.953863,170320,0.0,0.38,1.37,87.0,300.0
1768804690.9676545,170340,0.0,0.39,0.46,92.0,312.0
1768804690.9963937,170360,0.0,0.38,-0.63,97.0,323.0
1768804691.0182908,170380,0.0,0.37,-0.3,98.0,325.0
1768804691.0337167,170400,0.0,0.38,0.87,92.0,312.0
1768804691.0644944,170420,0.0,0.4,0.82,90.0,307.0
1768804691.0818882,170440,0.0,0.4,0.0,95.0,318.0
1768804691.092609,170460,0.0,0.39,-0.48,100.0,330.0
1768804691.1142726,170480,0.0,0.39,0.41,95.0,318.0
1768804691.128825,170500,0.0,0.42,1.25,87.0,300.0
1768804691.156229,170520,0.0,0.43,0.26,92.0,312.0
1768804691.1783934,170540,0.0,0.42,-1.14,98.0,325.0
1768804691.1891272,170560,0.0,0.39,-0.95,101.0,332.0
1768804691.2109468,170580,0.0,0.39,0.07,96.0,321.0
1768804691.2217293,170600,0.0,0.4,0.76,93.0,314.0
1768804691.262394,170620,0.0,0.41,0.2,93.0,314.0
1768804691.279214,170640,0.0,0.41,-0.42,95.0,318.0
1768804691.2854662,170660,0.0,0.4,-0.07,95.0,318.0
1768804691.3064241,170680,0.0,0.41,0.21,94.0,316.0
1768804691.3392072,170700,0.0,0.41,0.1,94.0,316.0
1768804691.3525653,170720,0.0,0.42,0.24,93.0,314.0
1768804691.3708234,170740,0.0,0.42,0.31,94.0,316.0
1768804691.3797402,170760,0.0,0.43,0.49,93.0,314.0
1768804691.412646,170780,0.0,0.44,0.26,93.0,314.0
1768804691.4348555,170800,0.0,0.44,0.17,94.0,316.0
1768804691.4475079,170820,0.0,0.45,0.38,87.0,300.0
1768804691.466367,170840,0.0,0.46,0.47,86.0,298.0
1768804691.5065076,170860,0.0,0.46,-0.42,87.0,300.0
1768804691.523434,170880,0.0,0.44,-1.33,92.0,312.0
1768804691.5252016,170900,0.0,0.42,-0.7,93.0,314.0
1768804691.5474014,170920,0.0,0.43,0.85,86.0,298.0
1768804691.580651,170940,0.0,0.45,0.78,83.0,291.0
1768804691.5894208,170960,0.0,0.45,-0.6,89.0,305.0
1768804691.6115382,170980,0.0,0.43,-0.84,92.0,312.0
1768804691.6204746,171000,0.0,0.43,0.78,87.0,300.0
1768804691.6644595,171020,0.0,0.46,1.44,81.0,287.0
1768804691.6767073,171040,0.0,0.48,0.17,85.0,296.0
1768804691.6904914,171060,0.0,0.46,-1.64,92.0,312.0
1768804691.711733,171080,0.0,0.43,-1.15,93.0,314.0
1768804691.7428777,171100,0.0,0.43,0.32,88.0,302.0
1768804691.7643085,171120,0.0,0.43,0.73,87.0,300.0
1768804691.7753186,171140,0.0,0.44,0.1,89.0,305.0
1768804691.7819724,171160,0.0,0.44,-0.14,88.0,302.0
1768804691.8190517,171180,0.0,0.45,0.57,85.0,296.0
1768804691.8358514,171200,0.0,0.46,0.6,85.0,296.0
1768804691.8459587,171220,0.0,0.47,0.04,86.0,298.0
1768804691.8673077,171240,0.0,0.46,0.1,88.0,302.0
1768804691.9011133,171260,0.0,0.47,0.64,85.0,296.0
1768804691.914168,171280,0.0,0.49,0.43,83.0,291.0
1768804691.9364088,171300,0.0,0.49,0.1,84.0,293.0
1768804691.9611146,171320,0.0,0.49,-0.19,89.0,305.0
1768804691.983843,171340,0.0,0.49,0.32,87.0,300.0
1768804692.015007,171360,0.0,0.5,1.12,83.0,291.0
1768804692.0396364,171380,0.0,0.52,0.79,82.0,289.0
1768804692.060682,171400,0.0,0.53,-0.25,83.0,291.0
1768804692.0614743,171420,0.0,0.53,0.09,88.0,302.0
1768804692.0706177,171440,0.0,0.54,0.87,86.0,298.0
1768804692.0926108,171460,0.0,0.56,0.98,82.0,289.0
1768804692.1019716,171480,0.0,0.58,0.38,82.0,289.0
1768804692.1356993,171500,0.0,0.58,-0.39,85.0,296.0
1768804692.1601148,171520,0.0,0.58,0.16,87.0,300.0
1768804692.167883,171540,0.0,0.58,0.69,85.0,296.0
1768804692.192902,171560,0.0,0.6,0.79,83.0,291.0
1768804692.2219782,171580,0.0,0.61,0.37,85.0,296.0
1768804692.2305624,171600,0.0,0.6,-0.41,88.0,302.0
1768804692.2537267,171620,0.0,0.59,-0.43,89.0,305.0
1768804692.263844,171640,0.0,0.59,-0.07,86.0,298.0
1768804692.29517,171660,0.0,0.6,-0.08,85.0,296.0
1768804692.316955,171680,0.0,0.59,-0.79,89.0,305.0
1768804692.326979,171700,0.0,0.56,-1.18,93.0,314.0
1768804692.355526,171720,0.0,0.54,-0.78,92.0,312.0
1768804692.3813097,171740,0.0,0.53,-0.56,89.0,305.0
1768804692.3993845,171760,0.0,0.52,-1.03,88.0,302.0
1768804692.41791,171780,0.0,0.49,-2.22,95.0,318.0
1768804692.4283223,171800,0.0,0.44,-2.36,98.0,325.0
1768804692.4621694,171820,0.0,0.4,-1.17,97.0,323.0
1768804692.4748497,171840,0.0,0.38,-0.88,92.0,312.0
1768804692.495674,171860,0.0,0.37,-1.51,91.0,309.0
1768804692.5196483,171880,0.0,0.33,-2.36,96.0,321.0
1768804692.5360682,171900,0.0,0.28,-2.04,98.0,325.0
1768804692.559229,171920,0.0,0.25,-1.27,95.0,318.0
1768804692.568082,171940,0.0,0.24,-0.54,90.0,307.0
1768804692.5905917,171960,0.0,0.23,-0.93,92.0,312.0
1768804692.62537,171980,0.0,0.19,-1.63,96.0,321.0
1768804692.6389608,172000,0.0,0.16,-1.45,96.0,321.0
1768804692.6549878,172020,0.0,0.15,-0.6,91.0,309.0
1768804692.6699967,172040,0.0,0.14,-0.33,88.0,302.0
1768804692.6972592,172060,0.0,0.13,-0.68,91.0,309.0
1768804692.7194862,172080,0.0,0.1,-1.49,97.0,323.0
1768804692.7397041,172100,0.0,0.08,-0.88,93.0,314.0
1768804692.7501109,172120,0.0,0.08,0.35,86.0,298.0
1768804692.7658827,172140,0.0,0.09,-0.0,86.0,298.0
1768804692.798818,172160,0.0,0.08,-1.7,91.0,309.0
1768804692.8088877,172180,0.0,0.04,-1.56,97.0,323.0
1768804692.8309195,172200,0.0,0.02,-0.01,94.0,316.0
1768804692.8429043,172220,0.0,0.03,0.51,87.0,300.0
1768804692.8816938,172240,0.0,0.03,-0.12,86.0,298.0
1768804692.8986535,172260,0.0,0.02,-0.93,91.0,309.0
1768804692.9067507,172280,0.0,-0.0,-1.76,93.0,314.0
1768804692.9263756,172300,0.0,-0.03,-1.51,94.0,316.0
1768804692.9600556,172320,0.0,-0.04,-0.2,91.0,309.0
1768804692.9693737,172340,0.0,-0.04,0.12,89.0,305.0
1768804692.9912689,172360,0.0,-0.05,-0.42,90.0,307.0
1768804693.0007417,172380,0.0,-0.06,-0.48,91.0,309.0
1768804693.03322,172400,0.0,-0.07,-0.09,90.0,307.0
1768804693.0636594,172420,0.0,-0.06,0.05,87.0,300.0
1768804693.0694814,172440,0.0,-0.06,-0.2,87.0,300.0
1768804693.089193,172460,0.0,-0.07,-0.55,89.0,305.0
1768804693.120089,172480,0.0,-0.07,-0.09,89.0,305.0
1768804693.140419,172500,0.0,-0.07,0.43,87.0,300.0
1768804693.1578257,172520,0.0,-0.06,0.79,85.0,296.0
1768804693.1642332,172540,0.0,-0.04,0.74,85.0,296.0
1768804693.1975,172560,0.0,-0.03,0.46,86.0,298.0
1768804693.215811,172580,0.0,-0.02,0.72,91.0,309.0
1768804693.2259614,172600,0.0,-0.0,1.42,90.0,307.0
1768804693.2473087,172620,0.0,0.03,1.87,87.0,300.0
1768804693.2823856,172640,0.0,0.06,1.45,88.0,302.0
1768804693.2934678,172660,0.0,0.08,0.72,89.0,305.0
1768804693.3130467,172680,0.0,0.1,1.03,89.0,305.0
1768804693.340203,172700,0.0,0.13,1.31,89.0,305.0
1768804693.3647778,172720,0.0,0.15,1.24,89.0,305.0
1768804693.380779,172740,0.0,0.18,1.26,89.0,305.0
1768804693.3965154,172760,0.0,0.2,1.17,89.0,305.0
1768804693.410466,172780,0.0,0.23,1.32,89.0,305.0
1768804693.4420083,172800,0.0,0.26,1.25,89.0,305.0
1768804693.4503245,172820,0.0,0.28,1.25,90.0,307.0
1768804693.4726112,172840,0.0,0.31,1.39,89.0,305.0
1768804693.481418,172860,0.0,0.34,1.6,87.0,300.0
1768804693.5287876,172880,0.0,0.37,1.57,88.0,302.0
1768804693.5371828,172900,0.0,0.4,1.51,88.0,302.0
1768804693.5531569,172920,0.0,0.43,1.67,88.0,302.0
1768804693.5678408,172940,0.0,0.47,1.92,88.0,302.0
1768804693.6025445,172960,0.0,0.51,2.66,83.0,291.0
1768804693.6251836,172980,0.0,0.58,3.7,79.0,282.0
1768804693.6355896,173000,0.0,0.66,4.82,74.0,271.0
1768804693.6442475,173020,0.0,0.78,6.71,66.0,252.0
1768804693.6765723,173040,0.0,0.94,9.4,65.0,250.0
1768804693.6973739,173060,0.0,1.16,12.74,65.0,250.0
1768804693.7072582,173080,0.0,1.44,16.06,65.0,250.0
1768804693.7410872,173100,0.0,1.79,19.1,65.0,250.0
1768804693.7611606,173120,0.0,2.2,22.33,65.0,250.0
1768804693.7723567,173140,0.0,2.68,25.64,65.0,250.0
1768804693.7991722,173160,0.0,3.21,28.3,65.0,250.0
1768804693.804085,173180,0.0,3.8,30.47,65.0,250.0
1768804693.8574214,173200,0.0,4.43,32.51,65.0,250.0
1768804693.8653946,173220,0.0,5.1,34.9,65.0,250.0
1768804693.8679795,173240,0.0,5.82,36.61,65.0,250.0
1768804693.8996158,173260,0.0,6.57,38.15,65.0,250.0
1768804693.9211462,173280,0.0,7.35,39.67,65.0,250.0
1768804693.931265,173300,0.0,8.16,41.12,65.0,250.0
1768804693.9536004,173320,0.0,8.99,42.25,65.0,250.0
1768804693.9659493,173340,0.0,9.85,43.9,65.0,250.0
1768804693.9985764,173360,0.0,10.75,45.95,65.0,250.0
1768804694.0208547,173380,0.0,11.69,47.4,65.0,250.0
1768804694.043121,173400,0.0,12.66,48.32,65.0,250.0
1768804694.0441453,173420,0.0,13.63,48.73,65.0,250.0
1768804694.078431,173440,0.0,14.61,48.44,65.0,250.0
1768804694.100616,173460,0.0,15.58,47.85,65.0,250.0
1768804694.1131914,173480,0.0,16.54,47.37,65.0,250.0
1768804694.1341834,173500,0.0,17.49,47.16,65.0,250.0
1768804694.1623406,173520,0.0,18.44,46.49,65.0,250.0
1768804694.1724803,173540,0.0,19.37,46.29,65.0,250.0
1768804694.2144544,173560,0.0,20.3,46.17,65.0,250.0
1768804694.217909,173580,0.0,21.23,45.89,65.0,250.0
1768804694.2300212,173600,0.0,22.16,45.58,65.0,250.0
1768804694.2670772,173620,0.0,23.08,45.35,65.0,250.0
1768804694.2858737,173640,0.0,23.99,45.11,65.0,250.0
1768804694.305443,173660,0.0,24.91,44.7,65.0,250.0
1768804694.3152034,173680,0.0,25.81,44.58,65.0,250.0
1768804694.3340776,173700,0.0,26.72,44.23,65.0,250.0
1768804694.3580778,173720,0.0,27.62,43.86,65.0,250.0
1768804694.3648996,173740,0.0,28.51,43.31,65.0,250.0
1768804694.3861213,173760,0.0,29.4,43.17,65.0,250.0
1768804694.4307795,173780,0.0,30.28,42.88,65.0,250.0
1768804694.4436278,173800,0.0,31.17,42.66,65.0,250.0
1768804694.4518435,173820,0.0,32.05,42.42,65.0,250.0
1768804694.4831161,173840,0.0,32.92,42.02,65.0,250.0
1768804694.501786,173860,0.0,33.79,41.51,65.0,250.0
1768804694.5226324,173880,0.0,34.65,41.13,65.0,250.0
1768804694.5347211,173900,0.0,35.5,40.51,65.0,250.0
1768804694.544283,173920,0.0,36.33,40.04,65.0,250.0
1768804694.5778909,173940,0.0,37.16,39.26,65.0,250.0
1768804694.595146,173960,0.0,37.97,38.87,65.0,250.0
1768804694.6051748,173980,0.0,38.77,38.05,65.0,250.0
1768804694.6273751,174000,0.0,39.56,37.27,65.0,250.0
1768804694.662357,174020,0.0,40.32,36.56,65.0,250.0
1768804694.6759977,174040,0.0,41.07,35.88,65.0,250.0
1768804694.7038643,174060,0.0,41.81,35.17,65.0,250.0
1768804694.723693,174080,0.0,42.52,34.46,65.0,250.0
1768804694.7418242,174100,0.0,43.22,33.82,65.0,250.0
1768804694.7567818,174120,0.0,43.91,33.15,65.0,250.0
1768804694.770664,174140,0.0,44.57,32.26,65.0,250.0
1768804694.789061,174160,0.0,45.22,31.63,65.0,250.0
1768804694.820309,174180,0.0,45.85,30.82,65.0,250.0
1768804694.8334584,174200,0.0,46.47,29.9,65.0,250.0
1768804694.8558881,174220,0.0,47.06,29.1,65.0,250.0
1768804694.8715706,174240,0.0,47.64,28.43,65.0,250.0
1768804694.897924,174260,0.0,48.2,27.41,65.0,250.0
1768804694.9213736,174280,0.0,48.74,26.68,65.0,250.0
1768804694.9390993,174300,0.0,49.27,25.88,65.0,250.0
1768804694.9646642,174320,0.0,49.78,24.9,65.0,250.0
1768804694.9834602,174340,0.0,50.27,23.88,65.0,250.0
1768804694.9966245,174360,0.0,50.73,22.91,65.0,250.0
1768804695.0128822,174380,0.0,51.18,21.93,65.0,250.0
1768804695.0224595,174400,0.0,51.61,20.81,65.0,250.0
1768804695.0543833,174420,0.0,52.02,19.73,65.0,250.0
1768804695.0890794,174440,0.0,52.4,18.58,65.0,250.0
1768804695.1244278,174460,0.0,52.76,17.42,65.0,250.0
1768804695.150562,174480,0.0,53.1,16.24,65.0,250.0
1768804695.1515942,174500,0.0,53.42,15.23,65.0,250.0
1768804695.1523738,174520,0.0,53.71,14.18,65.0,250.0
1768804695.173875,174540,0.0,53.98,12.99,65.0,250.0
1768804695.1828299,174560,0.0,54.23,11.8,65.0,250.0
1768804695.2167304,174580,0.0,54.46,10.72,65.0,250.0
1768804695.237451,174600,0.0,54.67,9.63,65.0,250.0
1768804695.247492,174620,0.0,54.85,8.51,65.0,250.0
1768804695.2684808,174640,0.0,55.01,7.43,65.0,250.0
1768804695.3017325,174660,0.0,55.15,6.21,65.0,250.0
1768804695.3121216,174680,0.0,55.26,4.94,65.0,250.0
1768804695.3408635,174700,0.0,55.35,4.05,65.0,250.0
1768804695.3429816,174720,0.0,55.42,2.91,65.0,250.0
1768804695.4058278,174740,0.0,55.47,1.72,65.0,250.0
1768804695.4167607,174760,0.0,55.49,0.7,65.0,250.0
1768804695.4387743,174780,0.0,55.5,-0.1,65.0,250.0
1768804695.4479237,174800,0.0,55.48,-1.29,65.0,250.0
1768804695.4619825,174820,0.0,55.44,-2.32,65.0,250.0
1768804695.4720747,174840,0.0,55.39,-3.13,65.0,250.0
1768804695.4951365,174860,0.0,55.32,-4.01,65.0,250.0
1768804695.5040023,174880,0.0,55.23,-4.89,65.0,250.0
1768804695.5398905,174900,0.0,55.12,-5.63,65.0,250.0
1768804695.5621552,174920,0.0,55.0,-6.79,65.0,250.0
1768804695.5862267,174940,0.0,54.85,-7.53,65.0,250.0
1768804695.5938444,174960,0.0,54.7,-8.27,65.0,250.0
1768804695.635303,174980,0.0,54.53,-9.04,65.0,250.0
1768804695.6573873,175000,0.0,54.34,-9.75,65.0,250.0
1768804695.6674123,175020,0.0,54.14,-10.56,65.0,250.0
1768804695.6738517,175040,0.0,53.92,-11.27,65.0,250.0
1768804695.6871443,175060,0.0,53.7,-11.9,65.0,250.0
1768804695.7127962,175080,0.0,53.46,-12.63,65.0,250.0
1768804695.7350261,175100,0.0,53.2,-13.28,65.0,250.0
1768804695.7490222,175120,0.0,52.93,-14.16,65.0,250.0
1768804695.7676558,175140,0.0,52.65,-14.9,65.0,250.0
1768804695.7990704,175160,0.0,52.35,-15.36,65.0,250.0
1768804695.8091502,175180,0.0,52.04,-16.34,65.0,250.0
1768804695.8317754,175200,0.0,51.71,-17.29,65.0,250.0
1768804695.8619025,175220,0.0,51.37,-18.0,65.0,250.0
1768804695.8746438,175240,0.0,51.01,-18.78,65.0,250.0
1768804695.898179,175260,0.0,50.64,-19.72,65.0,250.0
1768804695.9063206,175280,0.0,50.24,-20.45,65.0,250.0
1768804695.927659,175300,0.0,49.84,-21.08,65.0,250.0
1768804695.9595437,175320,0.0,49.42,-21.92,65.0,250.0
1768804695.9696572,175340,0.0,48.99,-22.63,65.0,250.0
1768804695.9931233,175360,0.0,48.54,-23.29,65.0,250.0
1768804696.0023222,175380,0.0,48.08,-23.92,65.0,250.0
1768804696.0338483,175400,0.0,47.61,-24.52,65.0,250.0
1768804696.0552378,175420,0.0,47.13,-25.1,67.0,255.0
1768804696.0659177,175440,0.0,46.64,-25.84,72.0,266.0
1768804696.0970716,175460,0.0,46.13,-26.2,76.0,275.0
1768804696.1243927,175480,0.0,45.62,-26.14,78.0,280.0
1768804696.130689,175500,0.0,45.11,-25.99,78.0,280.0
1768804696.1523418,175520,0.0,44.6,-26.45,81.0,287.0
1768804696.1624722,175540,0.0,44.08,-26.97,85.0,296.0
1768804696.1941001,175560,0.0,43.54,-27.05,88.0,302.0
1768804696.2297544,175580,0.0,43.01,-27.36,88.0,302.0
1768804696.2587402,175600,0.0,42.48,-27.16,90.0,307.0
1768804696.2864637,175620,0.0,41.94,-27.29,94.0,316.0
1768804696.2993567,175640,0.0,41.39,-27.49,97.0,323.0
1768804696.3186738,175660,0.0,40.84,-28.0,98.0,325.0
1768804696.329412,175680,0.0,40.29,-28.31,100.0,330.0
1768804696.3473058,175700,0.0,39.73,-28.07,102.0,334.0
1768804696.3544033,175720,0.0,39.17,-27.96,105.0,341.0
1768804696.3767686,175740,0.0,38.6,-28.23,106.0,343.0
1768804696.3868098,175760,0.0,38.04,-28.32,108.0,348.0
1768804696.4092245,175780,0.0,37.48,-27.81,107.0,346.0
1768804696.4425466,175800,0.0,36.93,-27.71,109.0,350.0
1768804696.4688022,175820,0.0,36.37,-27.77,112.0,357.0
1768804696.4817917,175840,0.0,35.81,-28.02,113.0,359.0
1768804696.5052884,175860,0.0,35.25,-27.51,111.0,355.0
1768804696.5241785,175880,0.0,34.71,-26.87,111.0,355.0
1768804696.5469253,175900,0.0,34.16,-27.43,115.0,364.0
1768804696.5476115,175920,0.0,33.6,-28.02,115.0,364.0
1768804696.573196,175940,0.0,33.06,-26.93,115.0,364.0
1768804696.6011121,175960,0.0,32.53,-25.84,113.0,359.0
1768804696.6111946,175980,0.0,32.02,-26.02,114.0,362.0
1768804696.633368,176000,0.0,31.5,-26.03,115.0,364.0
1768804696.64371,176020,0.0,30.99,-25.1,115.0,364.0
1768804696.689066,176040,0.0,30.51,-24.08,110.0,352.0
1768804696.7034173,176060,0.0,30.04,-24.0,110.0,352.0
1768804696.7096884,176080,0.0,29.57,-23.94,111.0,355.0
1768804696.7316055,176100,0.0,29.11,-23.42,111.0,355.0
1768804696.762532,176120,0.0,28.66,-22.69,115.0,364.0
1768804696.7740705,176140,0.0,28.22,-21.81,115.0,364.0
1768804696.7973232,176160,0.0,27.81,-20.83,112.0,357.0
1768804696.8071423,176180,0.0,27.41,-20.67,112.0,357.0
1768804696.835192,176200,0.0,27.01,-20.81,113.0,359.0
1768804696.8581755,176220,0.0,26.61,-20.26,113.0,359.0
1768804696.8683357,176240,0.0,26.23,-19.77,112.0,357.0
1768804696.8978121,176260,0.0,25.85,-19.36,111.0,355.0
1768804696.926589,176280,0.0,25.47,-19.23,113.0,359.0
1768804696.9483254,176300,0.0,25.1,-18.92,113.0,359.0
1768804696.9628046,176320,0.0,24.74,-18.34,112.0,357.0
1768804696.9798985,176340,0.0,24.38,-17.92,111.0,355.0
1768804696.9974072,176360,0.0,24.03,-17.8,111.0,355.0
1768804697.0226636,176380,0.0,23.68,-17.29,112.0,357.0
1768804697.0298839,176400,0.0,23.33,-16.79,111.0,355.0
1768804697.0506785,176420,0.0,23.0,-16.35,110.0,352.0
1768804697.081989,176440,0.0,22.67,-16.07,109.0,350.0
1768804697.0922112,176460,0.0,22.34,-15.8,109.0,350.0
1768804697.1164167,176480,0.0,22.02,-15.52,107.0,346.0
1768804697.1310391,176500,0.0,21.7,-15.07,108.0,348.0
1768804697.1610556,176520,0.0,21.39,-14.58,106.0,343.0
1768804697.1815698,176540,0.0,21.09,-13.71,102.0,334.0
1768804697.1933317,176560,0.0,20.81,-13.43,102.0,334.0
1768804697.2130044,176580,0.0,20.52,-13.58,103.0,337.0
1768804697.2447686,176600,0.0,20.23,-13.53,103.0,337.0
1768804697.2554421,176620,0.0,19.95,-12.38,99.0,327.0
1768804697.2797909,176640,0.0,19.7,-11.65,96.0,321.0
1768804697.2888167,176660,0.0,19.44,-12.39,100.0,330.0
1768804697.3077989,176680,0.0,19.15,-13.19,103.0,337.0
1768804697.3388941,176700,0.0,18.89,-11.85,99.0,327.0
1768804697.3690848,176720,0.0,18.66,-10.66,92.0,312.0
1768804697.3766458,176740,0.0,18.42,-11.3,95.0,318.0
1768804697.3820508,176760,0.0,18.16,-12.71,100.0,330.0
1768804697.425007,176780,0.0,17.89,-12.41,101.0,332.0
1768804697.4378333,176800,0.0,17.66,-10.58,94.0,316.0
1768804697.4648955,176820,0.0,17.44,-9.82,90.0,307.0
1768804697.4729211,176840,0.0,17.22,-10.9,92.0,312.0
1768804697.5034397,176860,0.0,16.99,-11.35,96.0,321.0
1768804697.5100324,176880,0.0,16.76,-10.67,94.0,316.0
1768804697.5320518,176900,0.0,16.56,-9.65,82.0,289.0
1768804697.5416012,176920,0.0,16.36,-10.16,83.0,291.0
1768804697.5751328,176940,0.0,16.13,-11.58,92.0,312.0
1768804697.5965583,176960,0.0,15.88,-11.75,95.0,318.0
1768804697.6098483,176980,0.0,15.66,-10.42,90.0,307.0
1768804697.6345675,177000,0.0,15.47,-9.28,84.0,293.0
1768804697.6711724,177020,0.0,15.27,-10.13,86.0,298.0
1768804697.6804237,177040,0.0,15.06,-11.35,91.0,309.0
1768804697.694527,177060,0.0,14.81,-10.61,93.0,314.0
1768804697.7065337,177080,0.0,14.62,-9.36,87.0,300.0
1768804697.7342782,177100,0.0,14.43,-8.79,86.0,298.0
1768804697.7563138,177120,0.0,14.24,-9.7,90.0,307.0
1768804697.7664323,177140,0.0,14.05,-9.76,91.0,309.0
1768804697.7943099,177160,0.0,13.86,-8.91,87.0,300.0
1768804697.8236387,177180,0.0,13.69,-8.66,85.0,296.0
1768804697.849209,177200,0.0,13.51,-9.44,88.0,302.0
1768804697.8705297,177220,0.0,13.31,-9.96,92.0,312.0
1768804697.889359,177240,0.0,13.13,-8.77,89.0,305.0
1768804697.9043646,177260,0.0,12.97,-7.82,84.0,293.0
1768804697.9195025,177280,0.0,12.8,-8.43,87.0,300.0
1768804697.9332879,177300,0.0,12.61,-10.12,93.0,314.0
1768804697.9550543,177320,0.0,12.42,-9.69,94.0,316.0
1768804697.9809248,177340,0.0,12.25,-7.97,87.0,300.0
1768804697.9921818,177360,0.0,12.09,-8.19,87.0,300.0
1768804698.0139055,177380,0.0,11.91,-9.05,91.0,309.0
1768804698.0366807,177400,0.0,11.73,-8.52,94.0,316.0
1768804698.0645475,177420,0.0,11.58,-6.9,87.0,300.0
1768804698.0776868,177440,0.0,11.45,-6.7,81.0,287.0
1768804698.0975268,177460,0.0,11.31,-7.87,87.0,300.0
1768804698.1197472,177480,0.0,11.14,-8.81,94.0,316.0
1768804698.1441329,177500,0.0,10.97,-8.08,91.0,309.0
1768804698.1551225,177520,0.0,10.83,-6.65,85.0,296.0
1768804698.1734715,177540,0.0,10.7,-6.56,85.0,296.0
1768804698.1830635,177560,0.0,10.56,-7.19,88.0,302.0
1768804698.2154903,177580,0.0,10.42,-7.02,89.0,305.0
1768804698.2472034,177600,0.0,10.3,-6.1,85.0,296.0
1768804698.2480311,177620,0.0,10.18,-6.19,81.0,287.0
1768804698.2750976,177640,0.0,10.06,-6.71,85.0,296.0
1768804698.3150172,177660,0.0,9.92,-6.76,90.0,307.0
1768804698.3155265,177680,0.0,9.79,-5.8,87.0,300.0
1768804698.3348515,177700,0.0,9.7,-4.57,79.0,282.0
1768804698.3433225,177720,0.0,9.6,-5.03,80.0,284.0
1768804698.376362,177740,0.0,9.48,-6.68,86.0,298.0
1768804698.397699,177760,0.0,9.35,-6.57,88.0,302.0
1768804698.4076126,177780,0.0,9.26,-4.11,79.0,282.0
1768804698.4310205,177800,0.0,9.19,-3.62,74.0,271.0
1768804698.4637618,177820,0.0,9.1,-5.42,80.0,284.0
1768804698.4827914,177840,0.0,8.98,-5.78,86.0,298.0
1768804698.4950278,177860,0.0,8.9,-3.93,83.0,291.0
1768804698.5081134,177880,0.0,8.84,-2.24,73.0,268.0
1768804698.5412688,177900,0.0,8.78,-3.47,74.0,271.0
1768804698.5612137,177920,0.0,8.7,-5.01,79.0,282.0
1768804698.5702605,177940,0.0,8.6,-4.61,82.0,289.0
1768804698.5918772,177960,0.0,8.52,-3.15,78.0,280.0
1768804698.600066,177980,0.0,8.47,-2.68,73.0,268.0
1768804698.632501,178000,0.0,8.41,-3.16,74.0,271.0
1768804698.654591,178020,0.0,8.34,-3.78,76.0,275.0
1768804698.6647964,178040,0.0,8.27,-3.54,77.0,277.0
1768804698.686834,178060,0.0,8.21,-2.69,75.0,273.0
1768804698.7188666,178080,0.0,8.16,-2.51,73.0,268.0
1768804698.7330897,178100,0.0,8.11,-2.86,75.0,273.0
1768804698.7651095,178120,0.0,8.05,-2.85,75.0,273.0
1768804698.765627,178140,0.0,8.0,-2.45,73.0,268.0
1768804698.7977338,178160,0.0,7.96,-2.27,71.0,264.0
1768804698.8153646,178180,0.0,7.91,-2.97,72.0,266.0
1768804698.8290694,178200,0.0,7.85,-3.25,78.0,280.0
1768804698.847421,178220,0.0,7.79,-2.58,77.0,277.0
1768804698.8792796,178240,0.0,7.75,-2.04,74.0,271.0
1768804698.8892996,178260,0.0,7.71,-2.63,74.0,271.0
1768804698.9145887,178280,0.0,7.66,-3.32,76.0,275.0
1768804698.93216,178300,0.0,7.6,-2.87,77.0,277.0
1768804698.9538198,178320,0.0,7.56,-2.45,74.0,271.0
1768804698.979227,178340,0.0,7.52,-2.89,75.0,273.0
1768804699.0206182,178360,0.0,7.46,-3.57,80.0,284.0
1768804699.0317812,178380,0.0,7.39,-3.32,81.0,287.0
1768804699.0400069,178400,0.0,7.35,-2.55,76.0,275.0
1768804699.0497696,178420,0.0,7.3,-2.97,76.0,275.0
1768804699.075766,178440,0.0,7.24,-4.21,89.0,305.0
1768804699.081112,178460,0.0,7.15,-4.84,93.0,314.0
1768804699.1138754,178480,0.0,7.08,-3.75,89.0,305.0
1768804699.141283,178500,0.0,7.03,-3.06,85.0,296.0
1768804699.1583333,178520,0.0,6.98,-3.27,85.0,296.0
1768804699.206547,178540,0.0,6.92,-3.53,90.0,307.0
1768804699.250558,178560,0.0,6.85,-4.06,93.0,314.0
1768804699.2775035,178580,0.0,6.79,-3.66,89.0,305.0
1768804699.287301,178600,0.0,6.74,-3.18,87.0,300.0
1768804699.3005953,178620,0.0,6.68,-3.65,91.0,309.0
1768804699.3016613,178640,0.0,6.6,-4.22,95.0,318.0
1768804699.3026264,178660,0.0,6.53,-3.88,94.0,316.0
1768804699.3063374,178680,0.0,6.48,-2.74,88.0,302.0
1768804699.3269792,178700,0.0,6.44,-2.03,86.0,298.0
1768804699.3615549,178720,0.0,6.38,-3.3,91.0,309.0
1768804699.3774443,178740,0.0,6.3,-4.0,95.0,318.0
1768804699.397998,178760,0.0,6.24,-2.71,90.0,307.0
1768804699.4035368,178780,0.0,6.21,-1.32,84.0,293.0
1768804699.4452372,178800,0.0,6.18,-1.51,85.0,296.0
1768804699.465426,178820,0.0,6.12,-2.95,90.0,307.0
1768804699.4672382,178840,0.0,6.06,-2.57,90.0,307.0
1768804699.4905448,178860,0.0,6.02,-0.47,84.0,293.0
1768804699.5209541,178880,0.0,6.01,-0.01,80.0,284.0
1768804699.5309343,178900,0.0,5.98,-1.26,82.0,289.0
1768804699.5532794,178920,0.0,5.94,-1.23,85.0,296.0
1768804699.562485,178940,0.0,5.92,-0.06,81.0,287.0
1768804699.5958052,178960,0.0,5.92,0.85,74.0,271.0
1768804699.6173077,178980,0.0,5.92,0.06,76.0,275.0
1768804699.627306,179000,0.0,5.89,-0.91,82.0,289.0
1768804699.6511476,179020,0.0,5.86,-0.62,81.0,287.0
1768804699.6825993,179040,0.0,5.85,0.6,74.0,271.0
1768804699.692005,179060,0.0,5.85,0.36,74.0,271.0
1768804699.7142947,179080,0.0,5.83,-0.69,78.0,280.0
1768804699.731345,179100,0.0,5.81,-0.4,79.0,282.0
1768804699.755668,179120,0.0,5.81,0.76,73.0,268.0
1768804699.7772822,179140,0.0,5.82,0.52,71.0,264.0
1768804699.7871976,179160,0.0,5.8,-0.87,77.0,277.0
1768804699.8147748,179180,0.0,5.76,-1.48,83.0,291.0
1768804699.8419054,179200,0.0,5.74,-0.52,74.0,271.0
1768804699.856467,179220,0.0,5.73,0.33,68.0,257.0
1768804699.881088,179240,0.0,5.72,-0.86,69.0,259.0
1768804699.8834355,179260,0.0,5.69,-2.42,75.0,273.0
1768804699.917351,179280,0.0,5.64,-2.11,78.0,280.0
1768804699.940311,179300,0.0,5.62,-0.35,72.0,266.0
1768804699.9497418,179320,0.0,5.61,-0.36,70.0,262.0
1768804699.9699683,179340,0.0,5.59,-1.16,74.0,271.0
1768804700.0019689,179360,0.0,5.56,-1.36,76.0,275.0
1768804700.0147622,179380,0.0,5.55,-0.37,73.0,268.0
1768804700.048458,179400,0.0,5.54,-0.75,69.0,259.0
1768804700.04913,179420,0.0,5.52,-1.46,72.0,266.0
1768804700.066456,179440,0.0,5.49,-1.98,77.0,277.0
1768804700.1018593,179460,0.0,5.46,-1.0,76.0,275.0
1768804700.1134062,179480,0.0,5.45,0.01,72.0,266.0
1768804700.1478653,179500,0.0,5.44,-0.41,71.0,264.0
1768804700.148658,179520,0.0,5.42,-1.46,74.0,271.0
1768804700.1750445,179540,0.0,5.39,-1.66,76.0,275.0
1768804700.2003515,179560,0.0,5.37,-0.75,72.0,266.0
1768804700.2049515,179580,0.0,5.36,-0.27,71.0,264.0
1768804700.2258942,179600,0.0,5.35,-0.77,73.0,268.0
1768804700.2641013,179620,0.0,5.32,-1.29,76.0,275.0
1768804700.282725,179640,0.0,5.31,-0.74,73.0,268.0
1768804700.3052921,179660,0.0,5.3,-0.27,70.0,262.0
1768804700.3640728,179680,0.0,5.28,-0.91,72.0,266.0
1768804700.3888435,179700,0.0,5.26,-1.56,75.0,273.0
1768804700.4084694,179720,0.0,5.24,-0.98,75.0,273.0
1768804700.4234297,179740,0.0,5.23,-0.08,72.0,266.0
1768804700.4243467,179760,0.0,5.22,-0.82,71.0,264.0
1768804700.4253056,179780,0.0,5.2,-1.32,74.0,271.0
1768804700.435544,179800,0.0,5.17,-1.18,76.0,275.0
1768804700.4456139,179820,0.0,5.16,-0.65,73.0,268.0
1768804700.467011,179840,0.0,5.15,-0.63,73.0,268.0
1768804700.5065973,179860,0.0,5.13,-1.02,75.0,273.0
1768804700.5139112,179880,0.0,5.1,-1.3,77.0,277.0
1768804700.5323684,179900,0.0,5.08,-1.02,75.0,273.0
1768804700.5429842,179920,0.0,5.06,-1.34,74.0,271.0
1768804700.5770888,179940,0.0,5.04,-2.0,76.0,275.0
1768804700.595857,179960,0.0,5.0,-2.22,80.0,284.0
1768804700.608219,179980,0.0,4.95,-1.98,80.0,284.0
1768804700.631385,180000,0.0,4.92,-1.48,77.0,277.0
1768804700.6598103,180020,0.0,4.89,-2.11,79.0,282.0
1768804700.6698442,180040,0.0,4.84,-2.86,82.0,289.0
1768804700.6922004,180060,0.0,4.79,-2.23,82.0,289.0
1768804700.702208,180080,0.0,4.76,-1.24,77.0,277.0
1768804700.7368736,180100,0.0,4.74,-1.74,76.0,275.0
1768804700.756759,180120,0.0,4.69,-2.69,83.0,291.0
1768804700.790485,180140,0.0,4.63,-2.65,8679.0,282.0
1768804700.8225029,180180,0.0,4.57,-1.28,76.0,275.0
1768804700.8391216,180200,0.0,4.53,-2.26,80.0,284.0
1768804700.8559587,180220,0.0,4.47,-3.17,86.0,298.0
1768804700.8851051,180240,0.0,4.42,-2.38,83.0,291.0
1768804700.8946328,180260,0.0,4.39,-1.02,79.0,282.0
1768804700.9161057,180280,0.0,4.36,-1.54,79.0,282.0
1768804700.92653,180300,0.0,4.31,-2.49,83.0,291.0
1768804700.9504845,180320,0.0,4.26,-2.51,84.0,293.0
1768804700.9819424,180340,0.0,4.23,-1.45,79.0,282.0
1768804700.9929116,180360,0.0,4.21,-1.48,77.0,277.0
1768804701.0161855,180380,0.0,4.17,-2.12,81.0,287.0
1768804701.0221314,180400,0.0,4.12,-2.51,87.0,300.0
1768804701.0613346,180420,0.0,4.08,-1.23,81.0,287.0
1768804701.0798783,180440,0.0,4.08,-0.17,73.0,268.0
1768804701.0877602,180460,0.0,4.07,-0.74,76.0,275.0
1768804701.1140847,180480,0.0,4.04,-2.38,80.0,284.0
1768804701.1414034,180500,0.0,3.99,-2.54,84.0,293.0
1768804701.1513872,180520,0.0,3.96,-0.78,79.0,282.0
1768804701.1841943,180540,0.0,3.96,0.02,75.0,273.0
1768804701.1983886,180560,0.0,3.95,-1.4,78.0,280.0
1768804701.2204514,180580,0.0,3.91,-2.7,84.0,293.0
1768804701.2426271,180600,0.0,3.87,-2.03,82.0,289.0
1768804701.2479558,180620,0.0,3.85,-0.33,76.0,275.0
1768804701.2817702,180640,0.0,3.84,-1.54,77.0,277.0
1768804701.304433,180660,0.0,3.8,-2.95,84.0,293.0
1768804701.31612,180680,0.0,3.75,-2.49,86.0,298.0
1768804701.3363159,180700,0.0,3.72,-0.91,81.0,287.0
1768804701.3433318,180720,0.0,3.7,-1.82,81.0,287.0
1768804701.3762157,180740,0.0,3.66,-3.09,85.0,296.0
1768804701.3989542,180760,0.0,3.61,-2.59,92.0,312.0
1768804701.4138358,180780,0.0,3.57,-1.62,88.0,302.0
1768804701.4308126,180800,0.0,3.55,-1.52,86.0,298.0
1768804701.4618824,180820,0.0,3.52,-2.36,90.0,307.0
1768804701.4767902,180840,0.0,3.47,-2.44,93.0,314.0
1768804701.4976776,180860,0.0,3.44,-1.7,89.0,305.0
1768804701.5091603,180880,0.0,3.42,-0.93,86.0,298.0
1768804701.5393028,180900,0.0,3.39,-1.68,90.0,307.0
1768804701.5639324,180920,0.0,3.34,-2.49,94.0,316.0
1768804701.5684586,180940,0.0,3.3,-1.99,93.0,314.0
1768804701.5901005,180960,0.0,3.28,-0.7,86.0,298.0
1768804701.599625,180980,0.0,3.27,-1.03,87.0,300.0
1768804701.632129,181000,0.0,3.23,-2.57,93.0,314.0
1768804701.6568494,181020,0.0,3.17,-2.37,95.0,318.0
1768804701.665292,181040,0.0,3.14,-1.07,89.0,305.0
1768804701.686138,181060,0.0,3.13,-0.51,86.0,298.0
1768804701.7208884,181080,0.0,3.11,-1.44,88.0,302.0
1768804701.7337923,181100,0.0,3.07,-1.96,92.0,312.0
1768804701.754974,181120,0.0,3.04,-0.8,89.0,305.0
1768804701.7641747,181140,0.0,3.04,0.1,85.0,296.0
1768804701.7932746,181160,0.0,3.02,-0.5,87.0,300.0
1768804701.8152544,181180,0.0,3.0,-1.4,88.0,302.0
1768804701.8254066,181200,0.0,2.97,-0.95,89.0,305.0
1768804701.8459904,181220,0.0,2.96,-0.04,85.0,296.0
1768804701.8836212,181240,0.0,2.95,-0.15,85.0,296.0
1768804701.9191492,181260,0.0,2.94,-0.72,86.0,298.0
1768804701.950656,181280,0.0,2.91,-0.75,90.0,307.0
1768804701.9709575,181300,0.0,2.89,-0.22,87.0,300.0
1768804701.9871335,181320,0.0,2.89,0.38,84.0,293.0
1768804701.987656,181340,0.0,2.88,-0.18,84.0,293.0
1768804701.9882607,181360,0.0,2.86,-1.3,86.0,298.0
1768804702.009527,181380,0.0,2.84,-1.0,88.0,302.0
1768804702.0399034,181400,0.0,2.82,-0.11,86.0,298.0
1768804702.049908,181420,0.0,2.81,0.24,84.0,293.0
1768804702.092404,181440,0.0,2.8,-0.5,84.0,293.0
1768804702.1013615,181460,0.0,2.79,-0.88,85.0,296.0
1768804702.1177707,181480,0.0,2.76,-0.7,87.0,300.0
1768804702.140679,181500,0.0,2.75,-0.06,78.0,280.0
1768804702.1478112,181520,0.0,2.75,-0.27,77.0,277.0
1768804702.167489,181540,0.0,2.73,-1.1,79.0,282.0
1768804702.20082,181560,0.0,2.7,-1.59,83.0,291.0
1768804702.2214835,181580,0.0,2.66,-1.45,85.0,296.0
1768804702.2325087,181600,0.0,2.65,0.02,79.0,282.0
1768804702.2416506,181620,0.0,2.65,0.49,75.0,273.0
1768804702.274599,181640,0.0,2.65,-0.59,77.0,277.0
1768804702.3007202,181660,0.0,2.63,-1.4,83.0,291.0
1768804702.3305104,181680,0.0,2.6,-0.79,81.0,287.0
1768804702.3424115,181700,0.0,2.6,0.09,75.0,273.0
1768804702.3601983,181720,0.0,2.61,-0.48,76.0,275.0
1768804702.370122,181740,0.0,2.58,-1.56,83.0,291.0
1768804702.3964713,181760,0.0,2.55,-1.48,85.0,296.0
1768804702.4098873,181780,0.0,2.53,-0.67,80.0,284.0
1768804702.4365048,181800,0.0,2.52,-0.53,79.0,282.0
1768804702.457669,181820,0.0,2.51,-0.87,80.0,284.0
1768804702.4670396,181840,0.0,2.49,-0.75,82.0,289.0
1768804702.4883647,181860,0.0,2.48,-0.22,79.0,282.0
1768804702.5212088,181880,0.0,2.48,-0.33,76.0,275.0
1768804702.5492399,181900,0.0,2.47,-0.71,79.0,282.0
1768804702.5621216,181920,0.0,2.44,-1.21,82.0,289.0
1768804702.5960891,181940,0.0,2.43,-0.61,80.0,284.0
1768804702.6446087,181960,0.0,2.42,0.29,78.0,280.0
1768804702.6713448,181980,0.0,2.42,-0.34,77.0,277.0
1768804702.6930304,182000,0.0,2.41,-0.87,79.0,282.0
1768804702.693966,182020,0.0,2.39,-0.94,82.0,289.0
1768804702.694932,182040,0.0,2.38,-0.74,80.0,284.0
1768804702.6969955,182060,0.0,2.37,-0.31,78.0,280.0
1768804702.7073936,182080,0.0,2.36,-0.81,81.0,287.0
1768804702.7305212,182100,0.0,2.33,-1.2,83.0,291.0
1768804702.7668567,182120,0.0,2.31,-0.82,83.0,291.0
1768804702.7914007,182140,0.0,2.3,-0.85,80.0,284.0
1768804702.7967963,182160,0.0,2.29,-1.0,80.0,284.0
1768804702.8081102,182180,0.0,2.26,-1.33,84.0,293.0
1768804702.8404608,182200,0.0,2.23,-1.55,86.0,298.0
1768804702.859279,182220,0.0,2.21,-0.66,82.0,289.0
1768804702.8677256,182240,0.0,2.21,-0.06,77.0,277.0
1768804702.8971834,182260,0.0,2.21,-0.55,79.0,282.0
1768804702.922151,182280,0.0,2.18,-2.07,84.0,293.0
1768804702.9326472,182300,0.0,2.14,-2.08,88.0,302.0
1768804702.956817,182320,0.0,2.12,-0.61,82.0,289.0
1768804702.9636288,182340,0.0,2.11,-0.19,81.0,287.0
1768804703.0158987,182360,0.0,2.09,-1.44,83.0,291.0
1768804703.0298803,182380,0.0,2.07,-1.35,84.0,293.0
1768804703.0308578,182400,0.0,2.05,-0.85,82.0,289.0
1768804703.0649729,182420,0.0,2.04,-0.89,80.0,284.0
1768804703.0921173,182440,0.0,2.01,-1.74,84.0,293.0
1768804703.098056,182460,0.0,1.98,-1.91,87.0,300.0
1768804703.1158538,182480,0.0,1.95,-1.2,84.0,293.0
1768804703.131912,182500,0.0,1.93,-0.99,81.0,287.0
1768804703.1496968,182520,0.0,1.91,-1.39,84.0,293.0
1768804703.17897,182540,0.0,1.87,-1.77,89.0,305.0
1768804703.1890893,182560,0.0,1.84,-1.34,87.0,300.0
1768804703.2364237,182580,0.0,1.82,-0.3,82.0,289.0
1768804703.2475975,182600,0.0,1.81,-0.67,82.0,289.0
1768804703.2621784,182620,0.0,1.78,-1.89,87.0,300.0
1768804703.2847862,182640,0.0,1.74,-2.13,89.0,305.0
1768804703.2915366,182660,0.0,1.71,-1.23,84.0,293.0
1768804703.3252761,182680,0.0,1.71,-0.44,78.0,280.0
1768804703.341591,182700,0.0,1.69,-1.21,84.0,293.0
1768804703.3514624,182720,0.0,1.64,-2.79,91.0,309.0
1768804703.37167,182740,0.0,1.6,-2.51,90.0,307.0
1768804703.387028,182760,0.0,1.57,-1.05,84.0,293.0
1768804703.4134154,182780,0.0,1.55,-1.2,85.0,296.0
1768804703.435592,182800,0.0,1.51,-2.53,90.0,307.0
1768804703.466512,182820,0.0,1.45,-2.49,93.0,314.0
1768804703.4721727,182840,0.0,1.42,-1.42,88.0,302.0
1768804703.5095315,182860,0.0,1.4,-1.21,83.0,291.0
1768804703.5152314,182880,0.0,1.37,-2.31,89.0,305.0
1768804703.548598,182900,0.0,1.31,-3.21,95.0,318.0
1768804703.5544164,182920,0.0,1.26,-2.47,94.0,316.0
1768804703.5815327,182940,0.0,1.22,-1.55,89.0,305.0
1768804703.5962436,182960,0.0,1.19,-1.93,94.0,316.0
1768804703.6089196,182980,0.0,1.16,-2.22,95.0,318.0
1768804703.6275737,183000,0.0,1.13,-1.38,94.0,316.0
1768804703.660251,183020,0.0,1.12,-0.33,91.0,309.0
1768804703.6896586,183040,0.0,1.11,-0.82,91.0,309.0
1768804703.6956716,183060,0.0,1.08,-2.12,94.0,316.0
1768804703.7068963,183080,0.0,1.05,-1.56,94.0,316.0
1768804703.7375057,183100,0.0,1.04,-0.64,91.0,309.0
1768804703.7719486,183120,0.0,1.03,-0.36,90.0,307.0
1768804703.779092,183140,0.0,1.02,-1.02,93.0,314.0
1768804703.7853656,183160,0.0,0.99,-1.43,95.0,318.0
1768804703.816131,183180,0.0,0.97,-1.01,91.0,309.0
1768804703.8366063,183200,0.0,0.97,-0.49,89.0,305.0
1768804703.8469503,183220,0.0,0.95,-0.92,95.0,318.0
1768804703.8677378,183240,0.0,0.91,-1.68,97.0,323.0
1768804703.9049497,183260,0.0,0.89,-1.3,93.0,314.0
1768804703.9157145,183280,0.0,0.89,-0.11,88.0,302.0
1768804703.934762,183300,0.0,0.88,-0.44,91.0,309.0
1768804703.9510498,183320,0.0,0.85,-2.16,96.0,321.0
1768804703.982345,183340,0.0,0.81,-1.82,98.0,325.0
1768804703.9972215,183360,0.0,0.79,-0.37,91.0,309.0
1768804704.0078623,183380,0.0,0.79,0.19,88.0,302.0
1768804704.0310698,183400,0.0,0.78,-0.95,93.0,314.0
1768804704.0607314,183420,0.0,0.74,-1.85,98.0,325.0
1768804704.070789,183440,0.0,0.71,-0.73,93.0,314.0
1768804704.0933895,183460,0.0,0.71,0.49,88.0,302.0
1768804704.102536,183480,0.0,0.7,-0.94,92.0,312.0
1768804704.1462266,183500,0.0,0.66,-2.48,98.0,325.0
1768804704.158431,183520,0.0,0.63,-1.26,96.0,321.0
1768804704.1817696,183540,0.0,0.62,0.88,89.0,305.0
1768804704.2042582,183560,0.0,0.63,0.16,88.0,302.0
1768804704.2228408,183580,0.0,0.61,-1.48,91.0,309.0
1768804704.2379963,183600,0.0,0.58,-0.88,96.0,321.0
1768804704.2519553,183620,0.0,0.57,0.74,90.0,307.0
1768804704.2689414,183640,0.0,0.59,1.13,84.0,293.0
1768804704.3018484,183660,0.0,0.6,-0.03,88.0,302.0
1768804704.312584,183680,0.0,0.58,-1.21,91.0,309.0
1768804704.3362966,183700,0.0,0.56,-1.32,92.0,312.0
1768804704.3468728,183720,0.0,0.54,-0.1,91.0,309.0
1768804704.379309,183740,0.0,0.54,0.36,82.0,289.0
1768804704.4063191,183760,0.0,0.55,0.29,80.0,284.0
1768804704.4134755,183780,0.0,0.54,-0.23,83.0,291.0
1768804704.4375246,183800,0.0,0.51,-1.63,90.0,307.0
1768804704.4638026,183820,0.0,0.48,-1.76,91.0,309.0
1768804704.4770043,183840,0.0,0.46,0.07,84.0,293.0
1768804704.4966524,183860,0.0,0.47,0.39,80.0,284.0
1768804704.504548,183880,0.0,0.47,-0.63,83.0,291.0
1768804704.525865,183900,0.0,0.45,-1.43,88.0,302.0
1768804704.5636196,183920,0.0,0.43,-0.69,87.0,300.0
1768804704.5685296,183940,0.0,0.43,0.75,83.0,291.0
1768804704.5940456,183960,0.0,0.43,-0.48,85.0,296.0
1768804704.6114783,183980,0.0,0.4,-1.81,90.0,307.0
1768804704.639099,184000,0.0,0.38,-0.96,87.0,300.0
1768804704.6490166,184020,0.0,0.38,0.48,83.0,291.0
1768804704.6724102,184040,0.0,0.39,0.12,83.0,291.0
1768804704.6805482,184060,0.0,0.36,-1.92,92.0,312.0
1768804704.7160292,184080,0.0,0.32,-2.11,94.0,316.0
1768804704.7350433,184100,0.0,0.29,-0.83,89.0,305.0
1768804704.745182,184120,0.0,0.28,-0.64,84.0,293.0
1768804704.7661679,184140,0.0,0.26,-1.74,89.0,305.0
1768804704.7992952,184160,0.0,0.21,-2.18,96.0,321.0
1768804704.8129182,184180,0.0,0.17,-1.55,93.0,314.0
1768804704.8430445,184200,0.0,0.15,-0.72,89.0,305.0
1768804704.8481476,184220,0.0,0.13,-1.28,89.0,305.0
1768804704.8753614,184240,0.0,0.1,-1.91,90.0,307.0
1768804704.8972182,184260,0.0,0.07,-1.28,89.0,305.0
1768804704.9134626,184280,0.0,0.05,-0.79,88.0,302.0
1768804704.9269283,184300,0.0,0.04,-0.94,88.0,302.0
1768804704.9596581,184320,0.0,0.01,-1.57,90.0,307.0
1768804704.9726572,184340,0.0,-0.02,-1.26,92.0,312.0
1768804704.9946225,184360,0.0,-0.04,-0.73,89.0,305.0
1768804705.0136993,184380,0.0,-0.05,-0.59,85.0,296.0
1768804705.0341952,184400,0.0,-0.07,-1.03,89.0,305.0
1768804705.0570517,184420,0.0,-0.1,-1.86,92.0,312.0
1768804705.066849,184440,0.0,-0.13,-1.55,89.0,305.0
1768804705.0981536,184460,0.0,-0.14,-0.22,86.0,298.0
1768804705.124546,184480,0.0,-0.14,-0.34,85.0,296.0
1768804705.1320693,184500,0.0,-0.16,-1.74,88.0,302.0
1768804705.1526806,184520,0.0,-0.2,-1.95,92.0,312.0
1768804705.1618855,184540,0.0,-0.22,-0.7,89.0,305.0
1768804705.1942344,184560,0.0,-0.23,0.04,85.0,296.0
1768804705.2166662,184580,0.0,-0.24,-0.84,87.0,300.0
1768804705.2343514,184600,0.0,-0.27,-1.82,92.0,312.0
1768804705.2519534,184620,0.0,-0.31,-1.74,93.0,314.0
1768804705.296286,184640,0.0,-0.33,-1.29,88.0,302.0
1768804705.3160522,184660,0.0,-0.35,-1.54,89.0,305.0
1768804705.3376548,184680,0.0,-0.38,-2.04,91.0,309.0
1768804705.3509476,184700,0.0,-0.42,-1.85,93.0,314.0
1768804705.358384,184720,0.0,-0.45,-1.1,90.0,307.0
1768804705.3765407,184740,0.0,-0.47,-1.24,90.0,307.0
1768804705.3915515,184760,0.0,-0.51,-1.97,93.0,314.0
1768804705.4080775,184780,0.0,-0.55,-2.26,97.0,323.0
1768804705.4408507,184800,0.0,-0.59,-1.48,94.0,316.0
1768804705.4524379,184820,0.0,-0.61,-0.91,89.0,305.0
1768804705.4760907,184840,0.0,-0.64,-1.9,91.0,309.0
1768804705.4825873,184860,0.0,-0.69,-2.64,98.0,325.0
1768804705.5157266,184880,0.0,-0.75,-2.71,101.0,332.0
1768804705.5389247,184900,0.0,-0.79,-1.89,95.0,318.0
1768804705.5479589,184920,0.0,-0.81,-0.99,91.0,309.0
1768804705.5723655,184940,0.0,-0.84,-1.4,93.0,314.0
1768804705.6019814,184960,0.0,-0.88,-2.1,96.0,321.0
1768804705.613188,184980,0.0,-0.92,-1.54,95.0,318.0
1768804705.6330285,185000,0.0,-0.94,-0.55,91.0,309.0
1768804705.6425388,185020,0.0,-0.95,-0.73,89.0,305.0
1768804705.6828892,185040,0.0,-0.97,-1.71,92.0,312.0
1768804705.6975384,185060,0.0,-1.02,-2.2,97.0,323.0
1768804705.708199,185080,0.0,-1.05,-1.56,94.0,316.0
1768804705.7413769,185100,0.0,-1.06,-0.79,89.0,305.0
1768804705.7630439,185120,0.0,-1.08,-1.25,91.0,309.0
1768804705.781009,185140,0.0,-1.12,-2.27,96.0,321.0
1768804705.7970517,185160,0.0,-1.16,-1.81,95.0,318.0
1768804705.8115916,185180,0.0,-1.17,0.19,96.0,321.0
1768804705.8393943,185200,0.0,-1.17,0.26,94.0,316.0
1768804705.857852,185220,0.0,-1.17,-0.34,93.0,314.0
1768804705.8679461,185240,0.0,-1.18,-0.44,95.0,318.0
1768804705.8898292,185260,0.0,-1.18,0.06,94.0,316.0
1768804705.9223447,185280,0.0,-1.17,0.26,93.0,314.0
1768804705.9458344,185300,0.0,-1.17,0.26,93.0,314.0
1768804705.9697049,185320,0.0,-1.16,0.44,93.0,314.0
1768804705.9901264,185340,0.0,-1.15,0.69,91.0,309.0
1768804706.0115337,185360,0.0,-1.14,0.17,92.0,312.0
1768804706.0237086,185380,0.0,-1.14,0.09,95.0,318.0
1768804706.032934,185400,0.0,-1.13,0.45,93.0,314.0
1768804706.0491226,185420,0.0,-1.11,0.7,91.0,309.0
1768804706.0827963,185440,0.0,-1.1,0.31,91.0,309.0
1768804706.092414,185460,0.0,-1.1,-0.12,93.0,314.0
1768804706.1143386,185480,0.0,-1.1,-0.15,96.0,321.0
1768804706.1314669,185500,0.0,-1.1,0.03,96.0,321.0
1768804706.1491206,185520,0.0,-1.1,0.48,95.0,318.0
1768804706.1800878,185540,0.0,-1.09,0.31,93.0,314.0
1768804706.188851,185560,0.0,-1.09,-0.31,93.0,314.0
1768804706.212395,185580,0.0,-1.09,-0.57,96.0,321.0
1768804706.2346961,185600,0.0,-1.11,-0.57,96.0,321.0
1768804706.252756,185620,0.0,-1.11,0.03,94.0,316.0
1768804706.275208,185640,0.0,-1.1,0.09,92.0,312.0
1768804706.285885,185660,0.0,-1.1,-0.13,94.0,316.0
1768804706.3093348,185680,0.0,-1.11,-0.41,96.0,321.0
1768804706.3391228,185700,0.0,-1.12,-0.05,94.0,316.0
1768804706.349066,185720,0.0,-1.11,0.33,92.0,312.0
1768804706.380542,185740,0.0,-1.11,0.24,92.0,312.0
1768804706.4073908,185760,0.0,-1.11,-0.09,93.0,314.0
1768804706.4232545,185780,0.0,-1.11,0.33,93.0,314.0
1768804706.4451823,185800,0.0,-1.1,1.03,91.0,309.0
1768804706.464558,185820,0.0,-1.08,0.89,89.0,305.0
1768804706.4704647,185840,0.0,-1.07,0.26,91.0,309.0
1768804706.5003192,185860,0.0,-1.06,0.19,92.0,312.0
1768804706.5102723,185880,0.0,-1.05,1.17,89.0,305.0
1768804706.5320086,185900,0.0,-1.02,1.74,80.0,284.0
1768804706.546505,185920,0.0,-0.99,1.04,80.0,284.0
1768804706.5736618,185940,0.0,-0.98,0.19,84.0,293.0
1768804706.5959425,185960,0.0,-0.98,-0.19,87.0,300.0
1768804706.6061497,185980,0.0,-0.98,0.52,85.0,296.0
1768804706.6371863,186000,0.0,-0.96,1.28,81.0,287.0
1768804706.659575,186020,0.0,-0.93,1.35,81.0,287.0
1768804706.6812158,186040,0.0,-0.92,0.38,84.0,293.0
1768804706.70267,186060,0.0,-0.92,0.04,85.0,296.0
1768804706.7155712,186080,0.0,-0.9,0.77,83.0,291.0
1768804706.735013,186100,0.0,-0.88,1.54,81.0,287.0
1768804706.7564409,186120,0.0,-0.86,0.86,83.0,291.0
1768804706.7666917,186140,0.0,-0.85,0.18,85.0,296.0
1768804706.7877197,186160,0.0,-0.84,0.89,84.0,293.0
1768804706.8204095,186180,0.0,-0.82,1.14,81.0,287.0
1768804706.830464,186200,0.0,-0.8,0.4,82.0,289.0
1768804706.853233,186220,0.0,-0.8,-0.12,85.0,296.0
1768804706.863715,186240,0.0,-0.79,0.37,85.0,296.0
1768804706.9078696,186260,0.0,-0.78,0.72,84.0,293.0
1768804706.9379466,186280,0.0,-0.77,0.19,85.0,296.0
1768804706.938502,186300,0.0,-0.77,-0.25,86.0,298.0
1768804706.9488957,186320,0.0,-0.77,-0.32,87.0,300.0
1768804706.9811225,186340,0.0,-0.77,0.1,86.0,298.0
1768804706.9932458,186360,0.0,-0.77,-0.08,85.0,296.0
1768804707.0130153,186380,0.0,-0.78,-0.57,87.0,300.0
1768804707.0226185,186400,0.0,-0.79,-0.64,90.0,307.0
1768804707.0642745,186420,0.0,-0.8,-0.43,88.0,302.0
1768804707.0834057,186440,0.0,-0.81,-0.3,87.0,300.0
1768804707.0986347,186460,0.0,-0.82,-1.13,89.0,305.0
1768804707.1150908,186480,0.0,-0.85,-1.59,93.0,314.0
1768804707.1452143,186500,0.0,-0.88,-1.02,93.0,314.0
1768804707.159309,186520,0.0,-0.89,-0.11,88.0,302.0
1768804707.1766036,186540,0.0,-0.89,-0.26,86.0,298.0
1768804707.193362,186560,0.0,-0.91,-1.22,91.0,309.0
1768804707.2215848,186580,0.0,-0.94,-1.87,95.0,318.0
1768804707.2315075,186600,0.0,-0.96,-0.66,90.0,307.0
1768804707.2536685,186620,0.0,-0.96,0.57,85.0,296.0
1768804707.2631378,186640,0.0,-0.96,-0.06,87.0,300.0
1768804707.3007152,186660,0.0,-0.98,-1.42,91.0,309.0
1768804707.3190439,186680,0.0,-1.0,-1.01,92.0,312.0
1768804707.3303757,186700,0.0,-1.0,0.04,87.0,300.0
1768804707.3624864,186720,0.0,-1.0,0.49,84.0,293.0
1768804707.3903356,186740,0.0,-1.0,-0.53,90.0,307.0
1768804707.3946607,186760,0.0,-1.03,-1.76,96.0,321.0
1768804707.4150562,186780,0.0,-1.05,-0.7,91.0,309.0
1768804707.4253244,186800,0.0,-1.05,0.9,85.0,296.0
1768804707.4558427,186820,0.0,-1.04,0.19,84.0,293.0
1768804707.4784105,186840,0.0,-1.05,-1.64,91.0,309.0
1768804707.4885273,186860,0.0,-1.09,-2.12,97.0,323.0
1768804707.5274916,186880,0.0,-1.12,-0.79,93.0,314.0
1768804707.5424109,186900,0.0,-1.12,0.33,88.0,302.0
1768804707.5534074,186920,0.0,-1.12,-0.59,87.0,300.0
1768804707.5764766,186940,0.0,-1.14,-1.75,92.0,312.0
1768804707.5938423,186960,0.0,-1.17,-1.57,94.0,316.0
1768804707.6167943,186980,0.0,-1.2,-0.69,92.0,312.0
1768804707.638979,187000,0.0,-1.21,-0.62,89.0,305.0
1768804707.6507611,187020,0.0,-1.22,-1.15,89.0,305.0
1768804707.6723666,187040,0.0,-1.25,-1.72,95.0,318.0
1768804707.680492,187060,0.0,-1.29,-1.75,97.0,323.0
1768804707.7129955,187080,0.0,-1.31,-1.15,93.0,314.0
1768804707.7425063,187100,0.0,-1.33,-0.82,90.0,307.0
1768804707.7476306,187120,0.0,-1.35,-1.4,92.0,312.0
1768804707.7667003,187140,0.0,-1.38,-1.79,97.0,323.0
1768804707.7999585,187160,0.0,-1.42,-1.82,97.0,323.0
1768804707.8216121,187180,0.0,-1.44,-0.81,94.0,316.0
1768804707.8316638,187200,0.0,-1.47,-1.01,94.0,316.0
1768804707.8443766,187220,0.0,-1.5,-2.24,95.0,318.0
1768804707.8912508,187240,0.0,-1.54,-2.41,97.0,323.0
1768804707.9041805,187260,0.0,-1.58,-1.85,96.0,321.0
1768804707.9055245,187280,0.0,-1.61,-1.54,96.0,321.0
1768804707.9268749,187300,0.0,-1.64,-1.58,97.0,323.0
1768804707.964681,187320,0.0,-1.67,-1.4,96.0,321.0
1768804707.9816303,187340,0.0,-1.69,-0.8,93.0,314.0
1768804707.9917314,187360,0.0,-1.71,-0.91,91.0,309.0
1768804708.0105858,187380,0.0,-1.73,-1.4,94.0,316.0
1768804708.0486407,187400,0.0,-1.77,-1.72,98.0,325.0
1768804708.050047,187420,0.0,-1.79,-0.71,95.0,318.0
1768804708.0738037,187440,0.0,-1.79,0.39,90.0,307.0
1768804708.081228,187460,0.0,-1.79,-0.27,96.0,321.0
1768804708.1142209,187480,0.0,-1.82,-1.83,101.0,332.0
1768804708.1356432,187500,0.0,-1.84,-0.63,99.0,327.0
1768804708.1456332,187520,0.0,-1.83,1.34,92.0,312.0
1768804708.1679103,187540,0.0,-1.8,1.23,90.0,307.0
1768804708.2003102,187560,0.0,-1.8,-0.57,96.0,321.0
1768804708.214354,187580,0.0,-1.82,-1.29,103.0,337.0
1768804708.2369173,187600,0.0,-1.83,0.43,97.0,323.0
1768804708.2474756,187620,0.0,-1.81,1.45,91.0,309.0
1768804708.2805076,187640,0.0,-1.78,0.88,92.0,312.0
1768804708.2972264,187660,0.0,-1.78,0.32,96.0,321.0
1768804708.306567,187680,0.0,-1.77,0.88,96.0,321.0
1768804708.3325155,187700,0.0,-1.75,1.63,91.0,309.0
1768804708.360494,187720,0.0,-1.71,1.52,88.0,302.0
1768804708.3704467,187740,0.0,-1.69,0.61,90.0,307.0
1768804708.3949544,187760,0.0,-1.68,0.67,96.0,321.0
1768804708.4020157,187780,0.0,-1.67,0.96,94.0,316.0
1768804708.446333,187800,0.0,-1.63,2.04,87.0,300.0
1768804708.456948,187820,0.0,-1.59,2.12,86.0,298.0
1768804708.4786088,187840,0.0,-1.56,0.75,92.0,312.0
1768804708.503019,187860,0.0,-1.55,0.89,94.0,316.0
1768804708.522046,187880,0.0,-1.51,2.79,86.0,298.0
1768804708.5335083,187900,0.0,-1.45,3.46,81.0,287.0
1768804708.5560532,187920,0.0,-1.4,1.94,83.0,291.0
1768804708.5671737,187940,0.0,-1.37,1.24,89.0,305.0
1768804708.594678,187960,0.0,-1.34,2.02,88.0,302.0
1768804708.6172936,187980,0.0,-1.28,3.11,80.0,284.0
1768804708.6274886,188000,0.0,-1.22,2.51,81.0,287.0
1768804708.6716566,188020,0.0,-1.19,0.85,89.0,305.0
1768804708.7117116,188040,0.0,-1.18,0.87,90.0,307.0
1768804708.7328455,188060,0.0,-1.14,1.96,84.0,293.0
1768804708.774901,188080,0.0,-1.1,2.24,83.0,291.0
1768804708.7967553,188100,0.0,-1.06,1.29,87.0,300.0
1768804708.8003964,188120,0.0,-1.05,0.73,84.0,293.0
1768804708.8144605,188140,0.0,-1.02,1.62,81.0,287.0
1768804708.8157048,188160,0.0,-0.98,1.45,79.0,282.0
1768804708.8173544,188180,0.0,-0.97,-0.55,84.0,293.0
1768804708.841297,188200,0.0,-0.99,-0.66,91.0,309.0
1768804708.8579586,188220,0.0,-0.99,0.47,87.0,300.0
1768804708.882308,188240,0.0,-0.96,1.46,80.0,284.0
1768804708.8971646,188260,0.0,-0.95,-0.17,85.0,296.0
1768804708.9304066,188280,0.0,-0.97,-1.77,93.0,314.0
1768804708.948739,188300,0.0,-0.99,-0.58,90.0,307.0
1768804708.9650004,188320,0.0,-0.97,1.28,84.0,293.0
1768804708.9669735,188340,0.0,-0.96,0.23,85.0,296.0
1768804708.9980311,188360,0.0,-0.97,-1.5,90.0,307.0
1768804709.0208025,188380,0.0,-0.99,-0.68,92.0,312.0
1768804709.0308366,188400,0.0,-0.98,0.94,83.0,291.0
1768804709.051323,188420,0.0,-0.96,0.58,82.0,289.0
1768804709.0603392,188440,0.0,-0.97,-1.08,90.0,307.0
1768804709.0922332,188460,0.0,-1.0,-1.71,96.0,321.0
1768804709.1148648,188480,0.0,-1.01,0.2,88.0,302.0
1768804709.1305172,188500,0.0,-0.99,1.67,81.0,287.0
1768804709.1512048,188520,0.0,-0.97,0.16,84.0,293.0
1768804709.1818314,188540,0.0,-0.98,-1.34,89.0,305.0
1768804709.193625,188560,0.0,-1.0,-0.33,89.0,305.0
1768804709.2136965,188580,0.0,-0.98,1.18,84.0,293.0
1768804709.2299514,188600,0.0,-0.96,0.82,82.0,289.0
1768804709.2600772,188620,0.0,-0.96,-0.2,87.0,300.0
1768804709.270794,188640,0.0,-0.97,-0.47,90.0,307.0
1768804709.2913635,188660,0.0,-0.96,0.31,85.0,296.0
1768804709.3006752,188680,0.0,-0.94,0.87,81.0,287.0
1768804709.3343914,188700,0.0,-0.93,-0.06,85.0,296.0
1768804709.3593495,188720,0.0,-0.95,-1.25,92.0,312.0
1768804709.377464,188740,0.0,-0.97,-0.79,92.0,312.0
1768804709.391172,188760,0.0,-0.98,0.51,88.0,302.0
1768804709.4259794,188780,0.0,-0.97,0.37,84.0,293.0
1768804709.4491637,188800,0.0,-0.97,-1.07,88.0,302.0
1768804709.454513,188820,0.0,-1.0,-2.02,94.0,316.0
1768804709.4615045,188840,0.0,-1.03,-0.83,93.0,314.0
1768804709.503686,188860,0.0,-1.04,0.14,91.0,309.0
1768804709.51617,188880,0.0,-1.04,-0.3,89.0,305.0
1768804709.525991,188900,0.0,-1.06,-1.46,90.0,307.0
1768804709.5477476,188920,0.0,-1.08,-1.29,92.0,312.0
1768804709.5801153,188940,0.0,-1.1,-0.67,91.0,309.0
1768804709.5955927,188960,0.0,-1.11,-0.56,90.0,307.0
1768804709.6117208,188980,0.0,-1.12,-0.57,90.0,307.0
1768804709.631933,189000,0.0,-1.14,-0.66,91.0,309.0
1768804709.6670794,189020,0.0,-1.15,-0.6,91.0,309.0
1768804709.6787255,189040,0.0,-1.16,-0.36,89.0,305.0
1768804709.6962025,189060,0.0,-1.16,-0.36,88.0,302.0
1768804709.7034383,189080,0.0,-1.17,-0.5,89.0,305.0
1768804709.7340555,189100,0.0,-1.18,-0.54,90.0,307.0
1768804709.7565804,189120,0.0,-1.19,-0.57,89.0,305.0
1768804709.7667277,189140,0.0,-1.19,-0.12,88.0,302.0
1768804709.7993104,189160,0.0,-1.19,-0.16,88.0,302.0
1768804709.8309424,189180,0.0,-1.2,-0.48,89.0,305.0
1768804709.832098,189200,0.0,-1.21,-0.27,90.0,307.0
1768804709.8531866,189220,0.0,-1.2,0.4,87.0,300.0
1768804709.8784797,189240,0.0,-1.2,0.26,85.0,296.0
1768804709.8971539,189260,0.0,-1.19,-0.3,86.0,298.0
1768804709.921425,189280,0.0,-1.2,-0.41,89.0,305.0
1768804709.9304812,189300,0.0,-1.21,0.01,90.0,307.0
1768804709.9491305,189320,0.0,-1.2,0.19,86.0,298.0
1768804709.981159,189340,0.0,-1.19,0.29,85.0,296.0
1768804709.9912608,189360,0.0,-1.2,-0.34,89.0,305.0
1768804710.0163589,189380,0.0,-1.21,-1.01,91.0,309.0
1768804710.02802,189400,0.0,-1.22,-0.65,89.0,305.0
1768804710.0548851,189420,0.0,-1.22,0.32,87.0,300.0
1768804710.0869644,189440,0.0,-1.22,-0.21,89.0,305.0
1768804710.0975072,189460,0.0,-1.24,-0.98,92.0,312.0
1768804710.1151953,189480,0.0,-1.26,-0.83,92.0,312.0
1768804710.1412394,189500,0.0,-1.26,0.12,87.0,300.0
1768804710.1516442,189520,0.0,-1.25,0.11,86.0,298.0
1768804710.1738782,189540,0.0,-1.27,-1.23,92.0,312.0
1768804710.1830447,189560,0.0,-1.3,-1.51,97.0,323.0
1768804710.216481,189580,0.0,-1.32,-0.2,91.0,309.0
1768804710.2396586,189600,0.0,-1.3,0.98,83.0,291.0
1768804710.2492163,189620,0.0,-1.29,0.24,86.0,298.0
1768804710.2722404,189640,0.0,-1.31,-1.48,94.0,316.0
1768804710.311147,189660,0.0,-1.34,-1.75,97.0,323.0
1768804710.3141549,189680,0.0,-1.36,-0.32,92.0,312.0
1768804710.334384,189700,0.0,-1.37,0.32,90.0,307.0
1768804710.344821,189720,0.0,-1.36,-0.35,88.0,302.0
1768804710.3816082,189740,0.0,-1.37,-0.8,89.0,305.0
1768804710.3985858,189760,0.0,-1.39,-0.71,91.0,309.0
1768804710.40867,189780,0.0,-1.4,-0.49,97.0,323.0
1768804710.4306405,189800,0.0,-1.41,-0.46,97.0,323.0
1768804710.4491613,189820,0.0,-1.41,0.24,94.0,316.0
1768804710.4812992,189840,0.0,-1.4,1.02,93.0,314.0
1768804710.4956942,189860,0.0,-1.39,0.35,93.0,314.0
1768804710.5222237,189880,0.0,-1.39,-0.17,96.0,321.0
1768804710.5373755,189900,0.0,-1.39,0.05,96.0,321.0
1768804710.579862,189920,0.0,-1.38,0.73,92.0,312.0
1768804710.5807414,189940,0.0,-1.36,0.75,91.0,309.0
1768804710.5968974,189960,0.0,-1.36,0.07,96.0,321.0
1768804710.6020002,189980,0.0,-1.37,-0.3,100.0,330.0
1768804710.6329956,190000,0.0,-1.37,0.48,94.0,316.0
1768804710.6566072,190020,0.0,-1.34,1.67,88.0,302.0
1768804710.664671,190040,0.0,-1.31,0.64,92.0,312.0
1768804710.6959965,190060,0.0,-1.32,-1.21,98.0,325.0
1768804710.718823,190080,0.0,-1.35,-0.9,101.0,332.0
1768804710.7306235,190100,0.0,-1.34,0.97,95.0,318.0
1768804710.7519379,190120,0.0,-1.32,1.9,91.0,309.0
1768804710.7715795,190140,0.0,-1.3,0.47,94.0,316.0
1768804710.7973876,190160,0.0,-1.3,0.09,96.0,321.0
1768804710.8166256,190180,0.0,-1.28,1.29,92.0,312.0
1768804710.82862,190200,0.0,-1.24,2.05,86.0,298.0
1768804710.849938,190220,0.0,-1.21,1.6,89.0,305.0
1768804710.879594,190240,0.0,-1.2,0.03,94.0,316.0
1768804710.889705,190260,0.0,-1.2,0.25,92.0,312.0
1768804710.9158206,190280,0.0,-1.17,2.2,87.0,300.0
1768804710.9247324,190300,0.0,-1.12,1.89,85.0,296.0
1768804710.9566994,190320,0.0,-1.1,0.83,90.0,307.0
1768804710.9814692,190340,0.0,-1.1,0.55,93.0,314.0
1768804710.9887564,190360,0.0,-1.07,1.99,87.0,300.0
1768804711.0150664,190380,0.0,-1.01,2.77,81.0,287.0
1768804711.0441728,190400,0.0,-0.97,1.74,83.0,291.0
1768804711.0562298,190420,0.0,-0.95,0.42,84.0,293.0
1768804711.0783575,190440,0.0,-0.94,0.53,84.0,293.0
1768804711.0815318,190460,0.0,-0.91,1.79,79.0,282.0
1768804711.1158705,190480,0.0,-0.87,1.82,78.0,280.0
1768804711.145281,190500,0.0,-0.85,1.18,82.0,289.0
1768804711.1753175,190520,0.0,-0.83,0.59,83.0,291.0
1768804711.1956165,190540,0.0,-0.81,1.48,80.0,284.0
1768804711.2087395,190560,0.0,-0.77,2.07,77.0,277.0
1768804711.2151213,190580,0.0,-0.73,1.4,80.0,284.0
1768804711.233002,190600,0.0,-0.73,0.24,86.0,298.0
1768804711.2526608,190620,0.0,-0.72,0.64,85.0,296.0
1768804711.2780933,190640,0.0,-0.69,1.8,79.0,282.0
1768804711.2976296,190660,0.0,-0.65,1.51,79.0,282.0
1768804711.3101456,190680,0.0,-0.65,-0.28,86.0,298.0
1768804711.3284144,190700,0.0,-0.66,-0.83,89.0,305.0
1768804711.361128,190720,0.0,-0.66,0.12,85.0,296.0
1768804711.3801897,190740,0.0,-0.65,0.36,83.0,291.0
1768804711.3975754,190760,0.0,-0.65,-0.42,86.0,298.0
1768804711.406882,190780,0.0,-0.66,-0.67,91.0,309.0
1768804711.4647589,190800,0.0,-0.67,-0.23,88.0,302.0
1768804711.4653955,190820,0.0,-0.66,0.4,83.0,291.0
1768804711.4729655,190840,0.0,-0.66,-0.34,85.0,296.0
1768804711.4895456,190860,0.0,-0.68,-1.23,93.0,314.0
1768804711.522018,190880,0.0,-0.71,-1.12,95.0,318.0
1768804711.5334034,190900,0.0,-0.73,-0.5,89.0,305.0
1768804711.5534766,190920,0.0,-0.72,0.26,83.0,291.0
1768804711.5630999,190940,0.0,-0.71,-0.32,85.0,296.0
1768804711.595185,190960,0.0,-0.73,-1.13,93.0,314.0
1768804711.622847,190980,0.0,-0.76,-1.16,95.0,318.0
1768804711.6304176,191000,0.0,-0.78,-0.51,90.0,307.0
1768804711.664713,191020,0.0,-0.78,-0.37,85.0,296.0
1768804711.6887455,191040,0.0,-0.79,-0.7,88.0,302.0
1768804711.7063544,191060,0.0,-0.81,-1.01,94.0,316.0
1768804711.7222376,191080,0.0,-0.83,-0.63,93.0,314.0
1768804711.7403555,191100,0.0,-0.84,0.01,88.0,302.0
1768804711.7577298,191120,0.0,-0.83,0.24,85.0,296.0
1768804711.7782607,191140,0.0,-0.83,-0.69,87.0,300.0
1768804711.7883222,191160,0.0,-0.86,-1.88,91.0,309.0
1768804711.8104036,191180,0.0,-0.89,-1.19,92.0,312.0
1768804711.8419955,191200,0.0,-0.89,0.11,88.0,302.0
1768804711.856968,191220,0.0,-0.89,0.49,86.0,298.0
1768804711.8773482,191240,0.0,-0.89,-0.71,88.0,302.0
1768804711.8933494,191260,0.0,-0.91,-0.53,90.0,307.0
1768804711.9078398,191280,0.0,-0.9,0.49,86.0,298.0
1768804711.9457786,191300,0.0,-0.89,0.38,85.0,296.0
1768804711.960165,191320,0.0,-0.89,-0.15,87.0,300.0
1768804711.973162,191340,0.0,-0.9,-0.35,88.0,302.0
1768804711.9851835,191360,0.0,-0.9,0.39,86.0,298.0
1768804712.0130742,191380,0.0,-0.88,0.6,83.0,291.0
1768804712.034378,191400,0.0,-0.88,-0.14,86.0,298.0
1768804712.04477,191420,0.0,-0.88,-0.22,89.0,305.0
1768804712.0820727,191440,0.0,-0.89,0.1,87.0,300.0
1768804712.0999107,191460,0.0,-0.88,0.72,85.0,296.0
1768804712.111784,191480,0.0,-0.87,0.1,86.0,298.0
1768804712.135358,191500,0.0,-0.88,-0.67,89.0,305.0
1768804712.1455574,191520,0.0,-0.89,-0.43,90.0,307.0
1768804712.1766407,191540,0.0,-0.89,0.09,87.0,300.0
1768804712.1981819,191560,0.0,-0.89,-0.1,85.0,296.0
1768804712.2054625,191580,0.0,-0.89,-0.54,87.0,300.0
1768804712.2304544,191600,0.0,-0.9,-0.79,90.0,307.0
1768804712.2590594,191620,0.0,-0.92,-0.16,90.0,307.0
1768804712.2715223,191640,0.0,-0.92,0.29,87.0,300.0
1768804712.294983,191660,0.0,-0.91,0.26,85.0,296.0
1768804712.305883,191680,0.0,-0.9,-0.3,86.0,298.0
1768804712.3346753,191700,0.0,-0.92,-0.94,90.0,307.0
1768804712.355813,191720,0.0,-0.93,-0.69,90.0,307.0
1768804712.371163,191740,0.0,-0.94,-0.24,87.0,300.0
1768804712.3873546,191760,0.0,-0.93,-0.12,86.0,298.0
1768804712.4207635,191780,0.0,-0.95,-0.88,90.0,307.0
1768804712.4344053,191800,0.0,-0.97,-1.12,94.0,316.0
1768804712.4597046,191820,0.0,-0.99,-0.29,91.0,309.0
1768804712.4610198,191840,0.0,-0.98,-0.09,87.0,300.0
1768804712.5004995,191860,0.0,-0.99,-0.52,87.0,300.0
1768804712.5102956,191880,0.0,-1.0,-0.91,91.0,309.0
1768804712.5324876,191900,0.0,-1.03,-0.67,95.0,318.0
1768804712.5480666,191920,0.0,-1.03,0.01,89.0,305.0
1768804712.6009922,191940,0.0,-1.02,0.47,82.0,289.0
1768804712.6192153,191960,0.0,-1.01,0.14,86.0,298.0
1768804712.6400573,191980,0.0,-1.03,-1.29,91.0,309.0
1768804712.6511042,192000,0.0,-1.05,-0.9,92.0,312.0
1768804712.6617358,192020,0.0,-1.05,0.43,87.0,300.0
1768804712.6741388,192040,0.0,-1.03,0.75,84.0,293.0
1768804712.696515,192060,0.0,-1.03,-0.14,87.0,300.0
1768804712.7014387,192080,0.0,-1.04,-0.28,91.0,309.0
1768804712.7358978,192100,0.0,-1.04,0.36,94.0,316.0
1768804712.756427,192120,0.0,-1.01,1.55,88.0,302.0
1768804712.7863889,192140,0.0,-0.98,1.17,88.0,302.0
1768804712.7906563,192160,0.0,-0.97,0.12,93.0,314.0
1768804712.8295026,192180,0.0,-0.97,0.16,95.0,318.0
1768804712.8388264,192200,0.0,-0.96,0.83,90.0,307.0
1768804712.8667045,192220,0.0,-0.93,1.45,86.0,298.0
1768804712.8739567,192240,0.0,-0.91,0.57,91.0,309.0
1768804712.8957286,192260,0.0,-0.91,-0.69,97.0,323.0
1768804712.9182963,192280,0.0,-0.91,0.41,95.0,318.0
1768804712.9271765,192300,0.0,-0.89,1.88,88.0,302.0
1768804712.9486148,192320,0.0,-0.86,0.86,90.0,307.0
1768804712.981316,192340,0.0,-0.86,-1.03,96.0,321.0
1768804713.0055692,192360,0.0,-0.87,-0.03,97.0,323.0
1768804713.0148232,192380,0.0,-0.85,1.75,90.0,307.0
1768804713.02369,192400,0.0,-0.82,0.97,90.0,307.0
1768804713.0574756,192420,0.0,-0.82,-0.51,95.0,318.0
1768804713.0782764,192440,0.0,-0.82,0.27,96.0,321.0
1768804713.097701,192460,0.0,-0.8,1.75,90.0,307.0
1768804713.1107817,192480,0.0,-0.77,1.3,88.0,302.0
1768804713.1420329,192500,0.0,-0.76,-0.19,93.0,314.0
1768804713.1533892,192520,0.0,-0.77,-0.15,98.0,325.0
1768804713.1735165,192540,0.0,-0.76,1.1,91.0,309.0
1768804713.1829474,192560,0.0,-0.72,1.83,84.0,293.0
1768804713.2181196,192580,0.0,-0.69,0.83,90.0,307.0
1768804713.2439165,192600,0.0,-0.7,-0.67,96.0,321.0
1768804713.2519007,192620,0.0,-0.71,-0.31,95.0,318.0
1768804713.273937,192640,0.0,-0.69,1.23,88.0,302.0
1768804713.3040721,192660,0.0,-0.67,0.84,89.0,305.0
1768804713.32374,192680,0.0,-0.67,-0.25,93.0,314.0
1768804713.3373394,192700,0.0,-0.67,0.21,94.0,316.0
1768804713.3477616,192720,0.0,-0.66,1.16,83.0,291.0
1768804713.376519,192740,0.0,-0.63,0.77,81.0,287.0
1768804713.3985014,192760,0.0,-0.64,-1.26,87.0,300.0
1768804713.408613,192780,0.0,-0.67,-1.83,94.0,316.0
1768804713.4305527,192800,0.0,-0.7,-0.52,93.0,314.0
1768804713.4415276,192820,0.0,-0.7,-0.13,86.0,298.0
1768804713.4773812,192840,0.0,-0.7,-0.39,86.0,298.0
1768804713.4948642,192860,0.0,-0.72,-0.96,91.0,309.0
1768804713.5052748,192880,0.0,-0.74,-0.56,92.0,312.0
1768804713.5369327,192900,0.0,-0.74,0.28,87.0,300.0
1768804713.5597212,192920,0.0,-0.73,0.24,85.0,296.0
1768804713.5738938,192940,0.0,-0.74,-1.05,90.0,307.0
1768804713.5967638,192960,0.0,-0.77,-1.37,92.0,312.0
1768804713.6041255,192980,0.0,-0.78,-0.55,88.0,302.0
1768804713.6330662,193000,0.0,-0.77,0.53,84.0,293.0
1768804713.6577904,193020,0.0,-0.77,-0.15,88.0,302.0
1768804713.6650243,193040,0.0,-0.8,-1.68,94.0,316.0
1768804713.6978614,193060,0.0,-0.82,-1.01,92.0,312.0
1768804713.7204242,193080,0.0,-0.82,0.74,85.0,296.0
1768804713.7476053,193100,0.0,-0.81,-0.07,85.0,296.0
1768804713.7568371,193120,0.0,-0.83,-1.69,91.0,309.0
1768804713.7854445,193140,0.0,-0.86,-1.09,94.0,316.0
1768804713.7947822,193160,0.0,-0.86,0.88,88.0,302.0
1768804713.8158011,193180,0.0,-0.84,0.71,81.0,287.0
1768804713.8290768,193200,0.0,-0.84,-0.87,86.0,298.0
1768804713.8469987,193220,0.0,-0.87,-1.89,94.0,316.0
1768804713.8738208,193240,0.0,-0.89,-1.05,93.0,314.0
1768804713.8960078,193260,0.0,-0.9,-0.07,88.0,302.0
1768804713.9135685,193280,0.0,-0.9,0.13,88.0,302.0
1768804713.9416294,193300,0.0,-0.91,-0.57,90.0,307.0
1768804713.9604187,193320,0.0,-0.92,-0.32,89.0,305.0
1768804713.993665,193340,0.0,-0.92,0.16,86.0,298.0
1768804714.0163243,193360,0.0,-0.91,-0.15,87.0,300.0
1768804714.0273175,193380,0.0,-0.92,-0.5,90.0,307.0
1768804714.0375855,193400,0.0,-0.94,-0.18,91.0,309.0
1768804714.0621457,193420,0.0,-0.94,0.11,88.0,302.0
1768804714.0757523,193440,0.0,-0.93,-0.1,84.0,293.0
1768804714.0904844,193460,0.0,-0.93,-0.78,87.0,300.0
1768804714.120533,193480,0.0,-0.95,-1.02,94.0,316.0
1768804714.132744,193500,0.0,-0.97,-0.66,91.0,309.0
1768804714.1529756,193520,0.0,-0.97,0.07,86.0,298.0
1768804714.1624203,193540,0.0,-0.97,-0.11,87.0,300.0
1768804714.2158546,193560,0.0,-0.98,-0.79,90.0,307.0
1768804714.22331,193580,0.0,-1.0,-0.64,92.0,312.0
1768804714.2302372,193600,0.0,-1.0,0.06,88.0,302.0
1768804714.2551427,193620,0.0,-1.0,-0.15,86.0,298.0
1768804714.2906687,193640,0.0,-1.01,-1.24,90.0,307.0
1768804714.2946835,193660,0.0,-1.04,-1.69,96.0,321.0
1768804714.3152792,193680,0.0,-1.07,-0.99,93.0,314.0
1768804714.3231175,193700,0.0,-1.08,-0.33,90.0,307.0
1768804714.3552496,193720,0.0,-1.09,-0.9,91.0,309.0
1768804714.3772554,193740,0.0,-1.12,-1.73,95.0,318.0
1768804714.3902755,193760,0.0,-1.15,-1.52,95.0,318.0
1768804714.409473,193780,0.0,-1.17,-0.91,91.0,309.0
1768804714.4426713,193800,0.0,-1.18,-0.99,89.0,305.0
1768804714.456873,193820,0.0,-1.21,-1.6,96.0,321.0
1768804714.4811897,193840,0.0,-1.25,-2.09,99.0,327.0
1768804714.5073829,193860,0.0,-1.28,-0.99,93.0,314.0
1768804714.5236878,193880,0.0,-1.28,0.2,85.0,296.0
1768804714.537731,193900,0.0,-1.28,-0.55,89.0,305.0
1768804714.559154,193920,0.0,-1.31,-1.99,95.0,318.0
1768804714.5805924,193940,0.0,-1.35,-1.73,98.0,325.0
1768804714.6018095,193960,0.0,-1.36,0.05,92.0,312.0
1768804714.6119244,193980,0.0,-1.35,1.03,86.0,298.0
1768804714.6340442,194000,0.0,-1.34,0.26,87.0,300.0
1768804714.6490014,194020,0.0,-1.34,-0.68,88.0,302.0
1768804714.686247,194040,0.0,-1.35,-0.47,90.0,307.0
1768804714.7142098,194060,0.0,-1.36,0.26,91.0,309.0
1768804714.7218134,194080,0.0,-1.35,0.79,86.0,298.0
1768804714.7340155,194100,0.0,-1.33,0.76,84.0,293.0
1768804714.768081,194120,0.0,-1.32,-0.16,87.0,300.0
1768804714.782608,194140,0.0,-1.33,-0.52,92.0,312.0
1768804714.7959194,194160,0.0,-1.34,-0.23,91.0,309.0
1768804714.8107529,194180,0.0,-1.33,0.44,86.0,298.0
1768804714.8423395,194200,0.0,-1.33,-0.26,87.0,300.0
1768804714.8526957,194220,0.0,-1.34,-1.05,93.0,314.0
1768804714.87507,194240,0.0,-1.36,-0.76,94.0,316.0
1768804714.892736,194260,0.0,-1.37,0.15,89.0,305.0
1768804714.9149497,194280,0.0,-1.37,-0.09,89.0,305.0
1768804714.9472084,194300,0.0,-1.38,-1.43,93.0,314.0
1768804714.9634123,194320,0.0,-1.41,-1.08,95.0,318.0
1768804714.9892728,194340,0.0,-1.42,0.12,89.0,305.0
1768804714.9998598,194360,0.0,-1.4,0.47,85.0,296.0
1768804715.0135674,194380,0.0,-1.41,-0.95,91.0,309.0
1768804715.038851,194400,0.0,-1.45,-2.17,97.0,323.0
1768804715.0452995,194420,0.0,-1.48,-0.91,94.0,316.0
1768804715.0666444,194440,0.0,-1.47,0.85,94.0,316.0
1768804715.1004736,194460,0.0,-1.46,0.6,93.0,314.0
1768804715.1153257,194480,0.0,-1.46,-0.1,94.0,316.0
1768804715.1324553,194500,0.0,-1.45,0.43,94.0,316.0
1768804715.141945,194520,0.0,-1.44,0.81,92.0,312.0
1768804715.182016,194540,0.0,-1.43,0.44,93.0,314.0
1768804715.2184777,194560,0.0,-1.42,0.11,96.0,321.0
1768804715.2299602,194580,0.0,-1.42,0.47,96.0,321.0
1768804715.246856,194600,0.0,-1.4,1.24,92.0,312.0
1768804715.2653546,194620,0.0,-1.38,0.86,91.0,309.0
1768804715.2747562,194640,0.0,-1.37,0.08,94.0,316.0
1768804715.2917871,194660,0.0,-1.37,0.15,99.0,327.0
1768804715.3009028,194680,0.0,-1.36,0.76,95.0,318.0
1768804715.3337,194700,0.0,-1.34,1.39,89.0,305.0
1768804715.3574393,194720,0.0,-1.32,0.54,93.0,314.0
1768804715.3668463,194740,0.0,-1.33,-0.85,99.0,327.0
1768804715.3973582,194760,0.0,-1.34,-0.21,98.0,325.0
1768804715.4208853,194780,0.0,-1.32,1.22,92.0,312.0
1768804715.458186,194800,0.0,-1.3,0.84,91.0,309.0
1768804715.460585,194820,0.0,-1.3,-0.47,96.0,321.0
1768804715.4617598,194840,0.0,-1.32,-0.57,101.0,332.0
1768804715.4969316,194860,0.0,-1.31,0.8,94.0,316.0
1768804715.5160394,194880,0.0,-1.28,1.55,86.0,298.0
1768804715.5258734,194900,0.0,-1.25,0.48,91.0,309.0
1768804715.5473206,194920,0.0,-1.27,-1.06,99.0,327.0
1768804715.5896885,194940,0.0,-1.28,-0.32,98.0,325.0
1768804715.5905159,194960,0.0,-1.26,1.48,90.0,307.0
1768804715.6158495,194980,0.0,-1.23,1.86,86.0,298.0
1768804715.6237323,195000,0.0,-1.2,0.59,90.0,307.0
1768804715.6834388,195020,0.0,-1.2,0.76,94.0,316.0
1768804715.6986814,195040,0.0,-1.17,2.39,81.0,287.0
1768804715.7135253,195060,0.0,-1.11,3.2,74.0,271.0
1768804715.7140427,195080,0.0,-1.05,2.01,76.0,275.0
1768804715.7415595,195100,0.0,-1.03,0.8,83.0,291.0
1768804715.751009,195120,0.0,-1.02,0.92,85.0,296.0
1768804715.7724812,195140,0.0,-0.99,1.8,80.0,284.0
1768804715.7817051,195160,0.0,-0.94,1.73,77.0,277.0
1768804715.8152432,195180,0.0,-0.91,1.43,80.0,284.0
1768804715.8391516,195200,0.0,-0.9,1.01,85.0,296.0
1768804715.8478854,195220,0.0,-0.87,1.51,82.0,289.0
1768804715.8789835,195240,0.0,-0.83,1.71,77.0,277.0
1768804715.9024885,195260,0.0,-0.81,0.63,82.0,289.0
1768804715.934437,195280,0.0,-0.81,-0.15,89.0,305.0
1768804715.9422934,195300,0.0,-0.81,0.22,87.0,300.0
1768804715.953606,195320,0.0,-0.78,1.91,79.0,282.0
1768804715.98152,195340,0.0,-0.75,1.19,79.0,282.0
1768804715.9916363,195360,0.0,-0.74,-0.53,87.0,300.0
1768804716.0177765,195380,0.0,-0.76,-0.66,93.0,314.0
1768804716.023204,195400,0.0,-0.76,0.26,85.0,296.0
1768804716.0866804,195420,0.0,-0.74,0.79,81.0,287.0
1768804716.114819,195440,0.0,-0.74,-0.39,86.0,298.0
1768804716.1158957,195460,0.0,-0.76,-1.31,94.0,316.0
1768804716.1481526,195480,0.0,-0.79,-0.55,93.0,314.0
1768804716.165174,195500,0.0,-0.78,0.23,85.0,296.0
1768804716.1829267,195520,0.0,-0.78,-0.8,86.0,298.0
1768804716.1835313,195540,0.0,-0.81,-1.87,94.0,316.0
1768804716.1869366,195560,0.0,-0.85,-1.86,99.0,327.0
1768804716.2183614,195580,0.0,-0.88,-0.28,92.0,312.0
1768804716.2382994,195600,0.0,-0.87,-0.1,87.0,300.0
1768804716.2482991,195620,0.0,-0.9,-1.82,92.0,312.0
1768804716.287832,195640,0.0,-0.94,-2.35,98.0,325.0
1768804716.3031268,195660,0.0,-0.98,-1.19,96.0,321.0
1768804716.3155336,195680,0.0,-0.98,-0.34,88.0,302.0
1768804716.3407867,195700,0.0,-0.99,-1.39,88.0,302.0
1768804716.344559,195720,0.0,-1.04,-2.92,98.0,325.0
1768804716.3766127,195740,0.0,-1.1,-2.56,103.0,337.0
1768804716.4007242,195760,0.0,-1.13,-0.98,96.0,321.0
1768804716.410268,195780,0.0,-1.14,-0.25,91.0,309.0
1768804716.4359143,195800,0.0,-1.16,-1.27,93.0,314.0
1768804716.440831,195820,0.0,-1.2,-1.93,97.0,323.0
1768804716.4729147,195840,0.0,-1.23,-1.29,94.0,316.0
1768804716.4951627,195860,0.0,-1.24,-0.49,89.0,305.0
1768804716.5074854,195880,0.0,-1.25,-0.68,90.0,307.0
1768804716.5465727,195900,0.0,-1.27,-1.84,95.0,318.0
1768804716.562077,195920,0.0,-1.3,-0.96,96.0,321.0
1768804716.5719426,195940,0.0,-1.31,0.27,89.0,305.0
1768804716.5917878,195960,0.0,-1.3,0.72,86.0,298.0
1768804716.6049154,195980,0.0,-1.3,-0.79,89.0,305.0
1768804716.6439133,196000,0.0,-1.31,-0.69,93.0,314.0
1768804716.655804,196020,0.0,-1.32,0.65,89.0,305.0
1768804716.6662123,196040,0.0,-1.29,1.53,82.0,289.0
1768804716.6877983,196060,0.0,-1.27,0.36,85.0,296.0
1768804716.7248225,196080,0.0,-1.28,-1.08,92.0,312.0
1768804716.729703,196100,0.0,-1.3,-0.33,93.0,314.0
1768804716.7517781,196120,0.0,-1.28,1.19,83.0,291.0
1768804716.7612464,196140,0.0,-1.25,1.07,80.0,284.0
1768804716.803087,196160,0.0,-1.25,-0.42,89.0,305.0
1768804716.817408,196180,0.0,-1.27,-0.76,94.0,316.0
1768804716.8364406,196200,0.0,-1.27,0.41,87.0,300.0
1768804716.8434854,196220,0.0,-1.24,0.89,82.0,289.0
1768804716.8832397,196240,0.0,-1.25,-0.84,90.0,307.0
1768804716.905722,196260,0.0,-1.28,-1.64,96.0,321.0
1768804716.9137082,196280,0.0,-1.3,-0.3,92.0,312.0
1768804716.9280715,196300,0.0,-1.29,0.34,87.0,300.0
1768804716.9613068,196320,0.0,-1.29,-0.86,88.0,302.0
1768804716.9706466,196340,0.0,-1.32,-1.71,95.0,318.0
1768804716.9923553,196360,0.0,-1.35,-1.24,97.0,323.0
1768804717.0023468,196380,0.0,-1.36,-0.22,91.0,309.0
1768804717.034769,196400,0.0,-1.36,-0.13,88.0,302.0
1768804717.0797322,196420,0.0,-1.38,-1.54,93.0,314.0
1768804717.089855,196440,0.0,-1.42,-1.92,99.0,327.0
1768804717.09671,196460,0.0,-1.45,-1.22,97.0,323.0
1768804717.1293573,196480,0.0,-1.47,-0.31,93.0,314.0
1768804717.1378431,196500,0.0,-1.48,-0.52,92.0,312.0
1768804717.155188,196520,0.0,-1.49,-1.5,93.0,314.0
1768804717.1678479,196540,0.0,-1.53,-1.78,96.0,321.0
1768804717.1965282,196560,0.0,-1.55,-1.15,95.0,318.0
1768804717.2217991,196580,0.0,-1.57,-0.66,91.0,309.0
1768804717.2294068,196600,0.0,-1.58,-0.67,92.0,312.0
1768804717.249117,196620,0.0,-1.6,-1.23,95.0,318.0
1768804717.2812178,196640,0.0,-1.63,-0.85,95.0,318.0
1768804717.298405,196660,0.0,-1.64,-0.2,91.0,309.0
1768804717.3260841,196680,0.0,-1.64,-0.1,90.0,307.0
