Time_PC,Time_Dev,Target,Yaw,Rate,Servo_Angle,Servo_PWM
1768639670.0169795,177420,0.0,25.67,0.13,65.0,250.0
1768639670.0320966,177440,0.0,25.68,-0.04,65.0,250.0
1768639670.0521374,177460,0.0,25.67,-0.08,65.0,250.0
1768639670.0678842,177480,0.0,25.68,0.13,65.0,250.0
1768639670.08255,177500,0.0,25.68,-0.04,65.0,250.0
1768639670.1042745,177520,0.0,25.68,-0.01,65.0,250.0
1768639670.1143854,177540,0.0,25.68,0.02,65.0,250.0
1768639670.1295598,177560,0.0,25.67,-0.01,65.0,250.0
1768639670.1447432,177580,0.0,25.67,0.06,65.0,250.0
1768639670.1599019,177600,0.0,25.67,0.1,65.0,250.0
1768639670.1801426,177620,0.0,25.67,-0.06,65.0,250.0
1768639670.19627,177640,0.0,25.68,-0.15,65.0,250.0
1768639670.226906,177660,0.0,25.67,-0.01,65.0,250.0
1768639670.242143,177680,0.0,25.67,-0.08,65.0,250.0
1768639670.257258,177700,0.0,25.68,0.02,65.0,250.0
1768639670.2724967,177720,0.0,25.68,0.06,65.0,250.0
1768639670.2877924,177740,0.0,25.68,0.06,65.0,250.0
1768639670.308222,177760,0.0,25.68,-0.01,65.0,250.0
1768639670.328425,177780,0.0,25.68,-0.08,65.0,250.0
1768639670.3385756,177800,0.0,25.68,-0.01,65.0,250.0
1768639670.3541675,177820,0.0,25.68,-0.01,65.0,250.0
1768639670.3692322,177840,0.0,25.68,0.11,65.0,250.0
1768639670.3919723,177860,0.0,25.68,0.13,65.0,250.0
1768639670.4048512,177880,0.0,25.68,-0.08,65.0,250.0
1768639670.4197392,177900,0.0,25.68,-0.01,65.0,250.0
1768639670.441601,177920,0.0,25.68,-0.01,65.0,250.0
1768639670.4654012,177940,0.0,25.68,-0.01,65.0,250.0
1768639670.4808123,177960,0.0,25.68,0.06,65.0,250.0
1768639670.495816,177980,0.0,25.68,-0.08,65.0,250.0
1768639670.5164373,178000,0.0,25.68,-0.01,65.0,250.0
1768639670.5337286,178020,0.0,25.68,-0.08,65.0,250.0
1768639670.552953,178040,0.0,25.68,-0.05,65.0,250.0
1768639670.562745,178060,0.0,25.68,-0.08,65.0,250.0
1768639670.5779772,178080,0.0,25.68,-0.01,65.0,250.0
1768639670.5982826,178100,0.0,25.68,0.06,65.0,250.0
1768639670.6085312,178120,0.0,25.68,-0.01,65.0,250.0
1768639670.6283011,178140,0.0,25.69,0.06,65.0,250.0
1768639670.645124,178160,0.0,25.68,-0.04,65.0,250.0
1768639670.6659229,178180,0.0,25.69,0.03,65.0,250.0
1768639670.6898496,178200,0.0,25.69,-0.01,65.0,250.0
1768639670.7055922,178220,0.0,25.69,0.03,65.0,250.0
1768639670.72131,178240,0.0,25.68,-0.08,65.0,250.0
1768639670.7411852,178260,0.0,25.69,0.02,65.0,250.0
1768639670.7555733,178280,0.0,25.69,-0.08,65.0,250.0
1768639670.7831883,178300,0.0,25.69,-0.08,65.0,250.0
1768639670.7869196,178320,0.0,25.69,-0.08,65.0,250.0
1768639670.8023589,178340,0.0,25.68,-0.11,65.0,250.0
1768639670.8177862,178360,0.0,25.68,-0.08,65.0,250.0
1768639670.833241,178380,0.0,25.68,-0.01,65.0,250.0
1768639670.8537288,178400,0.0,25.68,-0.01,65.0,250.0
1768639670.8695848,178420,0.0,25.68,-0.04,65.0,250.0
1768639670.8992445,178440,0.0,25.68,0.04,65.0,250.0
1768639670.9141037,178460,0.0,25.69,-0.08,65.0,250.0
1768639670.9294314,178480,0.0,25.68,-0.15,65.0,250.0
1768639670.9442341,178500,0.0,25.68,0.01,65.0,250.0
1768639670.964744,178520,0.0,25.69,0.06,65.0,250.0
1768639670.9798236,178540,0.0,25.69,-0.01,65.0,250.0
1768639671.0012898,178560,0.0,25.69,-0.01,65.0,250.0
1768639671.0111494,178580,0.0,25.69,-0.08,65.0,250.0
1768639671.0277052,178600,0.0,25.69,-0.01,65.0,250.0
1768639671.0416782,178620,0.0,25.69,-0.01,65.0,250.0
1768639671.0571089,178640,0.0,25.69,-0.01,65.0,250.0
1768639671.0773532,178660,0.0,25.69,-0.06,65.0,250.0
1768639671.0928125,178680,0.0,25.69,0.03,65.0,250.0
1768639671.1236672,178700,0.0,25.69,-0.08,65.0,250.0
1768639671.1435668,178720,0.0,25.69,-0.01,65.0,250.0
1768639671.1609414,178740,0.0,25.69,-0.08,65.0,250.0
1768639671.1760337,178760,0.0,25.69,0.03,65.0,250.0
1768639671.1917045,178780,0.0,25.69,0.06,65.0,250.0
1768639671.2055705,178800,0.0,25.69,0.13,65.0,250.0
1768639671.2285593,178820,0.0,25.69,-0.04,65.0,250.0
1768639671.2394054,178840,0.0,25.69,-0.08,65.0,250.0
1768639671.2505474,178860,0.0,25.69,-0.08,65.0,250.0
1768639671.2654428,178880,0.0,25.69,0.04,65.0,250.0
1768639671.2808545,178900,0.0,25.69,-0.01,65.0,250.0
1768639671.3009548,178920,0.0,25.69,-0.08,65.0,250.0
1768639671.3172684,178940,0.0,25.69,-0.06,65.0,250.0
1768639671.3471916,178960,0.0,25.69,-0.05,65.0,250.0
1768639671.3622198,178980,0.0,25.69,0.06,65.0,250.0
1768639671.3772233,179000,0.0,25.69,-0.01,65.0,250.0
1768639671.3923821,179020,0.0,25.69,-0.12,65.0,250.0
1768639671.4248495,179040,0.0,25.69,-0.08,65.0,250.0
1768639671.4280522,179060,0.0,25.69,-0.04,65.0,250.0
1768639671.4493475,179080,0.0,25.69,-0.15,65.0,250.0
1768639671.4592483,179100,0.0,25.69,0.04,65.0,250.0
1768639671.4746296,179120,0.0,25.69,-0.08,65.0,250.0
1768639671.4897037,179140,0.0,25.69,-0.08,65.0,250.0
1768639671.505177,179160,0.0,25.69,0.06,65.0,250.0
1768639671.5263636,179180,0.0,25.69,0.03,65.0,250.0
1768639671.5413194,179200,0.0,25.69,0.06,65.0,250.0
1768639671.5709457,179220,0.0,25.69,-0.01,65.0,250.0
1768639671.5863092,179240,0.0,25.69,-0.05,65.0,250.0
1768639671.6031077,179260,0.0,25.69,-0.11,65.0,250.0
1768639671.6295981,179280,0.0,25.69,-0.01,65.0,250.0
1768639671.6369615,179300,0.0,25.69,0.06,65.0,250.0
1768639671.6530385,179320,0.0,25.69,-0.03,65.0,250.0
1768639671.6739457,179340,0.0,25.69,0.06,65.0,250.0
1768639671.6837413,179360,0.0,25.69,0.06,65.0,250.0
1768639671.6985757,179380,0.0,25.69,-0.01,65.0,250.0
1768639671.7138538,179400,0.0,25.69,-0.05,65.0,250.0
1768639671.7441065,179420,0.0,25.69,0.06,65.0,250.0
1768639671.7498827,179440,0.0,25.69,-0.01,65.0,250.0
1768639671.7656934,179460,0.0,25.69,-0.01,65.0,250.0
1768639671.7869782,179480,0.0,25.69,0.06,65.0,250.0
1768639671.8107536,179500,0.0,25.69,0.09,65.0,250.0
1768639671.8257701,179520,0.0,25.69,-0.01,65.0,250.0
1768639671.8570268,179540,0.0,25.69,0.06,65.0,250.0
1768639671.861289,179560,0.0,25.69,-0.11,65.0,250.0
1768639671.876769,179580,0.0,25.69,-0.01,65.0,250.0
1768639671.897974,179600,0.0,25.69,0.02,65.0,250.0
1768639671.9077487,179620,0.0,25.69,0.06,65.0,250.0
1768639671.9228787,179640,0.0,25.69,-0.08,65.0,250.0
1768639671.9382968,179660,0.0,25.69,-0.01,65.0,250.0
1768639671.9615848,179680,0.0,25.69,-0.01,65.0,250.0
1768639671.973994,179700,0.0,25.69,0.06,65.0,250.0
1768639671.9893813,179720,0.0,25.7,0.13,65.0,250.0
1768639672.0110257,179740,0.0,25.7,-0.01,65.0,250.0
1768639672.0349894,179760,0.0,25.7,-0.15,65.0,250.0
1768639672.0502467,179780,0.0,25.7,-0.08,65.0,250.0
1768639672.0654159,179800,0.0,25.7,-0.01,65.0,250.0
1768639672.085537,179820,0.0,25.7,-0.08,65.0,250.0
1768639672.1007297,179840,0.0,25.7,0.13,65.0,250.0
1768639672.12196,179860,0.0,25.7,0.03,65.0,250.0
1768639672.1320758,179880,0.0,25.7,-0.08,65.0,250.0
1768639672.1568072,179900,0.0,25.7,-0.01,65.0,250.0
1768639672.162522,179920,0.0,25.7,-0.1,65.0,250.0
1768639672.1778164,179940,0.0,25.7,-0.01,65.0,250.0
1768639672.1981897,179960,0.0,25.7,-0.04,65.0,250.0
1768639672.2135692,179980,0.0,25.7,-0.08,65.0,250.0
1768639672.2352755,180000,0.0,25.7,-0.01,65.0,250.0
1768639672.2589555,180020,0.0,25.7,-0.04,65.0,250.0
1768639672.2744255,180040,0.0,25.7,-0.01,65.0,250.0
1768639672.289653,180060,0.0,25.7,-0.08,65.0,250.0
1768639672.3103564,180080,0.0,25.7,-0.01,65.0,250.0
1768639672.3249774,180100,0.0,25.7,0.13,65.0,250.0
1768639672.3461325,180120,0.0,25.7,-0.08,65.0,250.0
1768639672.3660417,180140,0.0,25.7,-0.03,65.0,250.0
1768639672.371541,180160,0.0,25.7,-0.01,65.0,250.0
1768639672.3868454,180180,0.0,25.7,-0.01,65.0,250.0
1768639672.4021118,180200,0.0,25.7,0.06,65.0,250.0
1768639672.4219146,180220,0.0,25.7,0.06,65.0,250.0
1768639672.4382265,180240,0.0,25.7,-0.15,65.0,250.0
1768639672.4722884,180260,0.0,25.7,-0.08,65.0,250.0
1768639672.483146,180280,0.0,25.7,0.06,65.0,250.0
1768639672.4984665,180300,0.0,25.7,-0.01,65.0,250.0
1768639672.5137672,180320,0.0,25.7,-0.08,65.0,250.0
1768639672.533816,180340,0.0,25.7,-0.01,65.0,250.0
1768639672.5489218,180360,0.0,25.7,-0.08,65.0,250.0
1768639672.5843906,180380,0.0,25.7,-0.05,65.0,250.0
1768639672.585429,180400,0.0,25.7,0.06,65.0,250.0
1768639672.5950763,180420,0.0,25.7,-0.01,65.0,250.0
1768639672.6107104,180440,0.0,25.7,-0.01,65.0,250.0
1768639672.6307468,180460,0.0,25.7,-0.08,65.0,250.0
1768639672.645777,180480,0.0,25.7,0.03,65.0,250.0
1768639672.6618068,180500,0.0,25.7,-0.08,65.0,250.0
1768639672.7008576,180520,0.0,25.7,0.03,65.0,250.0
1768639672.707083,180540,0.0,25.7,-0.01,65.0,250.0
1768639672.7221413,180560,0.0,25.7,0.06,65.0,250.0
1768639672.742421,180580,0.0,25.7,0.06,65.0,250.0
1768639672.757277,180600,0.0,25.7,-0.01,65.0,250.0
1768639672.7725086,180620,0.0,25.7,-0.01,65.0,250.0
1768639672.7943587,180640,0.0,25.7,-0.15,65.0,250.0
1768639672.8244994,180660,0.0,25.7,-0.15,65.0,250.0
1768639672.8255239,180680,0.0,25.7,-0.01,65.0,250.0
1768639672.83461,180700,0.0,25.7,0.06,65.0,250.0
1768639672.854987,180720,0.0,25.7,-0.08,65.0,250.0
1768639672.8702815,180740,0.0,25.7,0.03,65.0,250.0
1768639672.8860824,180760,0.0,25.7,-0.05,65.0,250.0
1768639672.907629,180780,0.0,25.7,0.03,65.0,250.0
1768639672.9316611,180800,0.0,25.7,0.04,65.0,250.0
1768639672.9468584,180820,0.0,25.7,-0.01,65.0,250.0
1768639672.9619868,180840,0.0,25.7,-0.01,65.0,250.0
1768639672.9823687,180860,0.0,25.7,-0.04,65.0,250.0
1768639672.9973862,180880,0.0,25.7,-0.11,65.0,250.0
1768639673.0183303,180900,0.0,25.7,0.13,65.0,250.0
1768639673.0416827,180920,0.0,25.7,-0.01,65.0,250.0
1768639673.0439808,180940,0.0,25.7,-0.08,65.0,250.0
1768639673.0592213,180960,0.0,25.7,-0.08,65.0,250.0
1768639673.0743632,180980,0.0,25.7,0.02,65.0,250.0
1768639673.094921,181000,0.0,25.7,-0.08,65.0,250.0
1768639673.110341,181020,0.0,25.7,-0.01,65.0,250.0
1768639673.1470306,181040,0.0,25.7,-0.01,65.0,250.0
1768639673.1555383,181060,0.0,25.7,0.06,65.0,250.0
1768639673.1709144,181080,0.0,25.7,0.03,65.0,250.0
1768639673.1861923,181100,0.0,25.7,0.06,65.0,250.0
1768639673.2060006,181120,0.0,25.7,-0.01,65.0,250.0
1768639673.2212546,181140,0.0,25.7,-0.01,65.0,250.0
1768639673.2427325,181160,0.0,25.7,-0.08,65.0,250.0
1768639673.2525334,181180,0.0,25.7,-0.01,65.0,250.0
1768639673.2684114,181200,0.0,25.7,-0.01,65.0,250.0
1768639673.2836952,181220,0.0,25.7,-0.01,65.0,250.0
1768639673.2981179,181240,0.0,25.7,-0.1,65.0,250.0
1768639673.318424,181260,0.0,25.7,-0.01,65.0,250.0
1768639673.35015,181280,0.0,25.7,0.06,65.0,250.0
1768639673.364406,181300,0.0,25.7,-0.01,65.0,250.0
1768639673.3797834,181320,0.0,25.7,-0.01,65.0,250.0
1768639673.3952029,181340,0.0,25.7,-0.08,65.0,250.0
1768639673.410194,181360,0.0,25.7,-0.04,65.0,250.0
1768639673.4305675,181380,0.0,25.69,-0.12,65.0,250.0
1768639673.4587014,181400,0.0,25.7,0.09,65.0,250.0
1768639673.4667125,181420,0.0,25.7,-0.08,65.0,250.0
1768639673.476893,181440,0.0,25.69,-0.08,65.0,250.0
1768639673.4921138,181460,0.0,25.69,0.13,65.0,250.0
1768639673.5072105,181480,0.0,25.69,0.02,65.0,250.0
1768639673.522599,181500,0.0,25.69,-0.08,65.0,250.0
1768639673.5429993,181520,0.0,25.69,-0.11,65.0,250.0
1768639673.5671787,181540,0.0,25.69,-0.01,65.0,250.0
1768639673.588547,181560,0.0,25.69,0.03,65.0,250.0
1768639673.6039507,181580,0.0,25.69,-0.01,65.0,250.0
1768639673.6189888,181600,0.0,25.69,-0.08,65.0,250.0
1768639673.634392,181620,0.0,25.69,-0.01,65.0,250.0
1768639673.6545236,181640,0.0,25.69,-0.01,65.0,250.0
1768639673.6817675,181660,0.0,25.69,-0.05,65.0,250.0
1768639673.690386,181680,0.0,25.69,-0.04,65.0,250.0
1768639673.701073,181700,0.0,25.69,-0.12,65.0,250.0
1768639673.7159562,181720,0.0,25.69,0.06,65.0,250.0
1768639673.7312331,181740,0.0,25.69,0.09,65.0,250.0
1768639673.7509837,181760,0.0,25.69,-0.01,65.0,250.0
1768639673.7665355,181780,0.0,25.69,-0.01,65.0,250.0
1768639673.8073385,181800,0.0,25.69,-0.01,65.0,250.0
1768639673.8128994,181820,0.0,25.69,-0.01,65.0,250.0
1768639673.8278968,181840,0.0,25.69,0.06,65.0,250.0
1768639673.8431902,181860,0.0,25.69,-0.12,65.0,250.0
1768639673.8584461,181880,0.0,25.69,-0.01,65.0,250.0
1768639673.8785465,181900,0.0,25.69,0.06,65.0,250.0
1768639673.8937433,181920,0.0,25.69,0.06,65.0,250.0
1768639673.9248831,181940,0.0,25.69,-0.01,65.0,250.0
1768639673.9258583,181960,0.0,25.69,0.06,65.0,250.0
1768639673.9397087,181980,0.0,25.69,-0.04,65.0,250.0
1768639673.9551404,182000,0.0,25.69,-0.08,65.0,250.0
1768639673.9750743,182020,0.0,25.69,0.13,65.0,250.0
1768639673.9901643,182040,0.0,25.69,-0.08,65.0,250.0
1768639674.0064404,182060,0.0,25.69,-0.01,65.0,250.0
1768639674.0363648,182080,0.0,25.7,-0.01,65.0,250.0
1768639674.0515318,182100,0.0,25.7,0.06,65.0,250.0
1768639674.0670917,182120,0.0,25.7,-0.01,65.0,250.0
1768639674.0870411,182140,0.0,25.7,-0.04,65.0,250.0
1768639674.1021018,182160,0.0,25.69,0.03,65.0,250.0
1768639674.117407,182180,0.0,25.7,-0.01,65.0,250.0
1768639674.1461363,182200,0.0,25.7,-0.08,65.0,250.0
1768639674.149588,182220,0.0,25.7,0.06,65.0,250.0
1768639674.164805,182240,0.0,25.7,0.06,65.0,250.0
1768639674.1798081,182260,0.0,25.7,-0.08,65.0,250.0
1768639674.195019,182280,0.0,25.7,-0.01,65.0,250.0
1768639674.2152371,182300,0.0,25.7,-0.04,65.0,250.0
1768639674.2322545,182320,0.0,25.69,0.06,65.0,250.0
1768639674.2578623,182340,0.0,25.7,0.02,65.0,250.0
1768639674.2764726,182360,0.0,25.69,-0.04,65.0,250.0
1768639674.2915587,182380,0.0,25.69,-0.08,65.0,250.0
1768639674.307551,182400,0.0,25.7,0.09,65.0,250.0
1768639674.3277977,182420,0.0,25.7,0.03,65.0,250.0
1768639674.34302,182440,0.0,25.7,-0.01,65.0,250.0
1768639674.381669,182460,0.0,25.7,0.03,65.0,250.0
1768639674.3823133,182480,0.0,25.7,0.06,65.0,250.0
1768639674.388986,182500,0.0,25.69,-0.08,65.0,250.0
1768639674.4042225,182520,0.0,25.69,0.06,65.0,250.0
1768639674.4193063,182540,0.0,25.69,-0.01,65.0,250.0
1768639674.4394376,182560,0.0,25.69,0.13,65.0,250.0
1768639674.4550953,182580,0.0,25.69,-0.08,65.0,250.0
1768639674.4934027,182600,0.0,25.69,-0.15,65.0,250.0
1768639674.5004952,182620,0.0,25.69,-0.08,65.0,250.0
1768639674.51587,182640,0.0,25.69,-0.15,65.0,250.0
1768639674.5309892,182660,0.0,25.69,0.01,65.0,250.0
1768639674.5511453,182680,0.0,25.69,0.06,65.0,250.0
1768639674.5664635,182700,0.0,25.69,-0.15,65.0,250.0
1768639674.6057498,182720,0.0,25.69,-0.01,65.0,250.0
1768639674.6066215,182740,0.0,25.69,-0.08,65.0,250.0
1768639674.613208,182760,0.0,25.69,0.06,65.0,250.0
1768639674.6286469,182780,0.0,25.69,-0.08,65.0,250.0
1768639674.6436234,182800,0.0,25.69,-0.01,65.0,250.0
1768639674.6634889,182820,0.0,25.69,-0.04,65.0,250.0
1768639674.679149,182840,0.0,25.69,-0.01,65.0,250.0
1768639674.7111847,182860,0.0,25.69,-0.01,65.0,250.0
1768639674.7246294,182880,0.0,25.69,-0.01,65.0,250.0
1768639674.7399905,182900,0.0,25.69,-0.01,65.0,250.0
1768639674.7552037,182920,0.0,25.69,-0.04,65.0,250.0
1768639674.7758074,182940,0.0,25.69,-0.06,65.0,250.0
1768639674.7909393,182960,0.0,25.69,-0.01,65.0,250.0
1768639674.8121135,182980,0.0,25.69,-0.08,65.0,250.0
1768639674.8403313,183000,0.0,25.69,0.06,65.0,250.0
1768639674.8411987,183020,0.0,25.69,-0.01,65.0,250.0
1768639674.8525538,183040,0.0,25.69,-0.01,65.0,250.0
1768639674.8679864,183060,0.0,25.69,-0.05,65.0,250.0
1768639674.8882236,183080,0.0,25.69,-0.01,65.0,250.0
1768639674.9038522,183100,0.0,25.69,0.11,65.0,250.0
1768639674.9338849,183120,0.0,25.69,-0.04,65.0,250.0
1768639674.9638498,183140,0.0,25.69,0.03,65.0,250.0
1768639674.964433,183160,0.0,25.69,-0.08,65.0,250.0
1768639674.984331,183180,0.0,25.69,-0.01,65.0,250.0
1768639674.9996066,183200,0.0,25.69,-0.11,65.0,250.0
1768639675.01467,183220,0.0,25.69,-0.11,65.0,250.0
1768639675.0362716,183240,0.0,25.69,-0.01,65.0,250.0
1768639675.0465343,183260,0.0,25.69,-0.01,65.0,250.0
1768639675.0617278,183280,0.0,25.69,0.06,65.0,250.0
1768639675.0901346,183300,0.0,25.69,-0.08,65.0,250.0
1768639675.0917945,183320,0.0,25.69,-0.06,65.0,250.0
1768639675.1129432,183340,0.0,25.69,-0.04,65.0,250.0
1768639675.128136,183360,0.0,25.68,-0.08,65.0,250.0
1768639675.1581106,183380,0.0,25.68,-0.01,65.0,250.0
1768639675.173596,183400,0.0,25.68,-0.01,65.0,250.0
1768639675.201219,183420,0.0,25.68,-0.04,65.0,250.0
1768639675.2087324,183440,0.0,25.68,-0.04,65.0,250.0
1768639675.224157,183460,0.0,25.68,-0.08,65.0,250.0
1768639675.2398326,183480,0.0,25.68,0.1,65.0,250.0
1768639675.2608078,183500,0.0,25.68,0.03,65.0,250.0
1768639675.271251,183520,0.0,25.68,-0.01,65.0,250.0
1768639675.2857614,183540,0.0,25.68,-0.01,65.0,250.0
1768639675.3112032,183560,0.0,25.68,-0.01,65.0,250.0
1768639675.3165839,183580,0.0,25.68,0.06,65.0,250.0
1768639675.3374646,183600,0.0,25.68,-0.04,65.0,250.0
1768639675.3528726,183620,0.0,25.68,0.13,65.0,250.0
1768639675.3823524,183640,0.0,25.68,-0.15,65.0,250.0
1768639675.3979318,183660,0.0,25.69,0.06,65.0,250.0
1768639675.4263253,183680,0.0,25.69,0.06,65.0,250.0
1768639675.4328961,183700,0.0,25.69,-0.1,65.0,250.0
1768639675.4479249,183720,0.0,25.68,-0.15,65.0,250.0
1768639675.4634736,183740,0.0,25.68,-0.01,65.0,250.0
1768639675.484443,183760,0.0,25.68,-0.08,65.0,250.0
1768639675.4954062,183780,0.0,25.68,0.06,65.0,250.0
1768639675.5102277,183800,0.0,25.68,-0.01,65.0,250.0
1768639675.5480888,183820,0.0,25.68,-0.01,65.0,250.0
1768639675.549015,183840,0.0,25.68,-0.01,65.0,250.0
1768639675.5611823,183860,0.0,25.68,-0.08,65.0,250.0
1768639675.5764875,183880,0.0,25.68,0.06,65.0,250.0
1768639675.6061244,183900,0.0,25.68,0.06,65.0,250.0
1768639675.6213126,183920,0.0,25.68,0.01,65.0,250.0
1768639675.636713,183940,0.0,25.68,0.02,65.0,250.0
1768639675.6609926,183960,0.0,25.68,-0.08,65.0,250.0
1768639675.672285,183980,0.0,25.68,0.01,65.0,250.0
1768639675.6875422,184000,0.0,25.68,0.09,65.0,250.0
1768639675.7085836,184020,0.0,25.69,-0.15,65.0,250.0
1768639675.7188692,184040,0.0,25.68,-0.05,65.0,250.0
1768639675.7339003,184060,0.0,25.68,0.06,65.0,250.0
1768639675.7492385,184080,0.0,25.68,0.06,65.0,250.0
1768639675.7877517,184100,0.0,25.68,-0.01,65.0,250.0
1768639675.7886086,184120,0.0,25.68,0.06,65.0,250.0
1768639675.7997813,184140,0.0,25.68,-0.13,65.0,250.0
1768639675.8223767,184160,0.0,25.68,0.06,65.0,250.0
1768639675.8461864,184180,0.0,25.68,-0.01,65.0,250.0
1768639675.86138,184200,0.0,25.68,-0.08,65.0,250.0
1768639675.8764348,184220,0.0,25.68,-0.11,65.0,250.0
1768639675.9117246,184240,0.0,25.68,-0.05,65.0,250.0
1768639675.9125986,184260,0.0,25.68,0.03,65.0,250.0
1768639675.9327836,184280,0.0,25.68,-0.08,65.0,250.0
1768639675.9429057,184300,0.0,25.68,-0.01,65.0,250.0
1768639675.958148,184320,0.0,25.68,0.09,65.0,250.0
1768639675.9731474,184340,0.0,25.68,-0.12,65.0,250.0
1768639675.9936342,184360,0.0,25.68,-0.08,65.0,250.0
1768639676.0087554,184380,0.0,25.68,-0.01,65.0,250.0
1768639676.0355115,184400,0.0,25.68,-0.15,65.0,250.0
1768639676.0465226,184420,0.0,25.68,-0.01,65.0,250.0
1768639676.0702577,184440,0.0,25.68,0.06,65.0,250.0
1768639676.0855267,184460,0.0,25.68,-0.01,65.0,250.0
1768639676.1005194,184480,0.0,25.68,-0.01,65.0,250.0
1768639676.1207283,184500,0.0,25.68,0.06,65.0,250.0
1768639676.1468968,184520,0.0,25.68,0.06,65.0,250.0
1768639676.157387,184540,0.0,25.68,-0.01,65.0,250.0
1768639676.1676097,184560,0.0,25.68,0.1,65.0,250.0
1768639676.1825693,184580,0.0,25.68,-0.1,65.0,250.0
1768639676.1976504,184600,0.0,25.68,-0.01,65.0,250.0
1768639676.2129564,184620,0.0,25.68,-0.01,65.0,250.0
1768639676.233129,184640,0.0,25.68,0.03,65.0,250.0
1768639676.2601125,184660,0.0,25.68,0.03,65.0,250.0
1768639676.2708395,184680,0.0,25.68,-0.08,65.0,250.0
1768639676.2944088,184700,0.0,25.68,-0.08,65.0,250.0
1768639676.3095832,184720,0.0,25.68,-0.01,65.0,250.0
1768639676.3249276,184740,0.0,25.68,0.06,65.0,250.0
1768639676.3449342,184760,0.0,25.68,-0.04,65.0,250.0
1768639676.3811202,184780,0.0,25.68,0.13,65.0,250.0
1768639676.381839,184800,0.0,25.68,-0.08,65.0,250.0
1768639676.3918543,184820,0.0,25.68,-0.01,65.0,250.0
1768639676.4070072,184840,0.0,25.68,-0.01,65.0,250.0
1768639676.4221244,184860,0.0,25.68,-0.08,65.0,250.0
1768639676.4378784,184880,0.0,25.68,-0.01,65.0,250.0
1768639676.4579942,184900,0.0,25.68,-0.01,65.0,250.0
1768639676.472659,184920,0.0,25.68,-0.01,65.0,250.0
1768639676.499476,184940,0.0,25.68,0.03,65.0,250.0
1768639676.5180671,184960,0.0,25.68,0.06,65.0,250.0
1768639676.533498,184980,0.0,25.68,-0.08,65.0,250.0
1768639676.553796,185000,0.0,25.68,0.06,65.0,250.0
1768639676.5687165,185020,0.0,25.68,0.04,65.0,250.0
1768639676.5842404,185040,0.0,25.68,-0.01,65.0,250.0
1768639676.605863,185060,0.0,25.68,-0.11,65.0,250.0
1768639676.6297429,185080,0.0,25.68,0.02,65.0,250.0
1768639676.631008,185100,0.0,25.68,-0.01,65.0,250.0
1768639676.646373,185120,0.0,25.68,-0.08,65.0,250.0
1768639676.661583,185140,0.0,25.68,-0.01,65.0,250.0
1768639676.6821058,185160,0.0,25.68,0.02,65.0,250.0
1768639676.6971953,185180,0.0,25.68,-0.08,65.0,250.0
1768639676.7412415,185200,0.0,25.68,-0.08,65.0,250.0
1768639676.7428653,185220,0.0,25.68,-0.01,65.0,250.0
1768639676.7580698,185240,0.0,25.68,-0.01,65.0,250.0
1768639676.77337,185260,0.0,25.68,-0.04,65.0,250.0
1768639676.7939167,185280,0.0,25.68,0.03,65.0,250.0
1768639676.8090427,185300,0.0,25.68,-0.08,65.0,250.0
1768639676.8302667,185320,0.0,25.68,0.13,65.0,250.0
1768639676.840361,185340,0.0,25.68,-0.08,65.0,250.0
1768639676.8663957,185360,0.0,25.68,-0.15,65.0,250.0
1768639676.871358,185380,0.0,25.68,-0.08,65.0,250.0
1768639676.8859627,185400,0.0,25.68,-0.01,65.0,250.0
1768639676.9059744,185420,0.0,25.68,-0.01,65.0,250.0
1768639676.9212606,185440,0.0,25.68,-0.08,65.0,250.0
1768639676.9437943,185460,0.0,25.68,-0.01,65.0,250.0
1768639676.9885788,185480,0.0,25.68,0.06,65.0,250.0
1768639676.9891317,185500,0.0,25.68,-0.01,65.0,250.0
1768639676.9973662,185520,0.0,25.68,-0.04,65.0,250.0
1768639677.0176744,185540,0.0,25.68,-0.01,65.0,250.0
1768639677.0331843,185560,0.0,25.68,0.06,65.0,250.0
1768639677.054074,185580,0.0,25.68,0.13,65.0,250.0
1768639677.0646834,185600,0.0,25.68,0.03,65.0,250.0
1768639677.0800416,185620,0.0,25.68,-0.01,65.0,250.0
1768639677.1140227,185640,0.0,25.68,0.06,65.0,250.0
1768639677.1149685,185660,0.0,25.68,-0.01,65.0,250.0
1768639677.130643,185680,0.0,25.68,-0.01,65.0,250.0
1768639677.1460147,185700,0.0,25.68,0.02,65.0,250.0
1768639677.1672475,185720,0.0,25.68,-0.01,65.0,250.0
1768639677.1911223,185740,0.0,25.68,-0.08,65.0,250.0
1768639677.2064552,185760,0.0,25.68,-0.01,65.0,250.0
1768639677.2372243,185780,0.0,25.68,-0.01,65.0,250.0
1768639677.2419648,185800,0.0,25.68,-0.01,65.0,250.0
1768639677.257099,185820,0.0,25.68,-0.15,65.0,250.0
1768639677.2777152,185840,0.0,25.68,-0.03,65.0,250.0
1768639677.287755,185860,0.0,25.68,-0.05,65.0,250.0
1768639677.3029444,185880,0.0,25.68,-0.08,65.0,250.0
1768639677.318554,185900,0.0,25.68,0.06,65.0,250.0
1768639677.3635836,185920,0.0,25.68,-0.01,65.0,250.0
1768639677.3642414,185940,0.0,25.68,0.2,65.0,250.0
1768639677.3692496,185960,0.0,25.68,0.06,65.0,250.0
1768639677.391787,185980,0.0,25.68,-0.08,65.0,250.0
1768639677.4155138,186000,0.0,25.68,-0.04,65.0,250.0
1768639677.430909,186020,0.0,25.68,-0.08,65.0,250.0
1768639677.4462988,186040,0.0,25.68,0.34,65.0,250.0
1768639677.4852238,186060,0.0,26.1,45.3,65.0,250.0
1768639677.486274,186080,0.0,26.39,-8.59,65.0,250.0
1768639677.5020008,186100,0.0,26.4,17.79,65.0,250.0
1768639677.512142,186120,0.0,27.4,32.04,65.0,250.0
1768639677.5270662,186140,0.0,27.86,6.67,65.0,250.0
1768639677.5427387,186160,0.0,27.9,-0.78,65.0,250.0
1768639677.5629382,186180,0.0,27.8,-4.82,65.0,250.0
1768639677.5935323,186200,0.0,27.89,5.6,65.0,250.0
1768639677.5945275,186220,0.0,27.44,-51.18,113.0,359.0
1768639677.624002,186240,0.0,26.65,-29.12,115.0,364.0
1768639677.639355,186260,0.0,25.96,-22.02,115.0,364.0
1768639677.6543705,186280,0.0,25.61,-39.78,65.0,250.0
1768639677.675006,186300,0.0,24.72,-65.5,115.0,364.0
1768639677.7016406,186320,0.0,23.3,-57.6,115.0,364.0
1768639677.7054224,186340,0.0,22.49,-24.34,115.0,364.0
1768639677.7271252,186360,0.0,22.33,0.4,65.0,250.0
1768639677.7377987,186380,0.0,22.31,-2.56,65.0,250.0
1768639677.7667322,186400,0.0,22.28,-0.16,65.0,250.0
1768639677.7821276,186420,0.0,22.27,-1.85,65.0,250.0
1768639677.8086803,186440,0.0,21.82,-52.24,115.0,364.0
1768639677.8184462,186460,0.0,20.54,-68.67,115.0,364.0
1768639677.83851,186480,0.0,19.35,-74.37,115.0,364.0
1768639677.84893,186500,0.0,16.93,-156.7,115.0,364.0
1768639677.8638995,186520,0.0,13.91,-101.36,115.0,364.0
1768639677.8986325,186540,0.0,12.29,-90.41,115.0,364.0
1768639677.9199064,186560,0.0,10.1,-106.33,115.0,364.0
1768639677.9290333,186580,0.0,8.38,-67.82,115.0,364.0
1768639677.9509506,186600,0.0,6.89,-78.41,115.0,364.0
1768639677.960937,186620,0.0,5.54,-60.09,115.0,364.0
1768639677.9765418,186640,0.0,4.1,-90.12,115.0,364.0
1768639677.9916708,186660,0.0,2.61,-58.04,115.0,364.0
1768639678.0070412,186680,0.0,1.6,-33.0,115.0,364.0
1768639678.0305245,186700,0.0,1.45,3.02,103.0,337.0
1768639678.0432374,186720,0.0,1.7,18.66,65.0,250.0
1768639678.072956,186740,0.0,2.0,8.51,65.0,250.0
1768639678.088212,186760,0.0,2.37,44.33,65.0,250.0
1768639678.103503,186780,0.0,3.43,41.18,65.0,250.0
1768639678.11865,186800,0.0,4.48,60.38,65.0,250.0
1768639678.1387424,186820,0.0,4.94,-19.7,65.0,250.0
1768639678.154009,186840,0.0,4.51,-23.34,115.0,364.0
1768639678.1759627,186860,0.0,3.53,-88.1,115.0,364.0
1768639678.1855848,186880,0.0,2.02,-45.04,115.0,364.0
1768639678.2012389,186900,0.0,1.12,-45.54,115.0,364.0
1768639678.2160761,186920,0.0,0.42,-31.91,115.0,364.0
1768639678.2509573,186940,0.0,-0.4,-42.25,115.0,364.0
1768639678.2661016,186960,0.0,-1.25,-37.75,115.0,364.0
1768639678.287349,186980,0.0,-2.05,-44.28,115.0,364.0
1768639678.297454,187000,0.0,-2.98,-53.65,115.0,364.0
1768639678.312486,187020,0.0,-3.94,-34.28,115.0,364.0
1768639678.3277538,187040,0.0,-4.3,-10.95,115.0,364.0
1768639678.358616,187060,0.0,-4.48,-11.9,115.0,364.0
1768639678.3645105,187080,0.0,-5.03,-36.53,115.0,364.0
1768639678.3934267,187100,0.0,-5.71,-32.3,115.0,364.0
1768639678.4085603,187120,0.0,-6.16,-8.51,115.0,364.0
1768639678.4238555,187140,0.0,-6.29,-12.15,115.0,364.0
1768639678.438962,187160,0.0,-6.39,0.59,115.0,364.0
1768639678.4627306,187180,0.0,-6.32,14.96,98.0,325.0
1768639678.4745827,187200,0.0,-5.88,17.44,65.0,250.0
1768639678.495771,187220,0.0,-5.69,7.69,67.0,255.0
1768639678.5055826,187240,0.0,-5.53,2.76,65.0,250.0
1768639678.5210018,187260,0.0,-5.55,-0.74,111.0,355.0
1768639678.5370507,187280,0.0,-5.35,21.19,65.0,250.0
1768639678.5722647,187300,0.0,-4.91,23.11,65.0,250.0
1768639678.5914202,187320,0.0,-4.34,26.45,65.0,250.0
1768639678.601631,187340,0.0,-3.7,37.52,65.0,250.0
1768639678.617269,187360,0.0,-2.83,47.78,65.0,250.0
1768639678.6321511,187380,0.0,-1.61,85.57,65.0,250.0
1768639678.647194,187400,0.0,0.74,142.1,65.0,250.0
1768639678.6675053,187420,0.0,4.19,191.23,65.0,250.0
1768639678.6826885,187440,0.0,7.26,116.93,65.0,250.0
1768639678.7033012,187460,0.0,8.72,48.47,65.0,250.0
1768639678.7136505,187480,0.0,9.81,73.29,65.0,250.0
1768639678.7286487,187500,0.0,11.54,98.34,65.0,250.0
1768639678.7447581,187520,0.0,13.52,108.65,65.0,250.0
1768639678.7793672,187540,0.0,15.16,53.33,65.0,250.0
1768639678.793718,187560,0.0,16.16,54.87,65.0,250.0
1768639678.8159904,187580,0.0,17.7,60.24,65.0,250.0
1768639678.8261807,187600,0.0,18.74,56.57,65.0,250.0
1768639678.8411884,187620,0.0,19.7,26.49,65.0,250.0
1768639678.8563602,187640,0.0,20.05,13.53,65.0,250.0
1768639678.8721151,187660,0.0,20.51,26.2,65.0,250.0
1768639678.8920095,187680,0.0,20.86,25.24,65.0,250.0
1768639678.9072769,187700,0.0,22.16,152.55,65.0,250.0
1768639678.9284704,187720,0.0,25.91,131.37,65.0,250.0
1768639678.9391885,187740,0.0,28.04,77.22,65.0,250.0
1768639678.9680738,187760,0.0,28.9,43.62,65.0,250.0
1768639678.9971104,187780,0.0,30.28,85.59,65.0,250.0
1768639679.0036297,187800,0.0,32.26,107.45,65.0,250.0
1768639679.019001,187820,0.0,34.31,100.42,65.0,250.0
1768639679.040305,187840,0.0,36.62,121.24,65.0,250.0
1768639679.0504584,187860,0.0,38.79,88.44,65.0,250.0
1768639679.0652595,187880,0.0,40.74,88.86,65.0,250.0
1768639679.080451,187900,0.0,42.23,59.51,65.0,250.0
1768639679.107223,187920,0.0,43.55,80.04,65.0,250.0
1768639679.1160116,187940,0.0,44.99,68.38,65.0,250.0
1768639679.132192,187960,0.0,46.28,54.48,65.0,250.0
1768639679.1617036,187980,0.0,47.14,42.41,65.0,250.0
1768639679.1767712,188000,0.0,47.94,31.36,65.0,250.0
1768639679.1921473,188020,0.0,48.62,30.14,65.0,250.0
1768639679.2145178,188040,0.0,48.97,5.66,65.0,250.0
1768639679.2275567,188060,0.0,48.98,0.08,65.0,250.0
1768639679.243523,188080,0.0,49.07,18.7,65.0,250.0
1768639679.2642293,188100,0.0,49.42,19.51,65.0,250.0
1768639679.274417,188120,0.0,49.96,26.16,65.0,250.0
1768639679.289596,188140,0.0,50.39,9.82,65.0,250.0
1768639679.3051035,188160,0.0,50.38,-7.62,65.0,250.0
1768639679.3246708,188180,0.0,49.26,-79.56,115.0,364.0
1768639679.3550436,188200,0.0,47.82,-63.29,115.0,364.0
1768639679.376447,188220,0.0,46.53,-66.19,115.0,364.0
1768639679.3863552,188240,0.0,44.92,-96.03,115.0,364.0
1768639679.4017162,188260,0.0,42.83,-104.53,115.0,364.0
1768639679.4344642,188280,0.0,41.07,-86.46,115.0,364.0
1768639679.4350362,188300,0.0,39.42,-76.81,115.0,364.0
1768639679.4536018,188320,0.0,37.73,-103.94,115.0,364.0
1768639679.4879265,188340,0.0,35.37,-122.48,115.0,364.0
1768639679.4978652,188360,0.0,33.3,-74.43,115.0,364.0
1768639679.5130782,188380,0.0,31.44,-107.85,115.0,364.0
1768639679.5472448,188400,0.0,29.32,-119.91,115.0,364.0
1768639679.548703,188420,0.0,26.44,-170.71,115.0,364.0
1768639679.564938,188440,0.0,22.81,-148.83,115.0,364.0
1768639679.6004543,188460,0.0,19.97,-152.09,115.0,364.0
1768639679.6106107,188480,0.0,17.14,-129.76,115.0,364.0
1768639679.6258438,188500,0.0,15.04,-109.9,115.0,364.0
1768639679.6534953,188520,0.0,12.77,-102.58,115.0,364.0
1768639679.6563356,188540,0.0,11.1,-71.87,115.0,364.0
1768639679.677611,188560,0.0,10.27,-22.58,115.0,364.0
1768639679.7120457,188580,0.0,9.79,-23.21,115.0,364.0
1768639679.7220764,188600,0.0,9.31,-25.23,115.0,364.0
1768639679.7374015,188620,0.0,8.87,-19.53,115.0,364.0
1768639679.7629528,188640,0.0,8.62,-11.43,110.0,352.0
1768639679.7729025,188660,0.0,8.42,-10.93,103.0,337.0
1768639679.788369,188680,0.0,7.92,-36.1,115.0,364.0
1768639679.8040621,188700,0.0,7.32,-22.11,115.0,364.0
1768639679.825234,188720,0.0,6.93,-8.75,115.0,364.0
1768639679.835084,188740,0.0,6.88,-0.04,75.0,273.0
1768639679.8514762,188760,0.0,6.88,-0.4,65.0,250.0
1768639679.886055,188780,0.0,6.74,-12.87,102.0,334.0
1768639679.900809,188800,0.0,6.52,-13.81,104.0,339.0
1768639679.9163253,188820,0.0,6.17,-19.42,115.0,364.0
1768639679.9372354,188840,0.0,5.67,-27.26,115.0,364.0
1768639679.947208,188860,0.0,5.29,-11.8,115.0,364.0
1768639679.9626892,188880,0.0,4.92,-21.55,115.0,364.0
1768639679.9778416,188900,0.0,4.52,-17.84,115.0,364.0
1768639679.9928658,188920,0.0,4.16,-23.27,115.0,364.0
1768639680.0198202,188940,0.0,3.3,-55.72,115.0,364.0
1768639680.0490043,188960,0.0,2.17,-56.58,115.0,364.0
1768639680.059089,188980,0.0,1.05,-54.56,115.0,364.0
1768639680.074561,189000,0.0,0.04,-48.5,115.0,364.0
1768639680.0896337,189020,0.0,-0.95,-54.16,115.0,364.0
1768639680.1050682,189040,0.0,-2.19,-68.09,115.0,364.0
1768639680.1425457,189060,0.0,-3.73,-76.54,115.0,364.0
1768639680.1437805,189080,0.0,-5.19,-64.55,115.0,364.0
1768639680.170896,189100,0.0,-6.48,-59.8,115.0,364.0
1768639680.186149,189120,0.0,-7.56,-43.5,115.0,364.0
1768639680.2017488,189140,0.0,-8.15,-22.41,115.0,364.0
1768639680.2166357,189160,0.0,-8.61,-22.63,115.0,364.0
1768639680.2572966,189180,0.0,-9.12,-31.26,115.0,364.0
1768639680.258269,189200,0.0,-9.73,-16.89,115.0,364.0
1768639680.2733562,189220,0.0,-10.1,-13.68,115.0,364.0
1768639680.2977974,189240,0.0,-10.23,-7.74,115.0,364.0
1768639680.3130007,189260,0.0,-10.56,-32.17,115.0,364.0
1768639680.333458,189280,0.0,-11.19,-29.49,115.0,364.0
1768639680.3485274,189300,0.0,-11.84,-56.2,115.0,364.0
1768639680.3812397,189320,0.0,-13.02,-63.78,115.0,364.0
1768639680.3850865,189340,0.0,-14.12,-53.74,115.0,364.0
1768639680.409921,189360,0.0,-14.77,-22.85,115.0,364.0
1768639680.4250376,189380,0.0,-15.42,-40.98,115.0,364.0
1768639680.4456105,189400,0.0,-16.43,-49.11,115.0,364.0
1768639680.460764,189420,0.0,-17.16,-21.76,115.0,364.0
1768639680.4761627,189440,0.0,-17.47,-13.63,115.0,364.0
1768639680.5044734,189460,0.0,-17.87,-26.27,115.0,364.0
1768639680.5225215,189480,0.0,-18.4,-27.83,115.0,364.0
1768639680.5377505,189500,0.0,-19.07,-42.82,115.0,364.0
1768639680.5530267,189520,0.0,-20.03,-52.06,115.0,364.0
1768639680.5732367,189540,0.0,-21.13,-49.11,115.0,364.0
1768639680.5884125,189560,0.0,-21.73,-14.82,115.0,364.0
1768639680.6150231,189580,0.0,-21.84,-0.29,115.0,364.0
1768639680.6339276,189600,0.0,-21.9,-12.54,115.0,364.0
1768639680.649449,189620,0.0,-22.45,-31.52,115.0,364.0
1768639680.6692271,189640,0.0,-23.21,-43.14,115.0,364.0
1768639680.6844847,189660,0.0,-23.83,-21.69,115.0,364.0
1768639680.699798,189680,0.0,-23.94,0.21,115.0,364.0
1768639680.7221494,189700,0.0,-24.03,-19.49,115.0,364.0
1768639680.7469594,189720,0.0,-24.96,-62.41,115.0,364.0
1768639680.7623215,189740,0.0,-26.11,-54.92,115.0,364.0
1768639680.777092,189760,0.0,-27.05,-36.37,115.0,364.0
1768639680.7974348,189780,0.0,-27.3,-0.27,115.0,364.0
1768639680.812828,189800,0.0,-27.36,-17.19,115.0,364.0
1768639680.8345613,189820,0.0,-28.09,-42.61,115.0,364.0
1768639680.859057,189840,0.0,-28.48,-13.09,115.0,364.0
1768639680.874353,189860,0.0,-28.56,0.53,115.0,364.0
1768639680.8892074,189880,0.0,-28.54,3.09,115.0,364.0
1768639680.9094706,189900,0.0,-27.84,76.66,65.0,250.0
1768639680.9415631,189920,0.0,-26.51,60.61,65.0,250.0
1768639680.9421065,189940,0.0,-25.5,55.45,65.0,250.0
1768639680.9554315,189960,0.0,-24.17,76.63,65.0,250.0
1768639680.9707623,189980,0.0,-22.68,82.38,65.0,250.0
1768639681.0054638,190000,0.0,-20.41,148.08,65.0,250.0
1768639681.020665,190020,0.0,-17.72,85.74,65.0,250.0
1768639681.0563598,190040,0.0,-16.14,79.19,65.0,250.0
1768639681.0573323,190060,0.0,-14.7,70.24,65.0,250.0
1768639681.0666268,190080,0.0,-13.4,68.16,65.0,250.0
1768639681.0821884,190100,0.0,-11.67,89.86,65.0,250.0
1768639681.1023881,190120,0.0,-9.48,136.65,65.0,250.0
1768639681.1174567,190140,0.0,-6.33,172.86,65.0,250.0
1768639681.139362,190160,0.0,-3.18,145.37,65.0,250.0
1768639681.178152,190180,0.0,-0.35,147.9,65.0,250.0
1768639681.1787105,190200,0.0,2.87,162.32,65.0,250.0
1768639681.193917,190220,0.0,6.16,168.67,65.0,250.0
1768639681.2140908,190240,0.0,9.32,152.16,65.0,250.0
1768639681.229511,190260,0.0,12.33,150.33,65.0,250.0
1768639681.2506082,190280,0.0,15.38,150.09,65.0,250.0
1768639681.260555,190300,0.0,18.14,123.84,65.0,250.0
1768639681.276322,190320,0.0,20.61,135.16,65.0,250.0
1768639681.302358,190340,0.0,23.72,174.42,65.0,250.0
1768639681.3070252,190360,0.0,27.32,178.4,65.0,250.0
1768639681.340958,190380,0.0,30.56,143.05,65.0,250.0
1768639681.3622792,190400,0.0,33.32,126.77,65.0,250.0
1768639681.3722372,190420,0.0,36.09,174.5,65.0,250.0
1768639681.3879166,190440,0.0,39.58,164.22,65.0,250.0
1768639681.4113805,190460,0.0,42.66,133.05,65.0,250.0
1768639681.4180748,190480,0.0,45.14,123.86,65.0,250.0
1768639681.4394503,190500,0.0,47.53,121.36,65.0,250.0
1768639681.4538693,190520,0.0,50.43,171.13,65.0,250.0
1768639681.484343,190540,0.0,53.99,162.23,65.0,250.0
1768639681.500566,190560,0.0,56.56,103.72,65.0,250.0
1768639681.5225077,190580,0.0,58.31,71.23,65.0,250.0
1768639681.5301015,190600,0.0,59.55,55.42,65.0,250.0
1768639681.550702,190620,0.0,60.62,56.12,65.0,250.0
1768639681.565459,190640,0.0,61.75,58.71,65.0,250.0
1768639681.5867963,190660,0.0,63.09,73.11,65.0,250.0
1768639681.5966337,190680,0.0,64.6,68.33,65.0,250.0
1768639681.630155,190700,0.0,65.88,66.4,65.0,250.0
1768639681.6310976,190720,0.0,67.2,66.6,65.0,250.0
1768639681.6421943,190740,0.0,68.52,59.37,65.0,250.0
1768639681.6636562,190760,0.0,69.52,46.56,65.0,250.0
1768639681.6985428,190780,0.0,70.42,29.53,65.0,250.0
1768639681.708618,190800,0.0,71.12,40.89,65.0,250.0
1768639681.723789,190820,0.0,71.82,29.58,65.0,250.0
1768639681.752722,190840,0.0,72.25,9.02,65.0,250.0
1768639681.754194,190860,0.0,72.24,-10.66,65.0,250.0
1768639681.7747529,190880,0.0,71.27,-105.71,85.0,296.0
1768639681.789955,190900,0.0,67.99,-208.65,115.0,364.0
1768639681.8114734,190920,0.0,63.9,-182.1,115.0,364.0
1768639681.8358634,190940,0.0,60.7,-150.25,115.0,364.0
1768639681.8646812,190960,0.0,57.09,-211.0,115.0,364.0
1768639681.8663795,190980,0.0,52.5,-236.58,115.0,364.0
1768639681.8867033,191000,0.0,47.93,-234.41,115.0,364.0
1768639681.901957,191020,0.0,43.59,-186.25,115.0,364.0
1768639681.9236069,191040,0.0,40.26,-139.14,115.0,364.0
1768639681.9481418,191060,0.0,37.57,-128.58,115.0,364.0
1768639681.9631493,191080,0.0,34.86,-131.44,115.0,364.0
1768639681.9899216,191100,0.0,32.35,-122.56,115.0,364.0
1768639681.9983625,191120,0.0,29.99,-112.45,115.0,364.0
1768639682.0136013,191140,0.0,28.01,-92.79,115.0,364.0
1768639682.0353951,191160,0.0,26.23,-88.96,115.0,364.0
1768639682.0601807,191180,0.0,24.39,-95.03,115.0,364.0
1768639682.0754254,191200,0.0,22.56,-86.5,115.0,364.0
1768639682.1183438,191220,0.0,21.03,-68.68,115.0,364.0
1768639682.1193447,191240,0.0,19.67,-61.15,115.0,364.0
1768639682.1260328,191260,0.0,18.48,-56.72,115.0,364.0
1768639682.1478448,191280,0.0,17.35,-55.99,115.0,364.0
1768639682.158313,191300,0.0,16.37,-50.41,115.0,364.0
1768639682.1873462,191320,0.0,15.37,-45.83,115.0,364.0
1768639682.202747,191340,0.0,14.47,-50.01,115.0,364.0
1768639682.2330637,191360,0.0,13.43,-52.73,115.0,364.0
1768639682.2415564,191380,0.0,12.62,-30.29,115.0,364.0
1768639682.2597005,191400,0.0,11.99,-42.63,115.0,364.0
1768639682.2698176,191420,0.0,10.74,-75.69,115.0,364.0
1768639682.2851853,191440,0.0,9.61,-56.6,115.0,364.0
1768639682.3011684,191460,0.0,8.0,-92.17,115.0,364.0
1768639682.335086,191480,0.0,6.13,-86.0,115.0,364.0
1768639682.3640544,191500,0.0,4.71,-59.18,115.0,364.0
1768639682.3714263,191520,0.0,3.8,-41.31,115.0,364.0
1768639682.381713,191540,0.0,3.25,-14.77,115.0,364.0
1768639682.3969972,191560,0.0,2.99,-16.9,115.0,364.0
1768639682.4123974,191580,0.0,2.48,-29.97,115.0,364.0
1768639682.427211,191600,0.0,2.1,-8.5,115.0,364.0
1768639682.4474468,191620,0.0,1.93,-4.58,115.0,364.0
1768639682.4782157,191640,0.0,1.87,-3.98,89.0,305.0
1768639682.4847438,191660,0.0,1.86,7.02,85.0,296.0
1768639682.4950576,191680,0.0,1.99,-0.97,65.0,250.0
1768639682.5239856,191700,0.0,1.91,-6.86,97.0,323.0
1768639682.5393088,191720,0.0,1.82,-0.43,100.0,330.0
1768639682.5594711,191740,0.0,1.82,-0.07,78.0,280.0
1768639682.5747514,191760,0.0,1.79,-10.56,79.0,282.0
1768639682.5977502,191780,0.0,1.41,-19.52,115.0,364.0
1768639682.6058905,191800,0.0,1.11,-18.14,115.0,364.0
1768639682.6214972,191820,0.0,0.66,-21.29,115.0,364.0
1768639682.6364827,191840,0.0,0.52,-0.92,115.0,364.0
1768639682.6514463,191860,0.0,0.07,-42.71,115.0,364.0
1768639682.668573,191880,0.0,-1.37,-98.69,115.0,364.0
1768639682.713089,191900,0.0,-3.68,-138.6,115.0,364.0
1768639682.7169852,191920,0.0,-6.35,-108.55,115.0,364.0
1768639682.732271,191940,0.0,-8.09,-67.57,115.0,364.0
1768639682.7474382,191960,0.0,-9.04,-32.09,115.0,364.0
1768639682.7677107,191980,0.0,-9.49,-15.53,115.0,364.0
1768639682.782824,192000,0.0,-10.03,-36.54,115.0,364.0
1768639682.8137856,192020,0.0,-10.69,-32.44,115.0,364.0
1768639682.8485312,192040,0.0,-11.23,-24.5,115.0,364.0
1768639682.8494625,192060,0.0,-11.71,-32.36,115.0,364.0
1768639682.85987,192080,0.0,-12.47,-38.42,115.0,364.0
1768639682.88037,192100,0.0,-13.03,-19.84,115.0,364.0
1768639682.8962717,192120,0.0,-13.67,-58.57,115.0,364.0
1768639682.9263566,192140,0.0,-14.75,-59.39,115.0,364.0
1768639682.962766,192160,0.0,-16.05,-62.47,115.0,364.0
1768639682.96376,192180,0.0,-16.97,-22.88,115.0,364.0
1768639682.971919,192200,0.0,-17.23,-31.59,115.0,364.0
1768639682.9927595,192220,0.0,-18.54,-75.59,115.0,364.0
1768639683.0082557,192240,0.0,-19.8,-54.7,115.0,364.0
1768639683.0384593,192260,0.0,-20.62,-23.4,115.0,364.0
1768639683.0532987,192280,0.0,-20.77,0.75,115.0,364.0
1768639683.0836174,192300,0.0,-20.77,-0.06,115.0,364.0
1768639683.084928,192320,0.0,-20.77,-0.44,115.0,364.0
1768639683.104435,192340,0.0,-20.78,-0.28,115.0,364.0
1768639683.1193924,192360,0.0,-20.78,0.13,115.0,364.0
1768639683.1410618,192380,0.0,-20.78,0.61,115.0,364.0
1768639683.16568,192400,0.0,-20.32,48.4,65.0,250.0
1768639683.181243,192420,0.0,-19.6,29.61,65.0,250.0
1768639683.2080972,192440,0.0,-18.84,47.12,65.0,250.0
1768639683.2161837,192460,0.0,-17.4,91.8,65.0,250.0
1768639683.231435,192480,0.0,-15.6,98.92,65.0,250.0
1768639683.2521322,192500,0.0,-13.06,149.59,65.0,250.0
1768639683.262434,192520,0.0,-9.93,162.85,65.0,250.0
1768639683.2778115,192540,0.0,-6.52,179.74,65.0,250.0
1768639683.2934713,192560,0.0,-2.46,233.28,65.0,250.0
1768639683.3314798,192580,0.0,2.49,237.04,65.0,250.0
1768639683.342897,192600,0.0,7.09,200.53,65.0,250.0
1768639683.3646479,192620,0.0,10.71,164.43,65.0,250.0
1768639683.374878,192640,0.0,14.85,240.31,65.0,250.0
1768639683.3903005,192660,0.0,19.62,232.76,65.0,250.0
1768639683.4056873,192680,0.0,24.44,240.99,65.0,250.0
1768639683.4204426,192700,0.0,28.3,174.96,65.0,250.0
1768639683.4428177,192720,0.0,31.03,100.95,65.0,250.0
1768639683.4559445,192740,0.0,33.01,97.79,65.0,250.0
1768639683.4863126,192760,0.0,35.2,134.68,65.0,250.0
1768639683.5015738,192780,0.0,37.94,134.17,65.0,250.0
1768639683.516889,192800,0.0,40.55,124.95,65.0,250.0
1768639683.5321121,192820,0.0,42.64,78.86,65.0,250.0
1768639683.5583467,192840,0.0,43.67,21.44,65.0,250.0
1768639683.56754,192860,0.0,43.91,22.93,65.0,250.0
1768639683.5892253,192880,0.0,44.58,58.22,65.0,250.0
1768639683.5988457,192900,0.0,46.15,91.13,65.0,250.0
1768639683.6146352,192920,0.0,48.02,98.25,65.0,250.0
1768639683.6294968,192940,0.0,50.19,105.76,65.0,250.0
1768639683.645927,192960,0.0,51.88,58.92,65.0,250.0
1768639683.6800075,192980,0.0,52.57,19.52,65.0,250.0
1768639683.7002742,193000,0.0,52.76,7.57,65.0,250.0
1768639683.7105098,193020,0.0,53.09,22.18,65.0,250.0
1768639683.7258835,193040,0.0,53.36,15.45,65.0,250.0
1768639683.7407615,193060,0.0,53.63,17.14,65.0,250.0
1768639683.7616966,193080,0.0,54.02,7.24,65.0,250.0
1768639683.7897413,193100,0.0,54.02,-0.37,65.0,250.0
1768639683.791372,193120,0.0,54.0,-1.6,65.0,250.0
1768639683.8128371,193140,0.0,53.86,-15.48,65.0,250.0
1768639683.8230999,193160,0.0,53.12,-46.89,115.0,364.0
1768639683.838629,193180,0.0,52.37,-36.69,99.0,327.0
1768639683.8728204,193200,0.0,51.49,-54.77,115.0,364.0
1768639683.902175,193220,0.0,50.42,-54.84,115.0,364.0
1768639683.9030814,193240,0.0,49.34,-48.66,115.0,364.0
1768639683.9250188,193260,0.0,48.69,-27.43,87.0,300.0
1768639683.9350388,193280,0.0,48.27,-16.24,65.0,250.0
1768639683.950734,193300,0.0,47.89,-20.31,65.0,250.0
1768639683.9656203,193320,0.0,47.41,-32.99,65.0,250.0
1768639683.9819312,193340,0.0,46.65,-40.85,115.0,364.0
1768639684.0155811,193360,0.0,46.22,-18.96,65.0,250.0
1768639684.0371344,193380,0.0,45.66,-35.46,84.0,293.0
1768639684.0472658,193400,0.0,44.75,-57.88,115.0,364.0
1768639684.06319,193420,0.0,43.03,-115.44,115.0,364.0
1768639684.0775912,193440,0.0,40.34,-140.02,115.0,364.0
1768639684.0930982,193460,0.0,37.81,-115.47,115.0,364.0
1768639684.1384685,193480,0.0,35.23,-148.81,115.0,364.0
1768639684.1489606,193500,0.0,31.82,-199.04,115.0,364.0
1768639684.1595006,193520,0.0,27.69,-192.41,115.0,364.0
1768639684.1748545,193540,0.0,24.5,-137.56,115.0,364.0
1768639684.1897485,193560,0.0,21.7,-143.55,115.0,364.0
1768639684.2052767,193580,0.0,18.75,-136.2,115.0,364.0
1768639684.240704,193600,0.0,16.14,-121.89,115.0,364.0
1768639684.2629557,193620,0.0,13.14,-182.36,115.0,364.0
1768639684.2713315,193640,0.0,9.4,-158.73,115.0,364.0
1768639684.286478,193660,0.0,6.51,-148.09,115.0,364.0
1768639684.3015082,193680,0.0,3.55,-137.17,115.0,364.0
1768639684.3177302,193700,0.0,1.59,-77.84,115.0,364.0
1768639684.3377357,193720,0.0,0.15,-57.41,115.0,364.0
1768639684.3726408,193740,0.0,-0.87,-47.56,115.0,364.0
1768639684.3829145,193760,0.0,-1.62,-39.53,115.0,364.0
1768639684.3982022,193780,0.0,-2.64,-55.55,115.0,364.0
1768639684.4133615,193800,0.0,-3.61,-44.84,115.0,364.0
1768639684.4341364,193820,0.0,-4.53,-43.76,115.0,364.0
1768639684.4488332,193840,0.0,-5.28,-35.08,115.0,364.0
1768639684.4642093,193860,0.0,-6.14,-46.71,115.0,364.0
1768639684.500774,193880,0.0,-7.37,-80.88,115.0,364.0
1768639684.5107234,193900,0.0,-9.07,-96.63,115.0,364.0
1768639684.5259478,193920,0.0,-11.8,-161.06,115.0,364.0
1768639684.5413153,193940,0.0,-13.27,-44.29,115.0,364.0
1768639684.5616553,193960,0.0,-14.17,-41.24,115.0,364.0
1768639684.5768769,193980,0.0,-14.78,-18.47,115.0,364.0
1768639684.6074612,194000,0.0,-15.06,-14.12,115.0,364.0
1768639684.6228335,194020,0.0,-15.77,-71.65,115.0,364.0
1768639684.638253,194040,0.0,-17.63,-95.76,115.0,364.0
1768639684.653568,194060,0.0,-18.97,-41.15,115.0,364.0
1768639684.6737862,194080,0.0,-19.46,-7.94,115.0,364.0
1768639684.6942158,194100,0.0,-19.6,-14.12,115.0,364.0
1768639684.7187188,194120,0.0,-20.12,-20.92,115.0,364.0
1768639684.733939,194140,0.0,-20.47,-15.78,115.0,364.0
1768639684.749156,194160,0.0,-20.74,-12.85,115.0,364.0
1768639684.769417,194180,0.0,-20.99,-8.38,115.0,364.0
1768639684.784586,194200,0.0,-21.02,0.38,115.0,364.0
1768639684.8053946,194220,0.0,-20.86,25.76,115.0,364.0
1768639684.8173637,194240,0.0,-20.21,28.11,65.0,250.0
1768639684.8469338,194260,0.0,-20.0,-0.65,96.0,321.0
1768639684.8658948,194280,0.0,-20.0,0.19,115.0,364.0
1768639684.88106,194300,0.0,-19.75,37.21,96.0,321.0
1768639684.8963575,194320,0.0,-18.45,96.69,65.0,250.0
1768639684.918102,194340,0.0,-15.55,216.47,65.0,250.0
1768639684.9283316,194360,0.0,-9.44,380.94,65.0,250.0
1768639684.951456,194380,0.0,-0.56,494.07,65.0,250.0
1768639684.9708939,194400,0.0,7.74,383.69,65.0,250.0
1768639684.974945,194420,0.0,17.19,483.86,65.0,250.0
1768639685.0088534,194440,0.0,26.28,401.79,65.0,250.0
1768639685.0295682,194460,0.0,30.35,131.88,65.0,250.0
1768639685.039457,194480,0.0,32.97,111.06,65.0,250.0
1768639685.0546336,194500,0.0,34.97,103.33,65.0,250.0
1768639685.091943,194520,0.0,37.4,157.16,65.0,250.0
1768639685.0928996,194540,0.0,40.9,172.99,65.0,250.0
1768639685.1056528,194560,0.0,44.29,179.5,65.0,250.0
1768639685.1206841,194580,0.0,48.88,276.71,65.0,250.0
1768639685.1430404,194600,0.0,53.39,194.75,65.0,250.0
1768639685.166818,194620,0.0,57.27,197.69,65.0,250.0
1768639685.2016344,194640,0.0,60.82,179.2,65.0,250.0
1768639685.2025974,194660,0.0,64.37,166.19,65.0,250.0
1768639685.2174628,194680,0.0,67.86,178.78,65.0,250.0
1768639685.232875,194700,0.0,71.31,155.41,65.0,250.0
1768639685.2542696,194720,0.0,73.94,115.38,65.0,250.0
1768639685.2646124,194740,0.0,76.02,91.03,65.0,250.0
1768639685.28011,194760,0.0,77.63,73.81,65.0,250.0
1768639685.309988,194780,0.0,79.27,91.65,65.0,250.0
1768639685.3298059,194800,0.0,81.22,103.15,65.0,250.0
1768639685.3449612,194820,0.0,83.39,109.81,65.0,250.0
1768639685.3662477,194840,0.0,85.76,128.26,65.0,250.0
1768639685.3768663,194860,0.0,88.21,117.3,65.0,250.0
1768639685.3917003,194880,0.0,90.54,104.57,65.0,250.0
1768639685.4067733,194900,0.0,92.67,93.67,65.0,250.0
1768639685.4434385,194920,0.0,94.42,86.12,65.0,250.0
1768639685.4443266,194940,0.0,95.72,54.78,65.0,250.0
1768639685.4575768,194960,0.0,96.87,59.97,65.0,250.0
1768639685.479543,194980,0.0,98.33,89.46,65.0,250.0
1768639685.5036125,195000,0.0,100.29,106.58,65.0,250.0
1768639685.5188074,195020,0.0,102.5,99.82,65.0,250.0
1768639685.5340402,195040,0.0,104.18,65.14,65.0,250.0
1768639685.5618267,195060,0.0,105.37,57.94,65.0,250.0
1768639685.569216,195080,0.0,106.36,45.36,65.0,250.0
1768639685.5911272,195100,0.0,107.25,51.56,65.0,250.0
1768639685.600697,195120,0.0,108.44,59.54,65.0,250.0
1768639685.6166942,195140,0.0,109.66,53.19,65.0,250.0
1768639685.6321878,195160,0.0,110.69,42.43,65.0,250.0
1768639685.6691594,195180,0.0,111.1,19.49,65.0,250.0
1768639685.6817439,195200,0.0,111.85,21.0,65.0,250.0
1768639685.702332,195220,0.0,112.3,24.82,65.0,250.0
1768639685.7124047,195240,0.0,112.96,49.94,65.0,250.0
1768639685.7276258,195260,0.0,114.12,46.43,65.0,250.0
1768639685.742896,195280,0.0,115.18,45.77,65.0,250.0
1768639685.7826045,195300,0.0,115.63,-0.26,65.0,250.0
1768639685.7841074,195320,0.0,115.63,-0.08,65.0,250.0
1768639685.8145094,195340,0.0,115.38,-37.69,65.0,250.0
1768639685.824646,195360,0.0,114.73,-17.61,65.0,250.0
1768639685.840287,195380,0.0,114.64,0.36,65.0,250.0
1768639685.8549902,195400,0.0,114.64,-0.26,65.0,250.0
1768639685.8951383,195420,0.0,114.64,0.31,65.0,250.0
1768639685.896259,195440,0.0,114.94,41.33,65.0,250.0
1768639685.9059055,195460,0.0,115.31,7.65,65.0,250.0
1768639685.9265673,195480,0.0,115.67,12.48,65.0,250.0
1768639685.9368684,195500,0.0,115.85,10.02,65.0,250.0
1768639685.9670143,195520,0.0,116.6,24.46,65.0,250.0
1768639685.9868627,195540,0.0,117.78,110.83,65.0,250.0
1768639686.0140054,195560,0.0,120.45,140.93,65.0,250.0
1768639686.0175135,195580,0.0,123.55,167.83,65.0,250.0
1768639686.0390444,195600,0.0,126.56,100.24,65.0,250.0
1768639686.0492334,195620,0.0,128.33,98.93,65.0,250.0
1768639686.0645192,195640,0.0,130.6,122.01,65.0,250.0
1768639686.0804732,195660,0.0,133.51,169.8,65.0,250.0
1768639686.1340718,195680,0.0,137.11,185.3,65.0,250.0
1768639686.1354198,195700,0.0,140.41,147.73,65.0,250.0
1768639686.151057,195720,0.0,143.27,148.55,65.0,250.0
1768639686.1611164,195740,0.0,146.17,140.52,65.0,250.0
1768639686.176823,195760,0.0,148.65,122.18,65.0,250.0
1768639686.1914644,195780,0.0,151.05,107.32,65.0,250.0
1768639686.2078633,195800,0.0,153.07,89.42,65.0,250.0
1768639686.2499092,195820,0.0,154.88,87.2,65.0,250.0
1768639686.2625806,195840,0.0,156.51,82.19,65.0,250.0
1768639686.2727838,195860,0.0,158.16,84.78,65.0,250.0
1768639686.2877963,195880,0.0,160.0,90.07,65.0,250.0
1768639686.3027775,195900,0.0,161.58,78.98,65.0,250.0
1768639686.3236828,195920,0.0,163.18,75.51,65.0,250.0
1768639686.3388238,195940,0.0,164.42,40.89,65.0,250.0
1768639686.3539002,195960,0.0,165.04,32.47,65.0,250.0
1768639686.3765652,195980,0.0,165.82,53.38,65.0,250.0
1768639686.4004066,196000,0.0,167.0,63.7,65.0,250.0
1768639686.4153893,196020,0.0,168.36,69.99,65.0,250.0
1768639686.430532,196040,0.0,169.88,80.55,65.0,250.0
1768639686.450785,196060,0.0,171.44,65.59,65.0,250.0
1768639686.488046,196080,0.0,172.76,60.68,65.0,250.0
1768639686.4889386,196100,0.0,173.91,57.07,65.0,250.0
1768639686.4977355,196120,0.0,175.81,161.73,65.0,250.0
1768639686.5136805,196140,0.0,178.84,87.15,65.0,250.0
1768639686.5426376,196160,0.0,179.01,2.65,65.0,250.0
1768639686.5630496,196180,0.0,179.15,8.32,65.0,250.0
1768639686.5781043,196200,0.0,179.31,1.18,65.0,250.0
1768639686.6150346,196220,0.0,179.32,2.6,65.0,250.0
1768639686.6159818,196240,0.0,179.48,19.5,65.0,250.0
1768639686.6247268,196260,0.0,179.95,22.59,65.0,250.0
1768639686.6399057,196280,0.0,-179.74,11.81,115.0,364.0
1768639686.6552348,196300,0.0,-179.27,31.62,115.0,364.0
1768639686.69014,196320,0.0,-178.72,34.49,115.0,364.0
1768639686.712015,196340,0.0,-178.32,4.31,115.0,364.0
1768639686.7218566,196360,0.0,-178.18,8.78,115.0,364.0
1768639686.7403347,196380,0.0,-178.11,0.71,115.0,364.0
1768639686.7519054,196400,0.0,-178.01,9.31,115.0,364.0
1768639686.7674966,196420,0.0,-177.81,6.48,115.0,364.0
1768639686.787215,196440,0.0,-177.6,15.62,115.0,364.0
1768639686.8235986,196460,0.0,-177.42,1.24,115.0,364.0
1768639686.833885,196480,0.0,-177.41,-0.23,115.0,364.0
1768639686.857789,196500,0.0,-177.41,-0.02,115.0,364.0
1768639686.8638394,196520,0.0,-177.41,0.13,115.0,364.0
1768639686.8791995,196540,0.0,-177.41,0.07,115.0,364.0
1768639686.899809,196560,0.0,-177.41,-0.28,115.0,364.0
1768639686.9354138,196580,0.0,-177.42,-1.2,115.0,364.0
1768639686.9456332,196600,0.0,-177.48,-0.69,115.0,364.0
1768639686.9824886,196620,0.0,-177.48,-0.13,115.0,364.0
1768639686.9840188,196640,0.0,-177.49,-0.18,115.0,364.0
1768639686.9920285,196660,0.0,-177.49,-0.08,115.0,364.0
1768639687.0120454,196680,0.0,-177.49,-0.64,115.0,364.0
1768639687.0411518,196700,0.0,-177.61,-10.21,115.0,364.0
1768639687.0563612,196720,0.0,-177.68,-1.03,115.0,364.0
1768639687.0902948,196740,0.0,-177.75,-5.33,115.0,364.0
1768639687.0920358,196760,0.0,-177.81,-0.33,115.0,364.0
1768639687.1075444,196780,0.0,-177.81,-0.16,115.0,364.0
1768639687.1232185,196800,0.0,-177.81,-0.16,115.0,364.0
1768639687.1534317,196820,0.0,-177.81,0.07,115.0,364.0
1768639687.1684341,196840,0.0,-177.82,-0.41,115.0,364.0
1768639687.1995947,196860,0.0,-177.94,-11.24,115.0,364.0
1768639687.2041755,196880,0.0,-178.14,-6.5,115.0,364.0
1768639687.2194812,196900,0.0,-178.28,-13.91,115.0,364.0
1768639687.2354798,196920,0.0,-178.52,-9.53,115.0,364.0
1768639687.265575,196940,0.0,-178.58,-4.1,115.0,364.0
1768639687.280835,196960,0.0,-178.76,-6.17,115.0,364.0
1768639687.30969,196980,0.0,-178.91,-7.99,115.0,364.0
1768639687.317087,197000,0.0,-179.09,-9.69,115.0,364.0
1768639687.3318896,197020,0.0,-179.23,-3.29,115.0,364.0
1768639687.3680234,197040,0.0,-179.37,-18.2,115.0,364.0
1768639687.3781102,197060,0.0,-179.61,-3.96,115.0,364.0
1768639687.3935695,197080,0.0,-179.79,-9.01,115.0,364.0
1768639687.4182498,197100,0.0,-179.97,-14.77,115.0,364.0
1768639687.4243417,197120,0.0,179.88,-0.08,65.0,250.0
1768639687.444196,197140,0.0,179.86,-0.78,65.0,250.0
1768639687.4605615,197160,0.0,179.86,-0.08,65.0,250.0
1768639687.4897184,197180,0.0,179.86,0.03,65.0,250.0
1768639687.5049949,197200,0.0,179.86,-0.01,65.0,250.0
1768639687.5247812,197220,0.0,179.86,-0.08,65.0,250.0
1768639687.5402057,197240,0.0,179.86,-0.01,65.0,250.0
1768639687.5555794,197260,0.0,179.86,0.03,65.0,250.0
1768639687.570619,197280,0.0,179.86,0.09,65.0,250.0
1768639687.592066,197300,0.0,179.86,-0.01,65.0,250.0
1768639687.6022239,197320,0.0,179.84,-5.51,65.0,250.0
1768639687.6173148,197340,0.0,179.32,-35.31,65.0,250.0
1768639687.6523101,197360,0.0,178.66,-43.25,65.0,250.0
1768639687.6675117,197380,0.0,177.72,-50.31,65.0,250.0
1768639687.6827524,197400,0.0,176.56,-57.52,65.0,250.0
1768639687.7048616,197420,0.0,174.83,-121.02,65.0,250.0
1768639687.7146804,197440,0.0,172.42,-121.58,115.0,364.0
1768639687.7465742,197460,0.0,168.97,-249.21,115.0,364.0
1768639687.7602782,197480,0.0,163.43,-286.86,115.0,364.0
1768639687.780288,197500,0.0,157.28,-332.6,115.0,364.0
1768639687.7954888,197520,0.0,149.7,-411.62,115.0,364.0
1768639687.8170462,197540,0.0,141.85,-360.53,115.0,364.0
1768639687.8271964,197560,0.0,135.8,-237.44,115.0,364.0
1768639687.8572028,197580,0.0,133.66,-51.61,65.0,250.0
1768639687.8724608,197600,0.0,132.21,-34.86,115.0,364.0
1768639687.8928046,197620,0.0,131.4,-29.6,65.0,250.0
1768639687.9080114,197640,0.0,130.93,-7.82,65.0,250.0
1768639687.92853,197660,0.0,131.03,33.11,65.0,250.0
1768639687.9389539,197680,0.0,133.7,211.67,65.0,250.0
1768639687.9689908,197700,0.0,137.57,169.46,65.0,250.0
1768639687.9701464,197720,0.0,139.87,40.78,65.0,250.0
1768639688.0040174,197740,0.0,138.83,-120.26,65.0,250.0
1768639688.019179,197760,0.0,136.13,-132.83,115.0,364.0
1768639688.0411265,197780,0.0,134.42,-44.01,87.0,300.0
1768639688.0512726,197800,0.0,133.98,-12.56,65.0,250.0
1768639688.076812,197820,0.0,133.88,-3.0,65.0,250.0
1768639688.0820436,197840,0.0,133.84,0.08,65.0,250.0
1768639688.0987513,197860,0.0,133.84,0.01,65.0,250.0
1768639688.1317527,197880,0.0,133.84,-0.13,65.0,250.0
1768639688.1534343,197900,0.0,133.84,-0.0,65.0,250.0
1768639688.1632347,197920,0.0,133.84,0.01,65.0,250.0
1768639688.1836886,197940,0.0,133.84,-0.08,65.0,250.0
1768639688.193798,197960,0.0,133.84,-0.02,65.0,250.0
1768639688.2088797,197980,0.0,133.84,-0.07,65.0,250.0
1768639688.2289042,198000,0.0,133.84,-0.02,65.0,250.0
1768639688.2448683,198020,0.0,133.84,-0.01,65.0,250.0
1768639688.2652514,198040,0.0,133.84,0.04,65.0,250.0
1768639688.294033,198060,0.0,133.84,-0.09,65.0,250.0
1768639688.3052158,198080,0.0,133.84,-0.01,65.0,250.0
1768639688.325393,198100,0.0,133.84,0.07,65.0,250.0
1768639688.340559,198120,0.0,133.84,-0.02,65.0,250.0
1768639688.3553407,198140,0.0,133.84,-0.01,65.0,250.0
1768639688.4003375,198160,0.0,133.84,0.07,65.0,250.0
1768639688.4019947,198180,0.0,133.84,0.03,65.0,250.0
1768639688.4172683,198200,0.0,133.84,0.06,65.0,250.0
1768639688.4371338,198220,0.0,133.84,-0.04,65.0,250.0
1768639688.4673705,198240,0.0,133.84,0.06,65.0,250.0
1768639688.4964368,198260,0.0,133.84,-0.08,65.0,250.0
1768639688.4994652,198280,0.0,133.84,-0.01,65.0,250.0
1768639688.514512,198300,0.0,133.84,-0.01,65.0,250.0
1768639688.5447183,198320,0.0,133.84,-0.01,65.0,250.0
1768639688.5650783,198340,0.0,133.84,-0.01,65.0,250.0
1768639688.5802016,198360,0.0,133.84,-0.05,65.0,250.0
1768639688.611371,198380,0.0,133.84,0.1,65.0,250.0
1768639688.626548,198400,0.0,133.84,0.06,65.0,250.0
1768639688.64177,198420,0.0,133.84,-0.01,65.0,250.0
1768639688.6569273,198440,0.0,133.84,-0.01,65.0,250.0
1768639688.677013,198460,0.0,133.84,-0.01,65.0,250.0
1768639688.7203825,198480,0.0,133.84,-0.01,65.0,250.0
1768639688.7234552,198500,0.0,133.85,0.06,65.0,250.0
1768639688.7386522,198520,0.0,133.85,0.09,65.0,250.0
1768639688.7535753,198540,0.0,133.85,-0.04,65.0,250.0
1768639688.789458,198560,0.0,133.84,-0.15,65.0,250.0
1768639688.8097956,198580,0.0,133.84,-0.01,65.0,250.0
1768639688.831784,198600,0.0,133.84,0.13,65.0,250.0
1768639688.8346908,198620,0.0,133.84,0.06,65.0,250.0
1768639688.8650954,198640,0.0,133.84,-0.01,65.0,250.0
1768639688.8854866,198660,0.0,133.84,-0.04,65.0,250.0
1768639688.9004798,198680,0.0,133.84,-0.01,65.0,250.0
1768639688.921781,198700,0.0,133.85,-0.01,65.0,250.0
1768639688.9557252,198720,0.0,133.85,-0.08,65.0,250.0
1768639688.962315,198740,0.0,133.85,0.13,65.0,250.0
1768639688.977535,198760,0.0,133.85,0.06,65.0,250.0
1768639688.9975734,198780,0.0,133.85,-0.01,65.0,250.0
1768639689.0283751,198800,0.0,133.85,-0.01,65.0,250.0
1768639689.0438952,198820,0.0,133.85,-0.08,65.0,250.0
1768639689.0586426,198840,0.0,133.85,-0.03,65.0,250.0
1768639689.0839453,198860,0.0,133.85,-0.11,65.0,250.0
1768639689.1084983,198880,0.0,133.84,-0.08,65.0,250.0
1768639689.129335,198900,0.0,133.84,-0.08,65.0,250.0
1768639689.1393309,198920,0.0,133.84,-0.01,65.0,250.0
1768639689.1545186,198940,0.0,133.84,-0.01,65.0,250.0
1768639689.2054532,198960,0.0,133.84,-0.04,65.0,250.0
1768639689.2064018,198980,0.0,133.84,0.03,65.0,250.0
1768639689.2202191,199000,0.0,133.84,0.01,65.0,250.0
1768639689.2419753,199020,0.0,133.84,0.1,65.0,250.0
1768639689.2668834,199040,0.0,133.84,-0.01,65.0,250.0
1768639689.2824686,199060,0.0,133.84,0.01,65.0,250.0
1768639689.3152542,199080,0.0,133.84,-0.08,65.0,250.0
1768639689.3176842,199100,0.0,133.84,-0.01,65.0,250.0
1768639689.3536046,199120,0.0,133.84,0.06,65.0,250.0
1768639689.3635478,199140,0.0,133.84,-0.04,65.0,250.0
1768639689.3786042,199160,0.0,133.84,-0.03,65.0,250.0
1768639689.3936598,199180,0.0,133.84,-0.11,65.0,250.0
1768639689.431344,199200,0.0,133.84,-0.08,65.0,250.0
1768639689.4441948,199220,0.0,133.84,0.06,65.0,250.0
1768639689.4662497,199240,0.0,133.84,-0.01,65.0,250.0
1768639689.476095,199260,0.0,133.84,0.03,65.0,250.0
1768639689.5063815,199280,0.0,133.84,-0.01,65.0,250.0
1768639689.5214987,199300,0.0,133.84,-0.01,65.0,250.0
1768639689.5462687,199320,0.0,133.84,0.02,65.0,250.0
1768639689.5570939,199340,0.0,133.84,-0.01,65.0,250.0
1768639689.5882483,199360,0.0,133.84,0.06,65.0,250.0
1768639689.6033633,199380,0.0,133.85,-0.01,65.0,250.0
1768639689.6187584,199400,0.0,133.85,-0.01,65.0,250.0
1768639689.6386638,199420,0.0,133.85,-0.01,65.0,250.0
1768639689.6689591,199440,0.0,133.85,-0.01,65.0,250.0
1768639689.6902468,199460,0.0,133.85,-0.01,65.0,250.0
1768639689.7006567,199480,0.0,133.85,-0.05,65.0,250.0
1768639689.7156131,199500,0.0,133.85,-0.01,65.0,250.0
1768639689.7311788,199520,0.0,133.85,0.03,65.0,250.0
1768639689.7686515,199540,0.0,133.85,-0.01,65.0,250.0
1768639689.781226,199560,0.0,133.85,-0.01,65.0,250.0
1768639689.8018835,199580,0.0,133.85,0.1,65.0,250.0
1768639689.8118272,199600,0.0,133.85,0.06,65.0,250.0
1768639689.8419929,199620,0.0,133.85,0.06,65.0,250.0
1768639689.870971,199640,0.0,133.85,-0.04,65.0,250.0
1768639689.877682,199660,0.0,133.85,0.06,65.0,250.0
1768639689.8924773,199680,0.0,133.85,-0.08,65.0,250.0
1768639689.9246032,199700,0.0,133.85,-0.01,65.0,250.0
1768639689.9397626,199720,0.0,133.85,0.02,65.0,250.0
1768639689.9551668,199740,0.0,133.85,-0.08,65.0,250.0
1768639689.974934,199760,0.0,133.85,-0.12,65.0,250.0
1768639690.0051723,199780,0.0,133.85,0.03,65.0,250.0
1768639690.0268328,199800,0.0,133.85,-0.04,65.0,250.0
1768639690.036647,199820,0.0,133.85,0.01,65.0,250.0
1768639690.051594,199840,0.0,133.85,0.06,65.0,250.0
1768639690.087015,199860,0.0,133.85,0.03,65.0,250.0
1768639690.1023872,199880,0.0,133.85,-0.01,65.0,250.0
1768639690.117766,199900,0.0,133.85,0.06,65.0,250.0
1768639690.1384437,199920,0.0,133.85,-0.01,65.0,250.0
1768639690.1639926,199940,0.0,133.85,0.06,65.0,250.0
1768639690.1832027,199960,0.0,133.85,-0.08,65.0,250.0
1768639690.194301,199980,0.0,133.85,0.06,65.0,250.0
1768639690.2142558,200000,0.0,133.85,-0.11,65.0,250.0
1768639690.2506652,200020,0.0,133.85,0.06,65.0,250.0
1768639690.2608151,200040,0.0,133.85,-0.08,65.0,250.0
1768639690.2820063,200060,0.0,133.85,-0.01,65.0,250.0
1768639690.2912984,200080,0.0,133.85,-0.15,65.0,250.0
1768639690.326377,200100,0.0,133.85,-0.01,65.0,250.0
1768639690.341555,200120,0.0,133.85,0.06,65.0,250.0
1768639690.362914,200140,0.0,133.85,-0.08,65.0,250.0
1768639690.385332,200160,0.0,133.85,0.03,65.0,250.0
1768639690.4035044,200180,0.0,133.85,-0.01,65.0,250.0
1768639690.4186368,200200,0.0,133.85,-0.01,65.0,250.0
1768639690.4387586,200220,0.0,133.85,-0.08,65.0,250.0
1768639690.4537592,200240,0.0,133.85,-0.01,65.0,250.0
1768639690.5008178,200260,0.0,133.85,-0.01,65.0,250.0
1768639690.5017247,200280,0.0,133.85,0.13,65.0,250.0
1768639690.5154963,200300,0.0,133.85,-0.08,65.0,250.0
1768639690.5302804,200320,0.0,133.85,-0.06,65.0,250.0
1768639690.5656207,200340,0.0,133.85,0.06,65.0,250.0
1768639690.5872512,200360,0.0,133.85,-0.08,65.0,250.0
1768639690.6080394,200380,0.0,133.85,0.06,65.0,250.0
1768639690.6120992,200400,0.0,133.85,-0.05,65.0,250.0
1768639690.6424189,200420,0.0,133.85,-0.1,65.0,250.0
1768639690.6626604,200440,0.0,133.85,0.06,65.0,250.0
1768639690.6780114,200460,0.0,133.85,0.06,65.0,250.0
1768639690.716703,200480,0.0,133.85,-0.01,65.0,250.0
1768639690.7244396,200500,0.0,133.85,0.06,65.0,250.0
1768639690.7398107,200520,0.0,133.85,-0.01,65.0,250.0
1768639690.7547686,200540,0.0,133.85,-0.01,65.0,250.0
1768639690.774677,200560,0.0,133.85,0.1,65.0,250.0
1768639690.8112297,200580,0.0,133.85,-0.01,65.0,250.0
1768639690.8400466,200600,0.0,133.86,-0.08,65.0,250.0
1768639690.8406029,200620,0.0,133.86,-0.05,65.0,250.0
1768639690.8514667,200640,0.0,133.85,-0.1,65.0,250.0
1768639690.886749,200660,0.0,133.85,0.02,65.0,250.0
1768639690.9019406,200680,0.0,133.85,0.03,65.0,250.0
1768639690.9233582,200700,0.0,133.85,-0.06,65.0,250.0
1768639690.93323,200720,0.0,133.85,-0.01,65.0,250.0
1768639690.9638188,200740,0.0,133.85,-0.08,65.0,250.0
1768639690.9792075,200760,0.0,133.85,-0.08,65.0,250.0
1768639690.9992197,200780,0.0,133.85,0.03,65.0,250.0
1768639691.0191326,200800,0.0,133.85,-0.01,65.0,250.0
1768639691.0442429,200820,0.0,133.85,-0.05,65.0,250.0
1768639691.069562,200840,0.0,133.85,-0.08,65.0,250.0
1768639691.0797982,200860,0.0,133.85,-0.03,65.0,250.0
1768639691.0948703,200880,0.0,133.85,-0.08,65.0,250.0
1768639691.1317184,200900,0.0,133.85,-0.08,65.0,250.0
1768639691.1420898,200920,0.0,133.85,-0.1,65.0,250.0
1768639691.157262,200940,0.0,133.85,0.06,65.0,250.0
1768639691.178243,200960,0.0,133.85,0.03,65.0,250.0
1768639691.2076278,200980,0.0,133.85,-0.08,65.0,250.0
1768639691.2230656,201000,0.0,133.85,-0.08,65.0,250.0
1768639691.243901,201020,0.0,133.85,0.06,65.0,250.0
1768639691.2537937,201040,0.0,133.85,-0.08,65.0,250.0
1768639691.2908819,201060,0.0,133.85,0.03,65.0,250.0
1768639691.2993739,201080,0.0,133.85,-0.03,65.0,250.0
1768639691.3195968,201100,0.0,133.85,0.06,65.0,250.0
1768639691.3343394,201120,0.0,133.85,0.06,65.0,250.0
1768639691.3657563,201140,0.0,133.85,0.04,65.0,250.0
1768639691.399136,201160,0.0,133.85,0.09,65.0,250.0
1768639691.4004376,201180,0.0,133.85,-0.04,65.0,250.0
1768639691.4113395,201200,0.0,133.85,-0.01,65.0,250.0
1768639691.4467783,201220,0.0,133.85,-0.08,65.0,250.0
1768639691.4680676,201240,0.0,133.85,0.06,65.0,250.0
1768639691.4782865,201260,0.0,133.85,-0.01,65.0,250.0
1768639691.5134807,201280,0.0,133.85,-0.01,65.0,250.0
1768639691.5284088,201300,0.0,133.85,0.06,65.0,250.0
1768639691.5436008,201320,0.0,133.85,0.06,65.0,250.0
1768639691.558784,201340,0.0,133.85,-0.15,65.0,250.0
1768639691.5795088,201360,0.0,133.85,0.06,65.0,250.0
1768639691.6127675,201380,0.0,133.85,-0.01,65.0,250.0
1768639691.620096,201400,0.0,133.85,-0.01,65.0,250.0
1768639691.6405263,201420,0.0,133.85,0.06,65.0,250.0
1768639691.655525,201440,0.0,133.85,-0.01,65.0,250.0
1768639691.6923122,201460,0.0,133.85,-0.08,65.0,250.0
1768639691.7022464,201480,0.0,133.85,-0.18,65.0,250.0
1768639691.7173703,201500,0.0,133.85,0.13,65.0,250.0
1768639691.7366629,201520,0.0,133.85,-0.01,65.0,250.0
1768639691.7678998,201540,0.0,133.85,0.03,65.0,250.0
1768639691.7829494,201560,0.0,133.85,-0.08,65.0,250.0
1768639691.8041735,201580,0.0,133.85,-0.1,65.0,250.0
1768639691.8141224,201600,0.0,133.85,-0.01,65.0,250.0
1768639691.8610058,201620,0.0,133.85,-0.01,65.0,250.0
1768639691.8619986,201640,0.0,133.85,-0.01,65.0,250.0
1768639691.8801074,201660,0.0,133.85,-0.08,65.0,250.0
1768639691.895124,201680,0.0,133.85,-0.13,65.0,250.0
1768639691.926501,201700,0.0,133.85,-0.01,65.0,250.0
1768639691.9415026,201720,0.0,133.85,-0.01,65.0,250.0
1768639691.957217,201740,0.0,133.85,-0.06,65.0,250.0
1768639691.9791505,201760,0.0,133.85,-0.04,65.0,250.0
1768639692.0070546,201780,0.0,133.85,0.06,65.0,250.0
1768639692.0285876,201800,0.0,133.85,-0.01,65.0,250.0
1768639692.0388408,201820,0.0,133.85,-0.08,65.0,250.0
1768639692.0533924,201840,0.0,133.85,0.03,65.0,250.0
1768639692.0857894,201860,0.0,133.85,-0.04,65.0,250.0
1768639692.1043296,201880,0.0,133.85,-0.05,65.0,250.0
1768639692.1196055,201900,0.0,133.85,-0.01,65.0,250.0
1768639692.1425483,201920,0.0,133.85,-0.01,65.0,250.0
1768639692.1655915,201940,0.0,133.85,-0.01,65.0,250.0
1768639692.1936247,201960,0.0,133.85,-0.08,65.0,250.0
1768639692.1959877,201980,0.0,133.85,0.02,65.0,250.0
1768639692.2161655,202000,0.0,133.85,-0.01,65.0,250.0
1768639692.2526193,202020,0.0,133.85,-0.08,65.0,250.0
1768639692.2627351,202040,0.0,133.85,-0.08,65.0,250.0
1768639692.2778068,202060,0.0,133.85,-0.08,65.0,250.0
1768639692.3095493,202080,0.0,133.85,-0.11,65.0,250.0
1768639692.32833,202100,0.0,133.85,-0.08,65.0,250.0
1768639692.3435597,202120,0.0,133.85,0.06,65.0,250.0
1768639692.3646646,202140,0.0,133.85,-0.01,65.0,250.0
1768639692.3747597,202160,0.0,133.85,-0.01,65.0,250.0
1768639692.4160676,202180,0.0,133.85,-0.08,65.0,250.0
1768639692.4202168,202200,0.0,133.85,-0.01,65.0,250.0
1768639692.4402857,202220,0.0,133.85,0.13,65.0,250.0
1768639692.4551954,202240,0.0,133.85,-0.04,65.0,250.0
1768639692.4862149,202260,0.0,133.85,-0.08,65.0,250.0
1768639692.501265,202280,0.0,133.85,-0.01,65.0,250.0
1768639692.5256865,202300,0.0,133.85,0.09,65.0,250.0
1768639692.5363119,202320,0.0,133.85,-0.01,65.0,250.0
1768639692.566766,202340,0.0,133.85,-0.03,65.0,250.0
1768639692.58876,202360,0.0,133.85,-0.08,65.0,250.0
1768639692.5990252,202380,0.0,133.85,0.03,65.0,250.0
1768639692.6139095,202400,0.0,133.85,-0.13,65.0,250.0
1768639692.6444724,202420,0.0,133.85,0.06,65.0,250.0
1768639692.6645987,202440,0.0,133.85,-0.05,65.0,250.0
1768639692.679819,202460,0.0,133.85,-0.08,65.0,250.0
1768639692.700547,202480,0.0,133.85,0.02,65.0,250.0
1768639692.7260919,202500,0.0,133.85,-0.05,65.0,250.0
1768639692.7476552,202520,0.0,133.85,-0.15,65.0,250.0
1768639692.7568178,202540,0.0,133.85,-0.01,65.0,250.0
1768639692.7765481,202560,0.0,133.85,-0.06,65.0,250.0
1768639692.81297,202580,0.0,133.85,0.03,65.0,250.0
1768639692.8229754,202600,0.0,133.85,-0.08,65.0,250.0
1768639692.838405,202620,0.0,133.85,-0.03,65.0,250.0
1768639692.8581927,202640,0.0,133.85,-0.01,65.0,250.0
1768639692.8887064,202660,0.0,133.85,-0.08,65.0,250.0
1768639692.9040773,202680,0.0,133.85,0.03,65.0,250.0
1768639692.924928,202700,0.0,133.85,-0.01,65.0,250.0
1768639692.9347765,202720,0.0,133.85,0.03,65.0,250.0
1768639692.975227,202740,0.0,133.85,-0.08,65.0,250.0
1768639692.9807055,202760,0.0,133.85,-0.08,65.0,250.0
1768639693.0010195,202780,0.0,133.85,0.06,65.0,250.0
1768639693.015958,202800,0.0,133.85,-0.08,65.0,250.0
1768639693.047902,202820,0.0,133.85,0.02,65.0,250.0
1768639693.063182,202840,0.0,133.85,0.06,65.0,250.0
1768639693.0868685,202860,0.0,133.85,-0.08,65.0,250.0
1768639693.0934715,202880,0.0,133.85,0.06,65.0,250.0
1768639693.1288679,202900,0.0,133.85,-0.08,65.0,250.0
1768639693.1507354,202920,0.0,133.85,-0.04,65.0,250.0
1768639693.1587946,202940,0.0,133.85,0.04,65.0,250.0
1768639693.1738088,202960,0.0,133.85,-0.08,65.0,250.0
1768639693.2093277,202980,0.0,133.85,0.06,65.0,250.0
1768639693.224601,203000,0.0,133.85,-0.03,65.0,250.0
1768639693.239666,203020,0.0,133.85,-0.01,65.0,250.0
1768639693.2611644,203040,0.0,133.85,0.03,65.0,250.0
1768639693.2864974,203060,0.0,133.85,-0.13,65.0,250.0
1768639693.3178165,203080,0.0,133.85,-0.08,65.0,250.0
1768639693.3220782,203100,0.0,133.85,-0.08,65.0,250.0
1768639693.3372777,203120,0.0,133.85,-0.01,65.0,250.0
1768639693.3676224,203140,0.0,133.85,-0.08,65.0,250.0
1768639693.3831017,203160,0.0,133.85,-0.01,65.0,250.0
1768639693.3982852,203180,0.0,133.85,-0.11,65.0,250.0
1768639693.4131866,203200,0.0,133.84,-0.08,65.0,250.0
1768639693.448531,203220,0.0,133.84,-0.01,65.0,250.0
1768639693.4699128,203240,0.0,133.84,-0.04,65.0,250.0
1768639693.4800718,203260,0.0,133.84,0.13,65.0,250.0
1768639693.4949865,203280,0.0,133.84,0.03,65.0,250.0
1768639693.5252376,203300,0.0,133.84,0.03,65.0,250.0
1768639693.5456197,203320,0.0,133.84,-0.05,65.0,250.0
1768639693.5710042,203340,0.0,133.84,-0.01,65.0,250.0
1768639693.5819077,203360,0.0,133.84,-0.01,65.0,250.0
1768639693.6071563,203380,0.0,133.84,-0.01,65.0,250.0
1768639693.6222959,203400,0.0,133.84,-0.08,65.0,250.0
1768639693.6375065,203420,0.0,133.84,0.06,65.0,250.0
1768639693.6574667,203440,0.0,133.84,-0.03,65.0,250.0
1768639693.7062566,203460,0.0,133.84,-0.08,65.0,250.0
1768639693.7072792,203480,0.0,133.84,-0.01,65.0,250.0
1768639693.7194355,203500,0.0,133.84,-0.01,65.0,250.0
1768639693.7342362,203520,0.0,133.84,0.06,65.0,250.0
1768639693.769621,203540,0.0,133.84,-0.01,65.0,250.0
1768639693.785035,203560,0.0,133.84,0.06,65.0,250.0
1768639693.8058684,203580,0.0,133.84,0.03,65.0,250.0
1768639693.8297706,203600,0.0,133.84,0.04,65.0,250.0
1768639693.8465164,203620,0.0,133.85,0.02,65.0,250.0
1768639693.8616605,203640,0.0,133.85,-0.01,65.0,250.0
1768639693.8819895,203660,0.0,133.85,-0.01,65.0,250.0
1768639693.8984766,203680,0.0,133.85,-0.01,65.0,250.0
1768639693.9280055,203700,0.0,133.84,-0.08,65.0,250.0
1768639693.9540153,203720,0.0,133.84,-0.01,65.0,250.0
1768639693.95883,203740,0.0,133.84,-0.08,65.0,250.0
1768639693.9734757,203760,0.0,133.84,-0.08,65.0,250.0
1768639694.0087616,203780,0.0,133.84,-0.01,65.0,250.0
1768639694.0300438,203800,0.0,133.84,-0.01,65.0,250.0
1768639694.0403821,203820,0.0,133.84,-0.01,65.0,250.0
1768639694.0553014,203840,0.0,133.84,-0.08,65.0,250.0
1768639694.085446,203860,0.0,133.84,0.03,65.0,250.0
1768639694.1059098,203880,0.0,133.84,0.04,65.0,250.0
1768639694.1211,203900,0.0,133.84,0.02,65.0,250.0
1768639694.141426,203920,0.0,133.84,0.03,65.0,250.0
1768639694.1667507,203940,0.0,133.84,-0.04,65.0,250.0
1768639694.1943424,203960,0.0,133.84,0.1,65.0,250.0
1768639694.2019196,203980,0.0,133.84,0.02,65.0,250.0
1768639694.2171142,204000,0.0,133.84,0.06,65.0,250.0
1768639694.254109,204020,0.0,133.85,0.06,65.0,250.0
1768639694.264097,204040,0.0,133.85,-0.08,65.0,250.0
1768639694.2793653,204060,0.0,133.85,0.06,65.0,250.0
1768639694.309467,204080,0.0,133.85,-0.01,65.0,250.0
1768639694.3298569,204100,0.0,133.85,0.06,65.0,250.0
1768639694.3452277,204120,0.0,133.85,0.06,65.0,250.0
1768639694.3661132,204140,0.0,133.85,0.1,65.0,250.0
1768639694.3758483,204160,0.0,133.85,-0.04,65.0,250.0
1768639694.4063342,204180,0.0,133.85,-0.01,65.0,250.0
1768639694.432003,204200,0.0,133.85,0.06,65.0,250.0
1768639694.4420445,204220,0.0,133.85,-0.01,65.0,250.0
1768639694.4569623,204240,0.0,133.85,-0.04,65.0,250.0
1768639694.4881353,204260,0.0,133.85,-0.06,65.0,250.0
1768639694.5033433,204280,0.0,133.85,0.06,65.0,250.0
1768639694.5187154,204300,0.0,133.85,-0.04,65.0,250.0
1768639694.5338361,204320,0.0,133.86,-0.01,65.0,250.0
1768639694.5596905,204340,0.0,133.86,0.1,65.0,250.0
1768639694.5901964,204360,0.0,133.86,-0.01,65.0,250.0
1768639694.6006925,204380,0.0,133.86,-0.01,65.0,250.0
1768639694.615733,204400,0.0,133.86,-0.08,65.0,250.0
1768639694.6308596,204420,0.0,133.86,-0.13,65.0,250.0
1768639694.6658902,204440,0.0,133.86,0.03,65.0,250.0
1768639694.6950963,204460,0.0,133.86,-0.01,65.0,250.0
1768639694.7025316,204480,0.0,133.86,-0.03,65.0,250.0
1768639694.7124145,204500,0.0,133.86,-0.01,65.0,250.0
1768639694.7430038,204520,0.0,133.86,-0.08,65.0,250.0
1768639694.7580633,204540,0.0,133.86,-0.04,65.0,250.0
1768639694.7782102,204560,0.0,133.86,-0.01,65.0,250.0
1768639694.7933557,204580,0.0,133.86,-0.08,65.0,250.0
1768639694.824656,204600,0.0,133.85,-0.01,65.0,250.0
1768639694.8399053,204620,0.0,133.86,0.03,65.0,250.0
1768639694.855168,204640,0.0,133.86,-0.01,65.0,250.0
1768639694.8697987,204660,0.0,133.86,0.06,65.0,250.0
1768639694.9054058,204680,0.0,133.86,-0.01,65.0,250.0
1768639694.92672,204700,0.0,133.86,0.06,65.0,250.0
1768639694.9489496,204720,0.0,133.86,-0.08,65.0,250.0
1768639694.9517367,204740,0.0,133.86,0.03,65.0,250.0
1768639694.9823675,204760,0.0,133.86,-0.08,65.0,250.0
1768639695.0024676,204780,0.0,133.86,0.06,65.0,250.0
1768639695.0176663,204800,0.0,133.86,0.06,65.0,250.0
1768639695.0385702,204820,0.0,133.86,-0.04,65.0,250.0
1768639695.072459,204840,0.0,133.86,0.03,65.0,250.0
1768639695.0789466,204860,0.0,133.86,0.06,65.0,250.0
1768639695.0943968,204880,0.0,133.86,0.1,65.0,250.0
1768639695.1143374,204900,0.0,133.86,0.09,65.0,250.0
1768639695.1504261,204920,0.0,133.86,-0.06,65.0,250.0
1768639695.1606197,204940,0.0,133.86,0.06,65.0,250.0
1768639695.1756406,204960,0.0,133.86,-0.05,65.0,250.0
1768639695.1906514,204980,0.0,133.86,0.03,65.0,250.0
1768639695.2262213,205000,0.0,133.86,-0.01,65.0,250.0
1768639695.241597,205020,0.0,133.86,-0.22,65.0,250.0
1768639695.2632246,205040,0.0,133.86,-0.08,65.0,250.0
1768639695.2728705,205060,0.0,133.86,0.03,65.0,250.0
1768639695.3032744,205080,0.0,133.86,-0.06,65.0,250.0
1768639695.3232794,205100,0.0,133.86,-0.08,65.0,250.0
1768639695.3390725,205120,0.0,133.86,-0.08,65.0,250.0
1768639695.3530767,205140,0.0,133.86,-0.06,65.0,250.0
1768639695.3844914,205160,0.0,133.86,0.06,65.0,250.0
1768639695.3996654,205180,0.0,133.86,-0.01,65.0,250.0
1768639695.4149194,205200,0.0,133.86,-0.08,65.0,250.0
1768639695.446703,205220,0.0,133.86,0.03,65.0,250.0
1768639695.4653523,205240,0.0,133.86,0.09,65.0,250.0
1768639695.4872642,205260,0.0,133.86,-0.01,65.0,250.0
1768639695.497474,205280,0.0,133.86,-0.01,65.0,250.0
1768639695.512302,205300,0.0,133.86,-0.01,65.0,250.0
1768639695.5425847,205320,0.0,133.86,-0.01,65.0,250.0
1768639695.5722985,205340,0.0,133.86,-0.01,65.0,250.0
1768639695.5782104,205360,0.0,133.86,-0.06,65.0,250.0
1768639695.5993905,205380,0.0,133.86,-0.01,65.0,250.0
1768639695.6246603,205400,0.0,133.86,-0.11,65.0,250.0
1768639695.6398764,205420,0.0,133.86,0.09,65.0,250.0
1768639695.6549952,205440,0.0,133.86,-0.04,65.0,250.0
1768639695.6749554,205460,0.0,133.86,-0.01,65.0,250.0
1768639695.7155397,205480,0.0,133.86,-0.08,65.0,250.0
1768639695.7202308,205500,0.0,133.86,-0.11,65.0,250.0
1768639695.7353432,205520,0.0,133.86,0.01,65.0,250.0
1768639695.7552297,205540,0.0,133.86,0.06,65.0,250.0
1768639695.7857056,205560,0.0,133.86,-0.01,65.0,250.0
1768639695.8076665,205580,0.0,133.86,-0.08,65.0,250.0
1768639695.8177664,205600,0.0,133.86,-0.04,65.0,250.0
1768639695.8366606,205620,0.0,133.86,-0.08,65.0,250.0
1768639695.8629084,205640,0.0,133.86,0.02,65.0,250.0
1768639695.883384,205660,0.0,133.86,-0.08,65.0,250.0
1768639695.8986242,205680,0.0,133.86,0.04,65.0,250.0
1768639695.9193218,205700,0.0,133.85,0.02,65.0,250.0
1768639695.9608395,205720,0.0,133.85,0.06,65.0,250.0
1768639695.9618828,205740,0.0,133.85,-0.08,65.0,250.0
1768639695.9750803,205760,0.0,133.85,0.06,65.0,250.0
1768639695.9956427,205780,0.0,133.85,-0.01,65.0,250.0
1768639696.0318453,205800,0.0,133.85,-0.01,65.0,250.0
1768639696.0417643,205820,0.0,133.85,-0.01,65.0,250.0
1768639696.0569394,205840,0.0,133.86,0.06,65.0,250.0
1768639696.0864522,205860,0.0,133.85,0.03,65.0,250.0
1768639696.1075928,205880,0.0,133.85,0.13,65.0,250.0
1768639696.1225903,205900,0.0,133.85,-0.01,65.0,250.0
1768639696.1443384,205920,0.0,133.85,0.06,65.0,250.0
1768639696.1538553,205940,0.0,133.86,-0.01,65.0,250.0
1768639696.1842237,205960,0.0,133.86,-0.03,65.0,250.0
1768639696.2126377,205980,0.0,133.86,0.13,65.0,250.0
1768639696.2198644,206000,0.0,133.86,-0.01,65.0,250.0
1768639696.234538,206020,0.0,133.86,0.06,65.0,250.0
1768639696.2654383,206040,0.0,133.86,-0.04,65.0,250.0
1768639696.280866,206060,0.0,133.86,-0.15,65.0,250.0
1768639696.2957814,206080,0.0,133.86,-0.12,65.0,250.0
1768639696.3160005,206100,0.0,133.86,-0.04,65.0,250.0
1768639696.3516312,206120,0.0,133.86,-0.01,65.0,250.0
1768639696.3681571,206140,0.0,133.86,0.03,65.0,250.0
1768639696.3780255,206160,0.0,133.86,-0.01,65.0,250.0
1768639696.393199,206180,0.0,133.86,0.04,65.0,250.0
1768639696.4237297,206200,0.0,133.86,-0.05,65.0,250.0
1768639696.4439814,206220,0.0,133.86,-0.04,65.0,250.0
1768639696.4591727,206240,0.0,133.86,-0.11,65.0,250.0
1768639696.490803,206260,0.0,133.86,0.06,65.0,250.0
1768639696.5056093,206280,0.0,133.86,0.06,65.0,250.0
1768639696.520457,206300,0.0,133.86,-0.04,65.0,250.0
1768639696.5359511,206320,0.0,133.86,-0.01,65.0,250.0
1768639696.5557208,206340,0.0,133.86,0.01,65.0,250.0
1768639696.592194,206360,0.0,133.86,0.06,65.0,250.0
1768639696.613986,206380,0.0,133.86,-0.15,65.0,250.0
1768639696.6176035,206400,0.0,133.86,-0.01,65.0,250.0
1768639696.6327078,206420,0.0,133.86,-0.01,65.0,250.0
1768639696.668232,206440,0.0,133.86,-0.08,65.0,250.0
1768639696.683444,206460,0.0,133.86,-0.01,65.0,250.0
1768639696.7044263,206480,0.0,133.86,-0.08,65.0,250.0
1768639696.7145133,206500,0.0,133.86,-0.08,65.0,250.0
1768639696.745091,206520,0.0,133.86,-0.01,65.0,250.0
1768639696.760231,206540,0.0,133.86,0.02,65.0,250.0
1768639696.7803836,206560,0.0,133.86,0.08,65.0,250.0
1768639696.7950363,206580,0.0,133.86,0.03,65.0,250.0
1768639696.8266544,206600,0.0,133.86,-0.01,65.0,250.0
1768639696.841779,206620,0.0,133.86,-0.08,65.0,250.0
1768639696.8586679,206640,0.0,133.86,0.03,65.0,250.0
1768639696.871918,206660,0.0,133.86,-0.22,65.0,250.0
1768639696.9072654,206680,0.0,133.85,-0.08,65.0,250.0
1768639696.9280372,206700,0.0,133.85,0.03,65.0,250.0
1768639696.938086,206720,0.0,133.85,0.06,65.0,250.0
1768639696.952757,206740,0.0,133.85,0.1,65.0,250.0
1768639696.9886234,206760,0.0,133.85,-0.08,65.0,250.0
1768639697.0040197,206780,0.0,133.85,-0.08,65.0,250.0
1768639697.0190184,206800,0.0,133.85,-0.18,65.0,250.0
1768639697.0406241,206820,0.0,133.85,-0.01,65.0,250.0
1768639697.0657675,206840,0.0,133.85,0.13,65.0,250.0
1768639697.092324,206860,0.0,133.85,-0.01,65.0,250.0
1768639697.096385,206880,0.0,133.85,-0.01,65.0,250.0
1768639697.1165526,206900,0.0,133.85,-0.11,65.0,250.0
1768639697.1528006,206920,0.0,133.85,-0.08,65.0,250.0
1768639697.1628368,206940,0.0,133.85,0.06,65.0,250.0
1768639697.1782854,206960,0.0,133.86,-0.08,65.0,250.0
1768639697.201813,206980,0.0,133.85,-0.01,65.0,250.0
1768639697.2287028,207000,0.0,133.85,-0.03,65.0,250.0
1768639697.243911,207020,0.0,133.85,-0.04,65.0,250.0
1768639697.265093,207040,0.0,133.85,0.13,65.0,250.0
1768639697.2750134,207060,0.0,133.85,-0.08,65.0,250.0
1768639697.3053215,207080,0.0,133.85,-0.01,65.0,250.0
1768639697.3245711,207100,0.0,133.85,0.06,65.0,250.0
1768639697.341518,207120,0.0,133.85,-0.01,65.0,250.0
1768639697.3562236,207140,0.0,133.85,0.03,65.0,250.0
1768639697.3870897,207160,0.0,133.86,0.08,65.0,250.0
1768639697.4022267,207180,0.0,133.86,0.06,65.0,250.0
1768639697.4174783,207200,0.0,133.86,-0.01,65.0,250.0
1768639697.432507,207220,0.0,133.86,-0.03,65.0,250.0
1768639697.4680076,207240,0.0,133.86,-0.01,65.0,250.0
1768639697.4892416,207260,0.0,133.86,-0.01,65.0,250.0
1768639697.4994226,207280,0.0,133.86,0.06,65.0,250.0
1768639697.5143087,207300,0.0,133.86,-0.01,65.0,250.0
1768639697.557688,207320,0.0,133.86,-0.01,65.0,250.0
1768639697.5647724,207340,0.0,133.85,-0.04,65.0,250.0
1768639697.5847945,207360,0.0,133.85,-0.01,65.0,250.0
1768639697.595243,207380,0.0,133.85,-0.03,65.0,250.0
1768639697.624986,207400,0.0,133.86,0.06,65.0,250.0
1768639697.6454697,207420,0.0,133.86,0.06,65.0,250.0
1768639697.6603494,207440,0.0,133.86,0.06,65.0,250.0
1768639697.6857767,207460,0.0,133.86,-0.08,65.0,250.0
1768639697.7075095,207480,0.0,133.86,0.17,65.0,250.0
1768639697.7229104,207500,0.0,133.86,0.06,65.0,250.0
1768639697.7380111,207520,0.0,133.86,-0.04,65.0,250.0
1768639697.752738,207540,0.0,133.86,-0.08,65.0,250.0
1768639697.788241,207560,0.0,133.86,-0.01,65.0,250.0
1768639697.8096755,207580,0.0,133.86,0.06,65.0,250.0
1768639697.8197238,207600,0.0,133.86,0.04,65.0,250.0
1768639697.8345444,207620,0.0,133.86,-0.01,65.0,250.0
1768639697.8657222,207640,0.0,133.86,-0.12,65.0,250.0
1768639697.8856368,207660,0.0,133.86,-0.05,65.0,250.0
1768639697.9002697,207680,0.0,133.86,-0.01,65.0,250.0
1768639697.9214063,207700,0.0,133.86,-0.01,65.0,250.0
1768639697.9462,207720,0.0,133.86,0.06,65.0,250.0
1768639697.9613776,207740,0.0,133.86,0.06,65.0,250.0
1768639697.9816735,207760,0.0,133.86,-0.18,65.0,250.0
1768639697.9972754,207780,0.0,133.85,-0.08,65.0,250.0
1768639698.033658,207800,0.0,133.86,0.06,65.0,250.0
1768639698.0437598,207820,0.0,133.86,0.04,65.0,250.0
1768639698.0590494,207840,0.0,133.86,-0.08,65.0,250.0
1768639698.0739346,207860,0.0,133.86,0.13,65.0,250.0
1768639698.1094577,207880,0.0,133.86,-0.08,65.0,250.0
1768639698.1247413,207900,0.0,133.86,-0.01,65.0,250.0
1768639698.1452744,207920,0.0,133.86,-0.08,65.0,250.0
1768639698.1558442,207940,0.0,133.86,-0.01,65.0,250.0
1768639698.1856499,207960,0.0,133.86,-0.11,65.0,250.0
1768639698.230478,207980,0.0,133.86,-0.05,65.0,250.0
1768639698.231536,208000,0.0,133.86,-0.01,65.0,250.0
1768639698.2360585,208020,0.0,133.86,-0.01,65.0,250.0
1768639698.2678003,208040,0.0,133.86,-0.08,65.0,250.0
1768639698.282945,208060,0.0,133.86,-0.01,65.0,250.0
1768639698.2981553,208080,0.0,133.86,0.09,65.0,250.0
1768639698.3136191,208100,0.0,133.86,-0.12,65.0,250.0
1768639698.3486483,208120,0.0,133.86,-0.05,65.0,250.0
1768639698.3698964,208140,0.0,133.85,-0.24,65.0,250.0
1768639698.3802416,208160,0.0,133.85,-0.08,65.0,250.0
1768639698.3954382,208180,0.0,133.85,-0.04,65.0,250.0
1768639698.425751,208200,0.0,133.85,0.06,65.0,250.0
1768639698.4458358,208220,0.0,133.85,-0.01,65.0,250.0
1768639698.461182,208240,0.0,133.85,-0.04,65.0,250.0
1768639698.4821935,208260,0.0,133.85,-0.01,65.0,250.0
1768639698.507154,208280,0.0,133.85,0.06,65.0,250.0
1768639698.5226028,208300,0.0,133.85,0.06,65.0,250.0
1768639698.5376844,208320,0.0,133.85,-0.03,65.0,250.0
1768639698.557795,208340,0.0,133.85,-0.08,65.0,250.0
1768639698.5941634,208360,0.0,133.85,-0.01,65.0,250.0
1768639698.612879,208380,0.0,133.85,0.13,65.0,250.0
1768639698.6248407,208400,0.0,133.85,-0.01,65.0,250.0
1768639698.6346948,208420,0.0,133.85,0.08,65.0,250.0
1768639698.6697645,208440,0.0,133.85,0.06,65.0,250.0
1768639698.6849828,208460,0.0,133.85,-0.08,65.0,250.0
1768639698.7060888,208480,0.0,133.85,-0.01,65.0,250.0
1768639698.7157278,208500,0.0,133.85,0.02,65.0,250.0
1768639698.7463076,208520,0.0,133.85,-0.08,65.0,250.0
1768639698.7671177,208540,0.0,133.85,0.03,65.0,250.0
1768639698.7813778,208560,0.0,133.85,0.03,65.0,250.0
1768639698.7966423,208580,0.0,133.85,-0.08,65.0,250.0
1768639698.84577,208600,0.0,133.85,0.1,65.0,250.0
1768639698.8469985,208620,0.0,133.85,0.09,65.0,250.0
1768639698.8587453,208640,0.0,133.85,-0.08,65.0,250.0
1768639698.8739088,208660,0.0,133.85,-0.08,65.0,250.0
1768639698.9092147,208680,0.0,133.85,-0.15,65.0,250.0
1768639698.9304667,208700,0.0,133.85,0.01,65.0,250.0
1768639698.9406972,208720,0.0,133.85,-0.04,65.0,250.0
1768639698.955877,208740,0.0,133.85,0.06,65.0,250.0
1768639698.9709728,208760,0.0,133.85,0.06,65.0,250.0
1768639699.0060463,208780,0.0,133.85,-0.01,65.0,250.0
1768639699.0427713,208800,0.0,133.85,-0.18,65.0,250.0
1768639699.0436833,208820,0.0,133.85,-0.08,65.0,250.0
1768639699.0528226,208840,0.0,133.85,-0.01,65.0,250.0
1768639699.0828466,208860,0.0,133.85,-0.06,65.0,250.0
1768639699.0980928,208880,0.0,133.85,0.02,65.0,250.0
1768639699.118502,208900,0.0,133.85,-0.11,65.0,250.0
1768639699.133831,208920,0.0,133.85,0.04,65.0,250.0
1768639699.165024,208940,0.0,133.85,-0.04,65.0,250.0
1768639699.1800137,208960,0.0,133.85,-0.01,65.0,250.0
1768639699.1953304,208980,0.0,133.85,-0.08,65.0,250.0
1768639699.2324195,209000,0.0,133.85,-0.04,65.0,250.0
1768639699.2455144,209020,0.0,133.85,0.02,65.0,250.0
1768639699.2669096,209040,0.0,133.85,-0.08,65.0,250.0
1768639699.276949,209060,0.0,133.85,-0.01,65.0,250.0
1768639699.291965,209080,0.0,133.85,0.04,65.0,250.0
1768639699.3224654,209100,0.0,133.85,-0.01,65.0,250.0
1768639699.3424773,209120,0.0,133.85,-0.01,65.0,250.0
1768639699.3578622,209140,0.0,133.85,0.08,65.0,250.0
1768639699.3782308,209160,0.0,133.85,0.1,65.0,250.0
1768639699.4037201,209180,0.0,133.85,0.05,65.0,250.0
1768639699.4279919,209200,0.0,133.86,-0.0,65.0,250.0
1768639699.4387758,209220,0.0,133.85,-0.01,65.0,250.0
1768639699.4538727,209240,0.0,133.85,-0.15,65.0,250.0
1768639699.4910376,209260,0.0,133.85,-0.0,65.0,250.0
1768639699.500977,209280,0.0,133.85,-0.09,65.0,250.0
1768639699.516231,209300,0.0,133.85,0.02,65.0,250.0
1768639699.531329,209320,0.0,133.85,-0.01,65.0,250.0
1768639699.566647,209340,0.0,133.85,-0.08,65.0,250.0
1768639699.5982728,209360,0.0,133.85,0.02,65.0,250.0
1768639699.610556,209380,0.0,133.85,0.13,65.0,250.0
1768639699.6128073,209400,0.0,133.85,-0.01,65.0,250.0
1768639699.642433,209420,0.0,133.85,0.13,65.0,250.0
1768639699.66288,209440,0.0,133.85,-0.15,65.0,250.0
1768639699.6780245,209460,0.0,133.85,-0.01,65.0,250.0
1768639699.6995392,209480,0.0,133.85,-0.22,65.0,250.0
1768639699.7245333,209500,0.0,133.85,0.06,65.0,250.0
1768639699.7419,209520,0.0,133.85,0.04,65.0,250.0
1768639699.7549324,209540,0.0,133.85,0.02,65.0,250.0
1768639699.7752547,209560,0.0,133.85,-0.15,65.0,250.0
1768639699.815719,209580,0.0,133.85,-0.01,65.0,250.0
1768639699.8288748,209600,0.0,133.85,-0.08,65.0,250.0
1768639699.836655,209620,0.0,133.85,-0.15,65.0,250.0
1768639699.8518403,209640,0.0,133.85,0.06,65.0,250.0
1768639699.8870957,209660,0.0,133.85,-0.08,65.0,250.0
1768639699.9023037,209680,0.0,133.85,-0.08,65.0,250.0
1768639699.9238498,209700,0.0,133.85,-0.08,65.0,250.0
1768639699.9339113,209720,0.0,133.85,-0.08,65.0,250.0
1768639699.9639187,209740,0.0,133.85,-0.03,65.0,250.0
1768639699.979223,209760,0.0,133.85,-0.08,65.0,250.0
1768639700.027417,209780,0.0,133.85,-0.01,65.0,250.0
1768639700.0285084,209800,0.0,133.85,-0.01,65.0,250.0
1768639700.0456457,209820,0.0,133.85,-0.01,65.0,250.0
1768639700.0608196,209840,0.0,133.85,0.06,65.0,250.0
1768639700.076038,209860,0.0,133.85,-0.08,65.0,250.0
1768639700.0911126,209880,0.0,133.85,-0.08,65.0,250.0
1768639700.1267822,209900,0.0,133.85,-0.03,65.0,250.0
1768639700.1476223,209920,0.0,133.85,-0.15,65.0,250.0
1768639700.1577446,209940,0.0,133.85,0.1,65.0,250.0
1768639700.1729105,209960,0.0,133.85,-0.11,65.0,250.0
1768639700.2179105,209980,0.0,133.85,-0.08,65.0,250.0
1768639700.2318823,210000,0.0,133.85,-0.08,65.0,250.0
1768639700.2383292,210020,0.0,133.85,0.06,65.0,250.0
1768639700.2603393,210040,0.0,133.85,0.06,65.0,250.0
1768639700.285315,210060,0.0,133.85,-0.01,65.0,250.0
1768639700.3005733,210080,0.0,133.85,-0.08,65.0,250.0
1768639700.3157701,210100,0.0,133.85,0.17,65.0,250.0
1768639700.335579,210120,0.0,133.85,-0.01,65.0,250.0
1768639700.3720715,210140,0.0,133.85,-0.15,65.0,250.0
1768639700.3819966,210160,0.0,133.85,-0.05,65.0,250.0
1768639700.3973453,210180,0.0,133.85,-0.15,65.0,250.0
1768639700.4180381,210200,0.0,133.85,-0.08,65.0,250.0
1768639700.4479215,210220,0.0,133.85,-0.01,65.0,250.0
1768639700.4631536,210240,0.0,133.85,-0.01,65.0,250.0
1768639700.4841743,210260,0.0,133.85,0.06,65.0,250.0
1768639700.49425,210280,0.0,133.85,-0.01,65.0,250.0
1768639700.5244813,210300,0.0,133.85,-0.15,65.0,250.0
1768639700.5397072,210320,0.0,133.85,-0.01,65.0,250.0
1768639700.5600998,210340,0.0,133.85,-0.01,65.0,250.0
1768639700.5752537,210360,0.0,133.85,-0.08,65.0,250.0
1768639700.606229,210380,0.0,133.85,0.03,65.0,250.0
1768639700.6349294,210400,0.0,133.85,0.06,65.0,250.0
1768639700.6364963,210420,0.0,133.85,-0.01,65.0,250.0
1768639700.6515524,210440,0.0,133.85,-0.04,65.0,250.0
1768639700.6869452,210460,0.0,133.85,0.06,65.0,250.0
1768639700.7084794,210480,0.0,133.85,0.03,65.0,250.0
1768639700.7183995,210500,0.0,133.85,0.13,65.0,250.0
1768639700.733412,210520,0.0,133.85,-0.15,65.0,250.0
1768639700.7636976,210540,0.0,133.85,-0.04,65.0,250.0
1768639700.78381,210560,0.0,133.85,0.01,65.0,250.0
1768639700.799242,210580,0.0,133.85,-0.01,65.0,250.0
1768639700.820396,210600,0.0,133.85,-0.08,65.0,250.0
1768639700.8457868,210620,0.0,133.85,-0.08,65.0,250.0
1768639700.86097,210640,0.0,133.85,-0.01,65.0,250.0
1768639700.8903966,210660,0.0,133.85,0.06,65.0,250.0
1768639700.8961747,210680,0.0,133.85,0.03,65.0,250.0
1768639700.9326649,210700,0.0,133.85,0.06,65.0,250.0
1768639700.9426541,210720,0.0,133.85,-0.08,65.0,250.0
1768639700.9578874,210740,0.0,133.85,0.06,65.0,250.0
1768639700.973483,210760,0.0,133.85,-0.08,65.0,250.0
1768639701.0293493,210780,0.0,133.85,-0.01,65.0,250.0
1768639701.0311096,210800,0.0,133.85,-0.08,65.0,250.0
1768639701.045109,210820,0.0,133.85,-0.04,65.0,250.0
1768639701.0554094,210840,0.0,133.85,-0.13,65.0,250.0
1768639701.0855558,210860,0.0,133.85,-0.08,65.0,250.0
1768639701.100912,210880,0.0,133.85,-0.08,65.0,250.0
1768639701.1212294,210900,0.0,133.85,-0.01,65.0,250.0
1768639701.1363933,210920,0.0,133.85,-0.01,65.0,250.0
1768639701.1667876,210940,0.0,133.85,-0.13,65.0,250.0
1768639701.1816375,210960,0.0,133.85,0.06,65.0,250.0
1768639701.197279,210980,0.0,133.85,-0.01,65.0,250.0
1768639701.2301261,211000,0.0,133.85,0.06,65.0,250.0
1768639701.2475493,211020,0.0,133.85,-0.04,65.0,250.0
1768639701.2689316,211040,0.0,133.85,-0.08,65.0,250.0
1768639701.278886,211060,0.0,133.85,0.04,65.0,250.0
1768639701.2937956,211080,0.0,133.85,-0.01,65.0,250.0
1768639701.3292727,211100,0.0,133.85,-0.01,65.0,250.0
1768639701.344502,211120,0.0,133.85,-0.01,65.0,250.0
1768639701.3593736,211140,0.0,133.85,-0.01,65.0,250.0
1768639701.4034317,211160,0.0,133.85,0.06,65.0,250.0
1768639701.4065652,211180,0.0,133.85,-0.08,65.0,250.0
1768639701.4217844,211200,0.0,133.85,-0.01,65.0,250.0
1768639701.4368973,211220,0.0,133.85,-0.06,65.0,250.0
1768639701.4569123,211240,0.0,133.85,-0.04,65.0,250.0
1768639701.493245,211260,0.0,133.85,0.03,65.0,250.0
1768639701.5034666,211280,0.0,133.85,-0.01,65.0,250.0
1768639701.5186324,211300,0.0,133.85,-0.01,65.0,250.0
1768639701.5505874,211320,0.0,133.85,-0.01,65.0,250.0
1768639701.5689917,211340,0.0,133.85,-0.01,65.0,250.0
1768639701.584125,211360,0.0,133.84,-0.04,65.0,250.0
1768639701.6056824,211380,0.0,133.84,-0.08,65.0,250.0
1768639701.6157644,211400,0.0,133.84,-0.01,65.0,250.0
1768639701.6459248,211420,0.0,133.84,-0.01,65.0,250.0
1768639701.675601,211440,0.0,133.84,0.06,65.0,250.0
1768639701.681589,211460,0.0,133.85,-0.08,65.0,250.0
1768639701.6963959,211480,0.0,133.84,-0.08,65.0,250.0
1768639701.7276027,211500,0.0,133.84,-0.01,65.0,250.0
1768639701.7431605,211520,0.0,133.84,0.02,65.0,250.0
1768639701.7583349,211540,0.0,133.84,-0.08,65.0,250.0
1768639701.778206,211560,0.0,133.84,0.06,65.0,250.0
1768639701.808293,211580,0.0,133.84,-0.01,65.0,250.0
1768639701.845432,211600,0.0,133.84,-0.03,65.0,250.0
1768639701.8467512,211620,0.0,133.84,-0.01,65.0,250.0
1768639701.8624365,211640,0.0,133.84,0.02,65.0,250.0
1768639701.8854203,211660,0.0,133.84,-0.1,65.0,250.0
1768639701.9056976,211680,0.0,133.84,0.06,65.0,250.0
1768639701.9209306,211700,0.0,133.84,-0.15,65.0,250.0
1768639701.9418414,211720,0.0,133.84,-0.01,65.0,250.0
1768639701.9672656,211740,0.0,133.84,0.06,65.0,250.0
1768639701.9824862,211760,0.0,133.84,-0.01,65.0,250.0
1768639701.9976537,211780,0.0,133.84,0.06,65.0,250.0
1768639702.0174434,211800,0.0,133.84,-0.01,65.0,250.0
1768639702.053362,211820,0.0,133.84,0.15,65.0,250.0
1768639702.0635118,211840,0.0,133.84,0.06,65.0,250.0
1768639702.078636,211860,0.0,133.84,-0.01,65.0,250.0
1768639702.0934563,211880,0.0,133.84,-0.01,65.0,250.0
1768639702.1293113,211900,0.0,133.84,-0.15,65.0,250.0
1768639702.1503844,211920,0.0,133.84,-0.08,65.0,250.0
1768639702.1605318,211940,0.0,133.84,-0.08,65.0,250.0
1768639702.1756902,211960,0.0,133.84,-0.01,65.0,250.0
1768639702.20565,211980,0.0,133.84,0.1,65.0,250.0
1768639702.2344487,212000,0.0,133.84,-0.01,65.0,250.0
1768639702.2416477,212020,0.0,133.84,-0.04,65.0,250.0
1768639702.262416,212040,0.0,133.84,-0.08,65.0,250.0
1768639702.28731,212060,0.0,133.84,-0.15,65.0,250.0
1768639702.3024685,212080,0.0,133.84,0.1,65.0,250.0
1768639702.3179953,212100,0.0,133.84,-0.08,65.0,250.0
1768639702.337968,212120,0.0,133.84,0.02,65.0,250.0
1768639702.373782,212140,0.0,133.85,0.06,65.0,250.0
1768639702.3836915,212160,0.0,133.85,-0.01,65.0,250.0
1768639702.3992653,212180,0.0,133.84,-0.08,65.0,250.0
1768639702.416951,212200,0.0,133.84,-0.03,65.0,250.0
1768639702.440061,212220,0.0,133.84,0.06,65.0,250.0
1768639702.464612,212240,0.0,133.85,-0.01,65.0,250.0
1768639702.4866679,212260,0.0,133.85,-0.08,65.0,250.0
1768639702.4968228,212280,0.0,133.85,0.06,65.0,250.0
1768639702.5120153,212300,0.0,133.85,-0.01,65.0,250.0
1768639702.5419579,212320,0.0,133.85,0.06,65.0,250.0
1768639702.5623748,212340,0.0,133.85,-0.01,65.0,250.0
1768639702.5776203,212360,0.0,133.85,-0.12,65.0,250.0
1768639702.598328,212380,0.0,133.85,-0.08,65.0,250.0
1768639702.6236804,212400,0.0,133.85,0.1,65.0,250.0
1768639702.6596727,212420,0.0,133.85,-0.08,65.0,250.0
1768639702.6602693,212440,0.0,133.85,-0.01,65.0,250.0
1768639702.6744013,212460,0.0,133.84,-0.15,65.0,250.0
1768639702.7105784,212480,0.0,133.84,-0.03,65.0,250.0
1768639702.7205257,212500,0.0,133.84,-0.15,65.0,250.0
1768639702.7362335,212520,0.0,133.84,-0.08,65.0,250.0
1768639702.75136,212540,0.0,133.84,-0.08,65.0,250.0
1768639702.7863533,212560,0.0,133.84,0.13,65.0,250.0
1768639702.801479,212580,0.0,133.84,0.03,65.0,250.0
1768639702.8228226,212600,0.0,133.84,-0.01,65.0,250.0
1768639702.832787,212620,0.0,133.84,-0.04,65.0,250.0
1768639702.8809845,212640,0.0,133.84,-0.01,65.0,250.0
1768639702.88224,212660,0.0,133.84,-0.01,65.0,250.0
1768639702.898887,212680,0.0,133.84,0.13,65.0,250.0
1768639702.9139082,212700,0.0,133.84,-0.03,65.0,250.0
1768639702.9448617,212720,0.0,133.84,-0.15,65.0,250.0
1768639702.960021,212740,0.0,133.84,-0.01,65.0,250.0
1768639702.9752507,212760,0.0,133.84,0.06,65.0,250.0
1768639702.9903288,212780,0.0,133.84,-0.08,65.0,250.0
1768639703.0256722,212800,0.0,133.84,0.06,65.0,250.0
1768639703.047102,212820,0.0,133.84,-0.01,65.0,250.0
1768639703.0571878,212840,0.0,133.84,-0.08,65.0,250.0
1768639703.0818367,212860,0.0,133.84,0.06,65.0,250.0
1768639703.1024094,212880,0.0,133.84,0.03,65.0,250.0
1768639703.1226714,212900,0.0,133.84,-0.08,65.0,250.0
1768639703.1379826,212920,0.0,133.84,0.01,65.0,250.0
1768639703.1588392,212940,0.0,133.84,0.06,65.0,250.0
1768639703.1843312,212960,0.0,133.84,-0.05,65.0,250.0
1768639703.199523,212980,0.0,133.84,-0.04,65.0,250.0
1768639703.214785,213000,0.0,133.84,-0.04,65.0,250.0
1768639703.2350695,213020,0.0,133.84,-0.01,65.0,250.0
1768639703.286843,213040,0.0,133.84,-0.08,65.0,250.0
1768639703.3026202,213060,0.0,133.84,0.06,65.0,250.0
1768639703.3035543,213080,0.0,133.84,-0.08,65.0,250.0
1768639703.3116322,213100,0.0,133.84,-0.01,65.0,250.0
1768639703.346724,213120,0.0,133.84,0.06,65.0,250.0
1768639703.361855,213140,0.0,133.84,-0.2,65.0,250.0
1768639703.3833797,213160,0.0,133.84,-0.01,65.0,250.0
1768639703.3933136,213180,0.0,133.84,0.13,65.0,250.0
1768639703.4234638,213200,0.0,133.84,-0.05,65.0,250.0
1768639703.4387653,213220,0.0,133.85,-0.08,65.0,250.0
1768639703.458912,213240,0.0,133.85,0.1,65.0,250.0
1768639703.4815726,213260,0.0,133.85,0.03,65.0,250.0
1768639703.5055606,213280,0.0,133.85,-0.08,65.0,250.0
1768639703.5206835,213300,0.0,133.85,-0.05,65.0,250.0
1768639703.5356774,213320,0.0,133.85,-0.04,65.0,250.0
1768639703.5508966,213340,0.0,133.85,-0.08,65.0,250.0
1768639703.5863388,213360,0.0,133.84,0.06,65.0,250.0
1768639703.6076503,213380,0.0,133.85,-0.08,65.0,250.0
1768639703.617867,213400,0.0,133.84,0.06,65.0,250.0
1768639703.6327345,213420,0.0,133.85,0.09,65.0,250.0
1768639703.6630068,213440,0.0,133.85,-0.01,65.0,250.0
1768639703.704256,213460,0.0,133.85,-0.1,65.0,250.0
1768639703.7054374,213480,0.0,133.84,-0.08,65.0,250.0
1768639703.7191665,213500,0.0,133.84,0.03,65.0,250.0
1768639703.7449386,213520,0.0,133.84,0.06,65.0,250.0
1768639703.7599845,213540,0.0,133.85,-0.01,65.0,250.0
1768639703.7754943,213560,0.0,133.84,-0.01,65.0,250.0
1768639703.795541,213580,0.0,133.84,-0.01,65.0,250.0
1768639703.8314834,213600,0.0,133.85,0.06,65.0,250.0
1768639703.841793,213620,0.0,133.85,-0.01,65.0,250.0
1768639703.8571613,213640,0.0,133.85,0.06,65.0,250.0
1768639703.8720553,213660,0.0,133.85,-0.08,65.0,250.0
1768639703.9228559,213680,0.0,133.85,-0.1,65.0,250.0
1768639703.9274457,213700,0.0,133.85,0.02,65.0,250.0
1768639703.9375994,213720,0.0,133.84,-0.01,65.0,250.0
1768639703.9530616,213740,0.0,133.84,-0.03,65.0,250.0
1768639703.9880302,213760,0.0,133.85,-0.08,65.0,250.0
1768639704.003189,213780,0.0,133.84,0.06,65.0,250.0
1768639704.0198393,213800,0.0,133.85,-0.01,65.0,250.0
1768639704.0401654,213820,0.0,133.85,-0.01,65.0,250.0
1768639704.0650282,213840,0.0,133.85,0.03,65.0,250.0
1768639704.0804749,213860,0.0,133.85,-0.01,65.0,250.0
1768639704.0959113,213880,0.0,133.85,0.06,65.0,250.0
1768639704.1390493,213900,0.0,133.85,-0.01,65.0,250.0
1768639704.1461563,213920,0.0,133.85,0.03,65.0,250.0
1768639704.1614673,213940,0.0,133.85,-0.08,65.0,250.0
1768639704.1764936,213960,0.0,133.85,0.06,65.0,250.0
1768639704.1920068,213980,0.0,133.85,-0.08,65.0,250.0
1768639704.2271645,214000,0.0,133.85,-0.05,65.0,250.0
1768639704.2484837,214020,0.0,133.85,0.06,65.0,250.0
1768639704.2586281,214040,0.0,133.85,0.1,65.0,250.0
1768639704.2733521,214060,0.0,133.85,-0.11,65.0,250.0
1768639704.3036854,214080,0.0,133.85,-0.04,65.0,250.0
1768639704.32388,214100,0.0,133.85,-0.11,65.0,250.0
1768639704.3569918,214120,0.0,133.85,-0.01,65.0,250.0
1768639704.3599348,214140,0.0,133.85,-0.08,65.0,250.0
1768639704.3851044,214160,0.0,133.85,-0.15,65.0,250.0
1768639704.40022,214180,0.0,133.85,0.08,65.0,250.0
1768639704.4207187,214200,0.0,133.85,-0.01,65.0,250.0
1768639704.43536,214220,0.0,133.85,-0.01,65.0,250.0
1768639704.471754,214240,0.0,133.85,-0.04,65.0,250.0
1768639704.4818788,214260,0.0,133.85,0.06,65.0,250.0
1768639704.4972901,214280,0.0,133.85,-0.05,65.0,250.0
1768639704.5121582,214300,0.0,133.85,0.06,65.0,250.0
1768639704.548508,214320,0.0,133.85,0.02,65.0,250.0
1768639704.5634432,214340,0.0,133.85,-0.01,65.0,250.0
1768639704.5847821,214360,0.0,133.85,-0.01,65.0,250.0
1768639704.5948844,214380,0.0,133.85,-0.05,65.0,250.0
1768639704.624917,214400,0.0,133.85,-0.08,65.0,250.0
1768639704.6401935,214420,0.0,133.85,0.13,65.0,250.0
1768639704.6604671,214440,0.0,133.85,-0.08,65.0,250.0
1768639704.6758692,214460,0.0,133.85,-0.08,65.0,250.0
1768639704.7067595,214480,0.0,133.85,0.06,65.0,250.0
1768639704.7218862,214500,0.0,133.85,-0.08,65.0,250.0
1768639704.7371728,214520,0.0,133.85,-0.04,65.0,250.0
1768639704.7784185,214540,0.0,133.85,-0.08,65.0,250.0
1768639704.7876575,214560,0.0,133.85,-0.01,65.0,250.0
1768639704.8089201,214580,0.0,133.85,-0.01,65.0,250.0
1768639704.8190336,214600,0.0,133.85,-0.01,65.0,250.0
1768639704.8341599,214620,0.0,133.85,-0.08,65.0,250.0
1768639704.864405,214640,0.0,133.85,0.06,65.0,250.0
1768639704.884762,214660,0.0,133.85,-0.01,65.0,250.0
1768639704.900044,214680,0.0,133.85,-0.08,65.0,250.0
1768639704.92055,214700,0.0,133.85,-0.01,65.0,250.0
1768639704.9463804,214720,0.0,133.85,-0.01,65.0,250.0
1768639704.9840605,214740,0.0,133.85,0.06,65.0,250.0
1768639704.9852934,214760,0.0,133.85,-0.01,65.0,250.0
1768639704.996373,214780,0.0,133.85,-0.08,65.0,250.0
1768639705.0330222,214800,0.0,133.85,-0.08,65.0,250.0
1768639705.0431035,214820,0.0,133.85,-0.01,65.0,250.0
1768639705.0588093,214840,0.0,133.85,-0.01,65.0,250.0
1768639705.073541,214860,0.0,133.85,-0.04,65.0,250.0
1768639705.1087117,214880,0.0,133.85,-0.01,65.0,250.0
1768639705.1238773,214900,0.0,133.85,0.03,65.0,250.0
1768639705.1450737,214920,0.0,133.85,-0.01,65.0,250.0
1768639705.155361,214940,0.0,133.85,-0.13,65.0,250.0
1768639705.1988137,214960,0.0,133.85,0.03,65.0,250.0
1768639705.2004476,214980,0.0,133.85,0.03,65.0,250.0
1768639705.221145,215000,0.0,133.85,0.06,65.0,250.0
1768639705.2359517,215020,0.0,133.85,-0.01,65.0,250.0
1768639705.2672684,215040,0.0,133.85,-0.01,65.0,250.0
1768639705.2825837,215060,0.0,133.85,-0.03,65.0,250.0
1768639705.2978096,215080,0.0,133.85,-0.01,65.0,250.0
1768639705.3131678,215100,0.0,133.85,0.02,65.0,250.0
1768639705.3535054,215120,0.0,133.85,-0.01,65.0,250.0
1768639705.3867698,215140,0.0,133.85,0.03,65.0,250.0
1768639705.3879437,215160,0.0,133.85,-0.03,65.0,250.0
1768639705.3939188,215180,0.0,133.85,0.06,65.0,250.0
1768639705.429308,215200,0.0,133.85,-0.04,65.0,250.0
1768639705.444628,215220,0.0,133.85,-0.01,65.0,250.0
1768639705.4656286,215240,0.0,133.85,-0.08,65.0,250.0
1768639705.4756734,215260,0.0,133.84,-0.01,65.0,250.0
1768639705.5058827,215280,0.0,133.84,0.03,65.0,250.0
1768639705.5211663,215300,0.0,133.84,-0.08,65.0,250.0
1768639705.5413384,215320,0.0,133.84,-0.08,65.0,250.0
1768639705.5564823,215340,0.0,133.84,-0.01,65.0,250.0
1768639705.607384,215360,0.0,133.84,-0.01,65.0,250.0
1768639705.6082892,215380,0.0,133.84,-0.01,65.0,250.0
1768639705.618058,215400,0.0,133.85,0.06,65.0,250.0
1768639705.6332881,215420,0.0,133.85,0.06,65.0,250.0
1768639705.6687534,215440,0.0,133.85,-0.08,65.0,250.0
1768639705.689852,215460,0.0,133.85,0.06,65.0,250.0
1768639705.6998072,215480,0.0,133.85,-0.08,65.0,250.0
1768639705.7150743,215500,0.0,133.85,-0.11,65.0,250.0
1768639705.7453768,215520,0.0,133.85,0.06,65.0,250.0
1768639705.7655342,215540,0.0,133.85,0.06,65.0,250.0
1768639705.7953746,215560,0.0,133.85,-0.05,65.0,250.0
1768639705.8077602,215580,0.0,133.85,-0.04,65.0,250.0
1768639705.8270397,215600,0.0,133.85,-0.01,65.0,250.0
1768639705.8422172,215620,0.0,133.85,-0.01,65.0,250.0
1768639705.8626611,215640,0.0,133.85,0.06,65.0,250.0
1768639705.877693,215660,0.0,133.85,-0.03,65.0,250.0
1768639705.9141471,215680,0.0,133.85,-0.01,65.0,250.0
1768639705.9245617,215700,0.0,133.85,-0.01,65.0,250.0
1768639705.9397337,215720,0.0,133.85,-0.01,65.0,250.0
1768639705.954572,215740,0.0,133.85,-0.08,65.0,250.0
1768639705.9899132,215760,0.0,133.85,0.1,65.0,250.0
1768639706.0050826,215780,0.0,133.85,-0.08,65.0,250.0
1768639706.040965,215800,0.0,133.85,-0.08,65.0,250.0
1768639706.0428238,215820,0.0,133.85,-0.08,65.0,250.0
1768639706.0666873,215840,0.0,133.85,0.02,65.0,250.0
1768639706.0818553,215860,0.0,133.85,-0.01,65.0,250.0
1768639706.102067,215880,0.0,133.85,0.06,65.0,250.0
1768639706.1171715,215900,0.0,133.85,0.06,65.0,250.0
1768639706.1484141,215920,0.0,133.85,-0.01,65.0,250.0
1768639706.1639142,215940,0.0,133.85,-0.04,65.0,250.0
1768639706.178762,215960,0.0,133.85,-0.08,65.0,250.0
1768639706.194333,215980,0.0,133.85,0.13,65.0,250.0
1768639706.214724,216000,0.0,133.85,0.02,65.0,250.0
1768639706.2609859,216020,0.0,133.85,-0.05,65.0,250.0
1768639706.2733798,216040,0.0,133.85,0.04,65.0,250.0
1768639706.2752366,216060,0.0,133.85,0.06,65.0,250.0
1768639706.290234,216080,0.0,133.85,-0.04,65.0,250.0
1768639706.3256965,216100,0.0,133.85,-0.01,65.0,250.0
1768639706.3410726,216120,0.0,133.85,0.02,65.0,250.0
1768639706.3632874,216140,0.0,133.85,-0.01,65.0,250.0
1768639706.372812,216160,0.0,133.85,0.06,65.0,250.0
1768639706.4031239,216180,0.0,133.85,0.06,65.0,250.0
1768639706.4183667,216200,0.0,133.85,-0.13,65.0,250.0
1768639706.4386914,216220,0.0,133.85,-0.04,65.0,250.0
1768639706.4772265,216240,0.0,133.85,0.02,65.0,250.0
1768639706.4852452,216260,0.0,133.85,-0.01,65.0,250.0
1768639706.5002804,216280,0.0,133.85,-0.01,65.0,250.0
1768639706.51549,216300,0.0,133.85,0.13,65.0,250.0
1768639706.5304992,216320,0.0,133.85,-0.01,65.0,250.0
1768639706.5658197,216340,0.0,133.85,-0.01,65.0,250.0
1768639706.587257,216360,0.0,133.85,-0.08,65.0,250.0
1768639706.597443,216380,0.0,133.85,0.06,65.0,250.0
1768639706.6121502,216400,0.0,133.85,-0.01,65.0,250.0
1768639706.6425667,216420,0.0,133.85,-0.03,65.0,250.0
1768639706.6628728,216440,0.0,133.85,0.02,65.0,250.0
1768639706.678435,216460,0.0,133.85,-0.11,65.0,250.0
1768639706.7145908,216480,0.0,133.85,-0.06,65.0,250.0
1768639706.72384,216500,0.0,133.85,-0.12,65.0,250.0
1768639706.7390926,216520,0.0,133.85,-0.01,65.0,250.0
1768639706.7594259,216540,0.0,133.85,0.06,65.0,250.0
1768639706.7746072,216560,0.0,133.85,-0.01,65.0,250.0
1768639706.8108141,216580,0.0,133.85,-0.01,65.0,250.0
1768639706.820863,216600,0.0,133.85,-0.01,65.0,250.0
1768639706.8360686,216620,0.0,133.85,-0.04,65.0,250.0
1768639706.8512144,216640,0.0,133.85,-0.01,65.0,250.0
1768639706.8863637,216660,0.0,133.85,0.09,65.0,250.0
1768639706.917774,216680,0.0,133.85,0.1,65.0,250.0
1768639706.9235332,216700,0.0,133.85,-0.15,65.0,250.0
1768639706.933379,216720,0.0,133.85,-0.08,65.0,250.0
1768639706.9637961,216740,0.0,133.85,-0.15,65.0,250.0
1768639706.979088,216760,0.0,133.85,0.06,65.0,250.0
1768639706.9991996,216780,0.0,133.85,-0.01,65.0,250.0
1768639707.014241,216800,0.0,133.85,-0.08,65.0,250.0
1768639707.044823,216820,0.0,133.85,-0.04,65.0,250.0
1768639707.0603433,216840,0.0,133.85,-0.01,65.0,250.0
1768639707.0757287,216860,0.0,133.85,-0.03,65.0,250.0
1768639707.1110568,216880,0.0,133.85,-0.01,65.0,250.0
1768639707.125508,216900,0.0,133.85,-0.01,65.0,250.0
1768639707.1477458,216920,0.0,133.85,0.01,65.0,250.0
1768639707.1578236,216940,0.0,133.85,0.06,65.0,250.0
1768639707.172678,216960,0.0,133.85,0.06,65.0,250.0
1768639707.2028725,216980,0.0,133.85,-0.08,65.0,250.0
1768639707.2234175,217000,0.0,133.85,-0.08,65.0,250.0
1768639707.2385676,217020,0.0,133.85,-0.01,65.0,250.0
1768639707.2598228,217040,0.0,133.85,-0.01,65.0,250.0
1768639707.2848425,217060,0.0,133.85,-0.08,65.0,250.0
1768639707.3002305,217080,0.0,133.85,-0.1,65.0,250.0
1768639707.330054,217100,0.0,133.84,0.03,65.0,250.0
1768639707.343362,217120,0.0,133.84,-0.01,65.0,250.0
1768639707.3717132,217140,0.0,133.84,-0.06,65.0,250.0
1768639707.3819652,217160,0.0,133.84,-0.08,65.0,250.0
1768639707.3968601,217180,0.0,133.84,-0.11,65.0,250.0
1768639707.4122436,217200,0.0,133.84,0.03,65.0,250.0
1768639707.4475415,217220,0.0,133.84,-0.01,65.0,250.0
1768639707.4627492,217240,0.0,133.84,0.06,65.0,250.0
1768639707.483907,217260,0.0,133.84,0.1,65.0,250.0
1768639707.49394,217280,0.0,133.84,-0.08,65.0,250.0
1768639707.5241537,217300,0.0,133.84,-0.01,65.0,250.0
1768639707.5611238,217320,0.0,133.84,-0.04,65.0,250.0
1768639707.5622537,217340,0.0,133.85,0.06,65.0,250.0
1768639707.574892,217360,0.0,133.85,-0.08,65.0,250.0
1768639707.60611,217380,0.0,133.85,-0.01,65.0,250.0
1768639707.6213863,217400,0.0,133.85,-0.01,65.0,250.0
1768639707.6366704,217420,0.0,133.85,-0.08,65.0,250.0
1768639707.651825,217440,0.0,133.85,-0.01,65.0,250.0
1768639707.6917667,217460,0.0,133.85,-0.15,65.0,250.0
1768639707.7016575,217480,0.0,133.85,0.02,65.0,250.0
1768639707.717129,217500,0.0,133.85,-0.04,65.0,250.0
1768639707.7322187,217520,0.0,133.85,-0.01,65.0,250.0
1768639707.7674985,217540,0.0,133.84,-0.12,65.0,250.0
1768639707.7827158,217560,0.0,133.84,-0.01,65.0,250.0
1768639707.80392,217580,0.0,133.84,-0.01,65.0,250.0
1768639707.813713,217600,0.0,133.84,-0.04,65.0,250.0
1768639707.8438795,217620,0.0,133.84,0.02,65.0,250.0
1768639707.8643146,217640,0.0,133.85,0.06,65.0,250.0
1768639707.8799808,217660,0.0,133.85,-0.08,65.0,250.0
1768639707.8946862,217680,0.0,133.85,-0.01,65.0,250.0
1768639707.9261963,217700,0.0,133.85,-0.01,65.0,250.0
1768639707.9415352,217720,0.0,133.85,-0.01,65.0,250.0
1768639707.984132,217740,0.0,133.85,0.01,65.0,250.0
1768639707.985303,217760,0.0,133.85,-0.04,65.0,250.0
1768639708.0072513,217780,0.0,133.85,0.06,65.0,250.0
1768639708.0284414,217800,0.0,133.85,-0.01,65.0,250.0
1768639708.0386236,217820,0.0,133.85,-0.01,65.0,250.0
1768639708.0537024,217840,0.0,133.85,-0.08,65.0,250.0
1768639708.083812,217860,0.0,133.85,0.13,65.0,250.0
1768639708.104064,217880,0.0,133.85,0.13,65.0,250.0
1768639708.119211,217900,0.0,133.85,-0.03,65.0,250.0
1768639708.1400266,217920,0.0,133.85,0.03,65.0,250.0
1768639708.165505,217940,0.0,133.85,-0.01,65.0,250.0
1768639708.1903937,217960,0.0,133.85,0.06,65.0,250.0
1768639708.204782,217980,0.0,133.85,0.03,65.0,250.0
1768639708.2160485,218000,0.0,133.85,-0.08,65.0,250.0
1768639708.25248,218020,0.0,133.85,-0.01,65.0,250.0
1768639708.2626076,218040,0.0,133.85,0.03,65.0,250.0
1768639708.2779732,218060,0.0,133.85,-0.01,65.0,250.0
1768639708.292955,218080,0.0,133.85,-0.08,65.0,250.0
1768639708.328056,218100,0.0,133.85,-0.08,65.0,250.0
1768639708.3431234,218120,0.0,133.85,-0.01,65.0,250.0
1768639708.3648572,218140,0.0,133.85,-0.11,65.0,250.0
1768639708.3747702,218160,0.0,133.85,-0.01,65.0,250.0
1768639708.4162576,218180,0.0,133.85,0.06,65.0,250.0
1768639708.4307663,218200,0.0,133.85,-0.08,65.0,250.0
1768639708.486703,218260,0.0,133.85,-0.01,65.0,250.0
1768639708.5019066,218280,0.0,133.85,0.03,65.0,250.0
1768639708.5170116,218300,0.0,133.85,0.06,65.0,250.0
1768639708.5323358,218320,0.0,133.85,-0.08,65.0,250.0
1768639708.5675573,218340,0.0,133.85,-0.08,65.0,250.0
1768639708.5882654,218360,0.0,133.85,0.06,65.0,250.0
1768639708.5985565,218380,0.0,133.85,-0.08,65.0,250.0
1768639708.6136978,218400,0.0,133.85,-0.06,65.0,250.0
1768639708.6674883,218420,0.0,133.85,-0.01,65.0,250.0
1768639708.6682503,218440,0.0,133.85,-0.01,65.0,250.0
1768639708.6796446,218460,0.0,133.85,0.06,65.0,250.0
1768639708.7009268,218480,0.0,133.85,-0.05,65.0,250.0
1768639708.726078,218500,0.0,133.85,0.03,65.0,250.0
1768639708.7419024,218520,0.0,133.85,-0.08,65.0,250.0
1768639708.7565637,218540,0.0,133.85,-0.01,65.0,250.0
1768639708.776732,218560,0.0,133.85,-0.01,65.0,250.0
1768639708.8129206,218580,0.0,133.85,-0.05,65.0,250.0
1768639708.8231535,218600,0.0,133.85,-0.04,65.0,250.0
1768639708.838505,218620,0.0,133.84,-0.01,65.0,250.0
1768639708.870744,218640,0.0,133.84,-0.01,65.0,250.0
1768639708.888523,218660,0.0,133.84,-0.01,65.0,250.0
1768639708.9036932,218680,0.0,133.84,-0.01,65.0,250.0
1768639708.9253914,218700,0.0,133.84,-0.01,65.0,250.0
1768639708.9352684,218720,0.0,133.84,0.06,65.0,250.0
1768639708.965273,218740,0.0,133.84,-0.01,65.0,250.0
1768639708.9807467,218760,0.0,133.84,0.06,65.0,250.0
1768639709.0011039,218780,0.0,133.85,-0.03,65.0,250.0
1768639709.0161655,218800,0.0,133.84,-0.15,65.0,250.0
1768639709.0581245,218820,0.0,133.84,-0.08,65.0,250.0
1768639709.073236,218840,0.0,133.84,-0.08,65.0,250.0
1768639709.077798,218860,0.0,133.84,-0.08,65.0,250.0
1768639709.0926828,218880,0.0,133.84,-0.01,65.0,250.0
1768639709.1279445,218900,0.0,133.84,-0.01,65.0,250.0
1768639709.1488144,218920,0.0,133.84,0.03,65.0,250.0
1768639709.1587715,218940,0.0,133.84,-0.01,65.0,250.0
1768639709.174157,218960,0.0,133.84,-0.08,65.0,250.0
1768639709.2093675,218980,0.0,133.84,-0.01,65.0,250.0
1768639709.2245612,219000,0.0,133.84,-0.03,65.0,250.0
1768639709.2397778,219020,0.0,133.84,-0.08,65.0,250.0
1768639709.264829,219040,0.0,133.84,0.06,65.0,250.0
1768639709.2865505,219060,0.0,133.84,-0.01,65.0,250.0
1768639709.3017757,219080,0.0,133.84,-0.08,65.0,250.0
1768639709.3170934,219100,0.0,133.84,-0.04,65.0,250.0
1768639709.337411,219120,0.0,133.84,-0.01,65.0,250.0
1768639709.3735132,219140,0.0,133.84,-0.05,65.0,250.0
1768639709.3844397,219160,0.0,133.84,-0.01,65.0,250.0
1768639709.3995845,219180,0.0,133.84,0.06,65.0,250.0
1768639709.4149494,219200,0.0,133.84,0.06,65.0,250.0
1768639709.4666593,219220,0.0,133.84,0.06,65.0,250.0
1768639709.4808667,219240,0.0,133.84,-0.01,65.0,250.0
1768639709.4855974,219260,0.0,133.84,-0.01,65.0,250.0
1768639709.4956872,219280,0.0,133.85,-0.01,65.0,250.0
1768639709.525903,219300,0.0,133.84,-0.01,65.0,250.0
1768639709.5461364,219320,0.0,133.84,-0.01,65.0,250.0
1768639709.561536,219340,0.0,133.85,-0.01,65.0,250.0
1768639709.576284,219360,0.0,133.85,-0.01,65.0,250.0
1768639709.607762,219380,0.0,133.85,-0.06,65.0,250.0
1768639709.6228514,219400,0.0,133.85,0.03,65.0,250.0
1768639709.6380467,219420,0.0,133.85,-0.01,65.0,250.0
1768639709.6531286,219440,0.0,133.85,0.06,65.0,250.0
1768639709.6996787,219460,0.0,133.85,-0.08,65.0,250.0
1768639709.7102597,219480,0.0,133.85,-0.08,65.0,250.0
1768639709.7202573,219500,0.0,133.85,0.02,65.0,250.0
1768639709.7351708,219520,0.0,133.85,-0.08,65.0,250.0
1768639709.7652998,219540,0.0,133.85,0.06,65.0,250.0
1768639709.7857983,219560,0.0,133.85,0.03,65.0,250.0
1768639709.8010883,219580,0.0,133.85,-0.08,65.0,250.0
1768639709.822009,219600,0.0,133.85,-0.06,65.0,250.0
1768639709.8472397,219620,0.0,133.85,-0.01,65.0,250.0
1768639709.862315,219640,0.0,133.85,-0.04,65.0,250.0
1768639709.8992844,219660,0.0,133.85,-0.03,65.0,250.0
1768639709.9129395,219680,0.0,133.85,-0.04,65.0,250.0
1768639709.928139,219700,0.0,133.85,-0.08,65.0,250.0
1768639709.9434988,219720,0.0,133.85,0.06,65.0,250.0
1768639709.9587417,219740,0.0,133.85,-0.08,65.0,250.0
1768639709.9737146,219760,0.0,133.85,0.06,65.0,250.0
1768639710.009134,219780,0.0,133.85,0.03,65.0,250.0
1768639710.0302,219800,0.0,133.85,0.06,65.0,250.0
1768639710.0404344,219820,0.0,133.85,0.04,65.0,250.0
1768639710.0553112,219840,0.0,133.85,-0.01,65.0,250.0
1768639710.0855958,219860,0.0,133.85,-0.01,65.0,250.0
1768639710.1062357,219880,0.0,133.85,-0.01,65.0,250.0
1768639710.1316442,219900,0.0,133.85,-0.01,65.0,250.0
1768639710.144879,219920,0.0,133.85,-0.01,65.0,250.0
1768639710.1674101,219940,0.0,133.85,-0.11,65.0,250.0
1768639710.1827404,219960,0.0,133.85,-0.08,65.0,250.0
1768639710.1980088,219980,0.0,133.85,0.06,65.0,250.0
1768639710.217906,220000,0.0,133.85,0.02,65.0,250.0
1768639710.2542331,220020,0.0,133.85,-0.08,65.0,250.0
1768639710.2643437,220040,0.0,133.85,-0.01,65.0,250.0
1768639710.2795384,220060,0.0,133.85,-0.08,65.0,250.0
1768639710.2945695,220080,0.0,133.84,-0.04,65.0,250.0
1768639710.3353238,220100,0.0,133.84,-0.06,65.0,250.0
1768639710.3514416,220120,0.0,133.84,-0.11,65.0,250.0
1768639710.366574,220140,0.0,133.84,0.06,65.0,250.0
1768639710.376672,220160,0.0,133.84,0.06,65.0,250.0
1768639710.40649,220180,0.0,133.85,-0.01,65.0,250.0
1768639710.42192,220200,0.0,133.84,0.06,65.0,250.0
1768639710.4426231,220220,0.0,133.84,-0.01,65.0,250.0
1768639710.4572384,220240,0.0,133.85,-0.04,65.0,250.0
1768639710.4884496,220260,0.0,133.85,0.08,65.0,250.0
1768639710.503527,220280,0.0,133.85,-0.08,65.0,250.0
1768639710.518823,220300,0.0,133.85,-0.01,65.0,250.0
1768639710.5346506,220320,0.0,133.85,-0.01,65.0,250.0
1768639710.5693014,220340,0.0,133.85,-0.04,65.0,250.0
1768639710.5904791,220360,0.0,133.85,0.06,65.0,250.0
1768639710.6007283,220380,0.0,133.85,-0.01,65.0,250.0
1768639710.616109,220400,0.0,133.85,-0.01,65.0,250.0
1768639710.6308784,220420,0.0,133.85,0.06,65.0,250.0
1768639710.6734686,220440,0.0,133.85,-0.11,65.0,250.0
1768639710.681354,220460,0.0,133.85,-0.01,65.0,250.0
1768639710.7026803,220480,0.0,133.85,0.06,65.0,250.0
1768639710.7126303,220500,0.0,133.85,0.02,65.0,250.0
1768639710.7430346,220520,0.0,133.85,-0.04,65.0,250.0
1768639710.758211,220540,0.0,133.85,0.02,65.0,250.0
1768639710.7784173,220560,0.0,133.85,-0.08,65.0,250.0
1768639710.7932851,220580,0.0,133.85,0.03,65.0,250.0
1768639710.8242476,220600,0.0,133.85,-0.05,65.0,250.0
1768639710.839489,220620,0.0,133.85,-0.15,65.0,250.0
1768639710.854822,220640,0.0,133.85,0.06,65.0,250.0
1768639710.8879488,220660,0.0,133.85,-0.01,65.0,250.0
1768639710.9045937,220680,0.0,133.85,0.06,65.0,250.0
1768639710.926657,220700,0.0,133.85,-0.01,65.0,250.0
1768639710.936859,220720,0.0,133.85,0.03,65.0,250.0
1768639710.9519403,220740,0.0,133.85,-0.01,65.0,250.0
1768639710.98203,220760,0.0,133.85,-0.08,65.0,250.0
1768639711.0024343,220780,0.0,133.85,-0.08,65.0,250.0
1768639711.0179195,220800,0.0,133.85,0.06,65.0,250.0
1768639711.0388513,220820,0.0,133.85,-0.08,65.0,250.0
1768639711.0819674,220840,0.0,133.85,0.03,65.0,250.0
1768639711.094164,220860,0.0,133.85,-0.08,65.0,250.0
1768639711.0985844,220880,0.0,133.85,0.06,65.0,250.0
1768639711.1133413,220900,0.0,133.85,-0.01,65.0,250.0
1768639711.1507082,220920,0.0,133.85,-0.08,65.0,250.0
1768639711.1610856,220940,0.0,133.85,0.06,65.0,250.0
1768639711.176311,220960,0.0,133.85,0.06,65.0,250.0
1768639711.1912868,220980,0.0,133.85,-0.08,65.0,250.0
1768639711.2268145,221000,0.0,133.85,-0.01,65.0,250.0
1768639711.2419388,221020,0.0,133.85,-0.05,65.0,250.0
1768639711.2628431,221040,0.0,133.85,-0.08,65.0,250.0
1768639711.2798135,221060,0.0,133.85,-0.01,65.0,250.0
1768639711.305474,221080,0.0,133.85,-0.03,65.0,250.0
1768639711.3230095,221100,0.0,133.85,0.06,65.0,250.0
1768639711.3384514,221120,0.0,133.85,0.13,65.0,250.0
1768639711.3532798,221140,0.0,133.85,0.02,65.0,250.0
1768639711.385336,221160,0.0,133.85,-0.08,65.0,250.0
1768639711.4004443,221180,0.0,133.85,0.02,65.0,250.0
1768639711.4157288,221200,0.0,133.85,-0.04,65.0,250.0
1768639711.4308321,221220,0.0,133.85,-0.11,65.0,250.0
1768639711.4658225,221240,0.0,133.85,-0.01,65.0,250.0
1768639711.4941514,221260,0.0,133.85,-0.01,65.0,250.0
1768639711.5123637,221280,0.0,133.85,-0.01,65.0,250.0
1768639711.5135307,221300,0.0,133.85,0.08,65.0,250.0
1768639711.5427608,221320,0.0,133.85,-0.04,65.0,250.0
1768639711.5628848,221340,0.0,133.85,0.03,65.0,250.0
1768639711.5781136,221360,0.0,133.85,-0.08,65.0,250.0
1768639711.598763,221380,0.0,133.85,-0.04,65.0,250.0
1768639711.6239839,221400,0.0,133.85,-0.08,65.0,250.0
1768639711.6391532,221420,0.0,133.85,-0.05,65.0,250.0
1768639711.6596632,221440,0.0,133.85,-0.11,65.0,250.0
1768639711.6750908,221460,0.0,133.85,0.06,65.0,250.0
1768639711.711399,221480,0.0,133.85,0.06,65.0,250.0
1768639711.726247,221500,0.0,133.85,0.06,65.0,250.0
1768639711.7508676,221520,0.0,133.85,-0.06,65.0,250.0
1768639711.752625,221540,0.0,133.85,-0.01,65.0,250.0
1768639711.7869625,221560,0.0,133.85,0.03,65.0,250.0
1768639711.8023186,221580,0.0,133.85,-0.05,65.0,250.0
1768639711.8237698,221600,0.0,133.85,-0.01,65.0,250.0
1768639711.8337734,221620,0.0,133.85,-0.01,65.0,250.0
1768639711.8637424,221640,0.0,133.85,-0.11,65.0,250.0
1768639711.8792007,221660,0.0,133.85,0.06,65.0,250.0
1768639711.900533,221680,0.0,133.85,-0.03,65.0,250.0
1768639711.9197638,221700,0.0,133.85,-0.08,65.0,250.0
1768639711.9539077,221720,0.0,133.85,0.13,65.0,250.0
1768639711.9601247,221740,0.0,133.85,-0.03,65.0,250.0
1768639711.9753366,221760,0.0,133.85,0.06,65.0,250.0
1768639711.9954016,221780,0.0,133.85,0.06,65.0,250.0
1768639712.0316696,221800,0.0,133.85,-0.01,65.0,250.0
1768639712.041832,221820,0.0,133.85,0.06,65.0,250.0
1768639712.0571516,221840,0.0,133.85,0.06,65.0,250.0
1768639712.0722492,221860,0.0,133.85,0.06,65.0,250.0
1768639712.1077745,221880,0.0,133.85,-0.08,65.0,250.0
1768639712.122902,221900,0.0,133.85,-0.1,65.0,250.0
1768639712.1711543,221920,0.0,133.85,0.02,65.0,250.0
1768639712.1723216,221940,0.0,133.85,-0.08,65.0,250.0
1768639712.1843638,221960,0.0,133.85,-0.04,65.0,250.0
1768639712.1994696,221980,0.0,133.85,-0.01,65.0,250.0
1768639712.2197874,222000,0.0,133.85,-0.08,65.0,250.0
1768639712.235494,222020,0.0,133.85,-0.08,65.0,250.0
1768639712.2663324,222040,0.0,133.85,-0.01,65.0,250.0
1768639712.281467,222060,0.0,133.85,0.06,65.0,250.0
1768639712.2963865,222080,0.0,133.85,-0.01,65.0,250.0
1768639712.3116894,222100,0.0,133.85,-0.01,65.0,250.0
1768639712.3473203,222120,0.0,133.85,-0.01,65.0,250.0
1768639712.386624,222140,0.0,133.85,-0.08,65.0,250.0
1768639712.3878195,222160,0.0,133.85,-0.01,65.0,250.0
1768639712.3932362,222180,0.0,133.85,-0.06,65.0,250.0
1768639712.4234996,222200,0.0,133.85,-0.08,65.0,250.0
1768639712.4435773,222220,0.0,133.85,0.03,65.0,250.0
1768639712.4597428,222240,0.0,133.85,0.06,65.0,250.0
1768639712.4803011,222260,0.0,133.85,-0.08,65.0,250.0
1768639712.5053692,222280,0.0,133.85,0.2,65.0,250.0
1768639712.5205722,222300,0.0,133.85,-0.01,65.0,250.0
1768639712.5360296,222320,0.0,133.85,-0.12,65.0,250.0
1768639712.555962,222340,0.0,133.85,0.06,65.0,250.0
1768639712.6078691,222360,0.0,133.85,-0.04,65.0,250.0
1768639712.6093283,222380,0.0,133.85,0.02,65.0,250.0
1768639712.6176789,222400,0.0,133.85,-0.08,65.0,250.0
1768639712.6324232,222420,0.0,133.85,0.06,65.0,250.0
1768639712.6679895,222440,0.0,133.85,-0.01,65.0,250.0
1768639712.6832166,222460,0.0,133.85,0.06,65.0,250.0
1768639712.7044334,222480,0.0,133.85,-0.22,65.0,250.0
1768639712.7141013,222500,0.0,133.85,0.13,65.0,250.0
1768639712.7442527,222520,0.0,133.85,0.06,65.0,250.0
1768639712.7643363,222540,0.0,133.85,0.03,65.0,250.0
1768639712.7796943,222560,0.0,133.85,0.06,65.0,250.0
1768639712.794157,222580,0.0,133.85,-0.01,65.0,250.0
1768639712.830521,222600,0.0,133.85,-0.01,65.0,250.0
1768639712.8421578,222620,0.0,133.85,-0.08,65.0,250.0
1768639712.856781,222640,0.0,133.85,0.13,65.0,250.0
1768639712.8720944,222660,0.0,133.85,-0.05,65.0,250.0
1768639712.9072318,222680,0.0,133.85,-0.08,65.0,250.0
1768639712.9286232,222700,0.0,133.85,-0.08,65.0,250.0
1768639712.938898,222720,0.0,133.85,-0.01,65.0,250.0
1768639712.9537938,222740,0.0,133.85,0.02,65.0,250.0
1768639712.984021,222760,0.0,133.85,-0.08,65.0,250.0
1768639713.0090687,222780,0.0,133.85,0.08,65.0,250.0
1768639713.0219724,222800,0.0,133.85,0.06,65.0,250.0
