Time_PC,Time_Dev,Target,Yaw,Rate,Servo_Angle,Servo_PWM
1768639984.7167199,0,0.0,-0.01,-0.2,90.0,307.0
1768639984.7192256,20,0.0,-0.01,-0.08,90.0,307.0
1768639984.7201052,40,0.0,-0.01,-0.01,90.0,307.0
1768639984.7209356,60,0.0,-0.01,-0.01,90.0,307.0
1768639984.7216551,80,0.0,-0.01,-0.08,90.0,307.0
1768639984.7225783,100,0.0,-0.01,-0.12,90.0,307.0
1768639984.7237244,120,0.0,-0.01,-0.15,90.0,307.0
1768639984.724219,140,0.0,-0.01,-0.15,90.0,307.0
1768639984.7361815,160,0.0,-0.01,-0.01,90.0,307.0
1768639984.738486,180,0.0,-0.02,-0.08,90.0,307.0
1768639984.7541263,200,0.0,-0.02,-0.01,90.0,307.0
1768639984.7576206,220,0.0,-0.02,-0.08,89.0,305.0
1768639984.7652647,240,0.0,-0.02,-0.11,90.0,307.0
1768639984.7680748,260,0.0,-0.02,-0.01,90.0,307.0
1768639984.7811606,280,0.0,-0.02,-0.01,90.0,307.0
1768639984.7949445,300,0.0,-0.02,-0.08,90.0,307.0
1768639984.7992709,320,0.0,-0.02,0.02,90.0,307.0
1768639984.8074124,340,0.0,-0.02,-0.01,90.0,307.0
1768639984.8117597,360,0.0,-0.02,-0.04,90.0,307.0
1768639984.8135445,380,0.0,-0.02,0.04,90.0,307.0
1768639984.8228176,400,0.0,-0.02,-0.08,90.0,307.0
1768639984.8265963,420,0.0,-0.02,-0.01,90.0,307.0
1768639984.8349488,440,0.0,-0.02,-0.06,90.0,307.0
1768639984.8439443,460,0.0,-0.02,-0.08,90.0,307.0
1768639984.855418,480,0.0,-0.02,-0.08,90.0,307.0
1768639984.8608563,500,0.0,-0.02,-0.08,90.0,307.0
1768639984.8650439,520,0.0,-0.02,-0.08,90.0,307.0
1768639984.8719149,540,0.0,-0.02,0.06,90.0,307.0
1768639984.881681,560,0.0,-0.02,-0.01,90.0,307.0
1768639984.8859067,580,0.0,-0.02,0.06,90.0,307.0
1768639984.891773,600,0.0,-0.02,-0.03,90.0,307.0
1768639984.894033,620,0.0,-0.02,0.06,90.0,307.0
1768639984.8945932,640,0.0,-0.02,-0.04,90.0,307.0
1768639984.8951173,660,0.0,-0.02,-0.01,90.0,307.0
1768639984.8955758,680,0.0,-0.02,0.02,90.0,307.0
1768639984.8960257,700,0.0,-0.02,-0.08,90.0,307.0
1768639984.916901,720,0.0,-0.02,-0.01,90.0,307.0
1768639984.9327378,740,0.0,-0.02,-0.08,90.0,307.0
1768639984.97119,760,0.0,-0.02,0.06,90.0,307.0
1768639984.9792678,780,0.0,-0.02,-0.15,90.0,307.0
1768639984.987043,800,0.0,-0.02,0.06,90.0,307.0
1768639985.0124142,820,0.0,-0.02,-0.01,90.0,307.0
1768639985.0209365,840,0.0,-0.02,-0.08,90.0,307.0
1768639985.0466473,860,0.0,-0.02,-0.04,90.0,307.0
1768639985.0498767,880,0.0,-0.03,-0.01,90.0,307.0
1768639985.08424,900,0.0,-0.03,-0.08,90.0,307.0
1768639985.115536,920,0.0,-0.03,-0.04,90.0,307.0
1768639985.1240988,940,0.0,-0.03,-0.01,90.0,307.0
1768639985.1517825,960,0.0,-0.03,0.06,90.0,307.0
1768639985.1783693,980,0.0,-0.03,0.04,90.0,307.0
1768639985.1985948,1000,0.0,-0.03,-0.08,91.0,309.0
1768639985.21187,1020,0.0,-0.03,-0.01,90.0,307.0
1768639985.229756,1040,0.0,-0.03,-0.06,91.0,309.0
1768639985.2648833,1060,0.0,-0.03,-0.15,90.0,307.0
1768639985.2739103,1080,0.0,-0.03,-0.08,90.0,307.0
1768639985.2972503,1100,0.0,-0.03,0.02,90.0,307.0
1768639985.3047888,1120,0.0,-0.03,0.02,90.0,307.0
1768639985.3369205,1140,0.0,-0.03,-0.01,90.0,307.0
1768639985.3635826,1160,0.0,-0.03,-0.01,90.0,307.0
1768639985.3690321,1180,0.0,-0.03,-0.04,90.0,307.0
1768639985.4039118,1200,0.0,-0.03,-0.08,90.0,307.0
1768639985.4100404,1220,0.0,-0.03,0.06,90.0,307.0
1768639985.4374423,1240,0.0,-0.03,-0.01,90.0,307.0
1768639985.4581637,1260,0.0,-0.03,-0.15,90.0,307.0
1768639985.4652648,1280,0.0,-0.04,0.06,90.0,307.0
1768639985.4977767,1300,0.0,-0.04,-0.08,90.0,307.0
1768639985.5197222,1320,0.0,-0.04,-0.08,90.0,307.0
1768639985.5446925,1340,0.0,-0.04,-0.08,90.0,307.0
1768639985.55083,1360,0.0,-0.04,-0.03,90.0,307.0
1768639985.5844636,1380,0.0,-0.04,-0.08,90.0,307.0
1768639985.593568,1400,0.0,-0.04,0.06,90.0,307.0
1768639985.6156173,1420,0.0,-0.04,-0.01,90.0,307.0
1768639985.624456,1440,0.0,-0.04,-0.08,90.0,307.0
1768639985.6585798,1460,0.0,-0.04,-0.01,90.0,307.0
1768639985.6815064,1480,0.0,-0.04,-0.08,90.0,307.0
1768639985.6954699,1500,0.0,-0.04,0.03,90.0,307.0
1768639985.7206354,1520,0.0,-0.04,-0.04,90.0,307.0
1768639985.7341084,1540,0.0,-0.04,0.13,90.0,307.0
1768639985.7635188,1560,0.0,-0.04,-0.08,90.0,307.0
1768639985.7701545,1580,0.0,-0.04,-0.03,90.0,307.0
1768639985.795584,1600,0.0,-0.04,-0.01,91.0,309.0
1768639985.8132524,1620,0.0,-0.04,0.06,90.0,307.0
1768639985.841967,1640,0.0,-0.04,-0.08,90.0,307.0
1768639985.8568573,1660,0.0,-0.04,-0.01,90.0,307.0
1768639985.87804,1680,0.0,-0.04,-0.01,90.0,307.0
1768639985.8990748,1700,0.0,-0.05,-0.01,91.0,309.0
1768639985.9200215,1720,0.0,-0.05,-0.08,90.0,307.0
1768639985.9352734,1740,0.0,-0.05,0.08,90.0,307.0
1768639985.9521503,1760,0.0,-0.05,-0.12,90.0,307.0
1768639985.991379,1780,0.0,-0.05,-0.04,90.0,307.0
1768639986.0008616,1800,0.0,-0.05,-0.01,90.0,307.0
1768639986.0219917,1820,0.0,-0.05,0.06,90.0,307.0
1768639986.034258,1840,0.0,-0.05,-0.12,90.0,307.0
1768639986.0616398,1860,0.0,-0.05,0.03,90.0,307.0
1768639986.064246,1880,0.0,-0.05,0.06,90.0,307.0
1768639986.0982668,1900,0.0,-0.05,-0.08,90.0,307.0
1768639986.112652,1920,0.0,-0.05,-0.01,90.0,307.0
1768639986.146815,1940,0.0,-0.05,-0.01,90.0,307.0
1768639986.1661747,1960,0.0,-0.05,0.06,90.0,307.0
1768639986.1822145,1980,0.0,-0.05,-0.01,91.0,309.0
1768639986.1866255,2000,0.0,-0.05,-0.01,90.0,307.0
1768639986.2271795,2020,0.0,-0.05,-0.01,90.0,307.0
1768639986.2429845,2040,0.0,-0.05,-0.08,90.0,307.0
1768639986.2585518,2060,0.0,-0.05,-0.22,90.0,307.0
1768639986.282056,2080,0.0,-0.05,0.06,90.0,307.0
1768639986.3001826,2100,0.0,-0.05,-0.01,90.0,307.0
1768639986.322363,2120,0.0,-0.05,0.06,90.0,307.0
1768639986.333928,2140,0.0,-0.05,-0.08,90.0,307.0
1768639986.35323,2160,0.0,-0.05,-0.01,90.0,307.0
1768639986.385377,2180,0.0,-0.06,-0.06,91.0,309.0
1768639986.3953102,2200,0.0,-0.06,-0.01,90.0,307.0
1768639986.41811,2220,0.0,-0.06,-0.01,90.0,307.0
1768639986.4269557,2240,0.0,-0.06,-0.01,90.0,307.0
1768639986.4602003,2260,0.0,-0.06,-0.01,90.0,307.0
1768639986.4824433,2280,0.0,-0.06,-0.08,90.0,307.0
1768639986.492488,2300,0.0,-0.06,-0.01,90.0,307.0
1768639986.5199594,2320,0.0,-0.06,-0.01,90.0,307.0
1768639986.5466669,2340,0.0,-0.06,-0.01,90.0,307.0
1768639986.567765,2360,0.0,-0.06,0.03,90.0,307.0
1768639986.5934248,2380,0.0,-0.06,-0.08,91.0,309.0
1768639986.6027348,2400,0.0,-0.06,0.04,90.0,307.0
1768639986.610212,2420,0.0,-0.06,-0.08,90.0,307.0
1768639986.6438813,2440,0.0,-0.06,-0.01,90.0,307.0
1768639986.6526213,2460,0.0,-0.06,-0.08,90.0,307.0
1768639986.6748514,2480,0.0,-0.06,-0.04,90.0,307.0
1768639986.6837864,2500,0.0,-0.06,-0.01,90.0,307.0
1768639986.7233703,2520,0.0,-0.06,-0.01,90.0,307.0
1768639986.738639,2540,0.0,-0.06,0.13,90.0,307.0
1768639986.7490866,2560,0.0,-0.06,-0.08,90.0,307.0
1768639986.7705314,2580,0.0,-0.06,-0.01,90.0,307.0
1768639986.8052816,2600,0.0,-0.06,-0.08,90.0,307.0
1768639986.813461,2620,0.0,-0.06,-0.08,90.0,307.0
1768639986.8359141,2640,0.0,-0.06,-0.01,90.0,307.0
1768639986.8462393,2660,0.0,-0.07,-0.01,90.0,307.0
1768639986.8687267,2680,0.0,-0.07,0.09,90.0,307.0
1768639986.8990877,2700,0.0,-0.07,-0.04,90.0,307.0
1768639986.9091613,2720,0.0,-0.06,0.06,90.0,307.0
1768639986.9301732,2740,0.0,-0.07,-0.08,90.0,307.0
1768639986.9736958,2760,0.0,-0.07,-0.01,90.0,307.0
1768639986.9756598,2780,0.0,-0.07,0.01,90.0,307.0
1768639986.996029,2800,0.0,-0.07,0.03,90.0,307.0
1768639987.0120244,2820,0.0,-0.07,-0.08,90.0,307.0
1768639987.0402436,2840,0.0,-0.07,-0.01,90.0,307.0
1768639987.0611444,2860,0.0,-0.07,0.02,90.0,307.0
1768639987.0763085,2880,0.0,-0.07,-0.08,90.0,307.0
1768639987.0846472,2900,0.0,-0.07,-0.01,90.0,307.0
1768639987.1173162,2920,0.0,-0.07,-0.08,90.0,307.0
1768639987.1399314,2940,0.0,-0.07,-0.08,90.0,307.0
1768639987.1669693,2960,0.0,-0.07,-0.05,90.0,307.0
1768639987.1710823,2980,0.0,-0.07,-0.08,90.0,307.0
1768639987.1905155,3000,0.0,-0.07,0.13,91.0,309.0
1768639987.2146463,3020,0.0,-0.07,-0.01,90.0,307.0
1768639987.236179,3040,0.0,-0.07,-0.08,90.0,307.0
1768639987.2464888,3060,0.0,-0.07,-0.06,91.0,309.0
1768639987.2748537,3080,0.0,-0.07,0.1,90.0,307.0
1768639987.300262,3100,0.0,-0.07,-0.01,90.0,307.0
1768639987.310348,3120,0.0,-0.07,-0.01,90.0,307.0
1768639987.3310983,3140,0.0,-0.07,0.02,90.0,307.0
1768639987.3644907,3160,0.0,-0.07,-0.06,90.0,307.0
1768639987.3834167,3180,0.0,-0.07,0.06,90.0,307.0
1768639987.4137044,3200,0.0,-0.07,-0.01,90.0,307.0
1768639987.4216187,3220,0.0,-0.07,0.06,90.0,307.0
1768639987.4526548,3240,0.0,-0.07,-0.04,90.0,307.0
1768639987.4777,3260,0.0,-0.08,-0.01,91.0,309.0
1768639987.4843862,3280,0.0,-0.08,-0.08,90.0,307.0
1768639987.498188,3300,0.0,-0.07,-0.04,89.0,305.0
1768639987.5245237,3320,0.0,-0.08,-0.01,90.0,307.0
1768639987.5412304,3340,0.0,-0.08,-0.01,90.0,307.0
1768639987.551235,3360,0.0,-0.08,-0.01,90.0,307.0
1768639987.5734034,3380,0.0,-0.08,-0.08,90.0,307.0
1768639987.6059725,3400,0.0,-0.08,-0.01,90.0,307.0
1768639987.6209407,3420,0.0,-0.08,-0.01,90.0,307.0
1768639987.6374428,3440,0.0,-0.08,0.08,90.0,307.0
1768639987.6649263,3460,0.0,-0.08,-0.01,90.0,307.0
1768639987.687876,3480,0.0,-0.08,-0.08,90.0,307.0
1768639987.7039273,3500,0.0,-0.08,-0.01,90.0,307.0
1768639987.7135818,3520,0.0,-0.08,-0.04,90.0,307.0
1768639987.7335048,3540,0.0,-0.08,-0.11,90.0,307.0
1768639987.765612,3560,0.0,-0.08,-0.01,90.0,307.0
1768639987.7757018,3580,0.0,-0.08,-0.01,90.0,307.0
1768639987.8102407,3600,0.0,-0.08,-0.08,90.0,307.0
1768639987.842871,3620,0.0,-0.08,0.06,90.0,307.0
1768639987.8804834,3640,0.0,-0.08,-0.08,90.0,307.0
1768639987.9132152,3660,0.0,-0.08,-0.08,90.0,307.0
1768639987.929137,3680,0.0,-0.08,0.03,90.0,307.0
1768639987.9464693,3700,0.0,-0.09,0.02,90.0,307.0
1768639987.9514787,3720,0.0,-0.08,-0.08,90.0,307.0
1768639987.9524326,3740,0.0,-0.08,-0.08,90.0,307.0
1768639987.9581828,3760,0.0,-0.09,-0.01,90.0,307.0
1768639987.9681852,3780,0.0,-0.09,-0.01,90.0,307.0
1768639987.98911,3800,0.0,-0.09,0.06,90.0,307.0
1768639988.001788,3820,0.0,-0.08,0.04,90.0,307.0
1768639988.0513692,3840,0.0,-0.08,-0.08,90.0,307.0
1768639988.0594661,3860,0.0,-0.08,-0.11,90.0,307.0
1768639988.0877073,3880,0.0,-0.08,-0.01,90.0,307.0
1768639988.0947332,3900,0.0,-0.08,0.06,90.0,307.0
1768639988.1253245,3920,0.0,-0.08,-0.01,90.0,307.0
1768639988.1481009,3940,0.0,-0.08,-0.01,89.0,305.0
1768639988.1552684,3960,0.0,-0.08,0.03,90.0,307.0
1768639988.1827607,3980,0.0,-0.08,-0.08,90.0,307.0
1768639988.1928246,4000,0.0,-0.08,-0.01,90.0,307.0
1768639988.2150733,4020,0.0,-0.08,-0.04,90.0,307.0
1768639988.223876,4040,0.0,-0.08,-0.08,90.0,307.0
1768639988.2619693,4060,0.0,-0.08,-0.01,90.0,307.0
1768639988.295911,4080,0.0,-0.08,-0.01,89.0,305.0
1768639988.299888,4100,0.0,-0.08,-0.01,90.0,307.0
1768639988.3258898,4120,0.0,-0.08,-0.01,90.0,307.0
1768639988.3374238,4140,0.0,-0.08,-0.01,90.0,307.0
1768639988.3600397,4160,0.0,-0.08,-0.05,90.0,307.0
1768639988.3699055,4180,0.0,-0.08,-0.12,90.0,307.0
1768639988.3903284,4200,0.0,-0.08,-0.01,90.0,307.0
1768639988.4234033,4220,0.0,-0.08,-0.01,90.0,307.0
1768639988.433413,4240,0.0,-0.08,0.06,90.0,307.0
1768639988.4620466,4260,0.0,-0.08,-0.01,90.0,307.0
1768639988.4651673,4280,0.0,-0.08,-0.08,90.0,307.0
1768639988.4996195,4300,0.0,-0.08,-0.01,90.0,307.0
1768639988.5220864,4320,0.0,-0.08,0.06,90.0,307.0
1768639988.5432081,4340,0.0,-0.08,-0.15,90.0,307.0
1768639988.5535975,4360,0.0,-0.08,0.01,90.0,307.0
1768639988.5837178,4380,0.0,-0.08,-0.08,90.0,307.0
1768639988.5937912,4400,0.0,-0.08,0.06,90.0,307.0
1768639988.615869,4420,0.0,-0.08,-0.01,90.0,307.0
1768639988.6246953,4440,0.0,-0.08,-0.01,90.0,307.0
1768639988.6684256,4460,0.0,-0.08,-0.01,90.0,307.0
1768639988.682098,4480,0.0,-0.08,-0.12,90.0,307.0
1768639988.706894,4500,0.0,-0.08,-0.04,90.0,307.0
1768639988.7175276,4520,0.0,-0.08,-0.08,91.0,309.0
1768639988.7464366,4540,0.0,-0.08,0.06,90.0,307.0
1768639988.7579486,4560,0.0,-0.08,0.06,90.0,307.0
1768639988.7639854,4580,0.0,-0.08,0.04,90.0,307.0
1768639988.7787955,4600,0.0,-0.08,0.1,90.0,307.0
1768639988.8097897,4620,0.0,0.27,10.27,65.0,250.0
1768639988.819847,4640,0.0,0.3,0.52,89.0,305.0
1768639988.864841,4660,0.0,0.31,-0.01,89.0,305.0
1768639988.874415,4680,0.0,0.31,-0.01,90.0,307.0
1768639988.9109066,4700,0.0,0.31,-0.01,90.0,307.0
1768639988.9222922,4720,0.0,0.31,-0.01,91.0,309.0
1768639988.9304614,4740,0.0,0.31,-0.22,90.0,307.0
1768639988.9571025,4760,0.0,0.31,-0.08,90.0,307.0
1768639988.9747527,4780,0.0,0.31,0.06,90.0,307.0
1768639988.9833467,4800,0.0,0.31,-0.01,90.0,307.0
1768639989.0032349,4820,0.0,0.31,-0.08,90.0,307.0
1768639989.0126603,4840,0.0,0.31,-0.11,90.0,307.0
1768639989.044609,4860,0.0,0.31,-0.08,90.0,307.0
1768639989.0833633,4880,0.0,0.31,0.05,90.0,307.0
1768639989.0923624,4900,0.0,0.31,0.06,90.0,307.0
1768639989.1246035,4920,0.0,0.31,0.41,89.0,305.0
1768639989.17099,4940,0.0,0.32,0.24,88.0,302.0
1768639989.1749315,4960,0.0,0.32,-0.15,90.0,307.0
1768639989.1845787,4980,0.0,0.32,-0.01,90.0,307.0
1768639989.1944666,5000,0.0,0.32,-0.09,90.0,307.0
1768639989.2053916,5020,0.0,0.32,-0.01,90.0,307.0
1768639989.2270575,5040,0.0,0.32,-0.2,90.0,307.0
1768639989.2377808,5060,0.0,0.32,0.09,90.0,307.0
1768639989.292875,5080,0.0,0.32,0.13,90.0,307.0
1768639989.3498538,5100,0.0,0.32,0.06,90.0,307.0
1768639989.3623972,5120,0.0,0.32,0.13,90.0,307.0
1768639989.37332,5140,0.0,0.32,0.24,90.0,307.0
1768639989.3866518,5160,0.0,0.32,-0.08,90.0,307.0
1768639989.3974423,5180,0.0,0.32,0.13,90.0,307.0
1768639989.3979354,5200,0.0,0.33,0.06,90.0,307.0
1768639989.398446,5220,0.0,0.33,-0.01,90.0,307.0
1768639989.419524,5240,0.0,0.35,10.31,89.0,305.0
1768639989.4624496,5260,0.0,1.88,142.96,65.0,250.0
1768639989.485599,5280,0.0,2.69,-3.17,65.0,250.0
1768639989.4993935,5300,0.0,2.68,-0.02,82.0,289.0
1768639989.5293453,5320,0.0,2.68,0.27,83.0,291.0
1768639989.533938,5340,0.0,2.68,-0.1,84.0,293.0
1768639989.5618596,5360,0.0,2.68,-0.86,84.0,293.0
1768639989.579826,5380,0.0,1.8,-75.06,115.0,364.0
1768639989.5894256,5400,0.0,0.6,-33.04,115.0,364.0
1768639989.6091974,5420,0.0,-0.17,-44.67,115.0,364.0
1768639989.6426854,5440,0.0,-1.39,-76.96,115.0,364.0
1768639989.6527605,5460,0.0,-2.81,-72.39,115.0,364.0
1768639989.6833463,5480,0.0,-4.76,-114.69,115.0,364.0
1768639989.6885521,5500,0.0,-5.79,-18.04,115.0,364.0
1768639989.726485,5520,0.0,-6.03,-8.75,115.0,364.0
1768639989.7390232,5540,0.0,-6.14,-13.76,104.0,339.0
1768639989.757624,5560,0.0,-6.39,-20.03,115.0,364.0
1768639989.7733574,5580,0.0,-6.83,-30.29,115.0,364.0
1768639989.8057523,5600,0.0,-7.52,-40.85,115.0,364.0
1768639989.813223,5620,0.0,-8.19,-25.4,115.0,364.0
1768639989.835022,5640,0.0,-8.67,-17.46,115.0,364.0
1768639989.845636,5660,0.0,-9.12,-22.83,115.0,364.0
1768639989.896972,5680,0.0,-9.54,-21.11,115.0,364.0
1768639989.9054854,5700,0.0,-10.0,-27.12,115.0,364.0
1768639989.932442,5720,0.0,-10.75,-50.22,115.0,364.0
1768639989.9412584,5740,0.0,-11.81,-55.39,115.0,364.0
1768639989.9702275,5760,0.0,-12.8,-43.38,115.0,364.0
1768639989.9859397,5780,0.0,-13.64,-38.99,115.0,364.0
1768639989.9994316,5800,0.0,-14.49,-40.95,115.0,364.0
1768639990.0085213,5820,0.0,-15.43,-53.19,115.0,364.0
1768639990.0378222,5840,0.0,-16.59,-54.34,115.0,364.0
1768639990.059922,5860,0.0,-17.52,-38.47,115.0,364.0
1768639990.0943127,5880,0.0,-18.25,-32.22,115.0,364.0
1768639990.113189,5900,0.0,-18.74,-22.82,115.0,364.0
1768639990.1406035,5920,0.0,-19.08,-15.25,115.0,364.0
1768639990.1687033,5940,0.0,-19.32,-15.17,115.0,364.0
1768639990.1789382,5960,0.0,-19.68,-18.69,115.0,364.0
1768639990.1939552,5980,0.0,-20.17,-18.6,115.0,364.0
1768639990.2018483,6000,0.0,-20.52,-13.97,115.0,364.0
1768639990.2203891,6020,0.0,-20.75,-2.93,115.0,364.0
1768639990.230471,6040,0.0,-20.46,37.72,91.0,309.0
1768639990.2514925,6060,0.0,-19.75,34.52,65.0,250.0
1768639990.2971425,6080,0.0,-18.96,50.29,65.0,250.0
1768639990.307669,6100,0.0,-17.85,60.91,65.0,250.0
1768639990.316789,6120,0.0,-16.63,61.26,65.0,250.0
1768639990.3409739,6140,0.0,-15.01,94.47,65.0,250.0
1768639990.3909614,6160,0.0,-13.05,105.4,65.0,250.0
1768639990.4151282,6180,0.0,-10.71,116.76,65.0,250.0
1768639990.4190488,6200,0.0,-8.48,111.35,65.0,250.0
1768639990.4198549,6220,0.0,-6.52,88.42,65.0,250.0
1768639990.4449272,6240,0.0,-4.38,115.17,65.0,250.0
1768639990.4564564,6260,0.0,-2.66,52.34,65.0,250.0
1768639990.4991736,6280,0.0,-1.06,77.96,65.0,250.0
1768639990.51778,6300,0.0,0.82,105.18,65.0,250.0
1768639990.5495622,6320,0.0,2.82,90.71,65.0,250.0
1768639990.553288,6340,0.0,4.24,48.24,65.0,250.0
1768639990.5811896,6360,0.0,4.98,35.31,65.0,250.0
1768639990.5880082,6380,0.0,5.7,39.92,65.0,250.0
1768639990.5956995,6400,0.0,6.65,54.01,65.0,250.0
1768639990.6217618,6420,0.0,8.92,178.61,65.0,250.0
1768639990.6375074,6440,0.0,11.36,77.91,65.0,250.0
1768639990.6464407,6460,0.0,12.66,50.11,65.0,250.0
1768639990.6872675,6480,0.0,13.51,33.61,65.0,250.0
1768639990.7120745,6500,0.0,13.69,-0.65,65.0,250.0
1768639990.7183895,6520,0.0,13.69,-0.01,65.0,250.0
1768639990.7398472,6540,0.0,13.75,17.94,65.0,250.0
1768639990.7699292,6560,0.0,14.71,55.27,65.0,250.0
1768639990.7925212,6580,0.0,15.95,63.81,65.0,250.0
1768639990.8018172,6600,0.0,16.92,27.79,65.0,250.0
1768639990.8112123,6620,0.0,17.48,33.17,65.0,250.0
1768639990.8395193,6640,0.0,18.4,54.32,65.0,250.0
1768639990.862309,6660,0.0,19.59,71.2,65.0,250.0
1768639990.8721023,6680,0.0,21.34,99.81,65.0,250.0
1768639990.8985412,6700,0.0,23.11,61.58,65.0,250.0
1768639990.9289348,6720,0.0,24.13,38.31,65.0,250.0
1768639990.9650607,6740,0.0,24.53,6.69,65.0,250.0
1768639991.0076518,6760,0.0,24.81,21.64,65.0,250.0
1768639991.0292156,6780,0.0,25.36,36.11,65.0,250.0
1768639991.0341682,6800,0.0,26.1,41.46,65.0,250.0
1768639991.0413988,6820,0.0,26.96,35.89,65.0,250.0
1768639991.0419276,6840,0.0,27.57,12.47,65.0,250.0
1768639991.0546227,6860,0.0,27.6,-0.06,65.0,250.0
1768639991.0637417,6880,0.0,27.59,-3.75,65.0,250.0
1768639991.0885143,6900,0.0,27.45,0.63,67.0,255.0
1768639991.1259108,6920,0.0,27.45,-0.24,65.0,250.0
1768639991.1358302,6940,0.0,27.27,-36.13,65.0,250.0
1768639991.1668968,6960,0.0,26.55,-49.77,115.0,364.0
1768639991.1835852,6980,0.0,25.31,-65.99,115.0,364.0
1768639991.206371,7000,0.0,23.69,-99.47,115.0,364.0
1768639991.2200117,7020,0.0,21.39,-113.26,115.0,364.0
1768639991.2269676,7040,0.0,19.28,-98.98,115.0,364.0
1768639991.2568238,7060,0.0,17.31,-97.62,115.0,364.0
1768639991.278774,7080,0.0,15.51,-87.97,115.0,364.0
1768639991.2889028,7100,0.0,13.67,-107.61,115.0,364.0
1768639991.3434465,7120,0.0,11.47,-125.73,115.0,364.0
1768639991.3747048,7140,0.0,8.85,-119.45,115.0,364.0
1768639991.3893845,7160,0.0,6.41,-120.11,115.0,364.0
1768639991.4458857,7180,0.0,4.08,-112.79,115.0,364.0
1768639991.4549174,7200,0.0,1.87,-111.49,115.0,364.0
1768639991.4637136,7220,0.0,-0.58,-125.85,115.0,364.0
1768639991.4644513,7240,0.0,-2.93,-114.54,115.0,364.0
1768639991.4650443,7260,0.0,-5.44,-132.42,115.0,364.0
1768639991.4718137,7280,0.0,-8.16,-128.75,115.0,364.0
1768639991.5041556,7300,0.0,-10.07,-75.36,115.0,364.0
1768639991.5143008,7320,0.0,-11.28,-56.54,115.0,364.0
1768639991.5602376,7340,0.0,-12.5,-59.47,115.0,364.0
1768639991.596379,7360,0.0,-13.35,-33.89,115.0,364.0
1768639991.6135879,7380,0.0,-13.85,-20.81,115.0,364.0
1768639991.6614025,7400,0.0,-14.23,-16.33,115.0,364.0
1768639991.684286,7420,0.0,-14.53,-16.07,115.0,364.0
1768639991.6852772,7440,0.0,-14.77,-12.89,115.0,364.0
1768639991.6863694,7460,0.0,-14.96,-3.72,115.0,364.0
1768639991.6872663,7480,0.0,-15.08,-7.5,115.0,364.0
1768639991.6964846,7500,0.0,-15.13,0.26,115.0,364.0
1768639991.7058742,7520,0.0,-15.1,8.64,115.0,364.0
1768639991.7675583,7540,0.0,-14.43,51.52,65.0,250.0
1768639991.7779257,7560,0.0,-13.12,67.01,65.0,250.0
1768639991.7821708,7580,0.0,-11.88,59.08,65.0,250.0
1768639991.8112864,7600,0.0,-10.27,85.61,65.0,250.0
1768639991.8260443,7620,0.0,-8.23,110.3,65.0,250.0
1768639991.8434525,7640,0.0,-5.72,138.81,65.0,250.0
1768639991.8570442,7660,0.0,-3.26,136.45,65.0,250.0
1768639991.8688302,7680,0.0,-0.64,130.06,65.0,250.0
1768639991.9004853,7700,0.0,1.91,120.44,65.0,250.0
1768639991.921523,7720,0.0,4.54,137.69,65.0,250.0
1768639991.9310923,7740,0.0,7.02,143.2,65.0,250.0
1768639991.9518547,7760,0.0,9.78,109.45,65.0,250.0
1768639992.0009518,7780,0.0,11.83,99.45,65.0,250.0
1768639992.0326111,7800,0.0,13.46,68.33,65.0,250.0
1768639992.0659811,7820,0.0,15.11,98.72,65.0,250.0
1768639992.0893316,7840,0.0,16.92,95.69,65.0,250.0
1768639992.09797,7860,0.0,19.16,115.3,65.0,250.0
1768639992.1124797,7880,0.0,21.33,106.71,65.0,250.0
1768639992.1164644,7900,0.0,23.34,96.18,65.0,250.0
1768639992.1173072,7920,0.0,24.92,64.75,65.0,250.0
1768639992.1457527,7940,0.0,25.92,37.02,65.0,250.0
1768639992.156795,7960,0.0,26.89,56.58,65.0,250.0
1768639992.1985748,7980,0.0,27.83,39.23,65.0,250.0
1768639992.212664,8000,0.0,28.62,35.93,65.0,250.0
1768639992.2216864,8020,0.0,29.23,24.16,65.0,250.0
1768639992.246936,8040,0.0,29.5,8.52,65.0,250.0
1768639992.2575767,8060,0.0,29.79,21.88,65.0,250.0
1768639992.2794971,8080,0.0,30.35,32.35,65.0,250.0
1768639992.3070982,8100,0.0,31.05,40.61,65.0,250.0
1768639992.3222976,8120,0.0,31.49,1.43,65.0,250.0
1768639992.3380961,8140,0.0,31.49,0.02,65.0,250.0
1768639992.3477998,8160,0.0,31.49,-0.08,65.0,250.0
1768639992.3690584,8180,0.0,31.49,0.03,65.0,250.0
1768639992.4136298,8200,0.0,31.49,-0.01,65.0,250.0
1768639992.4252708,8220,0.0,31.49,-0.08,65.0,250.0
1768639992.4361105,8240,0.0,31.49,-0.13,65.0,250.0
1768639992.4690442,8260,0.0,31.48,-4.77,65.0,250.0
1768639992.4787982,8280,0.0,30.83,-43.84,115.0,364.0
1768639992.5176363,8300,0.0,29.68,-58.06,115.0,364.0
1768639992.5302439,8320,0.0,28.77,-34.27,115.0,364.0
1768639992.549926,8340,0.0,28.19,-24.26,115.0,364.0
1768639992.562592,8360,0.0,27.78,-22.39,100.0,330.0
1768639992.572572,8380,0.0,27.13,-38.64,115.0,364.0
1768639992.5953825,8400,0.0,26.03,-78.0,115.0,364.0
1768639992.6059024,8420,0.0,24.47,-83.56,115.0,364.0
1768639992.651268,8440,0.0,22.63,-95.14,115.0,364.0
1768639992.6873527,8460,0.0,20.85,-68.3,115.0,364.0
1768639992.7258575,8480,0.0,19.71,-43.13,115.0,364.0
1768639992.7448416,8500,0.0,18.48,-96.72,115.0,364.0
1768639992.7682767,8520,0.0,16.35,-108.68,115.0,364.0
1768639992.769281,8540,0.0,14.2,-113.2,115.0,364.0
1768639992.7702687,8560,0.0,12.01,-98.81,115.0,364.0
1768639992.7712471,8580,0.0,10.47,-59.87,115.0,364.0
1768639992.7976913,8600,0.0,9.03,-74.28,115.0,364.0
1768639992.8199646,8620,0.0,7.36,-96.78,115.0,364.0
1768639992.8372922,8640,0.0,6.35,-33.77,115.0,364.0
1768639992.8687115,8660,0.0,5.55,-34.84,115.0,364.0
1768639992.898839,8680,0.0,4.73,-52.61,115.0,364.0
1768639992.907836,8700,0.0,3.61,-55.84,115.0,364.0
1768639992.9406247,8720,0.0,2.38,-69.77,115.0,364.0
1768639992.9522645,8740,0.0,1.0,-79.04,115.0,364.0
1768639992.9642804,8760,0.0,-0.44,-83.21,115.0,364.0
1768639992.9801579,8780,0.0,-2.53,-112.56,115.0,364.0
1768639992.9903555,8800,0.0,-4.98,-131.35,115.0,364.0
1768639993.012636,8820,0.0,-7.32,-88.77,115.0,364.0
1768639993.053443,8840,0.0,-8.57,-42.48,115.0,364.0
1768639993.0664365,8860,0.0,-9.33,-26.64,115.0,364.0
1768639993.0960107,8880,0.0,-9.71,-19.14,115.0,364.0
1768639993.1016786,8900,0.0,-10.07,-19.2,115.0,364.0
1768639993.1293654,8920,0.0,-10.43,-14.1,115.0,364.0
1768639993.1450295,8940,0.0,-10.7,-14.14,115.0,364.0
1768639993.1551213,8960,0.0,-10.9,-11.07,115.0,364.0
1768639993.1772332,8980,0.0,-11.12,-13.12,115.0,364.0
1768639993.2051437,9000,0.0,-11.42,-6.9,115.0,364.0
1768639993.214889,9020,0.0,-11.58,-4.27,115.0,364.0
1768639993.2622614,9040,0.0,-11.69,-7.87,115.0,364.0
1768639993.2998092,9060,0.0,-11.82,-5.18,115.0,364.0
1768639993.3140614,9080,0.0,-11.92,-4.69,115.0,364.0
1768639993.349983,9100,0.0,-11.97,-0.81,115.0,364.0
1768639993.3676274,9120,0.0,-11.98,0.04,115.0,364.0
1768639993.3841953,9140,0.0,-11.98,0.06,115.0,364.0
1768639993.3852186,9160,0.0,-11.97,0.06,115.0,364.0
1768639993.3861778,9180,0.0,-11.97,-0.08,115.0,364.0
1768639993.3973422,9200,0.0,-11.98,-0.01,115.0,364.0
1768639993.406822,9220,0.0,-11.97,0.13,115.0,364.0
1768639993.4490552,9240,0.0,-11.93,16.05,115.0,364.0
1768639993.4674177,9260,0.0,-11.6,12.58,65.0,250.0
1768639993.47813,9280,0.0,-11.48,3.53,99.0,327.0
1768639993.5044818,9300,0.0,-11.45,0.24,115.0,364.0
1768639993.5393963,9320,0.0,-11.45,-0.15,115.0,364.0
1768639993.5568576,9340,0.0,-11.45,-0.01,115.0,364.0
1768639993.5679317,9360,0.0,-11.45,-0.01,115.0,364.0
1768639993.5744,9380,0.0,-11.45,-0.15,115.0,364.0
1768639993.5999763,9400,0.0,-11.45,-0.01,115.0,364.0
1768639993.6218135,9420,0.0,-11.45,-0.19,115.0,364.0
1768639993.631576,9440,0.0,-11.45,-0.08,115.0,364.0
1768639993.662244,9460,0.0,-11.45,-0.04,115.0,364.0
1768639993.6863956,9480,0.0,-11.45,0.03,115.0,364.0
1768639993.6972082,9500,0.0,-11.45,-0.01,115.0,364.0
1768639993.7210662,9520,0.0,-11.45,0.06,115.0,364.0
1768639993.7327309,9540,0.0,-11.45,-0.05,115.0,364.0
1768639993.7780106,9560,0.0,-11.45,-0.01,115.0,364.0
1768639993.7943225,9580,0.0,-11.45,-0.04,115.0,364.0
1768639993.8065274,9600,0.0,-11.45,-0.01,115.0,364.0
1768639993.8141172,9620,0.0,-11.45,0.06,115.0,364.0
1768639993.8468714,9640,0.0,-11.45,-0.01,115.0,364.0
1768639993.8569229,9660,0.0,-11.45,-0.2,115.0,364.0
1768639993.884996,9680,0.0,-11.45,-0.08,115.0,364.0
1768639993.8949533,9700,0.0,-11.45,-0.08,115.0,364.0
1768639993.9258866,9720,0.0,-11.45,0.06,115.0,364.0
1768639993.9553094,9740,0.0,-11.45,-0.08,115.0,364.0
1768639993.9749012,9760,0.0,-11.45,0.03,115.0,364.0
1768639993.9897246,9780,0.0,-11.45,-0.08,115.0,364.0
1768639994.0010593,9800,0.0,-11.45,-0.08,115.0,364.0
1768639994.0173016,9820,0.0,-11.45,-0.15,115.0,364.0
1768639994.038728,9840,0.0,-11.46,-0.22,115.0,364.0
1768639994.0488548,9860,0.0,-11.56,-23.34,115.0,364.0
1768639994.0950658,9880,0.0,-11.83,-5.33,115.0,364.0
1768639994.1052673,9900,0.0,-11.9,-2.94,115.0,364.0
1768639994.1138573,9920,0.0,-11.95,-3.61,115.0,364.0
1768639994.1404073,9940,0.0,-12.01,-4.15,115.0,364.0
1768639994.1529915,9960,0.0,-12.06,-1.07,115.0,364.0
1768639994.194833,9980,0.0,-12.1,-0.88,115.0,364.0
1768639994.203968,10000,0.0,-12.11,-4.69,115.0,364.0
1768639994.2143016,10020,0.0,-12.15,-2.73,115.0,364.0
1768639994.231801,10040,0.0,-12.24,-3.91,115.0,364.0
1768639994.2637813,10060,0.0,-12.35,-7.24,115.0,364.0
1768639994.2739902,10080,0.0,-12.37,-1.55,115.0,364.0
1768639994.315093,10100,0.0,-12.41,-10.87,114.0,362.0
1768639994.3247588,10120,0.0,-12.53,-3.36,115.0,364.0
1768639994.3557265,10140,0.0,-12.61,-8.09,115.0,364.0
1768639994.3648238,10160,0.0,-12.8,-15.17,115.0,364.0
1768639994.3916073,10180,0.0,-13.01,-9.25,115.0,364.0
1768639994.4065692,10200,0.0,-13.15,-7.93,115.0,364.0
1768639994.4252703,10220,0.0,-13.28,-6.47,115.0,364.0
1768639994.434987,10240,0.0,-13.43,-6.39,115.0,364.0
1768639994.4563406,10260,0.0,-13.72,-15.62,115.0,364.0
1768639994.4666293,10280,0.0,-14.09,-23.67,115.0,364.0
1768639994.4981477,10300,0.0,-14.61,-30.73,115.0,364.0
1768639994.5311525,10320,0.0,-15.28,-39.42,115.0,364.0
1768639994.5358434,10340,0.0,-16.01,-31.37,115.0,364.0
1768639994.5637617,10360,0.0,-16.94,-56.71,115.0,364.0
1768639994.59971,10380,0.0,-18.03,-68.71,115.0,364.0
1768639994.614394,10400,0.0,-19.44,-75.17,115.0,364.0
1768639994.62392,10420,0.0,-20.84,-54.68,115.0,364.0
1768639994.6331987,10440,0.0,-22.02,-62.75,115.0,364.0
1768639994.6585617,10460,0.0,-23.28,-57.32,115.0,364.0
1768639994.6817987,10480,0.0,-24.24,-37.81,115.0,364.0
1768639994.6914017,10500,0.0,-25.04,-39.54,115.0,364.0
1768639994.7270925,10520,0.0,-25.79,-37.39,115.0,364.0
1768639994.7690096,10540,0.0,-26.51,-34.22,115.0,364.0
1768639994.7949963,10560,0.0,-27.34,-40.59,115.0,364.0
1768639994.818429,10580,0.0,-28.1,-36.53,115.0,364.0
1768639994.8260207,10600,0.0,-28.72,-28.98,115.0,364.0
1768639994.835413,10620,0.0,-29.22,-24.74,115.0,364.0
1768639994.843873,10640,0.0,-29.75,-25.82,115.0,364.0
1768639994.8514616,10660,0.0,-30.61,-57.29,115.0,364.0
1768639994.8739505,10680,0.0,-31.8,-65.24,115.0,364.0
1768639994.9175062,10700,0.0,-33.01,-43.19,115.0,364.0
1768639994.9537003,10720,0.0,-33.87,-37.47,115.0,364.0
1768639994.9872952,10740,0.0,-34.65,-46.7,115.0,364.0
1768639995.0329964,10760,0.0,-35.69,-55.07,115.0,364.0
1768639995.0571342,10780,0.0,-36.73,-37.36,115.0,364.0
1768639995.0616367,10800,0.0,-37.33,-25.26,115.0,364.0
1768639995.0627494,10820,0.0,-37.76,-19.35,115.0,364.0
1768639995.063728,10840,0.0,-38.26,-37.96,115.0,364.0
1768639995.0661404,10860,0.0,-39.15,-59.0,115.0,364.0
1768639995.0764103,10880,0.0,-40.06,-29.35,115.0,364.0
1768639995.0988379,10900,0.0,-40.56,-24.74,115.0,364.0
1768639995.1083527,10920,0.0,-40.81,0.22,115.0,364.0
1768639995.1617289,10940,0.0,-40.8,0.06,115.0,364.0
1768639995.1982954,10960,0.0,-40.8,-0.04,115.0,364.0
1768639995.2389076,10980,0.0,-40.8,0.06,115.0,364.0
1768639995.2579281,11000,0.0,-40.8,-0.08,115.0,364.0
1768639995.268908,11020,0.0,-40.8,-0.32,115.0,364.0
1768639995.2741287,11040,0.0,-40.91,-2.57,115.0,364.0
1768639995.2752364,11060,0.0,-40.9,-0.64,115.0,364.0
1768639995.2759993,11080,0.0,-40.93,0.88,115.0,364.0
1768639995.2909727,11100,0.0,-40.91,0.09,115.0,364.0
1768639995.3227384,11120,0.0,-40.91,0.34,115.0,364.0
1768639995.3553243,11140,0.0,-40.8,10.76,115.0,364.0
1768639995.364993,11160,0.0,-40.68,1.04,115.0,364.0
1768639995.3931558,11180,0.0,-40.67,0.34,115.0,364.0
1768639995.40603,11200,0.0,-40.67,0.06,115.0,364.0
1768639995.4302,11220,0.0,-40.67,-0.08,115.0,364.0
1768639995.454519,11240,0.0,-40.67,0.06,115.0,364.0
1768639995.4589684,11260,0.0,-40.67,-0.08,115.0,364.0
1768639995.4793432,11280,0.0,-40.67,-0.08,115.0,364.0
1768639995.4995475,11300,0.0,-40.68,-0.29,115.0,364.0
1768639995.5093486,11320,0.0,-40.68,-0.29,115.0,364.0
1768639995.5315917,11340,0.0,-40.74,-11.69,115.0,364.0
1768639995.5755942,11360,0.0,-40.94,-1.59,115.0,364.0
1768639995.582073,11380,0.0,-40.95,-0.22,115.0,364.0
1768639995.6091232,11400,0.0,-40.95,0.06,115.0,364.0
1768639995.6167943,11420,0.0,-40.95,-0.01,115.0,364.0
1768639995.6548169,11440,0.0,-40.95,-0.04,115.0,364.0
1768639995.6643732,11460,0.0,-40.95,0.04,115.0,364.0
1768639995.6732361,11480,0.0,-40.95,-0.05,115.0,364.0
1768639995.6917725,11500,0.0,-40.95,0.06,115.0,364.0
1768639995.7239661,11520,0.0,-40.95,0.08,115.0,364.0
1768639995.734032,11540,0.0,-40.91,15.41,115.0,364.0
1768639995.7684486,11560,0.0,-40.35,33.18,75.0,273.0
1768639995.8076189,11580,0.0,-39.67,38.02,65.0,250.0
1768639995.8441708,11600,0.0,-38.91,40.77,65.0,250.0
1768639995.8692036,11620,0.0,-37.98,51.47,65.0,250.0
1768639995.8923106,11640,0.0,-37.09,41.15,65.0,250.0
1768639995.8962612,11660,0.0,-36.22,46.29,65.0,250.0
1768639995.896813,11680,0.0,-35.14,58.25,65.0,250.0
1768639995.8973663,11700,0.0,-34.0,52.66,65.0,250.0
1768639995.916497,11720,0.0,-32.96,58.61,65.0,250.0
1768639995.9262662,11740,0.0,-31.63,68.19,65.0,250.0
1768639995.9792898,11760,0.0,-30.3,66.22,65.0,250.0
1768639995.9977999,11780,0.0,-29.2,43.53,65.0,250.0
1768639996.03599,11800,0.0,-28.68,12.26,65.0,250.0
1768639996.067999,11820,0.0,-28.47,13.63,115.0,364.0
1768639996.0773227,11840,0.0,-27.83,45.99,65.0,250.0
1768639996.0849333,11860,0.0,-26.83,51.02,65.0,250.0
1768639996.0956635,11880,0.0,-25.95,37.2,65.0,250.0
1768639996.1036758,11900,0.0,-25.36,20.78,65.0,250.0
1768639996.11888,11920,0.0,-25.05,9.36,88.0,302.0
1768639996.1411626,11940,0.0,-24.46,72.64,65.0,250.0
1768639996.1511357,11960,0.0,-22.59,105.64,65.0,250.0
1768639996.1934965,11980,0.0,-20.62,80.39,65.0,250.0
1768639996.2051117,12000,0.0,-19.54,33.81,65.0,250.0
1768639996.2327862,12020,0.0,-19.28,-1.13,95.0,318.0
1768639996.240219,12040,0.0,-19.28,0.27,115.0,364.0
1768639996.2736998,12060,0.0,-18.69,52.1,65.0,250.0
1768639996.287637,12080,0.0,-17.99,39.3,65.0,250.0
1768639996.3017871,12100,0.0,-17.27,23.56,65.0,250.0
1768639996.3171678,12120,0.0,-17.16,0.04,115.0,364.0
1768639996.3326595,12140,0.0,-17.14,4.68,115.0,364.0
1768639996.3656456,12160,0.0,-16.66,25.41,65.0,250.0
1768639996.3757799,12180,0.0,-16.16,30.74,65.0,250.0
1768639996.404129,12200,0.0,-15.37,44.33,65.0,250.0
1768639996.415136,12220,0.0,-14.4,48.98,65.0,250.0
1768639996.4488566,12240,0.0,-13.58,32.89,65.0,250.0
1768639996.4793582,12260,0.0,-13.13,10.59,65.0,250.0
1768639996.4932857,12280,0.0,-12.89,18.25,77.0,277.0
1768639996.5046003,12300,0.0,-12.57,16.43,65.0,250.0
1768639996.526098,12320,0.0,-11.73,64.23,65.0,250.0
1768639996.5362122,12340,0.0,-10.01,89.13,65.0,250.0
1768639996.558008,12360,0.0,-8.5,64.72,65.0,250.0
1768639996.5674996,12380,0.0,-7.44,30.66,65.0,250.0
1768639996.613054,12400,0.0,-7.21,-1.03,68.0,257.0
1768639996.6221712,12420,0.0,-7.21,0.09,113.0,359.0
1768639996.645251,12440,0.0,-7.11,31.08,112.0,357.0
1768639996.6519043,12460,0.0,-6.21,38.5,65.0,250.0
1768639996.6796968,12480,0.0,-5.42,23.38,65.0,250.0
1768639996.7047722,12500,0.0,-5.21,2.25,70.0,262.0
1768639996.7142262,12520,0.0,-5.2,0.1,109.0,350.0
1768639996.73484,12540,0.0,-5.17,10.34,107.0,346.0
1768639996.7442899,12560,0.0,-4.81,21.74,65.0,250.0
1768639996.7770827,12580,0.0,-4.18,41.46,65.0,250.0
1768639996.8041558,12600,0.0,-3.32,39.53,65.0,250.0
1768639996.8176115,12620,0.0,-2.86,4.64,65.0,250.0
1768639996.8423982,12640,0.0,-2.87,-0.36,107.0,346.0
1768639996.880175,12660,0.0,-3.31,-68.22,115.0,364.0
1768639996.8965025,12680,0.0,-4.98,-110.95,115.0,364.0
1768639996.906316,12700,0.0,-7.48,-138.66,115.0,364.0
1768639996.915745,12720,0.0,-10.52,-173.61,115.0,364.0
1768639996.9373033,12740,0.0,-14.02,-158.72,115.0,364.0
1768639996.9597845,12760,0.0,-16.93,-142.36,115.0,364.0
1768639996.9699183,12780,0.0,-19.44,-107.17,115.0,364.0
1768639997.0170963,12800,0.0,-20.85,-33.76,115.0,364.0
1768639997.0278258,12820,0.0,-21.08,1.0,115.0,364.0
1768639997.0486116,12840,0.0,-19.78,195.78,65.0,250.0
1768639997.0563054,12860,0.0,-15.12,241.73,65.0,250.0
1768639997.0959766,12880,0.0,-10.61,187.5,65.0,250.0
1768639997.1131773,12900,0.0,-7.49,154.04,65.0,250.0
1768639997.122831,12920,0.0,-4.75,114.06,65.0,250.0
1768639997.1339748,12940,0.0,-2.4,104.84,65.0,250.0
1768639997.1516144,12960,0.0,-0.78,59.65,65.0,250.0
1768639997.1835115,12980,0.0,0.32,65.39,65.0,250.0
1768639997.214183,13000,0.0,2.12,117.16,65.0,250.0
1768639997.2382255,13020,0.0,4.14,80.99,65.0,250.0
1768639997.265234,13040,0.0,5.25,27.55,65.0,250.0
1768639997.2908056,13060,0.0,5.38,-0.36,65.0,250.0
1768639997.3112252,13080,0.0,5.37,-0.01,79.0,282.0
1768639997.3318985,13100,0.0,5.9,92.17,65.0,250.0
1768639997.3368533,13120,0.0,7.54,68.5,65.0,250.0
1768639997.3445902,13140,0.0,8.71,52.87,65.0,250.0
1768639997.3551834,13160,0.0,9.4,27.17,65.0,250.0
1768639997.3767517,13180,0.0,10.23,59.9,65.0,250.0
1768639997.386225,13200,0.0,11.77,111.73,65.0,250.0
1768639997.4259984,13220,0.0,14.02,107.96,65.0,250.0
1768639997.4536955,13240,0.0,15.95,96.23,65.0,250.0
1768639997.46458,13260,0.0,17.35,38.24,65.0,250.0
1768639997.4952078,13280,0.0,17.53,-4.67,65.0,250.0
1768639997.511176,13300,0.0,17.15,-5.61,115.0,364.0
1768639997.5173376,13320,0.0,16.92,-16.65,99.0,327.0
1768639997.5371785,13340,0.0,16.44,-45.61,115.0,364.0
1768639997.5469108,13360,0.0,15.14,-83.73,115.0,364.0
1768639997.5793276,13380,0.0,12.75,-166.14,115.0,364.0
1768639997.62336,13400,0.0,8.2,-283.62,115.0,364.0
1768639997.6384852,13420,0.0,2.56,-268.69,115.0,364.0
1768639997.6667554,13440,0.0,-2.41,-218.92,115.0,364.0
1768639997.699208,13460,0.0,-6.0,-133.81,115.0,364.0
1768639997.7149622,13480,0.0,-7.87,-77.92,115.0,364.0
1768639997.7434227,13500,0.0,-9.39,-87.94,115.0,364.0
1768639997.7443466,13520,0.0,-11.19,-94.19,115.0,364.0
1768639997.745396,13540,0.0,-13.2,-107.61,115.0,364.0
1768639997.7622657,13560,0.0,-15.58,-120.78,115.0,364.0
1768639997.772566,13580,0.0,-17.58,-74.87,115.0,364.0
1768639997.7950673,13600,0.0,-18.74,-63.34,115.0,364.0
1768639997.828842,13620,0.0,-20.23,-74.19,115.0,364.0
1768639997.8431706,13640,0.0,-21.74,-73.39,115.0,364.0
1768639997.8646948,13660,0.0,-23.18,-61.26,115.0,364.0
1768639997.8737736,13680,0.0,-24.16,-45.34,115.0,364.0
1768639997.9131656,13700,0.0,-24.97,-38.55,115.0,364.0
1768639997.9242291,13720,0.0,-25.63,-27.25,115.0,364.0
1768639997.9352114,13740,0.0,-26.28,-39.6,115.0,364.0
1768639997.9549575,13760,0.0,-27.13,-37.57,115.0,364.0
1768639997.9859602,13780,0.0,-27.82,-30.02,115.0,364.0
1768639997.9960864,13800,0.0,-28.31,-9.94,115.0,364.0
1768639998.038849,13820,0.0,-28.31,4.84,115.0,364.0
1768639998.0707033,13840,0.0,-27.88,22.83,65.0,250.0
1768639998.0851028,13860,0.0,-27.66,7.09,115.0,364.0
1768639998.1177995,13880,0.0,-27.54,-0.64,115.0,364.0
1768639998.1318793,13900,0.0,-27.54,-0.15,115.0,364.0
1768639998.1507018,13920,0.0,-27.54,-0.53,115.0,364.0
1768639998.1602118,13940,0.0,-27.55,0.13,115.0,364.0
1768639998.1614203,13960,0.0,-27.23,69.75,115.0,364.0
1768639998.1791153,13980,0.0,-25.34,104.95,65.0,250.0
1768639998.189109,14000,0.0,-22.68,172.35,65.0,250.0
1768639998.2112274,14020,0.0,-17.01,386.18,65.0,250.0
1768639998.2454376,14040,0.0,-8.85,411.01,65.0,250.0
1768639998.256718,14060,0.0,-0.68,372.97,65.0,250.0
1768639998.276941,14080,0.0,5.93,280.79,65.0,250.0
1768639998.2878234,14100,0.0,10.77,219.46,65.0,250.0
1768639998.3286269,14120,0.0,14.56,142.55,65.0,250.0
1768639998.3444803,14140,0.0,16.8,74.44,65.0,250.0
1768639998.3583832,14160,0.0,17.11,-47.93,65.0,250.0
1768639998.3717754,14180,0.0,14.72,-203.59,115.0,364.0
1768639998.4035227,14200,0.0,7.84,-543.83,115.0,364.0
1768639998.4138892,14220,0.0,-5.9,-778.04,115.0,364.0
1768639998.4555147,14240,0.0,-19.65,-497.79,115.0,364.0
1768639998.488913,14260,0.0,-26.47,-180.64,115.0,364.0
1768639998.5295994,14280,0.0,-29.29,-96.55,115.0,364.0
1768639998.5516078,14300,0.0,-29.99,8.43,115.0,364.0
1768639998.556459,14320,0.0,-29.42,65.78,68.0,257.0
1768639998.5574205,14340,0.0,-26.15,257.33,65.0,250.0
1768639998.5655456,14360,0.0,-16.79,683.3,65.0,250.0
1768639998.573555,14380,0.0,-4.07,549.72,65.0,250.0
1768639998.5956945,14400,0.0,4.85,351.98,65.0,250.0
1768639998.6053336,14420,0.0,10.03,208.71,65.0,250.0
1768639998.6605115,14440,0.0,13.89,167.39,65.0,250.0
1768639998.6701214,14460,0.0,16.67,115.08,65.0,250.0
1768639998.6795347,14480,0.0,18.92,100.96,65.0,250.0
1768639998.695304,14500,0.0,20.73,87.08,65.0,250.0
1768639998.7307794,14520,0.0,22.47,107.53,65.0,250.0
1768639998.7417703,14540,0.0,24.72,76.09,65.0,250.0
1768639998.7570763,14560,0.0,26.0,67.22,65.0,250.0
1768639998.7675188,14580,0.0,27.93,116.06,65.0,250.0
1768639998.7985232,14600,0.0,29.8,73.47,65.0,250.0
1768639998.8207626,14620,0.0,31.49,100.1,65.0,250.0
1768639998.830632,14640,0.0,33.55,97.07,65.0,250.0
1768639998.8577626,14660,0.0,35.2,72.25,65.0,250.0
1768639998.8927748,14680,0.0,36.64,73.56,65.0,250.0
1768639998.9042656,14700,0.0,38.19,78.47,65.0,250.0
1768639998.9287474,14720,0.0,39.66,67.27,65.0,250.0
1768639998.944918,14740,0.0,41.43,103.12,65.0,250.0
1768639998.9592237,14760,0.0,43.3,79.62,65.0,250.0
1768639998.9804997,14780,0.0,44.63,61.26,65.0,250.0
1768639998.9904442,14800,0.0,46.09,88.28,65.0,250.0
1768639999.0121891,14820,0.0,48.19,114.72,65.0,250.0
1768639999.057402,14840,0.0,50.09,87.77,65.0,250.0
1768639999.0670636,14860,0.0,51.88,81.86,65.0,250.0
1768639999.0778377,14880,0.0,53.38,73.49,65.0,250.0
1768639999.0997853,14900,0.0,54.82,71.44,65.0,250.0
1768639999.1221654,14920,0.0,56.22,86.76,65.0,250.0
1768639999.1439795,14940,0.0,58.23,94.82,65.0,250.0
1768639999.154016,14960,0.0,59.7,65.48,65.0,250.0
1768639999.1773195,14980,0.0,60.9,57.08,65.0,250.0
1768639999.2057273,15000,0.0,61.81,29.49,65.0,250.0
1768639999.2157586,15020,0.0,62.26,15.88,65.0,250.0
1768639999.2578847,15040,0.0,62.65,20.72,65.0,250.0
1768639999.2666614,15060,0.0,63.53,66.11,65.0,250.0
1768639999.299296,15080,0.0,64.9,52.18,65.0,250.0
1768639999.304586,15100,0.0,65.61,10.55,65.0,250.0
1768639999.3322546,15120,0.0,64.87,-76.69,93.0,314.0
1768639999.344077,15140,0.0,63.9,14.5,115.0,364.0
1768639999.3544178,15160,0.0,63.92,-10.4,65.0,250.0
1768639999.382774,15180,0.0,63.6,-2.07,65.0,250.0
1768639999.3928292,15200,0.0,63.61,0.0,65.0,250.0
1768639999.414796,15220,0.0,63.62,0.79,65.0,250.0
1768639999.4238868,15240,0.0,63.96,30.02,65.0,250.0
1768639999.468537,15260,0.0,64.3,3.16,65.0,250.0
1768639999.4793084,15280,0.0,63.55,-77.77,98.0,325.0
1768639999.5047042,15300,0.0,61.54,-106.82,115.0,364.0
1768639999.517011,15320,0.0,59.97,-38.64,115.0,364.0
1768639999.5626147,15340,0.0,60.17,48.11,65.0,250.0
1768639999.5802288,15360,0.0,61.67,79.51,65.0,250.0
1768639999.5961256,15380,0.0,63.52,121.73,65.0,250.0
1768639999.597006,15400,0.0,66.29,138.48,65.0,250.0
1768639999.617013,15420,0.0,68.79,123.52,65.0,250.0
1768639999.6397417,15440,0.0,71.45,147.54,65.0,250.0
1768639999.6719923,15460,0.0,74.74,158.41,65.0,250.0
1768639999.6777756,15480,0.0,77.68,143.77,65.0,250.0
1768639999.7143326,15500,0.0,80.54,156.51,65.0,250.0
1768639999.7234786,15520,0.0,83.8,170.15,65.0,250.0
1768639999.7615652,15540,0.0,86.95,145.46,65.0,250.0
1768639999.7653086,15560,0.0,89.8,134.28,65.0,250.0
1768639999.7920923,15580,0.0,92.1,101.33,65.0,250.0
1768639999.8052938,15600,0.0,93.93,82.19,65.0,250.0
1768639999.81021,15620,0.0,95.75,92.22,65.0,250.0
1768639999.8314817,15640,0.0,97.62,90.08,65.0,250.0
1768639999.8747823,15660,0.0,99.23,94.2,65.0,250.0
1768639999.904568,15680,0.0,101.35,111.46,65.0,250.0
1768639999.9302306,15700,0.0,103.63,122.15,65.0,250.0
1768639999.96031,15720,0.0,105.98,115.89,65.0,250.0
1768639999.985243,15740,0.0,108.89,192.76,65.0,250.0
1768640000.006542,15760,0.0,112.43,182.93,65.0,250.0
1768640000.0203671,15780,0.0,116.07,191.7,65.0,250.0
1768640000.0212486,15800,0.0,119.57,143.13,65.0,250.0
1768640000.0246947,15820,0.0,122.78,182.93,65.0,250.0
1768640000.0408764,15840,0.0,126.6,174.27,65.0,250.0
1768640000.0512466,15860,0.0,130.57,224.23,65.0,250.0
1768640000.072996,15880,0.0,134.85,204.96,65.0,250.0
1768640000.1099193,15900,0.0,138.62,154.2,65.0,250.0
1768640000.1212075,15920,0.0,141.52,114.35,65.0,250.0
1768640000.1431046,15940,0.0,143.87,149.26,65.0,250.0
1768640000.1769712,15960,0.0,147.57,189.92,65.0,250.0
1768640000.1907392,15980,0.0,150.53,122.31,65.0,250.0
1768640000.2077374,16000,0.0,152.69,99.15,65.0,250.0
1768640000.217659,16020,0.0,154.53,95.81,65.0,250.0
1768640000.2334096,16040,0.0,156.66,116.97,65.0,250.0
1768640000.2659252,16060,0.0,158.55,62.77,65.0,250.0
1768640000.275761,16080,0.0,159.99,79.39,65.0,250.0
1768640000.3087826,16100,0.0,161.42,65.56,65.0,250.0
1768640000.33833,16120,0.0,162.63,62.1,65.0,250.0
1768640000.3566236,16140,0.0,164.0,79.2,65.0,250.0
1768640000.3857532,16160,0.0,165.65,94.2,65.0,250.0
1768640000.397029,16180,0.0,167.59,93.62,65.0,250.0
1768640000.4111464,16200,0.0,169.08,52.92,65.0,250.0
1768640000.4252195,16220,0.0,170.3,43.68,65.0,250.0
1768640000.4361036,16240,0.0,170.99,25.24,65.0,250.0
1768640000.4581306,16260,0.0,171.46,31.79,65.0,250.0
1768640000.4677153,16280,0.0,172.23,41.69,65.0,250.0
1768640000.5246162,16300,0.0,173.21,37.24,65.0,250.0
1768640000.5294204,16320,0.0,174.67,77.09,65.0,250.0
1768640000.5356276,16340,0.0,176.13,46.09,65.0,250.0
1768640000.559703,16360,0.0,177.03,56.95,65.0,250.0
1768640000.5942209,16380,0.0,177.85,0.74,65.0,250.0
1768640000.60745,16400,0.0,178.13,-5.74,65.0,250.0
1768640000.619003,16420,0.0,178.35,-1.3,65.0,250.0
1768640000.6291347,16440,0.0,178.75,44.65,65.0,250.0
1768640000.6603425,16460,0.0,179.71,60.6,65.0,250.0
1768640000.6827648,16480,0.0,-179.37,30.13,115.0,364.0
1768640000.6931176,16500,0.0,-178.51,32.94,115.0,364.0
1768640000.7334325,16520,0.0,-177.41,27.02,115.0,364.0
1768640000.7641308,16540,0.0,-176.71,24.55,115.0,364.0
1768640000.7805564,16560,0.0,-176.21,21.25,115.0,364.0
1768640000.8142447,16580,0.0,-175.73,21.17,115.0,364.0
1768640000.8393595,16600,0.0,-175.41,0.57,115.0,364.0
1768640000.8523982,16620,0.0,-175.6,-25.99,115.0,364.0
1768640000.853507,16640,0.0,-175.68,10.09,115.0,364.0
1768640000.8545501,16660,0.0,-175.31,-14.85,115.0,364.0
1768640000.8752587,16680,0.0,-175.47,34.73,115.0,364.0
1768640000.8865886,16700,0.0,-174.27,69.12,115.0,364.0
1768640000.9348311,16720,0.0,-173.52,6.55,115.0,364.0
1768640000.944073,16740,0.0,-172.95,57.62,115.0,364.0
1768640000.9745727,16760,0.0,-172.08,37.09,115.0,364.0
1768640000.9848423,16780,0.0,-171.12,54.71,115.0,364.0
1768640001.0145783,16800,0.0,-169.96,68.34,115.0,364.0
1768640001.0298836,16820,0.0,-168.24,91.33,115.0,364.0
1768640001.0354884,16840,0.0,-166.41,91.21,115.0,364.0
1768640001.0550897,16860,0.0,-164.77,66.64,115.0,364.0
1768640001.0835829,16880,0.0,-163.62,34.09,115.0,364.0
1768640001.093595,16900,0.0,-162.46,130.85,115.0,364.0
1768640001.1434488,16920,0.0,-159.63,149.26,65.0,250.0
1768640001.1800506,16940,0.0,-156.38,150.14,65.0,250.0
1768640001.1961057,16960,0.0,-153.41,120.94,65.0,250.0
1768640001.231456,16980,0.0,-151.37,69.88,85.0,296.0
1768640001.238252,17000,0.0,-149.49,89.68,87.0,300.0
1768640001.2484052,17020,0.0,-147.21,135.97,65.0,250.0
1768640001.264101,17040,0.0,-144.17,135.59,65.0,250.0
1768640001.2697408,17060,0.0,-141.88,77.55,65.0,250.0
1768640001.2761402,17080,0.0,-140.66,52.62,115.0,364.0
1768640001.2866166,17100,0.0,-139.71,59.26,115.0,364.0
1768640001.318512,17120,0.0,-138.23,85.99,115.0,364.0
1768640001.3486445,17140,0.0,-135.82,134.97,65.0,250.0
1768640001.3580542,17160,0.0,-133.07,136.94,65.0,250.0
1768640001.3923233,17180,0.0,-130.15,146.45,65.0,250.0
1768640001.4225729,17200,0.0,-127.52,124.0,65.0,250.0
1768640001.444321,17220,0.0,-125.24,99.59,65.0,250.0
1768640001.4502537,17240,0.0,-123.58,65.98,65.0,250.0
1768640001.4633198,17260,0.0,-122.33,67.03,115.0,364.0
1768640001.4787385,17280,0.0,-121.01,64.53,115.0,364.0
1768640001.500802,17300,0.0,-119.74,62.3,115.0,364.0
1768640001.511022,17320,0.0,-118.6,53.28,115.0,364.0
1768640001.559834,17340,0.0,-117.55,51.68,115.0,364.0
1768640001.5696957,17360,0.0,-116.48,55.2,115.0,364.0
1768640001.5987773,17380,0.0,-115.41,63.93,115.0,364.0
1768640001.6342273,17400,0.0,-114.16,55.54,107.0,346.0
1768640001.6590877,17420,0.0,-113.26,42.64,115.0,364.0
1768640001.660479,17440,0.0,-112.39,36.44,115.0,364.0
1768640001.6868758,17460,0.0,-112.02,4.49,115.0,364.0
1768640001.687896,17480,0.0,-111.85,15.94,115.0,364.0
1768640001.6933239,17500,0.0,-111.52,17.86,115.0,364.0
1768640001.725484,17520,0.0,-111.15,20.3,115.0,364.0
1768640001.7359953,17540,0.0,-110.74,16.46,115.0,364.0
1768640001.7734663,17560,0.0,-110.54,4.47,115.0,364.0
1768640001.8057053,17580,0.0,-110.48,4.69,115.0,364.0
1768640001.821041,17600,0.0,-110.39,1.11,115.0,364.0
1768640001.8492975,17620,0.0,-110.45,-3.31,115.0,364.0
1768640001.8642333,17640,0.0,-110.51,-5.32,115.0,364.0
1768640001.8704517,17660,0.0,-110.75,-20.24,115.0,364.0
1768640001.8806727,17680,0.0,-111.54,-66.89,115.0,364.0
1768640001.9017308,17700,0.0,-113.56,-130.09,115.0,364.0
1768640001.9118218,17720,0.0,-117.2,-232.0,115.0,364.0
1768640001.9356315,17740,0.0,-122.89,-343.99,115.0,364.0
1768640001.9716747,17760,0.0,-130.47,-411.32,115.0,364.0
1768640001.9826534,17780,0.0,-138.18,-362.58,115.0,364.0
1768640002.0172417,17800,0.0,-146.4,-502.25,115.0,364.0
1768640002.0272076,17820,0.0,-156.88,-502.4,115.0,364.0
1768640002.0621347,17840,0.0,-164.88,-289.0,115.0,364.0
1768640002.074236,17860,0.0,-169.19,-167.51,115.0,364.0
1768640002.0858703,17880,0.0,-172.29,-127.26,115.0,364.0
1768640002.1040118,17900,0.0,-175.23,-199.15,115.0,364.0
1768640002.1264374,17920,0.0,-179.12,-183.31,115.0,364.0
1768640002.136142,17940,0.0,177.07,-197.85,115.0,364.0
1768640002.1834283,17960,0.0,173.98,-78.56,115.0,364.0
1768640002.1888266,17980,0.0,172.33,-88.8,65.0,250.0
1768640002.2016644,18000,0.0,170.68,-86.72,65.0,250.0
1768640002.2349024,18020,0.0,168.85,-97.77,65.0,250.0
1768640002.2597487,18040,0.0,166.62,-159.23,105.0,341.0
1768640002.2710881,18060,0.0,162.93,-143.1,115.0,364.0
1768640002.292153,18080,0.0,160.9,-65.96,103.0,337.0
1768640002.3132634,18100,0.0,159.67,-95.01,65.0,250.0
1768640002.3143284,18120,0.0,156.86,-156.29,115.0,364.0
1768640002.3353572,18140,0.0,154.82,-38.94,115.0,364.0
1768640002.3454432,18160,0.0,154.74,5.29,65.0,250.0
1768640002.40224,18180,0.0,153.62,-112.36,65.0,250.0
1768640002.4069433,18200,0.0,149.36,-284.71,115.0,364.0
1768640002.4334173,18220,0.0,143.15,-324.41,115.0,364.0
1768640002.4493577,18240,0.0,138.6,-167.74,115.0,364.0
1768640002.471047,18260,0.0,135.88,-97.13,115.0,364.0
1768640002.4850354,18280,0.0,134.24,-62.35,95.0,318.0
1768640002.4973812,18300,0.0,132.71,-93.81,65.0,250.0
1768640002.5087597,18320,0.0,130.22,-182.68,115.0,364.0
1768640002.5374756,18340,0.0,126.17,-227.93,115.0,364.0
1768640002.5592363,18360,0.0,120.95,-249.51,115.0,364.0
1768640002.5692065,18380,0.0,115.94,-273.07,115.0,364.0
1768640002.6126168,18400,0.0,110.27,-272.69,115.0,364.0
1768640002.6289248,18420,0.0,104.79,-259.5,115.0,364.0
1768640002.6483805,18440,0.0,99.78,-219.59,115.0,364.0
1768640002.6593766,18460,0.0,95.89,-148.89,115.0,364.0
1768640002.6855118,18480,0.0,93.36,-92.57,115.0,364.0
1768640002.704455,18500,0.0,91.25,-107.21,115.0,364.0
1768640002.7179403,18520,0.0,88.83,-107.62,115.0,364.0
1768640002.7363074,18540,0.0,86.75,-91.17,115.0,364.0
1768640002.7465713,18560,0.0,84.71,-91.71,115.0,364.0
1768640002.7782142,18580,0.0,82.12,-190.6,115.0,364.0
1768640002.814189,18600,0.0,78.32,-196.53,115.0,364.0
1768640002.8223498,18620,0.0,75.85,-84.73,115.0,364.0
1768640002.8534482,18640,0.0,74.29,-79.51,115.0,364.0
1768640002.8639991,18660,0.0,72.04,-125.16,115.0,364.0
1768640002.8833382,18680,0.0,69.51,-106.68,115.0,364.0
1768640002.9019787,18700,0.0,67.55,-92.06,115.0,364.0
1768640002.9138112,18720,0.0,65.35,-98.93,115.0,364.0
1768640002.9386358,18740,0.0,63.54,-74.43,115.0,364.0
1768640002.9601564,18760,0.0,62.46,-57.55,99.0,327.0
1768640002.9704833,18780,0.0,61.26,-56.34,115.0,364.0
1768640003.0193117,18800,0.0,60.53,-48.26,101.0,332.0
1768640003.027164,18820,0.0,62.0,139.52,65.0,250.0
1768640003.0375721,18840,0.0,61.05,-216.56,110.0,352.0
1768640003.0660374,18860,0.0,58.87,-65.85,115.0,364.0
1768640003.075556,18880,0.0,58.28,-8.46,65.0,250.0
1768640003.1070526,18900,0.0,58.17,4.72,65.0,250.0
1768640003.115821,18920,0.0,58.11,-14.91,65.0,250.0
1768640003.141667,18940,0.0,57.77,-23.98,65.0,250.0
1768640003.147936,18960,0.0,58.09,63.62,65.0,250.0
1768640003.1794095,18980,0.0,58.26,-30.39,65.0,250.0
1768640003.2014673,19000,0.0,58.16,20.75,65.0,250.0
1768640003.2327235,19020,0.0,58.87,45.02,65.0,250.0
1768640003.2336051,19040,0.0,59.82,42.42,65.0,250.0
1768640003.2721126,19060,0.0,60.51,22.53,65.0,250.0
1768640003.2844467,19080,0.0,60.7,7.52,65.0,250.0
1768640003.3013697,19100,0.0,60.71,-8.95,65.0,250.0
1768640003.3140266,19120,0.0,60.47,-12.46,65.0,250.0
1768640003.3604867,19140,0.0,60.03,-40.14,65.0,250.0
1768640003.3620813,19160,0.0,59.17,-50.11,115.0,364.0
1768640003.3720016,19180,0.0,58.31,-33.98,115.0,364.0
1768640003.3936877,19200,0.0,57.75,-14.01,65.0,250.0
1768640003.431915,19220,0.0,57.6,7.77,65.0,250.0
1768640003.4556823,19240,0.0,57.84,27.3,65.0,250.0
1768640003.462576,19260,0.0,58.5,16.13,65.0,250.0
1768640003.4846902,19280,0.0,58.42,0.11,65.0,250.0
1768640003.5156837,19300,0.0,58.69,22.27,65.0,250.0
1768640003.5236845,19320,0.0,58.94,5.68,65.0,250.0
1768640003.532615,19340,0.0,58.98,-2.05,65.0,250.0
1768640003.553893,19360,0.0,58.64,-33.42,65.0,250.0
1768640003.5865963,19380,0.0,58.04,-0.34,77.0,277.0
1768640003.5966604,19400,0.0,57.84,-16.84,65.0,250.0
1768640003.6187804,19420,0.0,57.58,-1.94,65.0,250.0
1768640003.649171,19440,0.0,57.67,3.72,65.0,250.0
1768640003.6677988,19460,0.0,57.55,21.75,65.0,250.0
1768640003.6910093,19480,0.0,57.46,-32.5,65.0,250.0
1768640003.7237465,19500,0.0,56.52,-64.14,115.0,364.0
1768640003.746305,19520,0.0,54.62,-129.8,115.0,364.0
1768640003.7658665,19540,0.0,51.11,-213.25,115.0,364.0
1768640003.7785184,19560,0.0,46.55,-210.0,115.0,364.0
1768640003.7793355,19580,0.0,42.69,-165.96,115.0,364.0
1768640003.7893536,19600,0.0,39.52,-150.58,115.0,364.0
1768640003.811797,19620,0.0,35.6,-220.61,115.0,364.0
1768640003.8569932,19640,0.0,30.42,-254.11,115.0,364.0
1768640003.8702173,19660,0.0,25.92,-170.44,115.0,364.0
1768640003.8770254,19680,0.0,21.4,-230.47,115.0,364.0
1768640003.9088247,19700,0.0,16.96,-169.07,115.0,364.0
1768640003.9325948,19720,0.0,13.49,-119.02,115.0,364.0
1768640003.9457386,19740,0.0,10.96,-126.75,115.0,364.0
1768640003.9609182,19760,0.0,8.31,-80.12,115.0,364.0
1768640003.973108,19780,0.0,6.86,-62.67,115.0,364.0
1768640004.0037818,19800,0.0,5.13,-98.76,115.0,364.0
1768640004.0136006,19820,0.0,3.11,-77.34,115.0,364.0
1768640004.0356658,19840,0.0,1.74,-33.96,115.0,364.0
1768640004.0666673,19860,0.0,1.19,-32.83,115.0,364.0
1768640004.0811002,19880,0.0,0.02,-54.41,115.0,364.0
1768640004.1067536,19900,0.0,-1.1,-45.15,115.0,364.0
1768640004.1128829,19920,0.0,-1.0,17.25,65.0,250.0
1768640004.1433897,19940,0.0,-0.04,78.73,65.0,250.0
1768640004.1642268,19960,0.0,2.61,125.17,65.0,250.0
1768640004.1756992,19980,0.0,5.72,88.28,65.0,250.0
1768640004.1960604,20000,0.0,6.62,-74.69,65.0,250.0
1768640004.2053332,20020,0.0,4.25,-106.6,115.0,364.0
1768640004.2384706,20040,0.0,2.28,-67.81,115.0,364.0
1768640004.275872,20060,0.0,1.27,-10.26,115.0,364.0
1768640004.285002,20080,0.0,1.55,14.37,65.0,250.0
1768640004.2943232,20100,0.0,2.11,0.14,65.0,250.0
1768640004.3270032,20120,0.0,2.63,21.06,65.0,250.0
1768640004.3406796,20140,0.0,3.84,28.33,65.0,250.0
1768640004.3574557,20160,0.0,4.7,14.1,65.0,250.0
1768640004.3657737,20180,0.0,4.48,-33.75,99.0,327.0
1768640004.4026828,20200,0.0,3.53,-38.41,115.0,364.0
1768640004.4207234,20220,0.0,2.07,-72.95,115.0,364.0
1768640004.4306412,20240,0.0,0.08,-113.03,115.0,364.0
1768640004.4527519,20260,0.0,-3.02,-162.32,115.0,364.0
1768640004.4969604,20280,0.0,-6.1,-157.41,115.0,364.0
1768640004.498084,20300,0.0,-9.58,-171.19,115.0,364.0
1768640004.527354,20320,0.0,-13.09,-162.46,115.0,364.0
1768640004.536036,20340,0.0,-16.34,-157.58,115.0,364.0
1768640004.5748644,20360,0.0,-19.68,-155.22,115.0,364.0
1768640004.5895,20380,0.0,-22.78,-153.89,115.0,364.0
1768640004.6163387,20400,0.0,-25.89,-129.57,113.0,359.0
1768640004.6174006,20420,0.0,-29.03,-127.09,111.0,355.0
1768640004.6453104,20440,0.0,-31.41,-90.1,109.0,350.0
1768640004.6552036,20460,0.0,-33.6,-73.45,106.0,343.0
1768640004.698566,20480,0.0,-35.45,-81.36,104.0,339.0
1768640004.705628,20500,0.0,-37.34,-76.95,102.0,334.0
1768640004.738062,20520,0.0,-38.91,-56.11,100.0,330.0
1768640004.747364,20540,0.0,-40.17,-38.39,99.0,327.0
1768640004.7774575,20560,0.0,-40.88,-26.28,97.0,323.0
1768640004.7856865,20580,0.0,-41.29,-26.44,97.0,323.0
1768640004.8073392,20600,0.0,-41.66,-31.37,96.0,321.0
1768640004.8173673,20620,0.0,-42.0,-26.92,96.0,321.0
1768640004.8383985,20640,0.0,-42.18,-15.53,97.0,323.0
1768640004.8479242,20660,0.0,-42.25,-0.54,97.0,323.0
1768640004.9020302,20680,0.0,-42.21,5.42,97.0,323.0
1768640004.9114053,20700,0.0,-42.0,1.25,70.0,262.0
1768640004.9166248,20720,0.0,-41.77,-3.05,97.0,323.0
1768640004.9431543,20740,0.0,-41.47,6.6,98.0,325.0
1768640004.9810765,20760,0.0,-41.04,12.87,65.0,250.0
1768640004.9926586,20780,0.0,-40.51,19.81,65.0,250.0
1768640005.0189943,20800,0.0,-39.68,30.42,65.0,250.0
1768640005.0344594,20820,0.0,-38.54,41.56,65.0,250.0
1768640005.0397153,20840,0.0,-37.16,41.89,65.0,250.0
1768640005.0623493,20860,0.0,-35.66,42.41,65.0,250.0
1768640005.072538,20880,0.0,-33.69,47.21,65.0,250.0
1768640005.1149828,20900,0.0,-31.36,53.78,65.0,250.0
1768640005.134224,20920,0.0,-28.72,78.61,65.0,250.0
1768640005.172632,20940,0.0,-25.02,170.08,65.0,250.0
1768640005.219387,20960,0.0,-22.07,93.02,65.0,250.0
1768640005.245253,20980,0.0,-20.15,67.14,65.0,250.0
1768640005.2461739,21000,0.0,-18.7,49.21,65.0,250.0
1768640005.2470613,21020,0.0,-17.67,30.6,65.0,250.0
1768640005.248012,21040,0.0,-16.78,28.05,65.0,250.0
1768640005.2552702,21060,0.0,-15.76,30.58,65.0,250.0
1768640005.270769,21080,0.0,-14.63,40.37,65.0,250.0
1768640005.3061547,21100,0.0,-13.19,56.77,65.0,250.0
1768640005.3330932,21120,0.0,-11.42,57.47,65.0,250.0
1768640005.368583,21140,0.0,-9.76,53.9,65.0,250.0
1768640005.3822765,21160,0.0,-8.12,54.59,65.0,250.0
1768640005.408679,21180,0.0,-6.52,59.09,65.0,250.0
1768640005.4228384,21200,0.0,-4.73,70.23,65.0,250.0
1768640005.4349983,21220,0.0,-2.84,59.89,65.0,250.0
1768640005.4448237,21240,0.0,-1.2,57.02,65.0,250.0
1768640005.4633846,21260,0.0,0.29,49.56,65.0,250.0
1768640005.4735637,21280,0.0,1.48,42.18,65.0,250.0
1768640005.4960008,21300,0.0,2.42,31.3,65.0,250.0
1768640005.5044305,21320,0.0,3.09,27.06,65.0,250.0
1768640005.5469754,21340,0.0,3.67,22.17,65.0,250.0
1768640005.5757556,21360,0.0,4.02,10.65,65.0,250.0
1768640005.578962,21380,0.0,4.17,8.13,65.0,250.0
1768640005.5918326,21400,0.0,4.33,8.91,65.0,250.0
1768640005.626372,21420,0.0,4.55,11.79,65.0,250.0
1768640005.6345537,21440,0.0,4.78,5.55,65.0,250.0
1768640005.6572058,21460,0.0,5.05,14.65,65.0,250.0
1768640005.664551,21480,0.0,5.34,11.9,65.0,250.0
1768640005.697792,21500,0.0,6.05,40.96,65.0,250.0
1768640005.7284293,21520,0.0,6.9,28.84,65.0,250.0
1768640005.7450821,21540,0.0,7.57,23.76,65.0,250.0
1768640005.756025,21560,0.0,8.22,21.3,65.0,250.0
1768640005.7866106,21580,0.0,8.59,2.24,65.0,250.0
1768640005.7941701,21600,0.0,8.72,-1.65,65.0,250.0
1768640005.816242,21620,0.0,9.12,26.72,65.0,250.0
1768640005.8291326,21640,0.0,9.68,21.52,65.0,250.0
1768640005.858298,21660,0.0,10.2,20.4,65.0,250.0
1768640005.8799005,21680,0.0,10.78,23.75,65.0,250.0
1768640005.8898165,21700,0.0,11.26,19.12,65.0,250.0
1768640005.9118147,21720,0.0,11.89,27.18,65.0,250.0
1768640005.9530146,21740,0.0,12.51,19.45,65.0,250.0
1768640005.972813,21760,0.0,13.18,33.61,65.0,250.0
1768640006.0007627,21780,0.0,13.89,24.05,65.0,250.0
1768640006.0103767,21800,0.0,14.54,29.61,65.0,250.0
1768640006.031296,21820,0.0,15.32,30.81,65.0,250.0
1768640006.0477033,21840,0.0,16.06,34.73,65.0,250.0
1768640006.0615306,21860,0.0,16.79,27.0,65.0,250.0
1768640006.072934,21880,0.0,17.48,28.01,65.0,250.0
1768640006.1046848,21900,0.0,18.1,25.03,65.0,250.0
1768640006.1143925,21920,0.0,18.74,26.39,65.0,250.0
1768640006.1370575,21940,0.0,19.38,26.79,65.0,250.0
1768640006.146532,21960,0.0,19.99,26.71,65.0,250.0
1768640006.1917412,21980,0.0,20.64,27.03,65.0,250.0
1768640006.2272346,22000,0.0,21.21,23.79,65.0,250.0
1768640006.248271,22020,0.0,21.7,19.12,65.0,250.0
1768640006.27939,22040,0.0,22.13,17.54,65.0,250.0
1768640006.2935512,22060,0.0,22.51,14.01,65.0,250.0
1768640006.3061204,22080,0.0,22.74,6.11,65.0,250.0
1768640006.3069677,22100,0.0,22.88,6.6,65.0,250.0
1768640006.3078098,22120,0.0,23.07,7.21,65.0,250.0
1768640006.3394313,22140,0.0,23.25,6.23,65.0,250.0
1768640006.3631608,22160,0.0,23.35,1.53,65.0,250.0
1768640006.3889036,22180,0.0,23.42,3.33,65.0,250.0
1768640006.3976908,22200,0.0,23.53,4.29,65.0,250.0
1768640006.4258616,22220,0.0,23.65,6.67,65.0,250.0
1768640006.4394205,22240,0.0,23.78,7.44,65.0,250.0
1768640006.4605324,22260,0.0,23.97,7.71,65.0,250.0
1768640006.4871488,22280,0.0,24.13,6.27,65.0,250.0
1768640006.5025005,22300,0.0,24.28,5.6,65.0,250.0
1768640006.5217702,22320,0.0,24.38,4.26,65.0,250.0
1768640006.5319223,22340,0.0,24.48,5.2,65.0,250.0
1768640006.5522158,22360,0.0,24.65,7.01,65.0,250.0
1768640006.594074,22380,0.0,24.75,1.02,65.0,250.0
1768640006.6078448,22400,0.0,24.74,0.45,65.0,250.0
1768640006.6367831,22420,0.0,24.74,0.51,65.0,250.0
1768640006.6423652,22440,0.0,24.76,-1.77,65.0,250.0
1768640006.6741164,22460,0.0,24.75,-2.14,65.0,250.0
1768640006.687506,22480,0.0,24.76,2.16,65.0,250.0
1768640006.6940374,22500,0.0,24.74,-3.14,65.0,250.0
1768640006.714447,22520,0.0,24.65,-7.01,65.0,250.0
1768640006.7465522,22540,0.0,24.48,-14.32,65.0,250.0
1768640006.7570002,22560,0.0,24.13,-24.45,65.0,250.0
1768640006.7786705,22580,0.0,23.69,-18.71,65.0,250.0
1768640006.8101645,22600,0.0,23.26,-22.77,65.0,250.0
1768640006.81944,22620,0.0,22.78,-25.62,70.0,262.0
1768640006.8555417,22640,0.0,22.25,-29.44,80.0,284.0
1768640006.8688831,22660,0.0,21.6,-36.05,104.0,339.0
1768640006.8880305,22680,0.0,20.85,-25.87,114.0,362.0
1768640006.9136434,22700,0.0,20.43,-17.53,65.0,250.0
1768640006.9300196,22720,0.0,20.09,-17.83,65.0,250.0
1768640006.940692,22740,0.0,19.79,-14.37,65.0,250.0
1768640006.9491665,22760,0.0,19.72,11.17,65.0,250.0
1768640006.970752,22780,0.0,20.01,18.28,65.0,250.0
1768640007.016562,22800,0.0,20.34,15.73,65.0,250.0
1768640007.021526,22820,0.0,20.65,15.31,65.0,250.0
1768640007.0300622,22840,0.0,20.91,18.92,65.0,250.0
1768640007.0537016,22860,0.0,21.35,23.76,65.0,250.0
1768640007.083612,22880,0.0,21.91,34.05,65.0,250.0
1768640007.1020184,22900,0.0,22.55,27.79,65.0,250.0
1768640007.118001,22920,0.0,23.0,23.02,65.0,250.0
1768640007.1343493,22940,0.0,23.4,25.55,65.0,250.0
1768640007.1577513,22960,0.0,23.91,32.68,65.0,250.0
1768640007.1800222,22980,0.0,24.55,37.03,65.0,250.0
1768640007.1893165,23000,0.0,25.3,43.42,65.0,250.0
1768640007.2261615,23020,0.0,25.98,36.67,65.0,250.0
1768640007.2513905,23040,0.0,26.63,36.94,65.0,250.0
1768640007.2685406,23060,0.0,27.27,41.62,65.0,250.0
1768640007.2781403,23080,0.0,28.04,44.61,65.0,250.0
1768640007.3058848,23100,0.0,28.93,51.01,65.0,250.0
1768640007.3216655,23120,0.0,29.81,46.43,65.0,250.0
1768640007.3402197,23140,0.0,30.47,39.41,65.0,250.0
1768640007.3508785,23160,0.0,30.98,41.25,65.0,250.0
1768640007.3716285,23180,0.0,31.73,68.54,65.0,250.0
1768640007.4093006,23200,0.0,32.85,84.52,65.0,250.0
1768640007.442975,23220,0.0,34.27,92.76,65.0,250.0
1768640007.4767444,23240,0.0,35.8,88.96,65.0,250.0
1768640007.5046923,23260,0.0,37.3,79.38,65.0,250.0
1768640007.5141528,23280,0.0,38.61,77.43,65.0,250.0
1768640007.5235426,23300,0.0,39.96,105.76,65.0,250.0
1768640007.5470755,23320,0.0,41.82,123.58,65.0,250.0
1768640007.557877,23340,0.0,43.67,114.65,65.0,250.0
1768640007.5647717,23360,0.0,45.51,123.63,65.0,250.0
1768640007.574798,23380,0.0,47.55,124.73,65.0,250.0
1768640007.5964882,23400,0.0,49.59,110.38,65.0,250.0
1768640007.6061199,23420,0.0,51.58,98.27,65.0,250.0
1768640007.6540308,23440,0.0,53.19,78.5,65.0,250.0
1768640007.6630087,23460,0.0,54.81,88.43,65.0,250.0
1768640007.6924512,23480,0.0,56.43,69.24,65.0,250.0
1768640007.6999094,23500,0.0,57.67,59.19,65.0,250.0
1768640007.735846,23520,0.0,58.62,37.4,65.0,250.0
1768640007.7524087,23540,0.0,59.1,3.79,65.0,250.0
1768640007.7664385,23560,0.0,59.0,-34.45,65.0,250.0
1768640007.7776256,23580,0.0,58.42,-55.84,100.0,330.0
1768640007.7993722,23600,0.0,57.42,-78.67,115.0,364.0
1768640007.8211906,23620,0.0,56.19,-69.25,115.0,364.0
1768640007.8578475,23640,0.0,55.25,-60.93,115.0,364.0
1768640007.8741388,23660,0.0,54.37,-63.38,115.0,364.0
1768640007.912131,23680,0.0,52.95,-101.68,115.0,364.0
1768640007.9412103,23700,0.0,50.79,-133.53,115.0,364.0
1768640007.9559624,23720,0.0,48.33,-135.66,115.0,364.0
1768640007.9626968,23740,0.0,46.15,-124.34,115.0,364.0
1768640007.9640887,23760,0.0,44.15,-106.68,115.0,364.0
1768640007.9899762,23780,0.0,42.21,-114.31,115.0,364.0
1768640007.992302,23800,0.0,39.88,-132.38,115.0,364.0
1768640008.0145006,23820,0.0,37.37,-139.27,115.0,364.0
1768640008.0701911,23840,0.0,34.87,-137.58,115.0,364.0
1768640008.080011,23860,0.0,32.3,-141.49,115.0,364.0
1768640008.0850008,23880,0.0,29.59,-152.34,115.0,364.0
1768640008.1128201,23900,0.0,26.52,-153.66,115.0,364.0
1768640008.125123,23920,0.0,24.73,-63.14,115.0,364.0
1768640008.148125,23940,0.0,23.93,-39.58,115.0,364.0
1768640008.1649854,23960,0.0,23.25,-48.28,115.0,364.0
1768640008.1809683,23980,0.0,22.08,-80.14,115.0,364.0
1768640008.206517,24000,0.0,20.48,-52.15,115.0,364.0
1768640008.2165225,24020,0.0,20.38,36.2,65.0,250.0
1768640008.2385921,24040,0.0,21.74,92.21,65.0,250.0
1768640008.2486126,24060,0.0,23.87,99.07,65.0,250.0
1768640008.27934,24080,0.0,26.13,118.88,65.0,250.0
1768640008.3074703,24100,0.0,28.71,140.28,65.0,250.0
1768640008.3193407,24120,0.0,31.38,136.55,65.0,250.0
1768640008.3329437,24140,0.0,34.3,153.5,65.0,250.0
1768640008.3572052,24160,0.0,36.96,107.78,65.0,250.0
1768640008.385151,24180,0.0,38.83,79.41,65.0,250.0
1768640008.3934615,24200,0.0,40.17,69.88,65.0,250.0
1768640008.4150712,24220,0.0,41.3,60.72,65.0,250.0
1768640008.4245543,24240,0.0,42.74,107.88,65.0,250.0
1768640008.4567142,24260,0.0,44.14,48.11,65.0,250.0
1768640008.484643,24280,0.0,44.95,27.38,65.0,250.0
1768640008.4940925,24300,0.0,45.41,33.87,65.0,250.0
1768640008.511156,24320,0.0,45.98,34.33,65.0,250.0
1768640008.549393,24340,0.0,46.53,41.47,65.0,250.0
1768640008.5706391,24360,0.0,47.16,30.79,65.0,250.0
1768640008.5773892,24380,0.0,47.46,12.06,65.0,250.0
1768640008.588811,24400,0.0,47.62,6.84,65.0,250.0
1768640008.6174905,24420,0.0,47.38,-24.77,65.0,250.0
1768640008.6389399,24440,0.0,46.56,-44.17,65.0,250.0
1768640008.648977,24460,0.0,45.42,-44.01,92.0,312.0
1768640008.6902847,24480,0.0,44.5,-36.96,65.0,250.0
1768640008.7074575,24500,0.0,44.04,-15.71,65.0,250.0
1768640008.7430258,24520,0.0,43.79,-17.16,65.0,250.0
1768640008.771398,24540,0.0,43.41,-28.94,65.0,250.0
1768640008.7805421,24560,0.0,42.82,-23.59,65.0,250.0
1768640008.7924628,24580,0.0,42.41,-10.62,65.0,250.0
1768640008.81162,24600,0.0,42.1,-8.58,65.0,250.0
1768640008.8173828,24620,0.0,41.79,-30.6,65.0,250.0
1768640008.8315825,24640,0.0,41.09,-56.15,65.0,250.0
1768640008.8642614,24660,0.0,39.85,-63.13,88.0,302.0
1768640008.8942895,24680,0.0,38.61,-55.4,89.0,305.0
1768640008.9130428,24700,0.0,37.78,-41.69,70.0,262.0
1768640008.9422076,24720,0.0,36.87,-60.17,90.0,307.0
1768640008.982641,24740,0.0,35.63,-107.82,91.0,309.0
1768640009.0067441,24760,0.0,33.75,-123.3,92.0,312.0
1768640009.0125284,24780,0.0,32.32,-88.48,92.0,312.0
1768640009.0134978,24800,0.0,31.38,-69.87,93.0,314.0
1768640009.0245879,24820,0.0,30.46,-85.3,94.0,316.0
1768640009.0347514,24840,0.0,29.05,-122.31,97.0,323.0
1768640009.0564432,24860,0.0,27.43,-108.58,99.0,327.0
1768640009.089797,24880,0.0,27.08,-73.11,101.0,332.0
1768640009.1020465,24900,0.0,27.7,-26.58,102.0,334.0
1768640009.1329272,24920,0.0,28.73,-15.45,65.0,250.0
1768640009.1631215,24940,0.0,29.5,-5.69,65.0,250.0
1768640009.1692958,24960,0.0,29.89,1.45,65.0,250.0
1768640009.1789184,24980,0.0,30.46,50.28,65.0,250.0
1768640009.2021246,25000,0.0,31.7,94.7,65.0,250.0
1768640009.2112,25020,0.0,33.24,115.65,65.0,250.0
1768640009.232558,25040,0.0,34.78,145.33,65.0,250.0
1768640009.2835937,25060,0.0,36.08,96.93,65.0,250.0
1768640009.297008,25080,0.0,37.37,87.38,65.0,250.0
1768640009.3212018,25100,0.0,38.66,69.75,65.0,250.0
1768640009.356957,25120,0.0,38.75,-49.72,65.0,250.0
1768640009.3890176,25140,0.0,36.76,-160.68,100.0,330.0
1768640009.4036098,25160,0.0,33.34,-171.07,102.0,334.0
1768640009.4045537,25180,0.0,29.65,-148.74,105.0,341.0
1768640009.4057696,25200,0.0,27.08,-119.46,108.0,348.0
1768640009.4259524,25220,0.0,24.92,-150.82,112.0,357.0
1768640009.4359887,25240,0.0,22.08,-173.1,115.0,364.0
1768640009.4918709,25260,0.0,18.34,-216.55,115.0,364.0
1768640009.527978,25280,0.0,13.68,-235.86,115.0,364.0
1768640009.555146,25300,0.0,9.8,-167.48,115.0,364.0
1768640009.5748222,25320,0.0,6.53,-153.17,115.0,364.0
1768640009.5813677,25340,0.0,3.62,-145.74,115.0,364.0
1768640009.601723,25360,0.0,0.52,-175.9,115.0,364.0
1768640009.6081889,25380,0.0,-3.17,-153.43,115.0,364.0
1768640009.6092637,25400,0.0,-5.44,-2.97,115.0,364.0
1768640009.6125925,25420,0.0,-3.85,160.84,65.0,250.0
1768640009.63393,25440,0.0,0.61,295.06,65.0,250.0
1768640009.673217,25460,0.0,7.92,491.76,65.0,250.0
1768640009.696848,25480,0.0,17.05,514.02,65.0,250.0
1768640009.7071562,25500,0.0,25.42,434.89,65.0,250.0
1768640009.7324324,25520,0.0,33.12,404.84,65.0,250.0
1768640009.7456234,25540,0.0,39.43,295.55,65.0,250.0
1768640009.7678168,25560,0.0,44.34,270.64,65.0,250.0
1768640009.777329,25580,0.0,48.63,204.64,65.0,250.0
1768640009.796552,25600,0.0,51.87,133.69,65.0,250.0
1768640009.80739,25620,0.0,54.1,71.97,65.0,250.0
1768640009.8365989,25640,0.0,55.67,25.22,65.0,250.0
1768640009.858598,25660,0.0,56.15,-45.8,65.0,250.0
1768640009.8902123,25680,0.0,55.18,-149.37,115.0,364.0
1768640009.9041476,25700,0.0,52.15,-239.52,115.0,364.0
1768640009.933579,25720,0.0,46.67,-353.75,115.0,364.0
1768640009.9410963,25740,0.0,40.44,-223.91,115.0,364.0
1768640009.9709811,25760,0.0,37.14,-161.13,115.0,364.0
1768640009.9892514,25780,0.0,34.01,-198.96,115.0,364.0
1768640010.0073197,25800,0.0,29.68,-272.47,115.0,364.0
1768640010.0222282,25820,0.0,24.56,-269.46,115.0,364.0
1768640010.035592,25840,0.0,19.76,-214.21,115.0,364.0
1768640010.045929,25860,0.0,16.43,-122.3,115.0,364.0
1768640010.0774255,25880,0.0,14.67,-89.82,115.0,364.0
1768640010.1039274,25900,0.0,12.72,-121.73,115.0,364.0
1768640010.1134243,25920,0.0,11.12,-26.5,115.0,364.0
1768640010.1454725,25940,0.0,12.93,204.9,65.0,250.0
1768640010.1728673,25960,0.0,18.83,393.12,65.0,250.0
1768640010.1888998,25980,0.0,25.89,359.63,65.0,250.0
1768640010.2040942,26000,0.0,31.96,322.07,65.0,250.0
1768640010.2161956,26020,0.0,37.72,305.95,65.0,250.0
1768640010.2379384,26040,0.0,42.85,283.06,65.0,250.0
1768640010.2596529,26060,0.0,47.55,233.49,65.0,250.0
1768640010.2696521,26080,0.0,50.77,123.18,65.0,250.0
1768640010.3045638,26100,0.0,52.46,51.9,65.0,250.0
1768640010.3260949,26120,0.0,52.43,-77.39,65.0,250.0
1768640010.3519368,26140,0.0,49.72,-226.57,115.0,364.0
1768640010.3578584,26160,0.0,44.0,-390.96,115.0,364.0
1768640010.389263,26180,0.0,36.74,-322.91,115.0,364.0
1768640010.4051173,26200,0.0,32.37,-194.68,115.0,364.0
1768640010.417017,26220,0.0,29.01,-180.59,115.0,364.0
1768640010.4404066,26240,0.0,25.7,-186.41,115.0,364.0
1768640010.4470131,26260,0.0,22.42,-161.3,115.0,364.0
1768640010.4788866,26280,0.0,20.0,-84.3,115.0,364.0
1768640010.520744,26300,0.0,19.01,-2.92,115.0,364.0
1768640010.5239701,26320,0.0,20.02,102.18,65.0,250.0
1768640010.5406148,26340,0.0,23.35,233.17,65.0,250.0
1768640010.573408,26360,0.0,28.01,296.44,65.0,250.0
1768640010.5794287,26380,0.0,34.19,347.1,65.0,250.0
1768640010.6089306,26400,0.0,39.92,294.12,65.0,250.0
1768640010.6198883,26420,0.0,44.77,257.75,65.0,250.0
1768640010.6400576,26440,0.0,48.67,182.47,65.0,250.0
1768640010.6611915,26460,0.0,51.66,159.14,65.0,250.0
1768640010.6715858,26480,0.0,54.23,112.75,65.0,250.0
1768640010.693031,26500,0.0,55.87,63.55,65.0,250.0
1768640010.7352083,26520,0.0,56.78,26.61,65.0,250.0
1768640010.7498338,26540,0.0,57.16,-0.4,65.0,250.0
1768640010.782534,26560,0.0,57.13,-19.71,65.0,250.0
1768640010.805987,26580,0.0,57.07,-11.47,65.0,250.0
1768640010.8342352,26600,0.0,57.18,-14.95,65.0,250.0
1768640010.8519685,26620,0.0,56.86,-29.35,65.0,250.0
1768640010.8611732,26640,0.0,56.3,-32.54,65.0,250.0
1768640010.8621538,26660,0.0,55.92,-15.62,65.0,250.0
1768640010.8859634,26680,0.0,55.65,-18.53,65.0,250.0
1768640010.8959255,26700,0.0,55.51,-13.19,65.0,250.0
1768640010.9282935,26720,0.0,55.35,-16.51,65.0,250.0
1768640010.954381,26740,0.0,54.81,-57.01,65.0,250.0
1768640010.9646971,26760,0.0,53.57,-80.68,115.0,364.0
1768640010.9956925,26780,0.0,52.42,-54.28,115.0,364.0
1768640011.022478,26800,0.0,51.5,-39.79,96.0,321.0
1768640011.0362563,26820,0.0,50.63,-22.96,65.0,250.0
1768640011.051253,26840,0.0,49.96,-17.9,65.0,250.0
1768640011.0650878,26860,0.0,49.44,-48.16,65.0,250.0
1768640011.078316,26880,0.0,48.84,-25.69,106.0,343.0
1768640011.087638,26900,0.0,48.74,3.3,65.0,250.0
1768640011.1197643,26920,0.0,48.66,-14.87,65.0,250.0
1768640011.1593657,26940,0.0,48.23,-34.08,65.0,250.0
1768640011.168792,26960,0.0,47.32,-68.3,115.0,364.0
1768640011.198653,26980,0.0,45.69,-98.12,115.0,364.0
1768640011.209024,27000,0.0,44.09,-49.52,115.0,364.0
1768640011.2328827,27020,0.0,43.23,-30.87,85.0,296.0
1768640011.243975,27040,0.0,42.58,-40.98,66.0,252.0
1768640011.254827,27060,0.0,41.72,-67.82,115.0,364.0
1768640011.2855947,27080,0.0,40.45,-104.87,115.0,364.0
1768640011.3029597,27100,0.0,38.47,-120.16,115.0,364.0
1768640011.3130324,27120,0.0,36.72,-90.77,115.0,364.0
1768640011.3358874,27140,0.0,35.44,-75.66,115.0,364.0
1768640011.366896,27160,0.0,34.04,-107.3,115.0,364.0
1768640011.3789732,27180,0.0,31.68,-156.84,115.0,364.0
1768640011.4036806,27200,0.0,29.11,-104.45,115.0,364.0
1768640011.4100504,27220,0.0,27.45,-82.77,115.0,364.0
1768640011.4461877,27240,0.0,25.97,-66.63,115.0,364.0
1768640011.466579,27260,0.0,24.81,-81.23,115.0,364.0
1768640011.4762783,27280,0.0,23.15,-117.07,115.0,364.0
1768640011.4954755,27300,0.0,20.62,-146.3,115.0,364.0
1768640011.505356,27320,0.0,17.37,-182.59,115.0,364.0
1768640011.5374029,27340,0.0,13.97,-158.42,115.0,364.0
1768640011.5678146,27360,0.0,10.83,-159.72,115.0,364.0
1768640011.5791786,27380,0.0,7.59,-156.1,115.0,364.0
1768640011.6067784,27400,0.0,4.56,-133.97,115.0,364.0
1768640011.6243892,27420,0.0,1.88,-119.69,115.0,364.0
1768640011.6478884,27440,0.0,-0.73,-122.73,115.0,364.0
1768640011.6577501,27460,0.0,-3.5,-115.92,115.0,364.0
1768640011.669377,27480,0.0,-5.57,-73.8,115.0,364.0
1768640011.6977606,27500,0.0,-6.99,-56.16,115.0,364.0
1768640011.7199585,27520,0.0,-8.18,-48.18,115.0,364.0
1768640011.7300754,27540,0.0,-9.17,-35.36,115.0,364.0
1768640011.7720876,27560,0.0,-9.74,-12.48,115.0,364.0
1768640011.7887502,27580,0.0,-9.61,22.19,82.0,289.0
1768640011.815414,27600,0.0,-8.62,72.38,65.0,250.0
1768640011.8477538,27620,0.0,-6.53,111.52,65.0,250.0
1768640011.8774953,27640,0.0,-3.67,153.75,65.0,250.0
1768640011.9019182,27660,0.0,0.64,231.21,65.0,250.0
1768640011.9028313,27680,0.0,6.66,326.86,65.0,250.0
1768640011.903781,27700,0.0,14.98,440.3,65.0,250.0
1768640011.91183,27720,0.0,24.0,377.86,65.0,250.0
1768640011.9444032,27740,0.0,30.37,251.49,65.0,250.0
1768640011.9548519,27760,0.0,35.23,277.53,65.0,250.0
1768640011.9930627,27780,0.0,39.81,237.9,65.0,250.0
1768640012.0257702,27800,0.0,43.65,187.76,65.0,250.0
1768640012.060231,27820,0.0,46.54,139.47,65.0,250.0
1768640012.0869122,27840,0.0,49.06,141.12,65.0,250.0
1768640012.1117983,27860,0.0,51.22,119.09,65.0,250.0
1768640012.1126475,27880,0.0,52.91,84.74,65.0,250.0
1768640012.1135316,27900,0.0,54.18,73.66,65.0,250.0
1768640012.121025,27920,0.0,55.33,63.99,65.0,250.0
1768640012.1308298,27940,0.0,56.44,51.57,65.0,250.0
1768640012.1527915,27960,0.0,57.13,38.37,65.0,250.0
1768640012.189517,27980,0.0,57.48,4.33,65.0,250.0
1768640012.2042158,28000,0.0,57.12,-47.03,65.0,250.0
1768640012.230704,28020,0.0,55.99,-74.29,115.0,364.0
1768640012.2409487,28040,0.0,54.46,-103.77,115.0,364.0
1768640012.274631,28060,0.0,51.99,-178.61,115.0,364.0
1768640012.2835927,28080,0.0,47.22,-309.12,115.0,364.0
1768640012.298206,28100,0.0,40.41,-350.36,115.0,364.0
1768640012.3199008,28120,0.0,34.49,-227.05,115.0,364.0
1768640012.345471,28140,0.0,31.37,-104.35,115.0,364.0
1768640012.355447,28160,0.0,29.63,-80.04,115.0,364.0
1768640012.3774517,28180,0.0,28.05,-85.13,115.0,364.0
1768640012.4041991,28200,0.0,26.18,-109.95,115.0,364.0
1768640012.4220293,28220,0.0,23.98,-104.83,115.0,364.0
1768640012.4430935,28240,0.0,22.03,-96.4,115.0,364.0
1768640012.4514482,28260,0.0,20.04,-104.49,115.0,364.0
1768640012.4802122,28280,0.0,17.89,-106.2,115.0,364.0
1768640012.5087519,28300,0.0,15.86,-103.22,115.0,364.0
1768640012.5187185,28320,0.0,13.82,-106.28,115.0,364.0
1768640012.538784,28340,0.0,11.77,-101.07,115.0,364.0
1768640012.5482485,28360,0.0,9.63,-117.92,115.0,364.0
1768640012.5854802,28380,0.0,7.25,-109.26,115.0,364.0
1768640012.6147645,28400,0.0,5.26,-80.67,115.0,364.0
1768640012.6250007,28420,0.0,3.59,-77.86,115.0,364.0
1768640012.6516218,28440,0.0,1.92,-78.65,115.0,364.0
1768640012.672462,28460,0.0,0.0,-96.41,115.0,364.0
1768640012.6993399,28480,0.0,-1.91,-72.54,115.0,364.0
1768640012.7127354,28500,0.0,-3.19,-44.73,115.0,364.0
1768640012.7259495,28520,0.0,-3.99,-28.56,115.0,364.0
1768640012.7397964,28540,0.0,-4.84,-48.57,115.0,364.0
1768640012.7625372,28560,0.0,-5.96,-59.36,115.0,364.0
1768640012.7726164,28580,0.0,-7.54,-71.97,115.0,364.0
1768640012.819361,28600,0.0,-8.78,-36.73,115.0,364.0
1768640012.8609695,28620,0.0,-9.46,-22.72,115.0,364.0
1768640012.8956044,28640,0.0,-9.99,-19.99,115.0,364.0
1768640012.9139185,28660,0.0,-10.51,-23.84,115.0,364.0
1768640012.9348977,28680,0.0,-11.05,-27.2,115.0,364.0
1768640012.9504826,28700,0.0,-11.57,-17.37,115.0,364.0
1768640012.9515305,28720,0.0,-11.85,-10.62,115.0,364.0
1768640012.952524,28740,0.0,-12.18,-23.65,115.0,364.0
1768640012.9550679,28760,0.0,-12.85,-43.08,115.0,364.0
1768640012.9657218,28780,0.0,-13.62,-37.54,115.0,364.0
1768640012.9970121,28800,0.0,-14.42,-35.4,115.0,364.0
1768640013.0316179,28820,0.0,-15.02,-19.56,115.0,364.0
1768640013.0434308,28840,0.0,-15.39,-23.9,115.0,364.0
1768640013.0758107,28860,0.0,-16.03,-34.95,115.0,364.0
1768640013.087569,28880,0.0,-16.8,-38.25,115.0,364.0
1768640013.117568,28900,0.0,-17.59,-27.65,115.0,364.0
1768640013.133207,28920,0.0,-18.08,-17.49,115.0,364.0
1768640013.146646,28940,0.0,-18.5,-15.27,115.0,364.0
1768640013.158106,28960,0.0,-18.82,-7.8,115.0,364.0
1768640013.1796672,28980,0.0,-19.23,-36.68,115.0,364.0
1768640013.1897354,29000,0.0,-20.21,-34.07,115.0,364.0
1768640013.236514,29020,0.0,-21.11,-41.26,115.0,364.0
1768640013.2786107,29040,0.0,-22.17,-34.86,115.0,364.0
1768640013.2860682,29060,0.0,-22.67,-11.79,115.0,364.0
1768640013.3115845,29080,0.0,-22.71,1.33,115.0,364.0
1768640013.323862,29100,0.0,-22.62,3.24,97.0,323.0
1768640013.3315995,29120,0.0,-22.46,9.19,84.0,293.0
1768640013.347587,29140,0.0,-22.23,5.97,65.0,250.0
1768640013.3571131,29160,0.0,-22.13,6.3,91.0,309.0
1768640013.3711758,29180,0.0,-21.93,13.11,67.0,255.0
1768640013.4041464,29200,0.0,-21.58,21.51,65.0,250.0
1768640013.414311,29220,0.0,-21.24,9.85,65.0,250.0
1768640013.4429512,29240,0.0,-21.15,4.79,88.0,302.0
1768640013.452645,29260,0.0,-21.02,6.71,78.0,280.0
1768640013.4859824,29280,0.0,-20.91,6.1,82.0,289.0
1768640013.5146558,29300,0.0,-20.8,5.87,74.0,271.0
1768640013.523352,29320,0.0,-20.7,6.89,79.0,282.0
1768640013.532035,29340,0.0,-20.61,1.85,73.0,268.0
1768640013.565401,29360,0.0,-20.73,-6.12,115.0,364.0
1768640013.5747356,29380,0.0,-20.83,-1.49,115.0,364.0
1768640013.5968657,29400,0.0,-20.83,2.91,97.0,323.0
1768640013.6064603,29420,0.0,-20.81,2.79,94.0,316.0
1768640013.6867256,29440,0.0,-20.78,-0.05,91.0,309.0
1768640013.7044067,29460,0.0,-20.86,-2.38,115.0,364.0
1768640013.744929,29480,0.0,-20.88,1.83,105.0,341.0
1768640013.7572186,29500,0.0,-20.84,2.19,94.0,316.0
1768640013.7764127,29520,0.0,-20.85,-0.9,104.0,339.0
1768640013.77734,29540,0.0,-20.85,1.9,104.0,339.0
1768640013.7782834,29560,0.0,-20.81,-1.36,97.0,323.0
1768640013.7791936,29580,0.0,-20.86,-0.94,114.0,362.0
1768640013.7992756,29600,0.0,-20.89,-0.79,110.0,352.0
1768640013.8217776,29620,0.0,-20.87,2.87,99.0,327.0
1768640013.855116,29640,0.0,-20.78,7.22,86.0,298.0
1768640013.8769932,29660,0.0,-20.59,14.11,67.0,255.0
1768640013.8989515,29680,0.0,-19.95,42.88,65.0,250.0
1768640013.9047425,29700,0.0,-18.83,67.26,65.0,250.0
1768640013.9328196,29720,0.0,-16.74,166.63,65.0,250.0
1768640013.9453435,29740,0.0,-12.3,268.3,65.0,250.0
1768640013.9727542,29760,0.0,-6.85,283.65,65.0,250.0
1768640013.9883988,29780,0.0,-1.66,221.74,65.0,250.0
1768640013.9917302,29800,0.0,2.48,180.11,65.0,250.0
1768640014.013448,29820,0.0,5.66,123.67,65.0,250.0
1768640014.05247,29840,0.0,7.68,76.09,65.0,250.0
1768640014.0729928,29860,0.0,8.72,22.78,65.0,250.0
1768640014.0838208,29880,0.0,8.6,-19.74,65.0,250.0
1768640014.1167355,29900,0.0,8.13,-2.81,94.0,316.0
1768640014.1268404,29920,0.0,8.52,31.56,65.0,250.0
1768640014.1508963,29940,0.0,9.09,33.03,65.0,250.0
1768640014.1559813,29960,0.0,9.98,68.82,65.0,250.0
1768640014.1741486,29980,0.0,11.3,62.84,65.0,250.0
1768640014.206221,30000,0.0,12.23,34.08,65.0,250.0
1768640014.2163334,30020,0.0,12.53,2.17,65.0,250.0
1768640014.2385414,30040,0.0,12.53,-2.57,65.0,250.0
1768640014.2476916,30060,0.0,12.27,-17.66,65.0,250.0
1768640014.290838,30080,0.0,11.87,-9.19,80.0,284.0
1768640014.32128,30100,0.0,11.9,14.92,65.0,250.0
1768640014.3271873,30120,0.0,12.3,43.63,65.0,250.0
1768640014.3366773,30140,0.0,13.24,64.33,65.0,250.0
1768640014.3679123,30160,0.0,15.01,143.25,65.0,250.0
1768640014.385496,30180,0.0,19.26,252.05,65.0,250.0
1768640014.4030492,30200,0.0,24.07,246.76,65.0,250.0
1768640014.4137,30220,0.0,29.46,297.01,65.0,250.0
1768640014.4308777,30240,0.0,35.18,340.36,65.0,250.0
1768640014.4629035,30260,0.0,41.32,287.67,65.0,250.0
1768640014.486247,30280,0.0,46.75,275.63,65.0,250.0
1768640014.502319,30300,0.0,51.8,228.19,65.0,250.0
1768640014.5109005,30320,0.0,55.77,169.24,65.0,250.0
1768640014.5428905,30340,0.0,58.96,169.14,65.0,250.0
1768640014.5682738,30360,0.0,63.02,213.96,65.0,250.0
1768640014.5784094,30380,0.0,66.55,155.88,65.0,250.0
1768640014.5928342,30400,0.0,69.11,117.38,65.0,250.0
1768640014.6242402,30420,0.0,70.59,50.57,65.0,250.0
1768640014.639307,30440,0.0,71.27,83.96,65.0,250.0
1768640014.6495092,30460,0.0,73.69,129.24,65.0,250.0
1768640014.6709077,30480,0.0,75.75,77.83,65.0,250.0
1768640014.7275245,30500,0.0,77.14,48.05,65.0,250.0
1768640014.7554462,30520,0.0,77.46,-33.87,65.0,250.0
1768640014.7669828,30540,0.0,76.98,32.99,65.0,250.0
1768640014.8026311,30560,0.0,78.55,76.05,65.0,250.0
1768640014.8110092,30580,0.0,80.05,57.92,65.0,250.0
1768640014.8327627,30600,0.0,81.02,17.81,65.0,250.0
1768640014.8436852,30620,0.0,80.99,-17.14,65.0,250.0
1768640014.844658,30640,0.0,80.8,-4.06,65.0,250.0
1768640014.863712,30660,0.0,80.91,3.28,65.0,250.0
1768640014.8739533,30680,0.0,81.26,34.25,65.0,250.0
1768640014.8995147,30700,0.0,82.28,48.37,65.0,250.0
1768640014.9374366,30720,0.0,83.02,28.92,65.0,250.0
1768640014.9499557,30740,0.0,83.15,-23.55,65.0,250.0
1768640014.9776816,30760,0.0,81.65,-121.18,115.0,364.0
1768640015.0238397,30780,0.0,78.27,-209.21,115.0,364.0
1768640015.0470712,30800,0.0,73.63,-261.83,115.0,364.0
1768640015.0601892,30820,0.0,68.9,-242.54,115.0,364.0
1768640015.0611706,30840,0.0,65.41,-151.57,115.0,364.0
1768640015.0621815,30860,0.0,62.89,-139.94,115.0,364.0
1768640015.0667436,30880,0.0,60.32,-131.54,115.0,364.0
1768640015.098696,30900,0.0,57.98,-96.45,115.0,364.0
1768640015.1391094,30920,0.0,56.12,-90.78,115.0,364.0
1768640015.1578672,30940,0.0,54.33,-89.58,115.0,364.0
1768640015.1628618,30960,0.0,52.81,-66.38,115.0,364.0
1768640015.187489,30980,0.0,51.6,-46.54,115.0,364.0
1768640015.1976268,31000,0.0,51.03,-1.03,65.0,250.0
1768640015.221191,31020,0.0,51.0,13.53,65.0,250.0
1768640015.2343132,31040,0.0,51.13,13.09,65.0,250.0
1768640015.2614775,31060,0.0,51.42,15.64,65.0,250.0
1768640015.2813487,31080,0.0,51.62,3.84,65.0,250.0
1768640015.2912104,31100,0.0,51.58,-4.98,65.0,250.0
1768640015.311974,31120,0.0,51.35,-13.28,65.0,250.0
1768640015.3510582,31140,0.0,51.09,-13.2,65.0,250.0
1768640015.3567393,31160,0.0,50.86,-7.57,65.0,250.0
1768640015.3929338,31180,0.0,50.76,-3.82,65.0,250.0
1768640015.4028878,31200,0.0,50.71,-0.93,65.0,250.0
1768640015.4353344,31220,0.0,50.69,-2.78,65.0,250.0
1768640015.444729,31240,0.0,50.62,-4.3,65.0,250.0
1768640015.455467,31260,0.0,50.56,-1.28,65.0,250.0
1768640015.4741883,31280,0.0,50.59,2.7,65.0,250.0
1768640015.505497,31300,0.0,50.63,0.37,65.0,250.0
1768640015.5160065,31320,0.0,50.69,1.47,65.0,250.0
1768640015.5377178,31340,0.0,50.74,2.4,65.0,250.0
1768640015.56435,31360,0.0,50.81,3.52,65.0,250.0
1768640015.5796177,31380,0.0,50.87,1.57,65.0,250.0
1768640015.6059468,31400,0.0,50.94,2.79,65.0,250.0
1768640015.6146047,31420,0.0,51.01,2.49,65.0,250.0
1768640015.6373248,31440,0.0,51.07,0.21,65.0,250.0
1768640015.6697018,31460,0.0,51.09,-0.15,65.0,250.0
1768640015.6797688,31480,0.0,51.13,3.43,65.0,250.0
1768640015.6980867,31500,0.0,51.2,3.94,65.0,250.0
1768640015.7069616,31520,0.0,51.28,3.65,65.0,250.0
1768640015.7401614,31540,0.0,51.37,4.07,65.0,250.0
1768640015.771477,31560,0.0,51.48,6.37,65.0,250.0
1768640015.7816625,31580,0.0,51.6,5.75,65.0,250.0
1768640015.8121526,31600,0.0,51.73,6.76,65.0,250.0
1768640015.8271286,31620,0.0,51.81,0.21,65.0,250.0
1768640015.8648312,31640,0.0,51.81,-0.72,65.0,250.0
1768640015.8861299,31660,0.0,51.78,-1.06,65.0,250.0
1768640015.895807,31680,0.0,51.76,-1.0,65.0,250.0
1768640015.9073277,31700,0.0,51.76,0.0,65.0,250.0
1768640015.9165962,31720,0.0,51.74,-1.94,65.0,250.0
1768640015.9385746,31740,0.0,51.72,0.08,65.0,250.0
1768640015.9487555,31760,0.0,51.73,0.43,65.0,250.0
1768640016.000042,31780,0.0,51.69,-3.59,65.0,250.0
1768640016.0126941,31800,0.0,51.68,2.02,65.0,250.0
1768640016.0446754,31820,0.0,51.73,2.54,65.0,250.0
1768640016.0729337,31840,0.0,51.75,0.54,65.0,250.0
1768640016.109939,31860,0.0,51.75,-2.71,65.0,250.0
1768640016.1206179,31880,0.0,51.72,1.44,65.0,250.0
1768640016.1263757,31900,0.0,51.73,1.45,65.0,250.0
1768640016.1273553,31920,0.0,51.77,-1.19,65.0,250.0
1768640016.1301572,31940,0.0,51.75,-2.31,65.0,250.0
1768640016.1635742,31960,0.0,51.7,-3.62,65.0,250.0
1768640016.1733418,31980,0.0,51.61,-4.27,65.0,250.0
1768640016.2069118,32000,0.0,51.55,-2.08,65.0,250.0
1768640016.2175837,32020,0.0,51.56,3.08,65.0,250.0
1768640016.2522943,32040,0.0,51.66,4.92,65.0,250.0
1768640016.261901,32060,0.0,51.73,3.32,65.0,250.0
1768640016.2854197,32080,0.0,51.83,6.46,65.0,250.0
1768640016.2954092,32100,0.0,51.97,8.23,65.0,250.0
1768640016.3272326,32120,0.0,52.11,5.87,65.0,250.0
1768640016.3335774,32140,0.0,52.22,4.61,65.0,250.0
1768640016.3557029,32160,0.0,52.3,3.26,65.0,250.0
1768640016.364542,32180,0.0,52.36,3.05,65.0,250.0
1768640016.4176235,32200,0.0,52.43,3.65,65.0,250.0
1768640016.428332,32220,0.0,52.53,6.51,65.0,250.0
1768640016.4334924,32240,0.0,52.68,7.58,65.0,250.0
1768640016.4539664,32260,0.0,52.81,3.89,65.0,250.0
1768640016.4857929,32280,0.0,52.86,-0.87,65.0,250.0
1768640016.5021162,32300,0.0,52.88,0.55,65.0,250.0
1768640016.5170627,32320,0.0,52.9,2.29,65.0,250.0
1768640016.527909,32340,0.0,52.98,1.75,65.0,250.0
1768640016.55808,32360,0.0,53.02,2.44,65.0,250.0
1768640016.5798519,32380,0.0,53.07,2.15,65.0,250.0
1768640016.5898092,32400,0.0,53.14,3.0,65.0,250.0
1768640016.6234598,32420,0.0,53.19,3.16,65.0,250.0
1768640016.6446693,32440,0.0,53.28,5.3,65.0,250.0
1768640016.6670032,32460,0.0,53.37,4.3,65.0,250.0
1768640016.679733,32480,0.0,53.44,2.84,65.0,250.0
1768640016.701287,32500,0.0,53.5,3.76,65.0,250.0
1768640016.7201414,32520,0.0,53.61,4.93,65.0,250.0
1768640016.743925,32540,0.0,53.73,6.62,65.0,250.0
1768640016.7500966,32560,0.0,53.84,5.41,65.0,250.0
1768640016.771508,32580,0.0,54.01,9.75,65.0,250.0
1768640016.8066983,32600,0.0,54.51,54.0,65.0,250.0
1768640016.8420427,32620,0.0,56.21,113.98,65.0,250.0
1768640016.8739223,32640,0.0,59.14,188.07,65.0,250.0
1768640016.888264,32660,0.0,63.32,234.99,65.0,250.0
1768640016.9150891,32680,0.0,68.05,226.43,65.0,250.0
1768640016.9258645,32700,0.0,72.06,190.97,65.0,250.0
1768640016.9365802,32720,0.0,76.08,218.23,65.0,250.0
1768640016.9483666,32740,0.0,80.32,188.67,65.0,250.0
1768640016.9655387,32760,0.0,83.64,141.2,65.0,250.0
1768640016.9753335,32780,0.0,86.25,115.94,65.0,250.0
1768640016.9975839,32800,0.0,88.18,83.15,65.0,250.0
1768640017.0068574,32820,0.0,89.49,54.51,65.0,250.0
1768640017.052882,32840,0.0,90.19,0.2,65.0,250.0
1768640017.0636115,32860,0.0,89.03,-109.85,106.0,343.0
1768640017.0867848,32880,0.0,86.09,-185.48,115.0,364.0
1768640017.0992773,32900,0.0,80.96,-318.54,115.0,364.0
1768640017.1313944,32920,0.0,73.75,-371.58,115.0,364.0
1768640017.1417997,32940,0.0,66.86,-288.91,115.0,364.0
1768640017.1610513,32960,0.0,62.75,-125.89,115.0,364.0
1768640017.1716998,32980,0.0,61.03,-67.68,115.0,364.0
1768640017.1998534,33000,0.0,59.52,-80.79,115.0,364.0
1768640017.221503,33020,0.0,57.95,-80.44,115.0,364.0
1768640017.2564223,33040,0.0,56.26,-85.13,115.0,364.0
1768640017.2704256,33060,0.0,55.11,-40.06,115.0,364.0
1768640017.2950068,33080,0.0,54.57,-23.4,71.0,264.0
1768640017.3020413,33100,0.0,54.26,-14.45,65.0,250.0
1768640017.3135324,33120,0.0,53.87,-23.84,65.0,250.0
1768640017.335642,33140,0.0,53.62,4.49,65.0,250.0
1768640017.367227,33160,0.0,54.09,35.52,65.0,250.0
1768640017.3811164,33180,0.0,55.28,83.44,65.0,250.0
1768640017.3983686,33200,0.0,57.54,125.51,65.0,250.0
1768640017.4079154,33220,0.0,60.53,170.01,65.0,250.0
1768640017.4403021,33240,0.0,64.49,223.27,65.0,250.0
1768640017.4673128,33260,0.0,69.43,244.08,65.0,250.0
1768640017.478985,33280,0.0,74.08,203.41,65.0,250.0
1768640017.512478,33300,0.0,78.09,190.39,65.0,250.0
1768640017.5268078,33320,0.0,81.98,190.03,65.0,250.0
1768640017.5526466,33340,0.0,85.26,165.91,65.0,250.0
1768640017.5624862,33360,0.0,88.03,124.33,65.0,250.0
1768640017.5745795,33380,0.0,89.74,65.62,65.0,250.0
1768640017.5936189,33400,0.0,90.23,2.46,65.0,250.0
1768640017.6228497,33420,0.0,89.99,-10.32,65.0,250.0
1768640017.6328425,33440,0.0,89.84,3.79,65.0,250.0
1768640017.6781514,33460,0.0,89.94,-5.81,65.0,250.0
1768640017.6848717,33480,0.0,89.73,-23.43,65.0,250.0
1768640017.699026,33500,0.0,89.42,-9.86,65.0,250.0
1768640017.7225494,33520,0.0,89.58,5.57,65.0,250.0
1768640017.738968,33540,0.0,89.75,6.38,65.0,250.0
1768640017.7710562,33560,0.0,89.95,11.1,65.0,250.0
1768640017.788166,33580,0.0,90.32,17.46,65.0,250.0
1768640017.7946985,33600,0.0,90.63,11.35,65.0,250.0
1768640017.8154747,33620,0.0,90.79,16.8,65.0,250.0
1768640017.8246503,33640,0.0,91.28,23.73,65.0,250.0
1768640017.857328,33660,0.0,91.74,25.2,65.0,250.0
1768640017.8920138,33680,0.0,92.5,47.86,65.0,250.0
1768640017.9027834,33700,0.0,93.36,47.38,65.0,250.0
1768640017.9132104,33720,0.0,94.25,51.72,65.0,250.0
1768640017.944676,33740,0.0,95.26,50.21,65.0,250.0
1768640017.9644253,33760,0.0,95.99,34.74,65.0,250.0
1768640017.976192,33780,0.0,96.3,4.83,65.0,250.0
1768640017.9848044,33800,0.0,96.15,-8.41,65.0,250.0
1768640018.022528,33820,0.0,96.24,10.3,65.0,250.0
1768640018.039946,33840,0.0,96.37,2.88,65.0,250.0
1768640018.0500264,33860,0.0,96.4,1.45,65.0,250.0
1768640018.0706775,33880,0.0,96.37,-0.45,65.0,250.0
1768640018.122278,33900,0.0,96.35,-3.94,65.0,250.0
1768640018.1516259,33920,0.0,96.25,-6.02,65.0,250.0
1768640018.1631474,33940,0.0,96.25,2.96,65.0,250.0
1768640018.2046044,33960,0.0,96.34,6.21,65.0,250.0
1768640018.227434,33980,0.0,96.43,3.14,65.0,250.0
1768640018.2399971,34000,0.0,96.43,-2.55,65.0,250.0
1768640018.2408447,34020,0.0,96.37,0.02,65.0,250.0
1768640018.24168,34040,0.0,96.35,-4.44,65.0,250.0
1768640018.257914,34060,0.0,96.26,-2.8,65.0,250.0
1768640018.2805228,34080,0.0,96.17,-4.26,65.0,250.0
1768640018.2905276,34100,0.0,96.06,-6.69,65.0,250.0
1768640018.3172612,34120,0.0,95.84,-14.83,65.0,250.0
1768640018.3556795,34140,0.0,95.6,-6.48,65.0,250.0
1768640018.3623724,34160,0.0,95.47,-5.69,65.0,250.0
1768640018.3890054,34180,0.0,95.32,-6.54,65.0,250.0
1768640018.4046125,34200,0.0,95.16,-6.16,65.0,250.0
1768640018.42339,34220,0.0,95.02,-7.07,65.0,250.0
1768640018.44179,34240,0.0,94.89,-4.75,65.0,250.0
1768640018.4510722,34260,0.0,94.8,-1.77,65.0,250.0
1768640018.4723654,34280,0.0,94.78,-2.54,65.0,250.0
1768640018.5205016,34300,0.0,94.72,-6.0,65.0,250.0
1768640018.5278103,34320,0.0,94.57,-8.03,65.0,250.0
1768640018.5372334,34340,0.0,94.56,3.07,65.0,250.0
1768640018.5673006,34360,0.0,94.57,-1.69,65.0,250.0
1768640018.5807214,34380,0.0,94.49,-6.25,65.0,250.0
1768640018.602432,34400,0.0,94.28,-13.65,65.0,250.0
1768640018.6118267,34420,0.0,94.03,-9.75,65.0,250.0
1768640018.6338856,34440,0.0,93.89,-3.05,65.0,250.0
1768640018.665558,34460,0.0,93.84,-0.16,65.0,250.0
1768640018.6756794,34480,0.0,93.79,-4.65,65.0,250.0
1768640018.698004,34500,0.0,93.67,-3.36,65.0,250.0
1768640018.7168458,34520,0.0,93.67,-0.33,65.0,250.0
1768640018.744614,34540,0.0,93.67,0.63,65.0,250.0
1768640018.7770267,34560,0.0,93.66,-1.78,65.0,250.0
1768640018.779571,34580,0.0,93.59,-4.27,65.0,250.0
1768640018.7948275,34600,0.0,93.49,-2.71,65.0,250.0
1768640018.8263638,34620,0.0,93.49,1.05,65.0,250.0
1768640018.8380177,34640,0.0,93.49,-0.25,65.0,250.0
1768640018.8588493,34660,0.0,93.46,-2.26,65.0,250.0
1768640018.8681338,34680,0.0,93.46,2.88,65.0,250.0
1768640018.9001331,34700,0.0,93.51,2.77,65.0,250.0
1768640018.9224422,34720,0.0,93.55,1.47,65.0,250.0
1768640018.9525068,34740,0.0,93.52,-0.42,65.0,250.0
1768640018.9641724,34760,0.0,93.57,4.21,65.0,250.0
1768640018.992381,34780,0.0,93.61,0.39,65.0,250.0
1768640019.0038033,34800,0.0,93.6,-0.53,65.0,250.0
1768640019.0263383,34820,0.0,93.58,0.01,65.0,250.0
1768640019.0357482,34840,0.0,93.63,4.42,65.0,250.0
1768640019.0497801,34860,0.0,93.67,0.62,65.0,250.0
1768640019.0829809,34880,0.0,93.65,-0.94,65.0,250.0
1768640019.0931084,34900,0.0,93.64,1.23,65.0,250.0
1768640019.1149814,34920,0.0,93.7,1.49,65.0,250.0
1768640019.1238184,34940,0.0,93.66,-1.95,65.0,250.0
1768640019.1667907,34960,0.0,93.6,-2.5,65.0,250.0
1768640019.1792586,34980,0.0,93.54,-3.18,65.0,250.0
1768640019.1894855,35000,0.0,93.49,-2.09,65.0,250.0
1768640019.2160769,35020,0.0,93.43,-2.33,65.0,250.0
1768640019.2458637,35040,0.0,93.39,-1.93,65.0,250.0
1768640019.253973,35060,0.0,93.33,-3.64,65.0,250.0
1768640019.2754493,35080,0.0,93.26,-3.8,65.0,250.0
1768640019.2845626,35100,0.0,93.25,1.33,65.0,250.0
1768640019.3234675,35120,0.0,93.26,-1.34,65.0,250.0
1768640019.3335059,35140,0.0,93.21,-3.46,65.0,250.0
1768640019.3557494,35160,0.0,93.12,-2.77,65.0,250.0
1768640019.364536,35180,0.0,93.09,0.63,65.0,250.0
1768640019.397631,35200,0.0,93.12,1.57,65.0,250.0
1768640019.4219067,35220,0.0,93.11,-1.39,65.0,250.0
1768640019.4299922,35240,0.0,93.1,0.03,65.0,250.0
1768640019.45045,35260,0.0,93.05,-2.71,65.0,250.0
1768640019.4833775,35280,0.0,93.02,-1.13,65.0,250.0
1768640019.4934378,35300,0.0,93.01,-0.82,65.0,250.0
1768640019.5167427,35320,0.0,93.0,0.42,65.0,250.0
1768640019.528249,35340,0.0,93.03,0.46,65.0,250.0
1768640019.5585642,35360,0.0,93.03,1.88,65.0,250.0
1768640019.5801077,35380,0.0,93.09,0.45,65.0,250.0
1768640019.5902362,35400,0.0,93.11,1.42,65.0,250.0
1768640019.6177163,35420,0.0,93.19,4.01,65.0,250.0
1768640019.6456766,35440,0.0,93.22,-1.66,65.0,250.0
1768640019.654533,35460,0.0,93.18,-1.87,65.0,250.0
1768640019.6764712,35480,0.0,93.18,-0.91,65.0,250.0
1768640019.685485,35500,0.0,93.17,0.27,65.0,250.0
1768640019.721662,35520,0.0,93.16,-1.61,65.0,250.0
1768640019.74203,35540,0.0,93.16,1.86,65.0,250.0
1768640019.750124,35560,0.0,93.17,-0.54,65.0,250.0
1768640019.771143,35580,0.0,93.18,1.49,65.0,250.0
1768640019.806452,35600,0.0,93.18,0.12,65.0,250.0
1768640019.8156958,35620,0.0,93.25,4.35,65.0,250.0
1768640019.8374743,35640,0.0,93.28,0.42,65.0,250.0
1768640019.8465142,35660,0.0,93.28,-0.18,65.0,250.0
1768640019.8790145,35680,0.0,93.25,-0.97,65.0,250.0
1768640019.905473,35700,0.0,93.29,2.06,65.0,250.0
1768640019.918866,35720,0.0,93.32,3.49,65.0,250.0
1768640019.934494,35740,0.0,93.4,2.31,65.0,250.0
1768640019.965067,35760,0.0,93.46,5.01,65.0,250.0
1768640019.9751272,35780,0.0,93.53,1.81,65.0,250.0
1768640019.9977791,35800,0.0,93.59,2.37,65.0,250.0
1768640020.011242,35820,0.0,93.65,3.91,65.0,250.0
1768640020.039374,35840,0.0,93.76,7.3,65.0,250.0
1768640020.0609784,35860,0.0,93.9,6.56,65.0,250.0
1768640020.0726638,35880,0.0,94.03,6.47,65.0,250.0
1768640020.0933058,35900,0.0,94.15,6.82,65.0,250.0
1768640020.125557,35920,0.0,94.23,1.31,65.0,250.0
1768640020.1356316,35940,0.0,94.28,4.22,65.0,250.0
1768640020.158459,35960,0.0,94.39,5.32,65.0,250.0
1768640020.169807,35980,0.0,94.47,2.68,65.0,250.0
1768640020.2009819,36000,0.0,94.52,2.68,65.0,250.0
1768640020.2226799,36020,0.0,94.55,3.11,65.0,250.0
1768640020.2319877,36040,0.0,94.62,3.71,65.0,250.0
1768640020.254102,36060,0.0,94.72,6.48,65.0,250.0
1768640020.2862442,36080,0.0,94.84,4.88,65.0,250.0
1768640020.2962122,36100,0.0,94.91,5.65,65.0,250.0
1768640020.3254867,36120,0.0,95.03,5.21,65.0,250.0
1768640020.333972,36140,0.0,95.12,5.49,65.0,250.0
1768640020.3605707,36160,0.0,95.26,7.02,65.0,250.0
1768640020.3824854,36180,0.0,95.37,4.46,65.0,250.0
1768640020.3926275,36200,0.0,95.45,2.23,65.0,250.0
1768640020.4187477,36220,0.0,95.54,6.59,65.0,250.0
1768640020.4502134,36240,0.0,95.63,2.83,65.0,250.0
1768640020.456612,36260,0.0,95.68,2.29,65.0,250.0
1768640020.4783585,36280,0.0,95.76,2.58,65.0,250.0
1768640020.4880264,36300,0.0,95.79,1.24,65.0,250.0
1768640020.5103571,36320,0.0,95.83,3.86,65.0,250.0
1768640020.5428681,36340,0.0,95.89,2.52,65.0,250.0
1768640020.552225,36360,0.0,95.92,1.55,65.0,250.0
1768640020.5748231,36380,0.0,95.94,1.03,65.0,250.0
1768640020.594212,36400,0.0,95.98,2.13,65.0,250.0
1768640020.6177056,36420,0.0,96.01,1.83,65.0,250.0
1768640020.6398144,36440,0.0,96.02,-0.31,65.0,250.0
1768640020.6491852,36460,0.0,95.98,-2.04,65.0,250.0
1768640020.6698337,36480,0.0,95.93,-2.15,65.0,250.0
1768640020.703749,36500,0.0,95.87,-3.39,65.0,250.0
1768640020.714331,36520,0.0,95.72,-11.53,65.0,250.0
1768640020.7355542,36540,0.0,95.4,-20.24,65.0,250.0
1768640020.744839,36560,0.0,94.79,-43.32,65.0,250.0
1768640020.7890177,36580,0.0,93.62,-72.55,110.0,352.0
1768640020.804315,36600,0.0,91.94,-94.2,115.0,364.0
1768640020.8101835,36620,0.0,90.02,-97.48,115.0,364.0
1768640020.8330564,36640,0.0,88.12,-94.53,115.0,364.0
1768640020.8739276,36660,0.0,86.21,-127.27,115.0,364.0
1768640020.8774981,36680,0.0,82.66,-197.44,115.0,364.0
1768640020.9006402,36700,0.0,78.32,-226.0,115.0,364.0
1768640020.9079056,36720,0.0,73.94,-205.89,115.0,364.0
1768640020.9378588,36740,0.0,69.7,-213.21,115.0,364.0
1768640020.961153,36760,0.0,65.61,-201.39,115.0,364.0
1768640020.981642,36780,0.0,61.86,-176.72,115.0,364.0
1768640020.9874065,36800,0.0,58.59,-165.58,115.0,364.0
1768640021.018068,36820,0.0,55.17,-163.33,115.0,364.0
1768640021.0419405,36840,0.0,52.34,-108.97,115.0,364.0
1768640021.051037,36860,0.0,50.61,-64.17,115.0,364.0
1768640021.0720243,36880,0.0,49.49,-45.51,115.0,364.0
1768640021.110006,36900,0.0,48.72,-34.3,115.0,364.0
1768640021.1211023,36920,0.0,48.13,-27.37,100.0,330.0
1768640021.1363144,36940,0.0,47.63,-21.59,82.0,289.0
1768640021.1528678,36960,0.0,47.38,-4.58,65.0,250.0
1768640021.178719,36980,0.0,47.43,10.04,65.0,250.0
1768640021.2028794,37000,0.0,47.79,27.97,65.0,250.0
1768640021.214873,37020,0.0,48.41,31.55,65.0,250.0
1768640021.2327182,37040,0.0,48.97,24.92,65.0,250.0
1768640021.2646754,37060,0.0,49.56,31.44,65.0,250.0
1768640021.2747252,37080,0.0,50.23,29.86,65.0,250.0
1768640021.2969232,37100,0.0,50.85,28.31,65.0,250.0
1768640021.3237195,37120,0.0,51.71,55.85,65.0,250.0
1768640021.3395147,37140,0.0,53.25,97.41,65.0,250.0
1768640021.36381,37160,0.0,55.85,151.86,65.0,250.0
1768640021.3890784,37180,0.0,59.1,150.3,65.0,250.0
1768640021.401367,37200,0.0,61.99,123.49,65.0,250.0
1768640021.4222064,37220,0.0,64.54,110.35,65.0,250.0
1768640021.4413545,37240,0.0,66.57,100.06,65.0,250.0
1768640021.4513576,37260,0.0,68.95,117.18,65.0,250.0
1768640021.4934773,37280,0.0,71.43,122.18,65.0,250.0
1768640021.506279,37300,0.0,74.37,159.58,65.0,250.0
1768640021.526623,37320,0.0,77.69,152.21,65.0,250.0
1768640021.538789,37340,0.0,80.99,182.35,65.0,250.0
1768640021.5672536,37360,0.0,85.34,233.95,65.0,250.0
1768640021.5819268,37380,0.0,90.25,222.06,65.0,250.0
1768640021.6012063,37400,0.0,94.18,168.29,65.0,250.0
1768640021.6113138,37420,0.0,97.68,178.61,65.0,250.0
1768640021.6334002,37440,0.0,100.75,132.38,65.0,250.0
1768640021.6674469,37460,0.0,103.09,111.45,65.0,250.0
1768640021.6761327,37480,0.0,105.5,121.55,65.0,250.0
1768640021.6980963,37500,0.0,107.39,76.58,65.0,250.0
1768640021.7212493,37520,0.0,107.95,-25.13,65.0,250.0
1768640021.7418447,37540,0.0,106.05,-158.92,115.0,364.0
1768640021.761847,37560,0.0,101.18,-335.26,115.0,364.0
1768640021.7716553,37580,0.0,92.43,-513.04,115.0,364.0
1768640021.794537,37600,0.0,81.72,-500.63,115.0,364.0
1768640021.836662,37620,0.0,73.43,-305.16,115.0,364.0
1768640021.846445,37640,0.0,68.45,-231.65,115.0,364.0
1768640021.8676925,37660,0.0,64.65,-153.25,115.0,364.0
1768640021.8761122,37680,0.0,61.96,-104.75,115.0,364.0
1768640021.910524,37700,0.0,60.31,-64.72,115.0,364.0
1768640021.9257774,37720,0.0,59.23,-40.3,115.0,364.0
1768640021.9345741,37740,0.0,58.59,-25.83,68.0,257.0
1768640021.9548101,37760,0.0,58.09,-17.96,65.0,250.0
1768640021.9647255,37780,0.0,57.83,0.4,65.0,250.0
1768640022.0248694,37800,0.0,58.06,28.33,65.0,250.0
1768640022.0321274,37820,0.0,59.32,107.69,65.0,250.0
1768640022.0512319,37840,0.0,62.38,166.13,65.0,250.0
1768640022.0627077,37860,0.0,65.53,129.7,65.0,250.0
1768640022.0838351,37880,0.0,67.9,100.24,65.0,250.0
1768640022.0972931,37900,0.0,70.24,137.55,65.0,250.0
1768640022.1191502,37920,0.0,73.97,205.25,65.0,250.0
1768640022.1297383,37940,0.0,78.73,212.54,65.0,250.0
1768640022.1569803,37960,0.0,82.1,137.26,65.0,250.0
1768640022.1792445,37980,0.0,83.85,72.31,65.0,250.0
1768640022.1960883,38000,0.0,84.88,46.82,65.0,250.0
1768640022.212352,38020,0.0,85.13,-7.11,65.0,250.0
1768640022.2433286,38040,0.0,84.39,-49.92,65.0,250.0
1768640022.2667744,38060,0.0,83.65,-24.26,115.0,364.0
1768640022.2792528,38080,0.0,83.3,-29.38,65.0,250.0
1768640022.2960198,38100,0.0,82.32,-55.2,115.0,364.0
1768640022.3236156,38120,0.0,80.86,-65.25,115.0,364.0
1768640022.333635,38140,0.0,79.58,-47.35,115.0,364.0
1768640022.355716,38160,0.0,78.35,-32.57,115.0,364.0
1768640022.3840163,38180,0.0,77.4,-20.65,76.0,275.0
1768640022.4004707,38200,0.0,77.01,15.28,78.0,280.0
1768640022.4212778,38220,0.0,76.99,30.75,81.0,287.0
1768640022.4502628,38240,0.0,77.26,23.59,84.0,293.0
1768640022.4646127,38260,0.0,79.24,42.7,86.0,298.0
1768640022.4840293,38280,0.0,85.36,71.49,90.0,307.0
1768640022.4960434,38300,0.0,99.87,-51.87,104.0,339.0
1768640022.5163038,38320,0.0,118.51,-15.87,115.0,364.0
1768640022.5263796,38340,0.0,134.77,196.18,115.0,364.0
1768640022.578964,38360,0.0,140.35,691.05,115.0,364.0
1768640022.5944383,38380,0.0,126.19,335.64,115.0,364.0
1768640022.599258,38400,0.0,105.98,169.74,115.0,364.0
1768640022.626223,38420,0.0,92.94,24.21,115.0,364.0
1768640022.6508958,38440,0.0,96.57,-43.3,115.0,364.0
1768640022.663679,38460,0.0,106.31,-121.34,115.0,364.0
1768640022.6733363,38480,0.0,117.59,-102.79,115.0,364.0
1768640022.6935778,38500,0.0,129.07,-94.09,115.0,364.0
1768640022.7248006,38520,0.0,138.38,-133.37,115.0,364.0
1768640022.7348201,38540,0.0,144.72,-129.6,115.0,364.0
1768640022.7565794,38560,0.0,147.71,-79.04,115.0,364.0
1768640022.7926354,38580,0.0,148.24,3.71,115.0,364.0
1768640022.8080602,38600,0.0,146.57,62.29,115.0,364.0
1768640022.839071,38620,0.0,143.33,76.16,115.0,364.0
1768640022.8475978,38640,0.0,139.31,55.71,115.0,364.0
1768640022.8577907,38660,0.0,135.68,34.68,115.0,364.0
1768640022.8862774,38680,0.0,133.11,23.47,115.0,364.0
1768640022.9010215,38700,0.0,132.12,5.02,115.0,364.0
1768640022.917739,38720,0.0,132.6,-12.07,115.0,364.0
1768640022.929681,38740,0.0,134.06,-27.22,115.0,364.0
1768640022.9593966,38760,0.0,135.93,-28.52,115.0,364.0
1768640022.9815533,38780,0.0,137.63,-22.89,115.0,364.0
1768640022.991657,38800,0.0,138.95,-12.91,115.0,364.0
1768640023.013979,38820,0.0,139.51,-1.49,115.0,364.0
1768640023.052878,38840,0.0,139.44,2.81,115.0,364.0
1768640023.0618677,38860,0.0,138.93,9.33,115.0,364.0
1768640023.0850017,38880,0.0,138.23,10.3,115.0,364.0
1768640023.097698,38900,0.0,137.65,7.52,115.0,364.0
1768640023.134608,38920,0.0,137.3,3.05,115.0,364.0
1768640023.145554,38940,0.0,137.24,-1.16,115.0,364.0
1768640023.1624372,38960,0.0,137.42,-3.08,115.0,364.0
1768640023.170717,38980,0.0,137.71,-3.54,115.0,364.0
1768640023.2001154,39000,0.0,137.99,-3.26,115.0,364.0
1768640023.2221758,39020,0.0,138.16,-2.03,115.0,364.0
1768640023.232239,39040,0.0,138.23,-0.55,115.0,364.0
1768640023.2541804,39060,0.0,138.26,0.21,115.0,364.0
1768640023.3056524,39080,0.0,138.28,-0.48,115.0,364.0
1768640023.3135178,39100,0.0,138.36,-1.33,115.0,364.0
1768640023.3232589,39120,0.0,138.48,-1.94,115.0,364.0
1768640023.3455546,39140,0.0,138.62,-1.46,115.0,364.0
1768640023.3706427,39160,0.0,138.73,-0.81,115.0,364.0
1768640023.3830967,39180,0.0,138.78,0.34,115.0,364.0
1768640023.3945694,39200,0.0,138.75,1.08,115.0,364.0
1768640023.4148493,39220,0.0,138.66,1.76,115.0,364.0
1768640023.4465613,39240,0.0,138.55,1.67,115.0,364.0
1768640023.4580622,39260,0.0,138.47,0.88,115.0,364.0
1768640023.4783616,39280,0.0,138.46,-0.41,115.0,364.0
1768640023.4948833,39300,0.0,138.55,-1.61,115.0,364.0
1768640023.5267484,39320,0.0,138.71,-2.41,115.0,364.0
1768640023.5388262,39340,0.0,138.9,-2.48,115.0,364.0
1768640023.5600047,39360,0.0,139.08,-1.8,115.0,364.0
1768640023.5743854,39380,0.0,139.2,-0.84,115.0,364.0
1768640023.5914123,39400,0.0,139.24,0.2,115.0,364.0
1768640023.6245024,39420,0.0,139.22,0.5,115.0,364.0
1768640023.6406164,39440,0.0,139.16,0.87,115.0,364.0
1768640023.6564786,39460,0.0,139.11,0.77,115.0,364.0
1768640023.6680686,39480,0.0,139.1,0.44,115.0,364.0
1768640023.696901,39500,0.0,139.11,-0.07,115.0,364.0
1768640023.7218153,39520,0.0,139.14,-0.34,115.0,364.0
1768640023.7362428,39540,0.0,139.19,-0.92,115.0,364.0
1768640023.7568185,39560,0.0,139.27,-0.74,115.0,364.0
1768640023.7835312,39580,0.0,139.35,-0.81,115.0,364.0
1768640023.7935176,39600,0.0,139.43,-0.85,115.0,364.0
1768640023.816882,39620,0.0,139.48,-0.41,115.0,364.0
1768640023.836119,39640,0.0,139.52,-0.03,115.0,364.0
1768640023.8608131,39660,0.0,139.53,0.13,115.0,364.0
1768640023.879712,39680,0.0,139.54,-0.07,115.0,364.0
1768640023.889853,39700,0.0,139.56,-0.11,115.0,364.0
1768640023.9200048,39720,0.0,139.59,-0.1,115.0,364.0
1768640023.9444058,39740,0.0,139.61,0.0,115.0,364.0
1768640023.9542987,39760,0.0,139.64,-0.35,115.0,364.0
1768640023.9761314,39780,0.0,139.66,-0.24,115.0,364.0
1768640023.9934006,39800,0.0,139.7,-0.41,115.0,364.0
1768640024.0227165,39820,0.0,139.74,0.15,115.0,364.0
1768640024.0411863,39840,0.0,139.78,-0.55,115.0,364.0
1768640024.0503385,39860,0.0,139.82,-0.31,115.0,364.0
1768640024.0832367,39880,0.0,139.85,-0.38,115.0,364.0
1768640024.1067884,39900,0.0,139.88,0.07,115.0,364.0
1768640024.1168518,39920,0.0,139.9,-0.07,115.0,364.0
1768640024.1366105,39940,0.0,139.93,-0.31,115.0,364.0
1768640024.146631,39960,0.0,139.94,-0.04,115.0,364.0
1768640024.184863,39980,0.0,139.97,-0.24,115.0,364.0
1768640024.2033408,40000,0.0,139.99,0.07,115.0,364.0
1768640024.2136374,40020,0.0,140.02,-0.55,115.0,364.0
1768640024.232576,40040,0.0,140.05,-0.07,115.0,364.0
1768640024.2658532,40060,0.0,140.09,-0.32,115.0,364.0
1768640024.284266,40080,0.0,140.11,0.07,115.0,364.0
1768640024.298773,40100,0.0,140.13,-0.35,115.0,364.0
1768640024.3069236,40120,0.0,140.16,-0.28,115.0,364.0
1768640024.343131,40140,0.0,140.18,-0.2,115.0,364.0
1768640024.3675816,40160,0.0,140.22,0.01,115.0,364.0
1768640024.3743477,40180,0.0,140.25,-0.21,115.0,364.0
1768640024.3926058,40200,0.0,140.28,-0.21,115.0,364.0
1768640024.4264317,40220,0.0,140.29,-0.07,115.0,364.0
1768640024.4361577,40240,0.0,140.3,0.1,115.0,364.0
1768640024.4574463,40260,0.0,140.33,-0.1,115.0,364.0
1768640024.4679081,40280,0.0,140.35,-0.23,115.0,364.0
1768640024.5037591,40300,0.0,140.38,-0.0,115.0,364.0
1768640024.521959,40320,0.0,140.41,-0.72,115.0,364.0
1768640024.5351737,40340,0.0,140.45,0.39,115.0,364.0
1768640024.5543113,40360,0.0,140.47,-0.41,115.0,364.0
1768640024.585615,40380,0.0,140.49,0.2,115.0,364.0
1768640024.606731,40400,0.0,140.49,-0.28,115.0,364.0
1768640024.622938,40420,0.0,140.51,0.13,115.0,364.0
1768640024.6285975,40440,0.0,140.53,-0.18,115.0,364.0
1768640024.6594357,40460,0.0,140.55,-0.18,115.0,364.0
1768640024.6869047,40480,0.0,140.58,-0.62,115.0,364.0
1768640024.6939766,40500,0.0,140.61,0.0,115.0,364.0
1768640024.717569,40520,0.0,140.63,-0.07,115.0,364.0
1768640024.7460017,40540,0.0,140.65,0.24,115.0,364.0
1768640024.7568145,40560,0.0,140.66,-0.25,115.0,364.0
1768640024.7792923,40580,0.0,140.69,-0.76,115.0,364.0
1768640024.7881434,40600,0.0,140.71,-0.03,115.0,364.0
1768640024.821653,40620,0.0,140.75,-0.06,115.0,364.0
1768640024.842282,40640,0.0,140.77,0.03,115.0,364.0
1768640024.852355,40660,0.0,140.79,-0.25,115.0,364.0
1768640024.8819852,40680,0.0,140.8,0.3,115.0,364.0
1768640024.907929,40700,0.0,140.81,-0.14,115.0,364.0
1768640024.9164696,40720,0.0,140.84,-0.07,115.0,364.0
1768640024.9384956,40740,0.0,140.86,-0.41,115.0,364.0
1768640024.9501386,40760,0.0,140.89,0.07,115.0,364.0
1768640024.984,40780,0.0,140.91,0.1,115.0,364.0
1768640025.0028179,40800,0.0,140.92,-0.07,115.0,364.0
1768640025.012917,40820,0.0,140.94,-0.18,115.0,364.0
1768640025.034649,40840,0.0,140.96,-0.1,115.0,364.0
1768640025.0671995,40860,0.0,140.98,-0.07,115.0,364.0
1768640025.0772798,40880,0.0,141.0,-0.14,115.0,364.0
1768640025.0983553,40900,0.0,141.01,-0.14,115.0,364.0
1768640025.1194012,40920,0.0,141.03,-0.04,115.0,364.0
1768640025.1367803,40940,0.0,141.05,-0.21,115.0,364.0
1768640025.163203,40960,0.0,141.07,-0.14,115.0,364.0
1768640025.1732607,40980,0.0,141.1,-0.24,115.0,364.0
1768640025.2009478,41000,0.0,141.11,-0.14,115.0,364.0
1768640025.2050958,41020,0.0,141.13,0.06,115.0,364.0
1768640025.2373223,41040,0.0,141.14,-0.21,115.0,364.0
1768640025.2592382,41060,0.0,141.16,0.21,115.0,364.0
1768640025.2693596,41080,0.0,141.18,-0.31,115.0,364.0
1768640025.2989774,41100,0.0,141.21,0.07,115.0,364.0
1768640025.3233109,41120,0.0,141.22,-0.21,115.0,364.0
1768640025.3335183,41140,0.0,141.23,0.2,115.0,364.0
1768640025.3557053,41160,0.0,141.24,-0.0,115.0,364.0
1768640025.3726099,41180,0.0,141.26,-0.18,115.0,364.0
1768640025.3986912,41200,0.0,141.28,-0.17,115.0,364.0
1768640025.4191473,41220,0.0,141.31,0.07,115.0,364.0
1768640025.429552,41240,0.0,141.32,-0.14,115.0,364.0
1768640025.4752362,41260,0.0,141.33,-0.24,115.0,364.0
1768640025.4863112,41280,0.0,141.34,-0.07,115.0,364.0
1768640025.4990468,41300,0.0,141.36,0.0,115.0,364.0
1768640025.5166795,41320,0.0,141.38,-0.1,115.0,364.0
1768640025.5312831,41340,0.0,141.4,-0.14,115.0,364.0
1768640025.5612695,41360,0.0,141.42,-0.14,115.0,364.0
1768640025.580477,41380,0.0,141.43,0.31,115.0,364.0
1768640025.590242,41400,0.0,141.44,-0.36,115.0,364.0
1768640025.6289768,41420,0.0,141.45,-0.05,115.0,364.0
1768640025.6583724,41440,0.0,141.47,-0.35,115.0,364.0
1768640025.6650326,41460,0.0,141.49,-0.01,115.0,364.0
1768640025.679953,41480,0.0,141.5,-0.55,115.0,364.0
1768640025.6931987,41500,0.0,141.52,0.13,115.0,364.0
1768640025.7195182,41520,0.0,141.55,0.04,115.0,364.0
1768640025.7406762,41540,0.0,141.56,0.06,115.0,364.0
1768640025.7508984,41560,0.0,141.57,-0.14,115.0,364.0
1768640025.7725625,41580,0.0,141.58,-0.05,115.0,364.0
1768640025.8136525,41600,0.0,141.59,0.03,115.0,364.0
1768640025.8256927,41620,0.0,141.6,-0.35,115.0,364.0
1768640025.8572428,41640,0.0,141.62,-0.04,115.0,364.0
1768640025.8767242,41660,0.0,141.64,-0.14,115.0,364.0
1768640025.9060419,41680,0.0,141.67,-0.04,115.0,364.0
1768640025.9204926,41700,0.0,141.68,-0.1,115.0,364.0
1768640025.9214067,41720,0.0,141.69,0.17,115.0,364.0
1768640025.933249,41740,0.0,141.69,0.06,115.0,364.0
1768640025.9647424,41760,0.0,141.7,-0.19,115.0,364.0
1768640025.9903383,41780,0.0,141.71,-0.14,115.0,364.0
1768640025.9999423,41800,0.0,141.74,-0.28,115.0,364.0
1768640026.0092268,41820,0.0,141.76,0.03,115.0,364.0
1768640026.0396974,41840,0.0,141.78,-0.04,115.0,364.0
1768640026.0711894,41860,0.0,141.78,-0.01,115.0,364.0
1768640026.0805788,41880,0.0,141.79,-0.35,115.0,364.0
1768640026.0996811,41900,0.0,141.8,0.21,115.0,364.0
1768640026.125969,41920,0.0,141.82,-0.14,115.0,364.0
1768640026.1363783,41940,0.0,141.84,-0.01,115.0,364.0
1768640026.1580362,41960,0.0,141.85,-0.25,115.0,364.0
1768640026.1867156,41980,0.0,141.86,0.18,115.0,364.0
1768640026.2025106,42000,0.0,141.87,-0.0,115.0,364.0
1768640026.2235146,42020,0.0,141.89,0.06,115.0,364.0
1768640026.2341874,42040,0.0,141.9,-0.14,115.0,364.0
1768640026.2586393,42060,0.0,141.91,-0.08,115.0,364.0
1768640026.2879324,42080,0.0,141.93,-0.18,115.0,364.0
1768640026.2984023,42100,0.0,141.94,-0.0,115.0,364.0
1768640026.318325,42120,0.0,141.96,0.07,115.0,364.0
1768640026.328159,42140,0.0,141.97,-0.14,115.0,364.0
1768640026.375234,42160,0.0,141.99,-0.01,115.0,364.0
1768640026.385113,42180,0.0,141.99,0.06,115.0,364.0
1768640026.393584,42200,0.0,142.0,-0.15,115.0,364.0
1768640026.4206178,42220,0.0,142.01,-0.35,115.0,364.0
1768640026.4498363,42240,0.0,142.03,-0.14,115.0,364.0
1768640026.458519,42260,0.0,142.06,0.21,115.0,364.0
1768640026.4815931,42280,0.0,142.07,0.14,115.0,364.0
1768640026.489026,42300,0.0,142.07,0.08,115.0,364.0
1768640026.5111625,42320,0.0,142.07,-0.22,115.0,364.0
1768640026.547067,42340,0.0,142.08,-0.04,115.0,364.0
1768640026.5575047,42360,0.0,142.1,-0.16,115.0,364.0
1768640026.5858047,42380,0.0,142.12,0.07,115.0,364.0
1768640026.5895293,42400,0.0,142.14,-0.0,115.0,364.0
1768640026.6243713,42420,0.0,142.14,0.15,115.0,364.0
1768640026.639926,42440,0.0,142.14,-0.04,115.0,364.0
1768640026.6492035,42460,0.0,142.15,-0.21,115.0,364.0
1768640026.6705654,42480,0.0,142.17,-0.14,115.0,364.0
1768640026.7046416,42500,0.0,142.19,0.21,115.0,364.0
1768640026.7134147,42520,0.0,142.2,0.16,115.0,364.0
1768640026.7399402,42540,0.0,142.21,-0.22,115.0,364.0
1768640026.745693,42560,0.0,142.21,0.06,115.0,364.0
1768640026.7786698,42580,0.0,142.23,-0.12,115.0,364.0
1768640026.7997074,42600,0.0,142.24,0.07,115.0,364.0
1768640026.80967,42620,0.0,142.26,-0.14,115.0,364.0
1768640026.8318634,42640,0.0,142.26,0.09,115.0,364.0
1768640026.8730304,42660,0.0,142.27,0.07,115.0,364.0
1768640026.8779755,42680,0.0,142.28,-0.08,115.0,364.0
1768640026.9008107,42700,0.0,142.29,-0.35,115.0,364.0
1768640026.9113004,42720,0.0,142.31,-0.14,115.0,364.0
1768640026.9382124,42740,0.0,142.33,0.04,115.0,364.0
1768640026.9601681,42760,0.0,142.34,0.17,115.0,364.0
1768640026.970349,42780,0.0,142.34,-0.22,115.0,364.0
1768640026.994264,42800,0.0,142.35,-0.07,115.0,364.0
1768640027.0343432,42820,0.0,142.37,-0.11,115.0,364.0
1768640027.0424976,42840,0.0,142.39,-0.28,115.0,364.0
1768640027.0571444,42860,0.0,142.41,0.1,115.0,364.0
1768640027.0662587,42880,0.0,142.4,-0.05,115.0,364.0
1768640027.109475,42900,0.0,142.4,-0.22,115.0,364.0
1768640027.122086,42920,0.0,142.41,0.03,115.0,364.0
1768640027.1308937,42940,0.0,142.43,-0.14,115.0,364.0
1768640027.1545866,42960,0.0,142.45,-0.07,115.0,364.0
1768640027.1866064,42980,0.0,142.46,-0.07,115.0,364.0
1768640027.1968856,43000,0.0,142.46,0.13,115.0,364.0
1768640027.2168589,43020,0.0,142.46,-0.08,115.0,364.0
1768640027.2267592,43040,0.0,142.47,0.13,115.0,364.0
1768640027.2711954,43060,0.0,142.49,-0.07,115.0,364.0
1768640027.280895,43080,0.0,142.51,-0.0,115.0,364.0
1768640027.3017714,43100,0.0,142.52,-0.11,115.0,364.0
1768640027.3131468,43120,0.0,142.52,0.17,115.0,364.0
1768640027.3457618,43140,0.0,142.53,0.06,115.0,364.0
1768640027.3571143,43160,0.0,142.54,0.07,115.0,364.0
1768640027.3773627,43180,0.0,142.55,-0.12,115.0,364.0
1768640027.3868504,43200,0.0,142.56,-0.07,115.0,364.0
1768640027.432825,43220,0.0,142.57,-0.08,115.0,364.0
1768640027.4428902,43240,0.0,142.58,-0.15,115.0,364.0
1768640027.451693,43260,0.0,142.59,-0.0,115.0,364.0
1768640027.4764884,43280,0.0,142.6,-0.07,115.0,364.0
1768640027.5069563,43300,0.0,142.61,-0.11,115.0,364.0
1768640027.5168936,43320,0.0,142.63,0.06,115.0,364.0
1768640027.5381396,43340,0.0,142.63,-0.01,115.0,364.0
1768640027.5476274,43360,0.0,142.64,-0.08,115.0,364.0
1768640027.5893342,43380,0.0,142.65,-0.0,115.0,364.0
1768640027.6013184,43400,0.0,142.66,-0.1,115.0,364.0
1768640027.6243796,43420,0.0,142.67,-0.0,115.0,364.0
1768640027.6339686,43440,0.0,142.69,-0.08,115.0,364.0
1768640027.6674776,43460,0.0,142.69,-0.18,115.0,364.0
1768640027.6773317,43480,0.0,142.7,0.06,115.0,364.0
1768640027.6980588,43500,0.0,142.7,-0.07,115.0,364.0
1768640027.7081122,43520,0.0,142.71,-0.04,115.0,364.0
1768640027.749828,43540,0.0,142.73,-0.07,115.0,364.0
1768640027.7622125,43560,0.0,142.74,0.04,115.0,364.0
1768640027.7838287,43580,0.0,142.75,0.06,115.0,364.0
1768640027.8029435,43600,0.0,142.75,-0.18,115.0,364.0
1768640027.8275487,43620,0.0,142.76,0.11,115.0,364.0
1768640027.8365102,43640,0.0,142.77,-0.04,115.0,364.0
1768640027.8587112,43660,0.0,142.78,0.13,115.0,364.0
1768640027.8682442,43680,0.0,142.79,-0.21,115.0,364.0
1768640027.917837,43700,0.0,142.8,-0.28,115.0,364.0
1768640027.9230537,43720,0.0,142.81,0.13,115.0,364.0
1768640027.933786,43740,0.0,142.82,-0.14,115.0,364.0
1768640027.9596233,43760,0.0,142.83,0.06,115.0,364.0
1768640027.9869463,43780,0.0,142.84,-0.35,115.0,364.0
1768640027.9983628,43800,0.0,142.85,0.61,115.0,364.0
1768640028.0190809,43820,0.0,142.85,-0.45,115.0,364.0
1768640028.0290687,43840,0.0,142.87,0.13,115.0,364.0
1768640028.0510633,43860,0.0,142.87,-0.32,115.0,364.0
1768640028.087392,43880,0.0,142.89,0.03,115.0,364.0
1768640028.0954251,43900,0.0,142.88,-0.01,115.0,364.0
1768640028.1161666,43920,0.0,142.89,0.06,115.0,364.0
1768640028.1263316,43940,0.0,142.9,-0.11,115.0,364.0
1768640028.1584969,43960,0.0,142.91,-0.14,115.0,364.0
1768640028.1806774,43980,0.0,142.92,0.03,115.0,364.0
1768640028.1893544,44000,0.0,142.93,-0.01,115.0,364.0
1768640028.2112854,44020,0.0,142.94,0.1,115.0,364.0
1768640028.2468119,44040,0.0,142.94,0.02,115.0,364.0
1768640028.255612,44060,0.0,142.94,-0.28,115.0,364.0
1768640028.2781115,44080,0.0,142.95,0.03,115.0,364.0
1768640028.288411,44100,0.0,142.97,-0.0,115.0,364.0
1768640028.317733,44120,0.0,142.98,0.06,115.0,364.0
1768640028.3398352,44140,0.0,142.98,0.13,115.0,364.0
1768640028.3499334,44160,0.0,142.98,-0.01,115.0,364.0
1768640028.3935192,44180,0.0,142.99,0.03,115.0,364.0
1768640028.4191184,44200,0.0,143.0,-0.11,115.0,364.0
1768640028.4212866,44220,0.0,143.01,-0.28,115.0,364.0
1768640028.4406888,44240,0.0,143.02,0.2,115.0,364.0
1768640028.453019,44260,0.0,143.03,-0.01,115.0,364.0
1768640028.4775805,44280,0.0,143.03,-0.08,115.0,364.0
1768640028.5001261,44300,0.0,143.04,-0.14,115.0,364.0
1768640028.5102022,44320,0.0,143.05,0.14,115.0,364.0
1768640028.5320494,44340,0.0,143.07,-0.28,115.0,364.0
1768640028.5642369,44360,0.0,143.08,0.09,115.0,364.0
1768640028.5838294,44380,0.0,143.07,0.27,115.0,364.0
1768640028.6024663,44400,0.0,143.07,-0.04,115.0,364.0
1768640028.6082764,44420,0.0,143.08,-0.11,115.0,364.0
1768640028.6393147,44440,0.0,143.09,-0.14,115.0,364.0
1768640028.661431,44460,0.0,143.11,0.34,115.0,364.0
1768640028.6705048,44480,0.0,143.12,-0.25,115.0,364.0
1768640028.693393,44500,0.0,143.13,-0.11,115.0,364.0
1768640028.7246077,44520,0.0,143.13,-0.11,115.0,364.0
1768640028.734329,44540,0.0,143.14,-0.01,115.0,364.0
1768640028.7577605,44560,0.0,143.15,0.03,115.0,364.0
1768640028.7679598,44580,0.0,143.16,0.06,115.0,364.0
1768640028.798764,44600,0.0,143.16,0.13,115.0,364.0
1768640028.831142,44620,0.0,143.16,-0.08,115.0,364.0
1768640028.8400302,44640,0.0,143.16,-0.0,115.0,364.0
1768640028.8651166,44660,0.0,143.18,-0.03,115.0,364.0
1768640028.8897803,44680,0.0,143.19,-0.28,115.0,364.0
1768640028.89794,44700,0.0,143.2,-0.01,115.0,364.0
1768640028.918258,44720,0.0,143.2,-0.01,115.0,364.0
1768640028.9281394,44740,0.0,143.21,-0.15,115.0,364.0
1768640028.9591544,44760,0.0,143.21,0.06,115.0,364.0
1768640028.990517,44780,0.0,143.22,-0.11,115.0,364.0
1768640028.9992926,44800,0.0,143.23,-0.08,115.0,364.0
1768640029.0269928,44820,0.0,143.23,-0.08,115.0,364.0
1768640029.0468607,44840,0.0,143.24,0.2,115.0,364.0
1768640029.0592968,44860,0.0,143.24,0.2,115.0,364.0
1768640029.0791342,44880,0.0,143.25,-0.22,115.0,364.0
1768640029.0868018,44900,0.0,143.26,-0.11,115.0,364.0
1768640029.119474,44920,0.0,143.27,-0.11,115.0,364.0
1768640029.142238,44940,0.0,143.28,0.13,115.0,364.0
1768640029.1544814,44960,0.0,143.28,-0.01,115.0,364.0
1768640029.1750903,44980,0.0,143.28,-0.01,115.0,364.0
1768640029.206098,45000,0.0,143.29,0.14,115.0,364.0
1768640029.2177267,45020,0.0,143.3,-0.14,115.0,364.0
1768640029.2378721,45040,0.0,143.31,-0.03,115.0,364.0
1768640029.2484372,45060,0.0,143.31,0.06,115.0,364.0
1768640029.2852771,45080,0.0,143.31,-0.04,115.0,364.0
1768640029.3056965,45100,0.0,143.32,-0.19,115.0,364.0
1768640029.3168588,45120,0.0,143.33,-0.0,115.0,364.0
1768640029.3370676,45140,0.0,143.34,-0.11,115.0,364.0
1768640029.3661234,45160,0.0,143.35,0.2,115.0,364.0
1768640029.3769653,45180,0.0,143.35,-0.08,115.0,364.0
1768640029.3982866,45200,0.0,143.35,0.2,115.0,364.0
1768640029.408154,45220,0.0,143.36,-0.15,115.0,364.0
1768640029.4539194,45240,0.0,143.37,0.03,115.0,364.0
1768640029.4645684,45260,0.0,143.37,-0.15,115.0,364.0
1768640029.4788885,45280,0.0,143.38,0.13,115.0,364.0
1768640029.4988992,45300,0.0,143.39,0.03,115.0,364.0
1768640029.5265286,45320,0.0,143.39,0.02,115.0,364.0
1768640029.536426,45340,0.0,143.4,-0.04,115.0,364.0
1768640029.5578926,45360,0.0,143.41,-0.01,115.0,364.0
1768640029.5677748,45380,0.0,143.41,-0.04,115.0,364.0
1768640029.6053421,45400,0.0,143.42,-0.01,115.0,364.0
1768640029.6277564,45420,0.0,143.42,0.13,115.0,364.0
1768640029.634422,45440,0.0,143.43,0.03,115.0,364.0
1768640029.6583815,45460,0.0,143.43,-0.01,115.0,364.0
1768640029.6867177,45480,0.0,143.44,-0.14,115.0,364.0
1768640029.697837,45500,0.0,143.45,0.1,115.0,364.0
1768640029.7189698,45520,0.0,143.46,0.06,115.0,364.0
1768640029.728699,45540,0.0,143.46,0.13,115.0,364.0
1768640029.766047,45560,0.0,143.46,-0.15,115.0,364.0
1768640029.7874112,45580,0.0,143.47,-0.01,115.0,364.0
1768640029.7961402,45600,0.0,143.48,-0.04,115.0,364.0
1768640029.8294864,45620,0.0,143.49,-0.04,115.0,364.0
1768640029.8396084,45640,0.0,143.5,0.16,115.0,364.0
1768640029.859446,45660,0.0,143.5,-0.18,115.0,364.0
1768640029.8793917,45680,0.0,143.5,-0.01,115.0,364.0
1768640029.8894153,45700,0.0,143.51,-0.14,115.0,364.0
1768640029.9109912,45720,0.0,143.52,-0.01,115.0,364.0
1768640029.9453616,45740,0.0,143.53,-0.21,115.0,364.0
1768640029.9545999,45760,0.0,143.53,0.16,115.0,364.0
1768640029.9761508,45780,0.0,143.53,-0.01,115.0,364.0
1768640029.9897208,45800,0.0,143.53,-0.08,115.0,364.0
1768640030.0207727,45820,0.0,143.54,-0.01,115.0,364.0
1768640030.039567,45840,0.0,143.55,0.13,115.0,364.0
1768640030.049391,45860,0.0,143.55,-0.07,115.0,364.0
1768640030.0717516,45880,0.0,143.56,0.06,115.0,364.0
1768640030.1059282,45900,0.0,143.56,0.1,115.0,364.0
1768640030.125684,45920,0.0,143.57,-0.15,115.0,364.0
1768640030.1375017,45940,0.0,143.57,0.03,115.0,364.0
1768640030.1552842,45960,0.0,143.58,-0.18,115.0,364.0
1768640030.1783605,45980,0.0,143.59,0.06,115.0,364.0
1768640030.200057,46000,0.0,143.59,-0.08,115.0,364.0
1768640030.210218,46020,0.0,143.6,0.13,115.0,364.0
1768640030.2506535,46040,0.0,143.6,-0.21,115.0,364.0
1768640030.2652638,46060,0.0,143.61,-0.01,115.0,364.0
1768640030.2791238,46080,0.0,143.62,-0.08,115.0,364.0
1768640030.3017175,46100,0.0,143.63,0.13,115.0,364.0
1768640030.3134305,46120,0.0,143.62,0.09,115.0,364.0
1768640030.3384197,46140,0.0,143.63,-0.12,115.0,364.0
1768640030.3604915,46160,0.0,143.63,-0.01,115.0,364.0
1768640030.3777974,46180,0.0,143.65,-0.07,115.0,364.0
1768640030.3939986,46200,0.0,143.66,0.03,115.0,364.0
1768640030.4251423,46220,0.0,143.66,-0.08,115.0,364.0
1768640030.4419959,46240,0.0,143.66,0.2,115.0,364.0
1768640030.459268,46260,0.0,143.66,-0.18,115.0,364.0
1768640030.469355,46280,0.0,143.67,0.17,115.0,364.0
1768640030.498281,46300,0.0,143.67,-0.15,115.0,364.0
1768640030.521045,46320,0.0,143.68,0.17,115.0,364.0
1768640030.547205,46340,0.0,143.68,-0.22,115.0,364.0
1768640030.5531874,46360,0.0,143.69,0.08,115.0,364.0
1768640030.5858424,46380,0.0,143.69,-0.14,115.0,364.0
1768640030.6030235,46400,0.0,143.71,0.24,115.0,364.0
1768640030.6186938,46420,0.0,143.71,0.07,115.0,364.0
1768640030.6314166,46440,0.0,143.72,-0.02,115.0,364.0
1768640030.6592371,46460,0.0,143.71,-0.24,115.0,364.0
1768640030.681033,46480,0.0,143.71,-0.29,115.0,364.0
1768640030.707916,46500,0.0,143.73,0.07,115.0,364.0
1768640030.7169838,46520,0.0,143.75,-0.46,115.0,364.0
1768640030.7459247,46540,0.0,143.76,0.76,115.0,364.0
1768640030.7682421,46560,0.0,143.76,-0.22,115.0,364.0
1768640030.7798476,46580,0.0,143.75,0.26,115.0,364.0
1768640030.787898,46600,0.0,143.74,-0.28,115.0,364.0
1768640030.8196902,46620,0.0,143.75,-0.14,115.0,364.0
1768640030.8417478,46640,0.0,143.78,-0.55,115.0,364.0
1768640030.8519266,46660,0.0,143.8,0.17,115.0,364.0
1768640030.878478,46680,0.0,143.81,0.11,115.0,364.0
1768640030.91384,46700,0.0,143.8,0.33,115.0,364.0
1768640030.9210227,46720,0.0,143.8,0.16,115.0,364.0
1768640030.946108,46740,0.0,143.78,0.2,115.0,364.0
1768640030.9610398,46760,0.0,143.8,-0.52,115.0,364.0
1768640030.980284,46780,0.0,143.81,0.27,115.0,364.0
1768640031.00226,46800,0.0,143.83,-0.38,115.0,364.0
1768640031.0122333,46820,0.0,143.84,0.33,115.0,364.0
1768640031.0339866,46840,0.0,143.85,-0.21,115.0,364.0
1768640031.0661886,46860,0.0,143.85,0.33,115.0,364.0
1768640031.0945094,46880,0.0,143.84,-0.22,115.0,364.0
1768640031.1103835,46900,0.0,143.85,0.13,115.0,364.0
1768640031.1246934,46920,0.0,143.85,-0.15,115.0,364.0
1768640031.1434965,46940,0.0,143.86,-0.11,115.0,364.0
1768640031.163994,46960,0.0,143.87,-0.01,115.0,364.0
1768640031.1727183,46980,0.0,143.88,-0.15,115.0,364.0
1768640031.194471,47000,0.0,143.88,0.13,115.0,364.0
1768640031.2273808,47020,0.0,143.88,-0.15,115.0,364.0
1768640031.2415624,47040,0.0,143.89,-0.01,115.0,364.0
1768640031.260551,47060,0.0,143.89,-0.22,115.0,364.0
1768640031.28848,47080,0.0,143.9,0.14,115.0,364.0
1768640031.2977984,47100,0.0,143.91,-0.29,115.0,364.0
1768640031.3228445,47120,0.0,143.92,0.06,115.0,364.0
1768640031.3327334,47140,0.0,143.92,-0.01,115.0,364.0
1768640031.3552804,47160,0.0,143.92,-0.15,115.0,364.0
1768640031.3651478,47180,0.0,143.93,0.18,115.0,364.0
1768640031.3996046,47200,0.0,143.93,0.03,115.0,364.0
1768640031.4280214,47220,0.0,143.94,-0.08,115.0,364.0
1768640031.4333422,47240,0.0,143.95,0.07,115.0,364.0
1768640031.455814,47260,0.0,143.95,-0.04,115.0,364.0
1768640031.487233,47280,0.0,143.96,0.13,115.0,364.0
1768640031.4934645,47300,0.0,143.97,-0.22,115.0,364.0
1768640031.51591,47320,0.0,143.97,-0.15,115.0,364.0
1768640031.5271232,47340,0.0,143.98,-0.14,115.0,364.0
1768640031.5736668,47360,0.0,143.99,0.1,115.0,364.0
1768640031.5974205,47380,0.0,143.99,-0.08,115.0,364.0
1768640031.602277,47400,0.0,143.99,0.09,115.0,364.0
1768640031.6117058,47420,0.0,143.99,0.06,115.0,364.0
1768640031.6441832,47440,0.0,144.0,-0.11,115.0,364.0
1768640031.6547742,47460,0.0,144.01,0.06,115.0,364.0
1768640031.676159,47480,0.0,144.02,0.06,115.0,364.0
1768640031.6859574,47500,0.0,144.02,0.13,115.0,364.0
1768640031.7213964,47520,0.0,144.02,-0.08,115.0,364.0
1768640031.7432268,47540,0.0,144.03,0.06,115.0,364.0
1768640031.7699816,47560,0.0,144.03,-0.01,115.0,364.0
1768640031.7797623,47580,0.0,144.04,0.1,115.0,364.0
1768640031.8103714,47600,0.0,144.05,-0.01,115.0,364.0
1768640031.820329,47620,0.0,144.05,0.06,115.0,364.0
1768640031.8427863,47640,0.0,144.05,-0.01,115.0,364.0
1768640031.8462918,47660,0.0,144.06,-0.01,115.0,364.0
1768640031.878621,47680,0.0,144.06,0.06,115.0,364.0
1768640031.9146745,47700,0.0,144.07,-0.14,115.0,364.0
1768640031.9259846,47720,0.0,144.08,0.11,115.0,364.0
1768640031.9486558,47740,0.0,144.08,0.06,115.0,364.0
1768640031.9693573,47760,0.0,144.08,0.13,115.0,364.0
1768640031.984888,47780,0.0,144.08,0.06,115.0,364.0
1768640032.0017185,47800,0.0,144.09,0.06,115.0,364.0
1768640032.0074556,47820,0.0,144.09,-0.08,115.0,364.0
1768640032.0452216,47840,0.0,144.1,-0.04,115.0,364.0
1768640032.0551867,47860,0.0,144.11,-0.01,115.0,364.0
1768640032.09247,47880,0.0,144.11,-0.08,115.0,364.0
1768640032.1079,47900,0.0,144.11,0.09,115.0,364.0
1768640032.1284351,47920,0.0,144.11,-0.01,115.0,364.0
1768640032.152879,47940,0.0,144.12,0.07,115.0,364.0
1768640032.1673305,47960,0.0,144.13,-0.14,115.0,364.0
1768640032.1747544,47980,0.0,144.14,-0.08,115.0,364.0
1768640032.2051725,48000,0.0,144.14,0.08,115.0,364.0
1768640032.215339,48020,0.0,144.14,0.06,115.0,364.0
1768640032.2375827,48040,0.0,144.14,0.06,115.0,364.0
1768640032.2722106,48060,0.0,144.14,0.13,115.0,364.0
1768640032.2848597,48080,0.0,144.15,-0.07,115.0,364.0
1768640032.309162,48100,0.0,144.16,0.07,115.0,364.0
1768640032.3170865,48120,0.0,144.17,-0.0,115.0,364.0
1768640032.3383439,48140,0.0,144.18,0.65,115.0,364.0
1768640032.367533,48160,0.0,144.17,-0.43,115.0,364.0
1768640032.3761358,48180,0.0,144.16,-0.26,115.0,364.0
1768640032.3981593,48200,0.0,144.18,0.07,115.0,364.0
1768640032.4079819,48220,0.0,144.19,-0.35,115.0,364.0
1768640032.4653156,48240,0.0,144.21,-0.14,115.0,364.0
1768640032.472214,48260,0.0,144.21,0.13,115.0,364.0
1768640032.4947686,48280,0.0,144.21,0.13,115.0,364.0
1768640032.5108037,48300,0.0,144.2,-0.01,115.0,364.0
1768640032.5294363,48320,0.0,144.2,-0.01,115.0,364.0
1768640032.5403364,48340,0.0,144.22,-0.21,115.0,364.0
1768640032.5585477,48360,0.0,144.23,0.24,115.0,364.0
1768640032.5682642,48380,0.0,144.26,0.1,115.0,364.0
1768640032.6003802,48400,0.0,144.28,-0.28,115.0,364.0
1768640032.6326113,48420,0.0,144.29,-0.08,115.0,364.0
1768640032.6380484,48440,0.0,144.29,0.13,115.0,364.0
1768640032.6655376,48460,0.0,144.29,-0.05,115.0,364.0
1768640032.688625,48480,0.0,144.28,0.13,115.0,364.0
1768640032.6993184,48500,0.0,144.28,0.06,115.0,364.0
1768640032.720158,48520,0.0,144.28,-0.04,115.0,364.0
1768640032.7316241,48540,0.0,144.29,-0.01,115.0,364.0
1768640032.7507958,48560,0.0,144.3,-0.14,115.0,364.0
1768640032.7825577,48580,0.0,144.31,-0.0,115.0,364.0
1768640032.7937691,48600,0.0,144.32,-0.11,115.0,364.0
1768640032.828918,48620,0.0,144.32,0.02,115.0,364.0
1768640032.8375778,48640,0.0,144.31,0.2,115.0,364.0
1768640032.8703623,48660,0.0,144.31,-0.01,115.0,364.0
1768640032.8892953,48680,0.0,144.31,-0.01,115.0,364.0
1768640032.9001436,48700,0.0,144.32,0.07,115.0,364.0
1768640032.9125838,48720,0.0,144.33,-0.22,115.0,364.0
1768640032.943462,48740,0.0,144.34,-0.01,115.0,364.0
1768640032.9534318,48760,0.0,144.34,0.03,115.0,364.0
1768640032.9751046,48780,0.0,144.34,0.06,115.0,364.0
1768640033.0093782,48800,0.0,144.34,-0.04,115.0,364.0
1768640033.0182478,48820,0.0,144.35,-0.01,115.0,364.0
1768640033.0476973,48840,0.0,144.35,0.06,115.0,364.0
1768640033.0572927,48860,0.0,144.35,-0.01,115.0,364.0
1768640033.0867133,48880,0.0,144.36,-0.08,115.0,364.0
1768640033.106535,48900,0.0,144.36,0.06,115.0,364.0
1768640033.11874,48920,0.0,144.37,0.06,115.0,364.0
1768640033.1363525,48940,0.0,144.37,0.1,115.0,364.0
1768640033.1455877,48960,0.0,144.37,-0.22,115.0,364.0
1768640033.1953988,48980,0.0,144.38,0.06,115.0,364.0
1768640033.2005916,49000,0.0,144.38,-0.01,115.0,364.0
1768640033.226077,49020,0.0,144.39,-0.01,115.0,364.0
1768640033.2350416,49040,0.0,144.39,0.06,115.0,364.0
1768640033.268744,49060,0.0,144.39,0.13,115.0,364.0
1768640033.2746518,49080,0.0,144.39,-0.13,115.0,364.0
1768640033.297667,49100,0.0,144.39,0.2,115.0,364.0
1768640033.3062756,49120,0.0,144.4,-0.14,115.0,364.0
1768640033.3382876,49140,0.0,144.41,-0.01,115.0,364.0
1768640033.3674605,49160,0.0,144.42,0.03,115.0,364.0
1768640033.3767197,49180,0.0,144.42,0.02,115.0,364.0
1768640033.402536,49200,0.0,144.42,-0.01,115.0,364.0
1768640033.4257834,49220,0.0,144.42,0.2,115.0,364.0
1768640033.4363322,49240,0.0,144.42,-0.08,115.0,364.0
1768640033.4583771,49260,0.0,144.42,-0.11,115.0,364.0
1768640033.466795,49280,0.0,144.43,-0.01,115.0,364.0
1768640033.4984195,49300,0.0,144.44,-0.01,115.0,364.0
1768640033.5379105,49320,0.0,144.45,0.13,115.0,364.0
1768640033.5482385,49340,0.0,144.44,-0.08,115.0,364.0
1768640033.5582662,49360,0.0,144.44,0.16,115.0,364.0
1768640033.6020415,49380,0.0,144.44,-0.04,115.0,364.0
1768640033.6173463,49400,0.0,144.44,-0.01,115.0,364.0
1768640033.6312978,49420,0.0,144.45,-0.15,115.0,364.0
1768640033.6433952,49440,0.0,144.46,-0.04,115.0,364.0
1768640033.6593773,49460,0.0,144.46,0.06,115.0,364.0
1768640033.6813583,49480,0.0,144.47,0.03,115.0,364.0
1768640033.7143457,49500,0.0,144.47,0.13,115.0,364.0
1768640033.7282345,49520,0.0,144.47,-0.01,115.0,364.0
1768640033.7580943,49540,0.0,144.47,0.13,115.0,364.0
1768640033.7812562,49560,0.0,144.47,-0.01,115.0,364.0
1768640033.7939067,49580,0.0,144.48,-0.08,115.0,364.0
1768640033.798454,49600,0.0,144.49,-0.01,115.0,364.0
1768640033.8253498,49620,0.0,144.49,-0.01,115.0,364.0
1768640033.8353815,49640,0.0,144.5,0.06,115.0,364.0
1768640033.8574355,49660,0.0,144.5,0.17,115.0,364.0
1768640033.8892608,49680,0.0,144.5,0.04,115.0,364.0
1768640033.9048414,49700,0.0,144.5,0.13,115.0,364.0
1768640033.9240317,49720,0.0,144.51,-0.01,115.0,364.0
1768640033.953496,49740,0.0,144.51,0.09,115.0,364.0
1768640033.970186,49760,0.0,144.51,0.03,115.0,364.0
1768640033.9889472,49780,0.0,144.52,-0.04,115.0,364.0
1768640033.9977067,49800,0.0,144.52,0.13,115.0,364.0
1768640034.0186698,49820,0.0,144.53,0.06,115.0,364.0
1768640034.0283465,49840,0.0,144.53,0.06,115.0,364.0
1768640034.0805082,49860,0.0,144.53,0.03,115.0,364.0
1768640034.1051888,49880,0.0,144.53,0.1,115.0,364.0
1768640034.131488,49900,0.0,144.54,-0.01,115.0,364.0
1768640034.143966,49920,0.0,144.54,-0.08,115.0,364.0
1768640034.149617,49940,0.0,144.54,-0.01,115.0,364.0
1768640034.164185,49960,0.0,144.55,-0.19,115.0,364.0
1768640034.1730976,49980,0.0,144.56,0.03,115.0,364.0
1768640034.1951323,50000,0.0,144.56,-0.01,115.0,364.0
1768640034.24041,50020,0.0,144.56,0.06,115.0,364.0
1768640034.2498844,50040,0.0,144.56,-0.01,115.0,364.0
1768640034.2610528,50060,0.0,144.57,0.1,115.0,364.0
1768640034.278676,50080,0.0,144.57,-0.08,115.0,364.0
1768640034.2927344,50100,0.0,144.57,-0.01,115.0,364.0
1768640034.3237262,50120,0.0,144.58,-0.06,115.0,364.0
1768640034.3369546,50140,0.0,144.58,0.03,115.0,364.0
1768640034.3552895,50160,0.0,144.58,-0.08,115.0,364.0
1768640034.3651443,50180,0.0,144.59,-0.01,115.0,364.0
1768640034.4014199,50200,0.0,144.59,-0.15,115.0,364.0
1768640034.4221215,50220,0.0,144.59,0.13,115.0,364.0
1768640034.4328995,50240,0.0,144.6,-0.01,115.0,364.0
1768640034.4587986,50260,0.0,144.59,0.13,115.0,364.0
1768640034.4895768,50280,0.0,144.6,-0.08,115.0,364.0
1768640034.5014277,50300,0.0,144.61,-0.01,115.0,364.0
1768640034.5185165,50320,0.0,144.61,0.03,115.0,364.0
1768640034.5270443,50340,0.0,144.62,0.02,115.0,364.0
1768640034.5577867,50360,0.0,144.62,0.13,115.0,364.0
1768640034.595512,50380,0.0,144.62,-0.08,115.0,364.0
1768640034.6087012,50400,0.0,144.62,0.17,115.0,364.0
1768640034.617107,50420,0.0,144.62,-0.15,115.0,364.0
1768640034.6437788,50440,0.0,144.63,0.06,115.0,364.0
1768640034.6657646,50460,0.0,144.64,0.03,115.0,364.0
1768640034.6758096,50480,0.0,144.64,0.06,115.0,364.0
1768640034.6870036,50500,0.0,144.64,0.06,115.0,364.0
1768640034.717682,50520,0.0,144.64,0.13,115.0,364.0
1768640034.740091,50540,0.0,144.64,0.06,115.0,364.0
1768640034.7502065,50560,0.0,144.65,-0.22,115.0,364.0
1768640034.802299,50580,0.0,144.66,0.2,115.0,364.0
1768640034.8104196,50600,0.0,144.66,-0.08,115.0,364.0
1768640034.8168793,50620,0.0,144.66,0.2,115.0,364.0
1768640034.8367116,50640,0.0,144.66,-0.11,115.0,364.0
1768640034.8482687,50660,0.0,144.66,-0.01,115.0,364.0
1768640034.8822825,50680,0.0,144.67,-0.15,115.0,364.0
1768640034.9009917,50700,0.0,144.68,-0.08,115.0,364.0
1768640034.910878,50720,0.0,144.68,0.06,115.0,364.0
1768640034.9326048,50740,0.0,144.68,0.06,115.0,364.0
1768640034.9647267,50760,0.0,144.68,0.2,115.0,364.0
1768640034.992363,50780,0.0,144.68,-0.03,115.0,364.0
1768640035.000561,50800,0.0,144.69,-0.01,115.0,364.0
1768640035.0140805,50820,0.0,144.69,-0.15,115.0,364.0
1768640035.0525453,50840,0.0,144.7,0.31,115.0,364.0
1768640035.0675275,50860,0.0,144.7,-0.08,115.0,364.0
1768640035.0771253,50880,0.0,144.7,0.13,115.0,364.0
1768640035.0913055,50900,0.0,144.7,0.03,115.0,364.0
1768640035.1189573,50920,0.0,144.7,0.06,115.0,364.0
1768640035.1411154,50940,0.0,144.7,0.2,115.0,364.0
1768640035.1690705,50960,0.0,144.7,-0.42,115.0,364.0
1768640035.1836817,50980,0.0,144.72,0.34,115.0,364.0
1768640035.2058423,51000,0.0,144.72,-0.21,115.0,364.0
1768640035.2162538,51020,0.0,144.74,0.02,115.0,364.0
1768640035.2431176,51040,0.0,144.74,-0.25,115.0,364.0
1768640035.248357,51060,0.0,144.74,0.41,115.0,364.0
1768640035.279708,51080,0.0,144.73,-0.19,115.0,364.0
1768640035.3017452,51100,0.0,144.74,0.03,115.0,364.0
1768640035.3115282,51120,0.0,144.74,-0.04,115.0,364.0
1768640035.347024,51140,0.0,144.75,-0.28,115.0,364.0
1768640035.3792796,51160,0.0,144.76,0.15,115.0,364.0
1768640035.3881152,51180,0.0,144.76,-0.35,115.0,364.0
1768640035.4113877,51200,0.0,144.76,0.58,115.0,364.0
1768640035.4258313,51220,0.0,144.75,-0.36,115.0,364.0
1768640035.4406235,51240,0.0,144.76,0.13,115.0,364.0
1768640035.4614427,51260,0.0,144.76,-0.18,115.0,364.0
1768640035.4716785,51280,0.0,144.77,-0.07,115.0,364.0
1768640035.4944317,51300,0.0,144.78,0.17,115.0,364.0
1768640035.527435,51320,0.0,144.79,-0.22,115.0,364.0
1768640035.5377982,51340,0.0,144.78,0.22,115.0,364.0
1768640035.5669422,51360,0.0,144.78,-0.11,115.0,364.0
1768640035.5740929,51380,0.0,144.78,0.06,115.0,364.0
1768640035.6134999,51400,0.0,144.79,-0.07,115.0,364.0
1768640035.6249347,51420,0.0,144.8,0.06,115.0,364.0
1768640035.6351998,51440,0.0,144.81,-0.06,115.0,364.0
1768640035.6537387,51460,0.0,144.81,0.06,115.0,364.0
1768640035.6865938,51480,0.0,144.8,-0.04,115.0,364.0
1768640035.7126658,51500,0.0,144.81,-0.12,115.0,364.0
1768640035.720991,51520,0.0,144.82,-0.15,115.0,364.0
1768640035.7286313,51540,0.0,144.82,0.2,115.0,364.0
1768640035.7652519,51560,0.0,144.82,-0.29,115.0,364.0
1768640035.7865856,51580,0.0,144.82,0.37,115.0,364.0
1768640035.794143,51600,0.0,144.81,-0.05,115.0,364.0
1768640035.8158581,51620,0.0,144.83,-0.31,115.0,364.0
1768640035.847909,51640,0.0,144.85,0.27,115.0,364.0
1768640035.857123,51660,0.0,144.87,-0.46,115.0,364.0
1768640035.885088,51680,0.0,144.86,0.54,115.0,364.0
1768640035.8897738,51700,0.0,144.84,-0.08,115.0,364.0
1768640035.9255455,51720,0.0,144.83,0.22,115.0,364.0
1768640035.9433982,51740,0.0,144.83,-0.14,115.0,364.0
1768640035.965731,51760,0.0,144.85,-0.21,115.0,364.0
1768640035.9792817,51780,0.0,144.87,-0.11,115.0,364.0
1768640035.9863327,51800,0.0,144.88,-0.11,115.0,364.0
1768640036.0172703,51820,0.0,144.88,0.37,115.0,364.0
1768640036.039003,51840,0.0,144.86,-0.01,115.0,364.0
1768640036.0490046,51860,0.0,144.85,-0.01,115.0,364.0
1768640036.0708234,51880,0.0,144.86,0.07,115.0,364.0
1768640036.110922,51900,0.0,144.87,-0.07,115.0,364.0
1768640036.1146908,51920,0.0,144.89,-0.07,115.0,364.0
1768640036.138576,51940,0.0,144.89,-0.22,115.0,364.0
1768640036.1497924,51960,0.0,144.89,0.27,115.0,364.0
1768640036.184335,51980,0.0,144.89,-0.19,115.0,364.0
1768640036.2001133,52000,0.0,144.88,0.23,115.0,364.0
1768640036.2120936,52020,0.0,144.88,-0.01,115.0,364.0
1768640036.2319877,52040,0.0,144.89,-0.15,115.0,364.0
1768640036.2638428,52060,0.0,144.9,0.2,115.0,364.0
1768640036.2851694,52080,0.0,144.9,-0.11,115.0,364.0
1768640036.296266,52100,0.0,144.91,0.01,115.0,364.0
1768640036.3175673,52120,0.0,144.91,-0.08,115.0,364.0
1768640036.3481836,52140,0.0,144.91,0.34,115.0,364.0
1768640036.360267,52160,0.0,144.9,-0.36,115.0,364.0
1768640036.3724577,52180,0.0,144.91,0.06,115.0,364.0
1768640036.3920805,52200,0.0,144.91,-0.0,115.0,364.0
1768640036.4243276,52220,0.0,144.92,-0.08,115.0,364.0
1768640036.4342926,52240,0.0,144.93,0.06,115.0,364.0
1768640036.4654634,52260,0.0,144.93,-0.1,115.0,364.0
1768640036.4862144,52280,0.0,144.94,0.2,115.0,364.0
1768640036.508745,52300,0.0,144.93,0.13,115.0,364.0
1768640036.523687,52320,0.0,144.93,0.06,115.0,364.0
1768640036.544561,52340,0.0,144.93,-0.04,115.0,364.0
1768640036.5566876,52360,0.0,144.94,0.13,115.0,364.0
1768640036.5848985,52380,0.0,144.95,-0.08,115.0,364.0
1768640036.595097,52400,0.0,144.95,-0.22,115.0,364.0
1768640036.6172128,52420,0.0,144.95,0.13,115.0,364.0
1768640036.653689,52440,0.0,144.95,-0.08,115.0,364.0
1768640036.6631398,52460,0.0,144.96,0.16,115.0,364.0
1768640036.6846411,52480,0.0,144.96,0.09,115.0,364.0
1768640036.6955464,52500,0.0,144.96,-0.01,115.0,364.0
1768640036.723466,52520,0.0,144.97,0.03,115.0,364.0
1768640036.7472465,52540,0.0,144.97,-0.08,115.0,364.0
1768640036.7552266,52560,0.0,144.97,-0.01,115.0,364.0
1768640036.7776482,52580,0.0,144.98,0.13,115.0,364.0
1768640036.7878587,52600,0.0,144.98,-0.01,115.0,364.0
1768640036.8209686,52620,0.0,144.97,0.13,115.0,364.0
1768640036.8481183,52640,0.0,144.98,-0.04,115.0,364.0
1768640036.854627,52660,0.0,144.99,0.03,115.0,364.0
1768640036.8745272,52680,0.0,144.99,-0.01,115.0,364.0
1768640036.910812,52700,0.0,145.0,-0.08,115.0,364.0
1768640036.9198804,52720,0.0,145.0,0.2,115.0,364.0
1768640036.9406106,52740,0.0,145.0,-0.04,115.0,364.0
1768640036.9508123,52760,0.0,145.0,0.13,115.0,364.0
1768640036.9803567,52780,0.0,145.03,-0.1,115.0,364.0
1768640037.008262,52800,0.0,145.05,-0.28,115.0,364.0
1768640037.0289798,52820,0.0,145.07,-0.25,115.0,364.0
1768640037.0371146,52840,0.0,145.07,0.27,115.0,364.0
1768640037.0715556,52860,0.0,145.06,-0.08,115.0,364.0
1768640037.0994112,52880,0.0,145.05,0.13,115.0,364.0
1768640037.1017632,52900,0.0,145.05,-0.01,115.0,364.0
1768640037.109261,52920,0.0,145.05,-0.03,115.0,364.0
1768640037.1408494,52940,0.0,145.06,0.03,115.0,364.0
1768640037.1625304,52960,0.0,145.07,0.03,115.0,364.0
1768640037.1728067,52980,0.0,145.08,-0.15,115.0,364.0
1768640037.2073662,53000,0.0,145.08,0.1,115.0,364.0
1768640037.2432795,53020,0.0,145.08,-0.01,115.0,364.0
1768640037.249953,53040,0.0,145.08,-0.22,115.0,364.0
1768640037.2635899,53060,0.0,145.08,0.2,115.0,364.0
1768640037.2859097,53080,0.0,145.09,-0.28,115.0,364.0
1768640037.3024006,53100,0.0,145.09,0.27,115.0,364.0
1768640037.322934,53120,0.0,145.09,-0.15,115.0,364.0
1768640037.3330173,53140,0.0,145.1,0.36,115.0,364.0
1768640037.354782,53160,0.0,145.09,-0.26,115.0,364.0
1768640037.388246,53180,0.0,145.1,-0.04,115.0,364.0
1768640037.3988845,53200,0.0,145.1,0.16,115.0,364.0
1768640037.4270372,53220,0.0,145.11,-0.29,115.0,364.0
1768640037.4325,53240,0.0,145.11,0.34,115.0,364.0
1768640037.4651508,53260,0.0,145.11,-0.08,115.0,364.0
1768640037.4834914,53280,0.0,145.11,0.3,115.0,364.0
1768640037.497078,53300,0.0,145.11,-0.22,115.0,364.0
1768640037.5154967,53320,0.0,145.12,0.14,115.0,364.0
1768640037.525152,53340,0.0,145.13,-0.15,115.0,364.0
1768640037.5576246,53360,0.0,145.14,0.04,115.0,364.0
1768640037.5971277,53380,0.0,145.13,0.26,115.0,364.0
1768640037.6067474,53400,0.0,145.12,-0.36,115.0,364.0
1768640037.6140409,53420,0.0,145.12,0.59,115.0,364.0
1768640037.6442938,53440,0.0,145.12,-0.28,115.0,364.0
1768640037.6565282,53460,0.0,145.14,-0.04,115.0,364.0
1768640037.6877427,53480,0.0,145.15,-0.11,115.0,364.0
1768640037.6898408,53500,0.0,145.15,-0.04,115.0,364.0
1768640037.7173905,53520,0.0,145.15,0.24,115.0,364.0
1768640037.7401674,53540,0.0,145.14,-0.25,115.0,364.0
1768640037.750356,53560,0.0,145.14,0.45,115.0,364.0
1768640037.7720628,53580,0.0,145.15,-0.15,115.0,364.0
1768640037.8143215,53600,0.0,145.15,-0.15,115.0,364.0
1768640037.8265202,53620,0.0,145.16,0.2,115.0,364.0
1768640037.8566213,53640,0.0,145.16,-0.29,115.0,364.0
1768640037.8761442,53660,0.0,145.16,0.23,115.0,364.0
1768640037.9011421,53680,0.0,145.16,-0.11,115.0,364.0
1768640037.9115117,53700,0.0,145.16,0.06,115.0,364.0
1768640037.9153242,53720,0.0,145.17,-0.08,115.0,364.0
1768640037.9390988,53740,0.0,145.17,0.06,115.0,364.0
1768640037.964946,53760,0.0,145.17,-0.04,115.0,364.0
1768640037.9753158,53780,0.0,145.17,-0.08,115.0,364.0
1768640037.9971657,53800,0.0,145.17,0.15,115.0,364.0
1768640038.0463278,53820,0.0,145.17,-0.01,115.0,364.0
1768640038.0796642,53840,0.0,145.18,0.2,115.0,364.0
1768640038.1020954,53860,0.0,145.18,-0.15,115.0,364.0
1768640038.138603,53880,0.0,145.19,-0.01,115.0,364.0
1768640038.1447284,53900,0.0,145.19,0.03,115.0,364.0
1768640038.1529093,53920,0.0,145.19,-0.01,115.0,364.0
1768640038.159438,53940,0.0,145.19,-0.05,115.0,364.0
1768640038.1671333,53960,0.0,145.19,0.09,115.0,364.0
1768640038.1732116,53980,0.0,145.19,-0.08,115.0,364.0
1768640038.1996078,54000,0.0,145.2,-0.15,115.0,364.0
1768640038.2214215,54020,0.0,145.2,0.13,115.0,364.0
1768640038.231871,54040,0.0,145.21,0.03,115.0,364.0
1768640038.26487,54060,0.0,145.2,0.06,115.0,364.0
1768640038.3004487,54080,0.0,145.2,0.06,115.0,364.0
1768640038.305688,54100,0.0,145.2,-0.04,115.0,364.0
1768640038.3287182,54120,0.0,145.21,-0.14,115.0,364.0
1768640038.3565726,54140,0.0,145.22,-0.01,115.0,364.0
1768640038.3715522,54160,0.0,145.23,-0.01,115.0,364.0
1768640038.3835566,54180,0.0,145.22,-0.15,115.0,364.0
1768640038.3938482,54200,0.0,145.22,0.2,115.0,364.0
1768640038.414213,54220,0.0,145.22,-0.15,115.0,364.0
1768640038.4463096,54240,0.0,145.22,-0.01,115.0,364.0
1768640038.4719357,54260,0.0,145.23,-0.08,115.0,364.0
1768640038.485607,54280,0.0,145.23,0.06,115.0,364.0
1768640038.4959648,54300,0.0,145.24,0.06,115.0,364.0
1768640038.535062,54320,0.0,145.23,0.02,115.0,364.0
1768640038.553161,54340,0.0,145.23,-0.08,115.0,364.0
1768640038.581225,54360,0.0,145.24,-0.04,115.0,364.0
1768640038.5879567,54380,0.0,145.24,-0.04,115.0,364.0
1768640038.6082828,54400,0.0,145.25,0.01,115.0,364.0
1768640038.6168077,54420,0.0,145.25,-0.05,115.0,364.0
1768640038.638361,54440,0.0,145.24,0.2,115.0,364.0
1768640038.648162,54460,0.0,145.25,-0.15,115.0,364.0
1768640038.6862073,54480,0.0,145.25,0.03,115.0,364.0
1768640038.713276,54500,0.0,145.26,-0.22,115.0,364.0
1768640038.7174184,54520,0.0,145.26,0.27,115.0,364.0
1768640038.7438488,54540,0.0,145.25,-0.22,115.0,364.0
1768640038.761684,54560,0.0,145.25,0.2,115.0,364.0
1768640038.7882814,54580,0.0,145.26,-0.28,115.0,364.0
1768640038.79412,54600,0.0,145.27,0.06,115.0,364.0
1768640038.8179612,54620,0.0,145.28,0.01,115.0,364.0
1768640038.8260214,54640,0.0,145.27,0.06,115.0,364.0
1768640038.8579853,54660,0.0,145.27,-0.19,115.0,364.0
1768640038.879163,54680,0.0,145.27,-0.08,115.0,364.0
1768640038.9098177,54700,0.0,145.28,0.06,115.0,364.0
1768640038.9183612,54720,0.0,145.28,-0.11,115.0,364.0
1768640038.9437342,54740,0.0,145.28,0.27,115.0,364.0
1768640038.9537914,54760,0.0,145.28,-0.01,115.0,364.0
1768640038.9855692,54780,0.0,145.28,-0.03,115.0,364.0
1768640038.9973469,54800,0.0,145.28,-0.28,115.0,364.0
1768640039.020732,54820,0.0,145.3,-0.07,115.0,364.0
1768640039.0401385,54840,0.0,145.31,-0.08,115.0,364.0
1768640039.0501885,54860,0.0,145.31,-0.01,115.0,364.0
1768640039.0717704,54880,0.0,145.3,-0.01,115.0,364.0
1768640039.1042042,54900,0.0,145.3,-0.15,115.0,364.0
1768640039.1143322,54920,0.0,145.3,0.06,115.0,364.0
1768640039.1461878,54940,0.0,145.31,-0.25,115.0,364.0
1768640039.1536,54960,0.0,145.32,0.27,115.0,364.0
1768640039.2068744,54980,0.0,145.32,-0.01,115.0,364.0
1768640039.2376797,55000,0.0,145.32,0.13,115.0,364.0
1768640039.2489111,55020,0.0,145.31,-0.04,115.0,364.0
1768640039.2535355,55040,0.0,145.32,-0.11,115.0,364.0
1768640039.2657201,55060,0.0,145.32,0.06,115.0,364.0
1768640039.2774973,55080,0.0,145.33,-0.11,115.0,364.0
1768640039.2967396,55100,0.0,145.33,0.13,115.0,364.0
1768640039.3063533,55120,0.0,145.33,-0.33,115.0,364.0
1768640039.3385575,55140,0.0,145.33,0.31,115.0,364.0
1768640039.3851035,55160,0.0,145.33,-0.15,115.0,364.0
1768640039.398685,55180,0.0,145.33,0.06,115.0,364.0
1768640039.4048185,55200,0.0,145.34,-0.08,115.0,364.0
1768640039.4328396,55220,0.0,145.34,0.06,115.0,364.0
1768640039.4464157,55240,0.0,145.34,-0.11,115.0,364.0
1768640039.4748454,55260,0.0,145.35,0.13,115.0,364.0
1768640039.4850187,55280,0.0,145.35,0.01,115.0,364.0
1768640039.4999905,55300,0.0,145.34,0.09,115.0,364.0
1768640039.5205724,55320,0.0,145.34,-0.08,115.0,364.0
1768640039.530851,55340,0.0,145.34,0.06,115.0,364.0
1768640039.553167,55360,0.0,145.35,-0.04,115.0,364.0
1768640039.604781,55380,0.0,145.36,-0.0,115.0,364.0
1768640039.6247098,55400,0.0,145.37,0.48,115.0,364.0
1768640039.653929,55420,0.0,145.37,-0.08,115.0,364.0
1768640039.659582,55440,0.0,145.36,0.27,115.0,364.0
1768640039.6684427,55460,0.0,145.35,-0.15,115.0,364.0
1768640039.6987002,55480,0.0,145.35,0.03,115.0,364.0
1768640039.7117221,55500,0.0,145.36,-0.14,115.0,364.0
1768640039.720764,55520,0.0,145.37,-0.08,115.0,364.0
1768640039.7456472,55540,0.0,145.38,0.06,115.0,364.0
1768640039.7556522,55560,0.0,145.38,-0.08,115.0,364.0
1768640039.7780411,55580,0.0,145.37,0.06,115.0,364.0
1768640039.787505,55600,0.0,145.37,0.06,115.0,364.0
1768640039.849429,55620,0.0,145.37,-0.15,115.0,364.0
1768640039.8536363,55640,0.0,145.38,-0.11,115.0,364.0
1768640039.8707678,55660,0.0,145.39,0.13,115.0,364.0
1768640039.8892925,55680,0.0,145.39,-0.01,115.0,364.0
1768640039.911578,55700,0.0,145.39,0.02,115.0,364.0
1768640039.9314287,55720,0.0,145.38,-0.01,115.0,364.0
1768640039.9401069,55740,0.0,145.38,-0.08,115.0,364.0
1768640039.9481485,55760,0.0,145.39,0.07,115.0,364.0
1768640039.980509,55780,0.0,145.4,-0.18,115.0,364.0
1768640040.0023553,55800,0.0,145.4,0.09,115.0,364.0
1768640040.0125158,55820,0.0,145.4,0.04,115.0,364.0
1768640040.0340078,55840,0.0,145.4,-0.08,115.0,364.0
1768640040.0682874,55860,0.0,145.4,-0.01,115.0,364.0
1768640040.0816345,55880,0.0,145.4,-0.01,115.0,364.0
1768640040.1096454,55900,0.0,145.41,0.06,115.0,364.0
1768640040.113289,55920,0.0,145.41,-0.08,115.0,364.0
1768640040.1523466,55940,0.0,145.41,-0.15,115.0,364.0
1768640040.1652222,55960,0.0,145.41,0.06,115.0,364.0
1768640040.1731524,55980,0.0,145.42,0.06,115.0,364.0
1768640040.195142,56000,0.0,145.42,0.06,115.0,364.0
1768640040.226397,56020,0.0,145.42,-0.01,115.0,364.0
1768640040.2365253,56040,0.0,145.42,0.13,115.0,364.0
1768640040.2908788,56060,0.0,145.42,-0.15,115.0,364.0
1768640040.2994223,56080,0.0,145.43,0.2,115.0,364.0
1768640040.308345,56100,0.0,145.43,-0.13,115.0,364.0
1768640040.3314285,56120,0.0,145.43,-0.04,115.0,364.0
1768640040.3378253,56140,0.0,145.43,-0.01,115.0,364.0
1768640040.370087,56160,0.0,145.43,-0.08,115.0,364.0
1768640040.3858838,56180,0.0,145.44,-0.08,115.0,364.0
1768640040.4009159,56200,0.0,145.44,0.06,115.0,364.0
1768640040.4210308,56220,0.0,145.45,0.06,115.0,364.0
1768640040.428942,56240,0.0,145.44,0.09,115.0,364.0
1768640040.4508297,56260,0.0,145.44,-0.18,115.0,364.0
1768640040.4836032,56280,0.0,145.44,-0.12,115.0,364.0
1768640040.5186253,56300,0.0,145.44,-0.0,115.0,364.0
1768640040.554712,56320,0.0,145.46,-0.03,115.0,364.0
1768640040.5942218,56340,0.0,145.47,-0.08,115.0,364.0
1768640040.6044137,56360,0.0,145.46,0.23,115.0,364.0
1768640040.6147995,56380,0.0,145.45,-0.19,115.0,364.0
1768640040.6305299,56400,0.0,145.44,0.1,115.0,364.0
1768640040.6387393,56420,0.0,145.46,-0.58,115.0,364.0
1768640040.6437287,56440,0.0,145.47,0.17,115.0,364.0
1768640040.6538754,56460,0.0,145.48,-0.18,115.0,364.0
1768640040.6759553,56480,0.0,145.47,0.26,115.0,364.0
1768640040.6857016,56500,0.0,145.47,-0.29,115.0,364.0
1768640040.7424226,56520,0.0,145.47,0.38,115.0,364.0
1768640040.7511964,56540,0.0,145.48,-0.42,115.0,364.0
1768640040.7735598,56560,0.0,145.49,0.17,115.0,364.0
1768640040.7833183,56580,0.0,145.49,-0.01,115.0,364.0
1768640040.8091073,56600,0.0,145.48,0.2,115.0,364.0
1768640040.8219886,56620,0.0,145.48,0.13,115.0,364.0
1768640040.8365486,56640,0.0,145.48,-0.31,115.0,364.0
1768640040.8486369,56660,0.0,145.49,0.1,115.0,364.0
1768640040.8784015,56680,0.0,145.51,-0.39,115.0,364.0
1768640040.9005947,56700,0.0,145.51,0.26,115.0,364.0
1768640040.9107351,56720,0.0,145.5,-0.01,115.0,364.0
1768640040.9450948,56740,0.0,145.49,0.34,115.0,364.0
1768640040.982041,56760,0.0,145.49,-0.35,115.0,364.0
1768640040.9944873,56780,0.0,145.51,0.17,115.0,364.0
1768640041.0204804,56800,0.0,145.52,-0.28,115.0,364.0
1768640041.029952,56820,0.0,145.52,0.09,115.0,364.0
1768640041.045038,56840,0.0,145.51,0.13,115.0,364.0
1768640041.0577796,56860,0.0,145.51,-0.08,115.0,364.0
1768640041.0772562,56880,0.0,145.51,0.24,115.0,364.0
1768640041.0869014,56900,0.0,145.52,-0.5,115.0,364.0
1768640041.1186976,56920,0.0,145.53,0.18,115.0,364.0
1768640041.1598904,56940,0.0,145.53,-0.15,115.0,364.0
1768640041.1696093,56960,0.0,145.52,0.13,115.0,364.0
1768640041.179587,56980,0.0,145.52,-0.15,115.0,364.0
1768640041.2058547,57000,0.0,145.53,0.2,115.0,364.0
1768640041.2198906,57020,0.0,145.54,-0.22,115.0,364.0
1768640041.251565,57040,0.0,145.54,0.2,115.0,364.0
1768640041.2574365,57060,0.0,145.53,-0.22,115.0,364.0
1768640041.2806592,57080,0.0,145.53,0.18,115.0,364.0
1768640041.3013434,57100,0.0,145.53,-0.22,115.0,364.0
1768640041.3113458,57120,0.0,145.54,-0.01,115.0,364.0
1768640041.3336518,57140,0.0,145.55,-0.05,115.0,364.0
1768640041.3796256,57160,0.0,145.55,0.02,115.0,364.0
1768640041.405617,57180,0.0,145.55,-0.01,115.0,364.0
1768640041.4317634,57200,0.0,145.54,-0.01,115.0,364.0
1768640041.4704323,57220,0.0,145.54,0.03,115.0,364.0
1768640041.4783797,57240,0.0,145.55,-0.11,115.0,364.0
1768640041.4885368,57260,0.0,145.56,0.48,115.0,364.0
1768640041.500986,57280,0.0,145.57,0.17,115.0,364.0
1768640041.5075154,57300,0.0,145.56,-0.22,115.0,364.0
1768640041.526302,57320,0.0,145.56,0.3,115.0,364.0
1768640041.5364869,57340,0.0,145.55,-0.53,115.0,364.0
1768640041.5585055,57360,0.0,145.56,0.37,115.0,364.0
1768640041.5683143,57380,0.0,145.57,-0.04,115.0,364.0
1768640041.6075509,57400,0.0,145.58,-0.15,115.0,364.0
1768640041.6364357,57420,0.0,145.57,-0.01,115.0,364.0
1768640041.6417909,57440,0.0,145.57,0.02,115.0,364.0
1768640041.672918,57460,0.0,145.57,-0.12,115.0,364.0
1768640041.6869817,57480,0.0,145.58,0.06,115.0,364.0
1768640041.6966264,57500,0.0,145.58,-0.04,115.0,364.0
1768640041.7201476,57520,0.0,145.58,-0.03,115.0,364.0
1768640041.7287464,57540,0.0,145.58,-0.01,115.0,364.0
1768640041.760795,57560,0.0,145.58,0.03,115.0,364.0
1768640041.7824605,57580,0.0,145.59,-0.15,115.0,364.0
1768640041.811883,57600,0.0,145.59,-0.08,115.0,364.0
1768640041.82337,57620,0.0,145.6,0.38,115.0,364.0
1768640041.827358,57640,0.0,145.59,0.1,115.0,364.0
1768640041.859871,57660,0.0,145.59,0.16,115.0,364.0
1768640041.8899026,57680,0.0,145.59,0.02,115.0,364.0
1768640041.90628,57700,0.0,145.6,-0.45,115.0,364.0
1768640041.9109325,57720,0.0,145.61,0.41,115.0,364.0
1768640041.944163,57740,0.0,145.61,-0.43,115.0,364.0
1768640041.9533978,57760,0.0,145.6,0.33,115.0,364.0
1768640041.9757342,57780,0.0,145.59,-0.32,115.0,364.0
1768640041.9855146,57800,0.0,145.6,-0.14,115.0,364.0
1768640042.045557,57820,0.0,145.61,-0.14,115.0,364.0
1768640042.0572164,57840,0.0,145.62,-0.05,115.0,364.0
1768640042.0793858,57860,0.0,145.62,0.27,115.0,364.0
1768640042.0856566,57880,0.0,145.61,-0.22,115.0,364.0
1768640042.115448,57900,0.0,145.61,0.27,115.0,364.0
1768640042.1249454,57920,0.0,145.62,-0.14,115.0,364.0
1768640042.1361773,57940,0.0,145.63,0.06,115.0,364.0
1768640042.1495261,57960,0.0,145.63,-0.01,115.0,364.0
1768640042.178109,57980,0.0,145.63,0.02,115.0,364.0
1768640042.200459,58000,0.0,145.63,0.11,115.0,364.0
1768640042.2103152,58020,0.0,145.63,-0.11,115.0,364.0
1768640042.232246,58040,0.0,145.63,-0.01,115.0,364.0
1768640042.271945,58060,0.0,145.64,-0.19,115.0,364.0
1768640042.291208,58080,0.0,145.65,0.1,115.0,364.0
1768640042.3180182,58100,0.0,145.64,-0.08,115.0,364.0
1768640042.327667,58120,0.0,145.64,0.23,115.0,364.0
1768640042.3657641,58140,0.0,145.64,-0.11,115.0,364.0
1768640042.368912,58160,0.0,145.65,-0.14,115.0,364.0
1768640042.3707602,58180,0.0,145.66,0.24,115.0,364.0
1768640042.3954887,58200,0.0,145.67,-0.15,115.0,364.0
1768640042.4247198,58220,0.0,145.66,0.15,115.0,364.0
1768640042.434753,58240,0.0,145.65,0.06,115.0,364.0
1768640042.4568284,58260,0.0,145.65,-0.08,115.0,364.0
1768640042.4915066,58280,0.0,145.66,-0.05,115.0,364.0
1768640042.5095885,58300,0.0,145.67,-0.01,115.0,364.0
1768640042.5444124,58320,0.0,145.67,0.06,115.0,364.0
1768640042.579026,58340,0.0,145.66,-0.01,115.0,364.0
1768640042.593708,58360,0.0,145.65,0.23,115.0,364.0
1768640042.6094258,58380,0.0,145.66,-0.29,115.0,364.0
1768640042.62458,58400,0.0,145.67,-0.0,115.0,364.0
1768640042.6254702,58420,0.0,145.68,-0.15,115.0,364.0
1768640042.627153,58440,0.0,145.68,0.08,115.0,364.0
1768640042.6651332,58460,0.0,145.67,0.2,115.0,364.0
1768640042.6754742,58480,0.0,145.66,-0.15,115.0,364.0
1768640042.7071939,58500,0.0,145.67,0.1,115.0,364.0
1768640042.719754,58520,0.0,145.68,-0.21,115.0,364.0
1768640042.7658052,58540,0.0,145.69,0.13,115.0,364.0
1768640042.8014715,58560,0.0,145.69,0.02,115.0,364.0
1768640042.8128536,58580,0.0,145.68,0.12,115.0,364.0
1768640042.8262622,58600,0.0,145.68,-0.01,115.0,364.0
1768640042.8317702,58620,0.0,145.68,-0.04,115.0,364.0
1768640042.8399453,58640,0.0,145.69,-0.35,115.0,364.0
1768640042.8578258,58660,0.0,145.7,0.16,115.0,364.0
1768640042.8677087,58680,0.0,145.7,-0.01,115.0,364.0
1768640042.9236739,58700,0.0,145.7,0.06,115.0,364.0
1768640042.9425166,58720,0.0,145.69,-0.18,115.0,364.0
1768640042.9781568,58740,0.0,145.69,0.06,115.0,364.0
1768640043.0044184,58760,0.0,145.7,-0.21,115.0,364.0
1768640043.0197415,58780,0.0,145.71,0.1,115.0,364.0
1768640043.0232472,58800,0.0,145.71,-0.12,115.0,364.0
1768640043.026716,58820,0.0,145.7,0.27,115.0,364.0
1768640043.0374823,58840,0.0,145.7,-0.12,115.0,364.0
1768640043.0595722,58860,0.0,145.7,0.06,115.0,364.0
1768640043.0821154,58880,0.0,145.71,-0.19,115.0,364.0
1768640043.0922782,58900,0.0,145.72,-0.18,115.0,364.0
1768640043.1407714,58920,0.0,145.72,0.16,115.0,364.0
1768640043.1591048,58940,0.0,145.72,0.09,115.0,364.0
1768640043.193082,58960,0.0,145.71,0.06,115.0,364.0
1768640043.228608,58980,0.0,145.71,-0.04,115.0,364.0
1768640043.2376094,59000,0.0,145.72,0.07,115.0,364.0
1768640043.2492485,59020,0.0,145.73,-0.11,115.0,364.0
1768640043.2646732,59040,0.0,145.73,-0.01,115.0,364.0
1768640043.2742126,59060,0.0,145.73,-0.05,115.0,364.0
1768640043.2750392,59080,0.0,145.73,0.06,115.0,364.0
1768640043.300847,59100,0.0,145.72,-0.15,115.0,364.0
1768640043.3228137,59120,0.0,145.73,-0.08,115.0,364.0
1768640043.3607237,59140,0.0,145.74,-0.01,115.0,364.0
1768640043.369946,59160,0.0,145.75,0.06,115.0,364.0
1768640043.3999443,59180,0.0,145.74,0.06,115.0,364.0
1768640043.4064353,59200,0.0,145.74,0.02,115.0,364.0
1768640043.421195,59220,0.0,145.73,-0.04,115.0,364.0
1768640043.451078,59240,0.0,145.74,0.03,115.0,364.0
1768640043.4576662,59260,0.0,145.75,0.04,115.0,364.0
1768640043.4854789,59280,0.0,145.75,-0.15,115.0,364.0
1768640043.4932227,59300,0.0,145.75,-0.08,115.0,364.0
1768640043.515509,59320,0.0,145.75,-0.03,115.0,364.0
1768640043.5269957,59340,0.0,145.75,0.06,115.0,364.0
1768640043.581829,59360,0.0,145.75,-0.01,115.0,364.0
1768640043.592173,59380,0.0,145.75,0.03,115.0,364.0
1768640043.6189723,59400,0.0,145.75,-0.01,115.0,364.0
1768640043.632537,59420,0.0,145.76,-0.11,115.0,364.0
1768640043.6583033,59440,0.0,145.76,0.13,115.0,364.0
1768640043.6641512,59460,0.0,145.76,-0.08,115.0,364.0
1768640043.670415,59480,0.0,145.76,0.08,115.0,364.0
1768640043.692106,59500,0.0,145.76,-0.01,115.0,364.0
1768640043.7238874,59520,0.0,145.76,-0.11,115.0,364.0
1768640043.7340515,59540,0.0,145.77,-0.15,115.0,364.0
1768640043.768515,59560,0.0,145.77,0.06,115.0,364.0
1768640043.7691212,59580,0.0,145.77,-0.11,115.0,364.0
1768640043.8000414,59600,0.0,145.77,0.2,115.0,364.0
1768640043.8278017,59620,0.0,145.77,-0.04,115.0,364.0
1768640043.8352926,59640,0.0,145.78,0.06,115.0,364.0
1768640043.8705757,59660,0.0,145.78,-0.01,115.0,364.0
1768640043.8848214,59680,0.0,145.78,-0.01,115.0,364.0
1768640043.8962667,59700,0.0,145.78,-0.01,115.0,364.0
1768640043.91691,59720,0.0,145.78,-0.15,115.0,364.0
1768640043.9264941,59740,0.0,145.78,-0.01,115.0,364.0
1768640043.9585826,59760,0.0,145.79,0.03,115.0,364.0
1768640043.996061,59780,0.0,145.79,-0.01,115.0,364.0
1768640044.0035603,59800,0.0,145.79,0.03,115.0,364.0
1768640044.0125008,59820,0.0,145.8,0.03,115.0,364.0
1768640044.0479798,59840,0.0,145.79,-0.01,115.0,364.0
1768640044.0562854,59860,0.0,145.79,0.13,115.0,364.0
1768640044.0869036,59880,0.0,145.8,-0.4,115.0,364.0
1768640044.1007998,59900,0.0,145.8,0.1,115.0,364.0
1768640044.1200132,59920,0.0,145.8,0.45,115.0,364.0
1768640044.1419253,59940,0.0,145.81,-0.53,115.0,364.0
1768640044.151193,59960,0.0,145.81,0.3,115.0,364.0
1768640044.1729126,59980,0.0,145.81,-0.49,115.0,364.0
1768640044.2264552,60000,0.0,145.82,0.41,115.0,364.0
1768640044.233703,60020,0.0,145.82,-0.33,115.0,364.0
1768640044.2431712,60040,0.0,145.82,0.2,115.0,364.0
1768640044.2495415,60060,0.0,145.81,-0.18,115.0,364.0
1768640044.281005,60080,0.0,145.82,0.02,115.0,364.0
1768640044.3054562,60100,0.0,145.83,-0.18,115.0,364.0
1768640044.3238182,60120,0.0,145.84,-0.18,115.0,364.0
1768640044.341275,60140,0.0,145.84,0.2,115.0,364.0
1768640044.3650944,60160,0.0,145.84,-0.12,115.0,364.0
1768640044.3818183,60180,0.0,145.84,0.02,115.0,364.0
1768640044.3921537,60200,0.0,145.83,0.1,115.0,364.0
1768640044.414019,60220,0.0,145.84,-0.25,115.0,364.0
1768640044.4458642,60240,0.0,145.84,0.03,115.0,364.0
1768640044.479593,60260,0.0,145.85,-0.14,115.0,364.0
1768640044.4935207,60280,0.0,145.85,0.13,115.0,364.0
1768640044.4982626,60300,0.0,145.85,-0.15,115.0,364.0
1768640044.5332935,60320,0.0,145.84,0.3,115.0,364.0
1768640044.5501926,60340,0.0,145.84,-0.32,115.0,364.0
1768640044.5703292,60360,0.0,145.85,0.18,115.0,364.0
1768640044.5796967,60380,0.0,145.85,-0.18,115.0,364.0
1768640044.6066885,60400,0.0,145.86,-0.11,115.0,364.0
1768640044.6166885,60420,0.0,145.86,0.31,115.0,364.0
1768640044.638608,60440,0.0,145.87,-0.04,115.0,364.0
1768640044.6482654,60460,0.0,145.86,0.09,115.0,364.0
1768640044.680045,60480,0.0,145.86,-0.18,115.0,364.0
1768640044.7138646,60500,0.0,145.86,0.06,115.0,364.0
1768640044.725444,60520,0.0,145.86,-0.1,115.0,364.0
1768640044.7360406,60540,0.0,145.87,0.1,115.0,364.0
1768640044.769853,60560,0.0,145.87,-0.15,115.0,364.0
1768640044.7801626,60580,0.0,145.87,0.2,115.0,364.0
1768640044.8107133,60600,0.0,145.86,0.06,115.0,364.0
1768640044.8184888,60620,0.0,145.86,-0.26,115.0,364.0
1768640044.847948,60640,0.0,145.87,0.03,115.0,364.0
1768640044.8569927,60660,0.0,145.88,-0.15,115.0,364.0
1768640044.8791385,60680,0.0,145.88,-0.01,115.0,364.0
1768640044.8891072,60700,0.0,145.87,0.06,115.0,364.0
1768640044.9114397,60720,0.0,145.87,-0.08,115.0,364.0
1768640044.9448116,60740,0.0,145.88,0.09,115.0,364.0
1768640044.9537907,60760,0.0,145.88,-0.18,115.0,364.0
1768640044.9811246,60780,0.0,145.88,-0.15,115.0,364.0
1768640044.9878263,60800,0.0,145.88,-0.61,115.0,364.0
1768640045.0317018,60820,0.0,145.89,0.87,115.0,364.0
1768640045.0404763,60840,0.0,145.88,-0.98,115.0,364.0
1768640045.0514922,60860,0.0,145.89,0.29,115.0,364.0
1768640045.0731463,60880,0.0,145.9,0.21,115.0,364.0
1768640045.1035924,60900,0.0,145.91,-0.26,115.0,364.0
1768640045.1156704,60920,0.0,145.91,0.24,115.0,364.0
1768640045.1590948,60940,0.0,145.91,-0.19,115.0,364.0
1768640045.1696928,60960,0.0,145.9,0.24,115.0,364.0
1768640045.1788156,60980,0.0,145.9,-0.01,115.0,364.0
1768640045.2008584,61000,0.0,145.9,0.13,115.0,364.0
1768640045.2188883,61020,0.0,145.9,-0.39,115.0,364.0
1768640045.2487543,61040,0.0,145.91,0.24,115.0,364.0
1768640045.258381,61060,0.0,145.92,-0.14,115.0,364.0
1768640045.2810907,61080,0.0,145.92,-0.12,115.0,364.0
1768640045.292032,61100,0.0,145.92,0.2,115.0,364.0
1768640045.3119435,61120,0.0,145.92,-0.25,115.0,364.0
1768640045.344343,61140,0.0,145.92,0.27,115.0,364.0
1768640045.3772197,61160,0.0,145.92,-0.14,115.0,364.0
1768640045.3899922,61180,0.0,145.92,-0.08,115.0,364.0
1768640045.3999305,61200,0.0,145.93,-0.11,115.0,364.0
1768640045.4240544,61220,0.0,145.94,0.17,115.0,364.0
1768640045.4565108,61240,0.0,145.93,-0.22,115.0,364.0
1768640045.4716475,61260,0.0,145.93,0.34,115.0,364.0
1768640045.4749362,61280,0.0,145.93,-0.01,115.0,364.0
1768640045.5053604,61300,0.0,145.93,-0.11,115.0,364.0
1768640045.5148919,61320,0.0,145.94,-0.04,115.0,364.0
1768640045.5369668,61340,0.0,145.94,-0.08,115.0,364.0
1768640045.546937,61360,0.0,145.94,-0.18,115.0,364.0
1768640045.61648,61380,0.0,145.94,0.17,115.0,364.0
1768640045.6435857,61400,0.0,145.94,-0.15,115.0,364.0
1768640045.649861,61420,0.0,145.94,0.34,115.0,364.0
1768640045.678997,61440,0.0,145.94,-0.22,115.0,364.0
1768640045.692104,61460,0.0,145.94,0.24,115.0,364.0
1768640045.696692,61480,0.0,145.94,-0.29,115.0,364.0
1768640045.7003713,61500,0.0,145.95,0.2,115.0,364.0
1768640045.7111201,61520,0.0,145.95,-0.43,115.0,364.0
1768640045.7392879,61540,0.0,145.96,0.06,115.0,364.0
1768640045.7614195,61560,0.0,145.96,0.29,115.0,364.0
1768640045.7715251,61580,0.0,145.95,-0.6,115.0,364.0
1768640045.7933974,61600,0.0,145.96,0.76,115.0,364.0
1768640045.8355265,61620,0.0,145.95,-0.47,115.0,364.0
1768640045.8380291,61640,0.0,145.96,0.51,115.0,364.0
1768640045.8784573,61660,0.0,145.96,-0.43,115.0,364.0
1768640045.8891451,61680,0.0,145.97,0.41,115.0,364.0
1768640045.9218209,61700,0.0,145.96,-0.33,115.0,364.0
1768640045.9340672,61720,0.0,145.96,0.17,115.0,364.0
1768640045.9373214,61740,0.0,145.97,0.1,115.0,364.0
1768640045.9591618,61760,0.0,145.97,-0.32,115.0,364.0
1768640045.9861863,61780,0.0,145.97,0.27,115.0,364.0
1768640045.9961722,61800,0.0,145.97,-0.08,115.0,364.0
1768640046.0182111,61820,0.0,145.97,0.3,115.0,364.0
1768640046.0280132,61840,0.0,145.97,-0.15,115.0,364.0
1768640046.0742326,61860,0.0,145.98,0.13,115.0,364.0
1768640046.1008096,61880,0.0,145.98,0.06,115.0,364.0
1768640046.1046913,61900,0.0,145.98,0.1,115.0,364.0
1768640046.11871,61920,0.0,145.98,-0.01,115.0,364.0
1768640046.1599257,61940,0.0,145.98,0.34,115.0,364.0
1768640046.1669831,61960,0.0,145.98,-0.29,115.0,364.0
1768640046.1851897,61980,0.0,145.99,0.34,115.0,364.0
1768640046.1888714,62000,0.0,145.99,-0.22,115.0,364.0
1768640046.2202284,62020,0.0,145.99,0.3,115.0,364.0
1768640046.2427137,62040,0.0,145.99,-0.19,115.0,364.0
1768640046.2765722,62060,0.0,145.99,0.1,115.0,364.0
1768640046.2883124,62080,0.0,145.99,0.1,115.0,364.0
1768640046.317753,62100,0.0,146.0,-0.05,115.0,364.0
1768640046.3279786,62120,0.0,145.99,0.06,115.0,364.0
1768640046.3571453,62140,0.0,145.99,-0.08,115.0,364.0
1768640046.3697097,62160,0.0,145.99,0.16,115.0,364.0
1768640046.3818626,62180,0.0,145.99,-0.15,115.0,364.0
1768640046.4035697,62200,0.0,146.0,0.2,115.0,364.0
1768640046.4157252,62220,0.0,146.0,-0.24,115.0,364.0
1768640046.4352956,62240,0.0,146.01,0.13,115.0,364.0
1768640046.4455867,62260,0.0,146.01,-0.15,115.0,364.0
1768640046.4811785,62280,0.0,146.01,0.13,115.0,364.0
1768640046.5129182,62300,0.0,146.0,-0.04,115.0,364.0
1768640046.5574455,62320,0.0,146.01,-0.04,115.0,364.0
1768640046.561455,62340,0.0,146.01,0.13,115.0,364.0
1768640046.5778985,62360,0.0,146.01,-0.18,115.0,364.0
1768640046.5996454,62380,0.0,146.02,0.04,115.0,364.0
1768640046.6242583,62400,0.0,146.02,-0.15,115.0,364.0
1768640046.6343756,62420,0.0,146.02,0.2,115.0,364.0
1768640046.64351,62440,0.0,146.02,-0.08,115.0,364.0
1768640046.6594987,62460,0.0,146.01,-0.01,115.0,364.0
1768640046.6753511,62480,0.0,146.02,-0.0,115.0,364.0
1768640046.696015,62500,0.0,146.03,-0.01,115.0,364.0
1768640046.7239368,62520,0.0,146.03,-0.01,115.0,364.0
1768640046.7340443,62540,0.0,146.03,0.06,115.0,364.0
1768640046.7561805,62560,0.0,146.02,-0.08,115.0,364.0
1768640046.7662802,62580,0.0,146.02,-0.15,115.0,364.0
1768640046.8268497,62600,0.0,146.03,0.18,115.0,364.0
1768640046.8280494,62620,0.0,146.03,-0.18,115.0,364.0
1768640046.8307304,62640,0.0,146.04,0.27,115.0,364.0
1768640046.854495,62660,0.0,146.03,0.37,115.0,364.0
1768640046.8885865,62680,0.0,146.03,0.09,115.0,364.0
1768640046.9069183,62700,0.0,146.02,-0.25,115.0,364.0
1768640046.9355395,62720,0.0,146.03,0.13,115.0,364.0
1768640046.9511328,62740,0.0,146.04,-0.15,115.0,364.0
1768640046.9608212,62760,0.0,146.05,-0.33,115.0,364.0
1768640046.983606,62780,0.0,146.05,0.13,115.0,364.0
1768640046.991193,62800,0.0,146.04,-0.05,115.0,364.0
1768640047.0135992,62820,0.0,146.04,0.06,115.0,364.0
1768640047.0448558,62840,0.0,146.04,-0.05,115.0,364.0
1768640047.0552256,62860,0.0,146.04,0.03,115.0,364.0
1768640047.077106,62880,0.0,146.05,-0.05,115.0,364.0
1768640047.087099,62900,0.0,146.05,-0.18,115.0,364.0
1768640047.1186135,62920,0.0,146.05,0.4,115.0,364.0
1768640047.141419,62940,0.0,146.05,-0.48,115.0,364.0
1768640047.1513684,62960,0.0,146.05,0.76,115.0,364.0
1768640047.1731763,62980,0.0,146.04,-0.43,115.0,364.0
1768640047.207111,63000,0.0,146.05,0.34,115.0,364.0
1768640047.215768,63020,0.0,146.06,-0.6,115.0,364.0
1768640047.2377882,63040,0.0,146.07,0.24,115.0,364.0
1768640047.2473867,63060,0.0,146.07,-0.22,115.0,364.0
1768640047.279377,63080,0.0,146.06,0.26,115.0,364.0
1768640047.305425,63100,0.0,146.05,0.1,115.0,364.0
1768640047.341364,63120,0.0,146.05,-0.32,115.0,364.0
1768640047.3536184,63140,0.0,146.06,0.2,115.0,364.0
1768640047.4097564,63160,0.0,146.07,-0.5,115.0,364.0
1768640047.431453,63180,0.0,146.07,0.52,115.0,364.0
1768640047.4352264,63200,0.0,146.07,-0.11,115.0,364.0
1768640047.450356,63220,0.0,146.07,-0.18,115.0,364.0
1768640047.4647918,63240,0.0,146.08,0.28,115.0,364.0
1768640047.4737782,63260,0.0,146.09,-0.13,115.0,364.0
1768640047.4833386,63280,0.0,146.07,0.02,115.0,364.0
1768640047.4880207,63300,0.0,146.06,0.06,115.0,364.0
1768640047.520045,63320,0.0,146.05,-0.08,115.0,364.0
1768640047.5421972,63340,0.0,146.07,-0.31,115.0,364.0
1768640047.5523362,63360,0.0,146.09,0.56,115.0,364.0
1768640047.5742059,63380,0.0,146.11,-0.57,115.0,364.0
1768640047.6092048,63400,0.0,146.11,0.16,115.0,364.0
1768640047.6164238,63420,0.0,146.08,0.06,115.0,364.0
1768640047.6667151,63440,0.0,146.08,0.23,115.0,364.0
1768640047.667844,63460,0.0,146.08,-0.32,115.0,364.0
1768640047.6810024,63480,0.0,146.1,-0.0,115.0,364.0
1768640047.7021275,63500,0.0,146.1,-0.11,115.0,364.0
1768640047.7142696,63520,0.0,146.11,0.02,115.0,364.0
1768640047.751463,63540,0.0,146.1,-0.23,115.0,364.0
1768640047.7834425,63560,0.0,146.09,0.34,115.0,364.0
1768640047.8153276,63580,0.0,146.09,-0.15,115.0,364.0
1768640047.8300366,63600,0.0,146.09,-0.01,115.0,364.0
1768640047.8418016,63620,0.0,146.1,-0.46,115.0,364.0
1768640047.850224,63640,0.0,146.11,0.09,115.0,364.0
1768640047.870875,63660,0.0,146.11,0.06,115.0,364.0
1768640047.8867033,63680,0.0,146.11,-0.01,115.0,364.0
1768640047.9007573,63700,0.0,146.1,-0.04,115.0,364.0
1768640047.9270072,63720,0.0,146.1,0.06,115.0,364.0
1768640047.9372923,63740,0.0,146.1,-0.25,115.0,364.0
1768640047.9588985,63760,0.0,146.11,0.03,115.0,364.0
1768640047.969111,63780,0.0,146.11,-0.22,115.0,364.0
1768640047.9914336,63800,0.0,146.11,-0.01,115.0,364.0
1768640048.0494478,63820,0.0,146.11,0.31,115.0,364.0
1768640048.085214,63840,0.0,146.11,-0.12,115.0,364.0
1768640048.0932262,63860,0.0,146.11,-0.41,115.0,364.0
1768640048.136662,63880,0.0,146.12,0.41,115.0,364.0
1768640048.1465523,63900,0.0,146.11,-0.26,115.0,364.0
1768640048.2012093,63920,0.0,146.11,-0.26,115.0,364.0
1768640048.223539,63940,0.0,146.11,0.27,115.0,364.0
1768640048.2413762,63960,0.0,146.11,-0.18,115.0,364.0
1768640048.2512307,63980,0.0,146.13,-0.04,115.0,364.0
1768640048.2693896,64000,0.0,146.13,0.06,115.0,364.0
1768640048.2870846,64020,0.0,146.12,0.19,115.0,364.0
1768640048.3029547,64040,0.0,146.11,-0.23,115.0,364.0
1768640048.3077104,64060,0.0,146.11,0.28,115.0,364.0
1768640048.308818,64080,0.0,146.13,0.09,115.0,364.0
1768640048.3099427,64100,0.0,146.14,-0.86,115.0,364.0
1768640048.3118906,64120,0.0,146.14,0.69,115.0,364.0
1768640048.3441262,64140,0.0,146.13,-0.53,115.0,364.0
1768640048.3543127,64160,0.0,146.13,0.36,115.0,364.0
1768640048.3762844,64180,0.0,146.13,-0.67,115.0,364.0
1768640048.3863115,64200,0.0,146.12,1.04,115.0,364.0
1768640048.4586751,64220,0.0,146.13,-0.36,115.0,364.0
1768640048.4825292,64240,0.0,146.13,-0.05,115.0,364.0
1768640048.5302942,64260,0.0,146.13,-0.35,115.0,364.0
1768640048.5569456,64280,0.0,146.15,0.27,115.0,364.0
1768640048.562437,64300,0.0,146.15,-0.47,115.0,364.0
1768640048.5645413,64320,0.0,146.15,0.44,115.0,364.0
1768640048.566429,64340,0.0,146.13,-0.02,115.0,364.0
1768640048.56758,64360,0.0,146.13,0.27,115.0,364.0
1768640048.579387,64380,0.0,146.14,-0.14,115.0,364.0
1768640048.610185,64400,0.0,146.15,-0.25,115.0,364.0
1768640048.6437466,64420,0.0,146.16,0.24,115.0,364.0
1768640048.6449041,64440,0.0,146.16,-0.05,115.0,364.0
1768640048.6643932,64460,0.0,146.15,0.24,115.0,364.0
1768640048.680417,64480,0.0,146.14,-0.18,115.0,364.0
1768640048.6993816,64500,0.0,146.15,-0.04,115.0,364.0
1768640048.7071187,64520,0.0,146.16,-0.21,115.0,364.0
1768640048.7792165,64540,0.0,146.17,0.09,115.0,364.0
1768640048.7929542,64560,0.0,146.16,-0.15,115.0,364.0
1768640048.7940128,64580,0.0,146.16,0.09,115.0,364.0
1768640048.8100474,64600,0.0,146.15,-0.11,115.0,364.0
1768640048.852065,64620,0.0,146.16,0.03,115.0,364.0
1768640048.8602552,64640,0.0,146.17,-0.19,115.0,364.0
1768640048.8880568,64660,0.0,146.16,0.16,115.0,364.0
1768640048.933456,64680,0.0,146.16,0.04,115.0,364.0
1768640048.9381769,64700,0.0,146.17,0.06,115.0,364.0
1768640048.9398947,64720,0.0,146.17,0.03,115.0,364.0
1768640048.9475286,64740,0.0,146.18,-0.15,115.0,364.0
1768640048.9612095,64760,0.0,146.17,-0.12,115.0,364.0
1768640048.988453,64780,0.0,146.17,0.59,115.0,364.0
1768640048.9965942,64800,0.0,146.17,-0.82,115.0,364.0
1768640049.0278177,64820,0.0,146.18,0.45,115.0,364.0
1768640049.0426018,64840,0.0,146.18,-0.01,115.0,364.0
1768640049.0609186,64860,0.0,146.18,0.19,115.0,364.0
1768640049.0818534,64880,0.0,146.17,-0.18,115.0,364.0
1768640049.0986907,64900,0.0,146.17,0.15,115.0,364.0
1768640049.1083114,64920,0.0,146.17,-0.08,115.0,364.0
1768640049.1400037,64940,0.0,146.18,-0.25,115.0,364.0
1768640049.1630144,64960,0.0,146.19,0.06,115.0,364.0
1768640049.1728566,64980,0.0,146.18,-0.22,115.0,364.0
1768640049.2150364,65000,0.0,146.18,0.2,115.0,364.0
1768640049.2539222,65020,0.0,146.18,0.02,115.0,364.0
1768640049.261839,65040,0.0,146.17,-0.15,115.0,364.0
1768640049.2719564,65060,0.0,146.18,0.2,115.0,364.0
1768640049.276818,65080,0.0,146.19,-0.15,115.0,364.0
1768640049.3031387,65100,0.0,146.19,-0.08,115.0,364.0
1768640049.3402312,65120,0.0,146.19,0.11,115.0,364.0
1768640049.3498776,65140,0.0,146.19,-0.01,115.0,364.0
1768640049.3810954,65160,0.0,146.18,0.27,115.0,364.0
1768640049.4261642,65180,0.0,146.19,-0.08,115.0,364.0
1768640049.4469416,65200,0.0,146.19,0.06,115.0,364.0
1768640049.4613495,65220,0.0,146.2,-0.04,115.0,364.0
1768640049.4667516,65240,0.0,146.2,-0.15,115.0,364.0
1768640049.4761097,65260,0.0,146.19,-0.08,115.0,364.0
1768640049.490796,65280,0.0,146.2,0.24,115.0,364.0
1768640049.4968727,65300,0.0,146.2,-0.01,115.0,364.0
1768640049.5168977,65320,0.0,146.2,0.13,115.0,364.0
1768640049.532492,65340,0.0,146.19,-0.22,115.0,364.0
1768640049.557635,65360,0.0,146.2,-0.01,115.0,364.0
1768640049.5798042,65380,0.0,146.2,0.06,115.0,364.0
1768640049.590097,65400,0.0,146.21,-0.18,115.0,364.0
1768640049.6118474,65420,0.0,146.22,0.31,115.0,364.0
1768640049.643535,65440,0.0,146.21,-0.08,115.0,364.0
1768640049.6762595,65460,0.0,146.2,0.13,115.0,364.0
1768640049.6774814,65480,0.0,146.21,-0.18,115.0,364.0
1768640049.6859062,65500,0.0,146.21,-0.01,115.0,364.0
1768640049.7182133,65520,0.0,146.22,-0.01,115.0,364.0
1768640049.7408092,65540,0.0,146.22,0.06,115.0,364.0
1768640049.7500293,65560,0.0,146.21,-0.13,115.0,364.0
1768640049.7863631,65580,0.0,146.21,-0.08,115.0,364.0
1768640049.8259258,65600,0.0,146.22,0.07,115.0,364.0
1768640049.8580077,65620,0.0,146.23,-0.18,115.0,364.0
1768640049.8817415,65640,0.0,146.23,0.16,115.0,364.0
1768640049.8902657,65660,0.0,146.22,-0.01,115.0,364.0
1768640049.8974826,65680,0.0,146.22,-0.08,115.0,364.0
1768640049.9023,65700,0.0,146.22,-0.08,115.0,364.0
1768640049.9110487,65720,0.0,146.23,-0.0,115.0,364.0
1768640049.934463,65740,0.0,146.24,-0.29,115.0,364.0
1768640049.9649396,65760,0.0,146.24,0.27,115.0,364.0
1768640049.9751365,65780,0.0,146.23,-0.11,115.0,364.0
1768640049.9965403,65800,0.0,146.22,0.06,115.0,364.0
1768640050.006433,65820,0.0,146.23,-0.15,115.0,364.0
1768640050.0391457,65840,0.0,146.24,0.38,115.0,364.0
1768640050.067995,65860,0.0,146.25,-0.46,115.0,364.0
1768640050.076965,65880,0.0,146.24,0.37,115.0,364.0
1768640050.1078258,65900,0.0,146.24,-0.15,115.0,364.0
1768640050.128156,65920,0.0,146.24,0.13,115.0,364.0
1768640050.1468797,65940,0.0,146.23,-0.15,115.0,364.0
1768640050.177217,65960,0.0,146.24,0.06,115.0,364.0
1768640050.1888366,65980,0.0,146.25,-0.22,115.0,364.0
1768640050.238408,66000,0.0,146.25,0.13,115.0,364.0
1768640050.245364,66020,0.0,146.25,-0.08,115.0,364.0
1768640050.248454,66040,0.0,146.25,-0.01,115.0,364.0
1768640050.254726,66060,0.0,146.25,0.06,115.0,364.0
1768640050.2862387,66080,0.0,146.24,-0.26,115.0,364.0
1768640050.2963264,66100,0.0,146.24,-0.08,115.0,364.0
1768640050.3184762,66120,0.0,146.25,-0.01,115.0,364.0
1768640050.3297825,66140,0.0,146.26,-0.04,115.0,364.0
1768640050.3594089,66160,0.0,146.26,-0.01,115.0,364.0
1768640050.382218,66180,0.0,146.25,-0.26,115.0,364.0
1768640050.3924084,66200,0.0,146.25,0.55,115.0,364.0
1768640050.414237,66220,0.0,146.25,-0.22,115.0,364.0
1768640050.4457293,66240,0.0,146.25,0.23,115.0,364.0
1768640050.499774,66260,0.0,146.26,-0.15,115.0,364.0
1768640050.5179083,66280,0.0,146.26,0.06,115.0,364.0
1768640050.5268047,66300,0.0,146.26,-0.18,115.0,364.0
1768640050.5732043,66320,0.0,146.26,0.34,115.0,364.0
1768640050.5875351,66340,0.0,146.26,0.03,115.0,364.0
1768640050.6448116,66360,0.0,146.26,-0.08,115.0,364.0
1768640050.6565428,66380,0.0,146.26,-0.01,115.0,364.0
1768640050.674504,66400,0.0,146.26,-0.15,115.0,364.0
1768640050.68368,66420,0.0,146.27,-0.29,115.0,364.0
1768640050.6968532,66440,0.0,146.27,0.13,115.0,364.0
1768640050.7008457,66460,0.0,146.27,0.27,115.0,364.0
1768640050.716724,66480,0.0,146.26,0.09,115.0,364.0
1768640050.7287729,66500,0.0,146.27,0.09,115.0,364.0
1768640050.730191,66520,0.0,146.28,-0.42,115.0,364.0
1768640050.7319977,66540,0.0,146.27,0.02,115.0,364.0
1768640050.7606728,66560,0.0,146.28,0.4,115.0,364.0
1768640050.7831776,66580,0.0,146.27,-0.29,115.0,364.0
1768640050.7932668,66600,0.0,146.28,0.42,115.0,364.0
1768640050.815502,66620,0.0,146.29,-0.6,115.0,364.0
1768640050.8617454,66640,0.0,146.29,0.09,115.0,364.0
1768640050.8882842,66660,0.0,146.29,0.2,115.0,364.0
1768640050.9058473,66680,0.0,146.28,-0.16,115.0,364.0
1768640050.9535453,66700,0.0,146.26,0.26,115.0,364.0
1768640051.007818,66720,0.0,146.26,0.24,115.0,364.0
1768640051.016489,66740,0.0,146.27,-0.67,115.0,364.0
1768640051.0317504,66760,0.0,146.29,0.42,115.0,364.0
1768640051.0493624,66780,0.0,146.31,-0.75,115.0,364.0
1768640051.0528028,66800,0.0,146.29,0.57,115.0,364.0
1768640051.0695913,66820,0.0,146.27,-0.01,115.0,364.0
1768640051.085925,66840,0.0,146.26,0.16,115.0,364.0
1768640051.1005569,66860,0.0,146.26,-0.35,115.0,364.0
1768640051.1082826,66880,0.0,146.29,-0.14,115.0,364.0
1768640051.1131074,66900,0.0,146.3,-0.21,115.0,364.0
1768640051.1147573,66920,0.0,146.3,0.02,115.0,364.0
1768640051.1364896,66940,0.0,146.29,0.09,115.0,364.0
1768640051.1463861,66960,0.0,146.28,0.06,115.0,364.0
1768640051.178483,66980,0.0,146.28,-0.01,115.0,364.0
1768640051.200578,67000,0.0,146.29,-0.43,115.0,364.0
1768640051.2108307,67020,0.0,146.3,0.17,115.0,364.0
1768640051.27184,67040,0.0,146.29,0.06,115.0,364.0
1768640051.287342,67060,0.0,146.29,-0.29,115.0,364.0
1768640051.2889044,67080,0.0,146.29,0.41,115.0,364.0
1768640051.303979,67100,0.0,146.3,0.03,115.0,364.0
1768640051.3401828,67120,0.0,146.3,-0.36,115.0,364.0
1768640051.3550582,67140,0.0,146.31,0.47,115.0,364.0
1768640051.4149878,67160,0.0,146.26,6.74,115.0,364.0
1768640051.4384208,67180,0.0,146.44,-5.61,115.0,364.0
1768640051.4481983,67200,0.0,146.74,4.5,115.0,364.0
1768640051.457508,67220,0.0,146.92,-13.0,115.0,364.0
1768640051.4729595,67240,0.0,147.14,-8.94,115.0,364.0
1768640051.497645,67260,0.0,147.3,-5.08,115.0,364.0
1768640051.5137517,67280,0.0,147.33,-1.64,115.0,364.0
1768640051.5192144,67300,0.0,147.34,2.85,115.0,364.0
1768640051.5209968,67320,0.0,147.32,0.63,115.0,364.0
1768640051.5309734,67340,0.0,147.28,-1.52,115.0,364.0
1768640051.5531287,67360,0.0,147.28,1.44,115.0,364.0
1768640051.5853047,67380,0.0,147.32,-0.98,115.0,364.0
1768640051.5955107,67400,0.0,147.33,-0.28,115.0,364.0
1768640051.66132,67420,0.0,147.36,0.17,115.0,364.0
1768640051.6703036,67440,0.0,147.36,-0.12,115.0,364.0
1768640051.6919234,67460,0.0,147.35,0.09,115.0,364.0
1768640051.7400668,67480,0.0,147.34,0.51,115.0,364.0
1768640051.7667036,67500,0.0,147.33,-0.37,115.0,364.0
1768640051.7768157,67520,0.0,147.33,0.06,115.0,364.0
1768640051.7970886,67540,0.0,147.35,-0.24,115.0,364.0
1768640051.8097763,67560,0.0,147.36,-0.57,115.0,364.0
1768640051.8181376,67580,0.0,147.37,0.41,115.0,364.0
1768640051.8327286,67600,0.0,147.37,-0.05,115.0,364.0
1768640051.8496017,67620,0.0,147.35,0.09,115.0,364.0
1768640051.8559866,67640,0.0,147.35,0.25,115.0,364.0
1768640051.8671143,67660,0.0,147.35,-0.19,115.0,364.0
1768640051.8679962,67680,0.0,147.35,-0.04,115.0,364.0
1768640051.9001517,67700,0.0,147.35,0.07,115.0,364.0
1768640051.9223475,67720,0.0,147.36,-0.36,115.0,364.0
1768640051.9329426,67740,0.0,147.37,0.17,115.0,364.0
1768640051.9543705,67760,0.0,147.38,0.13,115.0,364.0
1768640052.024529,67780,0.0,147.37,0.06,115.0,364.0
1768640052.043488,67800,0.0,147.36,0.45,115.0,364.0
1768640052.0896475,67820,0.0,147.36,-0.5,115.0,364.0
1768640052.1020067,67840,0.0,147.37,0.13,115.0,364.0
1768640052.1031086,67860,0.0,147.38,-0.33,115.0,364.0
1768640052.107394,67880,0.0,147.4,0.1,115.0,364.0
1768640052.1108422,67900,0.0,147.39,0.06,115.0,364.0
1768640052.1149182,67920,0.0,147.38,-0.02,115.0,364.0
1768640052.155994,67940,0.0,147.36,-0.05,115.0,364.0
1768640052.1753833,67960,0.0,147.36,0.34,115.0,364.0
1768640052.1845438,67980,0.0,147.38,-0.07,115.0,364.0
1768640052.2025034,68000,0.0,147.39,-0.36,115.0,364.0
1768640052.2205572,68020,0.0,147.39,0.24,115.0,364.0
1768640052.243445,68040,0.0,147.38,0.16,115.0,364.0
1768640052.252896,68060,0.0,147.38,-0.36,115.0,364.0
1768640052.275527,68080,0.0,147.38,0.04,115.0,364.0
1768640052.2853096,68100,0.0,147.39,0.06,115.0,364.0
1768640052.3170094,68120,0.0,147.39,-0.43,115.0,364.0
1768640052.339585,68140,0.0,147.39,0.48,115.0,364.0
1768640052.3835685,68160,0.0,147.4,-0.33,115.0,364.0
1768640052.3847091,68180,0.0,147.38,-0.12,115.0,364.0
1768640052.403575,68200,0.0,147.38,0.31,115.0,364.0
1768640052.4160326,68220,0.0,147.38,-0.22,115.0,364.0
1768640052.4357715,68240,0.0,147.39,-0.19,115.0,364.0
1768640052.4695604,68260,0.0,147.4,0.24,115.0,364.0
1768640052.4779718,68280,0.0,147.4,-0.15,115.0,364.0
1768640052.5150504,68300,0.0,147.4,0.16,115.0,364.0
1768640052.5415187,68320,0.0,147.39,-0.12,115.0,364.0
1768640052.555462,68340,0.0,147.38,0.68,115.0,364.0
1768640052.568582,68360,0.0,147.37,-0.56,115.0,364.0
1768640052.5779126,68380,0.0,147.39,0.18,115.0,364.0
1768640052.5987346,68400,0.0,147.41,-0.28,115.0,364.0
1768640052.6110108,68420,0.0,147.41,-0.3,115.0,364.0
1768640052.640822,68440,0.0,147.4,0.44,115.0,364.0
1768640052.6604059,68460,0.0,147.38,0.05,115.0,364.0
1768640052.6704042,68480,0.0,147.38,0.09,115.0,364.0
1768640052.691787,68500,0.0,147.38,-0.14,115.0,364.0
1768640052.720024,68520,0.0,147.4,-0.07,115.0,364.0
1768640052.7406895,68540,0.0,147.41,-0.11,115.0,364.0
1768640052.7792308,68560,0.0,147.4,0.12,115.0,364.0
1768640052.7905586,68580,0.0,147.38,0.16,115.0,364.0
1768640052.8063111,68600,0.0,147.39,-0.07,115.0,364.0
1768640052.824535,68620,0.0,147.4,-0.21,115.0,364.0
1768640052.8377178,68640,0.0,147.41,0.34,115.0,364.0
1768640052.875717,68660,0.0,147.41,0.19,115.0,364.0
1768640052.9011078,68680,0.0,147.39,0.0,115.0,364.0
1768640052.927899,68700,0.0,147.38,0.2,115.0,364.0
1768640052.9434,68720,0.0,147.39,0.03,115.0,364.0
1768640052.9620798,68740,0.0,147.4,-0.11,115.0,364.0
1768640052.9702234,68760,0.0,147.41,-0.26,115.0,364.0
1768640052.9776125,68780,0.0,147.4,0.33,115.0,364.0
1768640053.0034742,68800,0.0,147.39,0.12,115.0,364.0
1768640053.017154,68820,0.0,147.37,0.06,115.0,364.0
1768640053.039364,68840,0.0,147.38,-0.28,115.0,364.0
1768640053.0615723,68860,0.0,147.4,-0.35,115.0,364.0
1768640053.0716994,68880,0.0,147.42,0.2,115.0,364.0
1768640053.0929327,68900,0.0,147.41,0.0,115.0,364.0
1768640053.1256223,68920,0.0,147.39,0.19,115.0,364.0
1768640053.1706152,68940,0.0,147.38,0.16,115.0,364.0
1768640053.1717894,68960,0.0,147.38,-0.07,115.0,364.0
1768640053.174137,68980,0.0,147.39,-0.07,115.0,364.0
1768640053.2034538,69000,0.0,147.41,0.03,115.0,364.0
1768640053.2288945,69020,0.0,147.41,0.06,115.0,364.0
1768640053.2605336,69040,0.0,147.4,0.06,115.0,364.0
1768640053.2727182,69060,0.0,147.4,0.08,115.0,364.0
1768640053.3082523,69080,0.0,147.4,-0.08,115.0,364.0
1768640053.309083,69100,0.0,147.4,0.03,115.0,364.0
1768640053.3186903,69120,0.0,147.41,0.06,115.0,364.0
1768640053.3292391,69140,0.0,147.4,-0.01,115.0,364.0
1768640053.3639119,69160,0.0,147.4,-0.15,115.0,364.0
1768640053.3850112,69180,0.0,147.41,0.03,115.0,364.0
1768640053.4010513,69200,0.0,147.42,-0.22,115.0,364.0
1768640053.4139912,69220,0.0,147.42,0.16,115.0,364.0
1768640053.4462435,69240,0.0,147.41,0.05,115.0,364.0
1768640053.4562933,69260,0.0,147.4,-0.01,115.0,364.0
1768640053.477904,69280,0.0,147.4,-0.01,115.0,364.0
1768640053.4880126,69300,0.0,147.41,-0.04,115.0,364.0
1768640053.523743,69320,0.0,147.42,-0.15,115.0,364.0
1768640053.5427938,69340,0.0,147.42,-0.22,115.0,364.0
1768640053.5662935,69360,0.0,147.42,0.27,115.0,364.0
1768640053.574666,69380,0.0,147.41,-0.08,115.0,364.0
1768640053.6080723,69400,0.0,147.4,-0.12,115.0,364.0
1768640053.6453364,69420,0.0,147.4,0.13,115.0,364.0
1768640053.666715,69440,0.0,147.41,-0.21,115.0,364.0
1768640053.7110934,69460,0.0,147.43,-0.04,115.0,364.0
1768640053.735719,69480,0.0,147.43,-0.19,115.0,364.0
1768640053.7455719,69500,0.0,147.42,0.34,115.0,364.0
1768640053.7537124,69520,0.0,147.42,-0.22,115.0,364.0
1768640053.768704,69540,0.0,147.42,-0.05,115.0,364.0
1768640053.7861986,69560,0.0,147.42,0.14,115.0,364.0
1768640053.8034892,69580,0.0,147.42,-0.05,115.0,364.0
1768640053.8046446,69600,0.0,147.42,-0.08,115.0,364.0
1768640053.8095052,69620,0.0,147.42,0.06,115.0,364.0
1768640053.8317132,69640,0.0,147.42,-0.18,115.0,364.0
1768640053.8658037,69660,0.0,147.43,-0.0,115.0,364.0
1768640053.8733668,69680,0.0,147.44,-0.01,115.0,364.0
1768640053.8954186,69700,0.0,147.43,0.19,115.0,364.0
1768640053.9401736,69720,0.0,147.42,0.19,115.0,364.0
1768640053.9413624,69740,0.0,147.41,-0.08,115.0,364.0
1768640053.965752,69760,0.0,147.41,-0.08,115.0,364.0
1768640053.9869027,69780,0.0,147.43,-0.07,115.0,364.0
1768640054.0052166,69800,0.0,147.44,-0.11,115.0,364.0
1768640054.058047,69820,0.0,147.44,0.02,115.0,364.0
1768640054.1060622,69840,0.0,147.43,0.2,115.0,364.0
1768640054.1165574,69860,0.0,147.42,0.02,115.0,364.0
1768640054.1344588,69880,0.0,147.42,-0.1,115.0,364.0
1768640054.1448212,69900,0.0,147.42,-0.22,115.0,364.0
1768640054.1542172,69920,0.0,147.44,0.24,115.0,364.0
1768640054.173848,69940,0.0,147.44,-0.36,115.0,364.0
1768640054.1751797,69960,0.0,147.43,0.34,115.0,364.0
1768640054.1881557,69980,0.0,147.43,-0.11,115.0,364.0
1768640054.2041802,70000,0.0,147.44,1.15,115.0,364.0
1768640054.2194636,70020,0.0,147.45,-0.82,115.0,364.0
1768640054.2262435,70040,0.0,147.41,0.15,115.0,364.0
1768640054.2582178,70060,0.0,147.39,0.62,115.0,364.0
1768640054.2805521,70080,0.0,147.39,-0.71,115.0,364.0
1768640054.2903945,70100,0.0,147.41,0.01,115.0,364.0
1768640054.3159175,70120,0.0,147.44,-0.25,115.0,364.0
1768640054.3448315,70140,0.0,147.44,-0.19,115.0,364.0
1768640054.3543174,70160,0.0,147.43,0.73,115.0,364.0
1768640054.380646,70180,0.0,147.41,0.01,115.0,364.0
1768640054.387338,70200,0.0,147.39,-0.47,115.0,364.0
1768640054.427489,70220,0.0,147.41,0.5,115.0,364.0
1768640054.4361722,70240,0.0,147.42,-0.82,115.0,364.0
1768640054.4576182,70260,0.0,147.42,0.34,115.0,364.0
1768640054.4719524,70280,0.0,147.43,0.66,115.0,364.0
1768640054.5032222,70300,0.0,147.41,-0.96,115.0,364.0
1768640054.5209906,70320,0.0,147.41,0.35,115.0,364.0
1768640054.5328286,70340,0.0,147.43,0.66,115.0,364.0
1768640054.5681314,70360,0.0,147.43,-0.75,115.0,364.0
1768640054.5877776,70380,0.0,147.42,0.27,115.0,364.0
1768640054.5947852,70400,0.0,147.42,0.45,115.0,364.0
1768640054.6170607,70420,0.0,147.42,-0.57,115.0,364.0
1768640054.627014,70440,0.0,147.42,0.06,115.0,364.0
1768640054.6594467,70460,0.0,147.43,-0.25,115.0,364.0
1768640054.681908,70480,0.0,147.42,0.47,115.0,364.0
1768640054.6915746,70500,0.0,147.41,-0.71,115.0,364.0
1768640054.7137284,70520,0.0,147.41,0.62,115.0,364.0
1768640054.7469006,70540,0.0,147.43,-0.56,115.0,364.0
1768640054.7569854,70560,0.0,147.44,0.21,115.0,364.0
1768640054.7922063,70580,0.0,147.45,-0.15,115.0,364.0
1768640054.8101237,70600,0.0,147.43,0.26,115.0,364.0
1768640054.8588014,70620,0.0,147.42,0.37,115.0,364.0
1768640054.8608246,70640,0.0,147.41,-0.54,115.0,364.0
1768640054.8617103,70660,0.0,147.42,0.25,115.0,364.0
1768640054.8768275,70680,0.0,147.45,-0.52,115.0,364.0
1768640054.9293776,70700,0.0,147.45,-0.05,115.0,364.0
1768640054.9429483,70720,0.0,147.44,0.44,115.0,364.0
1768640054.9536014,70740,0.0,147.42,-0.02,115.0,364.0
1768640054.967738,70760,0.0,147.4,0.06,115.0,364.0
1768640054.983922,70780,0.0,147.42,-0.21,115.0,364.0
1768640055.0086381,70800,0.0,147.44,-0.28,115.0,364.0
1768640055.0142934,70820,0.0,147.46,0.06,115.0,364.0
1768640055.0346627,70840,0.0,147.45,-0.02,115.0,364.0
1768640055.0665953,70860,0.0,147.43,0.12,115.0,364.0
1768640055.0764809,70880,0.0,147.41,0.13,115.0,364.0
1768640055.098671,70900,0.0,147.42,-0.21,115.0,364.0
1768640055.1367455,70920,0.0,147.44,-0.18,115.0,364.0
1768640055.1460187,70940,0.0,147.45,-0.08,115.0,364.0
1768640055.173998,70960,0.0,147.45,0.16,115.0,364.0
1768640055.2210863,70980,0.0,147.44,-0.02,115.0,364.0
1768640055.232987,71000,0.0,147.43,0.06,115.0,364.0
1768640055.256005,71020,0.0,147.43,-0.18,115.0,364.0
1768640055.2728443,71040,0.0,147.44,-0.18,115.0,364.0
1768640055.276334,71060,0.0,147.45,-0.01,115.0,364.0
1768640055.2868683,71080,0.0,147.45,0.06,115.0,364.0
1768640055.2968986,71100,0.0,147.44,0.13,115.0,364.0
1768640055.324704,71120,0.0,147.44,-0.15,115.0,364.0
1768640055.3448093,71140,0.0,147.44,-0.1,115.0,364.0
1768640055.3603704,71160,0.0,147.45,0.03,115.0,364.0
1768640055.3654528,71180,0.0,147.45,-0.05,115.0,364.0
1768640055.3975694,71200,0.0,147.44,0.12,115.0,364.0
1768640055.4195542,71220,0.0,147.43,0.13,115.0,364.0
1768640055.4297092,71240,0.0,147.43,0.06,115.0,364.0
1768640055.4515884,71260,0.0,147.44,-0.18,115.0,364.0
1768640055.5008132,71280,0.0,147.45,0.1,115.0,364.0
1768640055.5079806,71300,0.0,147.46,0.06,115.0,364.0
1768640055.5250816,71320,0.0,147.45,-0.23,115.0,364.0
1768640055.5261264,71340,0.0,147.44,0.2,115.0,364.0
1768640055.560693,71360,0.0,147.45,-0.15,115.0,364.0
1768640055.5807528,71380,0.0,147.46,-0.04,115.0,364.0
1768640055.5933247,71400,0.0,147.47,-0.11,115.0,364.0
1768640055.6426778,71420,0.0,147.46,0.01,115.0,364.0
1768640055.6572638,71440,0.0,147.44,0.16,115.0,364.0
1768640055.6682546,71460,0.0,147.44,-0.11,115.0,364.0
1768640055.6731596,71480,0.0,147.45,-0.14,115.0,364.0
1768640055.7006118,71500,0.0,147.46,-0.07,115.0,364.0
1768640055.7244084,71520,0.0,147.47,-0.08,115.0,364.0
1768640055.734682,71540,0.0,147.46,0.09,115.0,364.0
1768640055.7566783,71560,0.0,147.46,-0.01,115.0,364.0
1768640055.7665899,71580,0.0,147.45,0.11,115.0,364.0
1768640055.7987533,71600,0.0,147.46,-0.08,115.0,364.0
1768640055.8208106,71620,0.0,147.46,-0.08,115.0,364.0
1768640055.8709211,71640,0.0,147.47,-0.01,115.0,364.0
1768640055.897085,71660,0.0,147.46,-0.01,115.0,364.0
1768640055.9438343,71680,0.0,147.46,-0.01,115.0,364.0
1768640055.9998538,71700,0.0,147.46,-0.01,115.0,364.0
1768640056.013471,71720,0.0,147.46,-0.11,115.0,364.0
1768640056.0163693,71740,0.0,147.46,0.13,115.0,364.0
1768640056.0278459,71760,0.0,147.46,-0.22,115.0,364.0
1768640056.0373976,71780,0.0,147.46,0.34,115.0,364.0
1768640056.0411172,71800,0.0,147.46,-0.15,115.0,364.0
1768640056.042457,71820,0.0,147.46,-0.08,115.0,364.0
1768640056.047171,71840,0.0,147.47,-0.08,115.0,364.0
1768640056.0619192,71860,0.0,147.48,0.03,115.0,364.0
1768640056.0731716,71880,0.0,147.48,0.84,115.0,364.0
1768640056.0939856,71900,0.0,147.47,-0.2,115.0,364.0
1768640056.1267743,71920,0.0,147.44,0.35,115.0,364.0
1768640056.13552,71940,0.0,147.43,0.38,115.0,364.0
1768640056.1579173,71960,0.0,147.44,-0.39,115.0,364.0
1768640056.1674802,71980,0.0,147.46,0.03,115.0,364.0
1768640056.1997604,72000,0.0,147.47,0.34,115.0,364.0
1768640056.2220109,72020,0.0,147.46,-0.58,115.0,364.0
1768640056.2322173,72040,0.0,147.45,0.69,115.0,364.0
1768640056.2538388,72060,0.0,147.45,0.03,115.0,364.0
1768640056.2968357,72080,0.0,147.45,-0.36,115.0,364.0
1768640056.2986872,72100,0.0,147.45,-0.36,115.0,364.0
1768640056.323075,72120,0.0,147.44,0.52,115.0,364.0
1768640056.33074,72140,0.0,147.45,-0.01,115.0,364.0
1768640056.385155,72160,0.0,147.45,-0.6,115.0,364.0
1768640056.401404,72180,0.0,147.47,0.47,115.0,364.0
1768640056.4564195,72200,0.0,147.48,-0.47,115.0,364.0
1768640056.4712114,72220,0.0,147.46,0.02,115.0,364.0
1768640056.4799232,72240,0.0,147.46,0.41,115.0,364.0
1768640056.497952,72260,0.0,147.44,-0.23,115.0,364.0
1768640056.5209646,72280,0.0,147.44,0.06,115.0,364.0
1768640056.533692,72300,0.0,147.46,0.14,115.0,364.0
1768640056.5387013,72320,0.0,147.47,-0.57,115.0,364.0
1768640056.5398724,72340,0.0,147.47,0.38,115.0,364.0
1768640056.558793,72360,0.0,147.47,0.13,115.0,364.0
1768640056.5687182,72380,0.0,147.46,-0.3,115.0,364.0
1768640056.6007876,72400,0.0,147.45,0.02,115.0,364.0
1768640056.6230004,72420,0.0,147.46,0.06,115.0,364.0
1768640056.6367993,72440,0.0,147.46,0.1,115.0,364.0
1768640056.6548748,72460,0.0,147.47,-0.29,115.0,364.0
1768640056.7009275,72480,0.0,147.46,0.09,115.0,364.0
1768640056.7164268,72500,0.0,147.46,0.62,115.0,364.0
1768640056.721461,72520,0.0,147.46,-0.78,115.0,364.0
1768640056.7346976,72540,0.0,147.47,0.24,115.0,364.0
1768640056.770322,72560,0.0,147.47,-0.01,115.0,364.0
1768640056.7907593,72580,0.0,147.46,0.05,115.0,364.0
1768640056.827122,72600,0.0,147.45,-0.15,115.0,364.0
1768640056.8501391,72620,0.0,147.46,-0.19,115.0,364.0
1768640056.859909,72640,0.0,147.47,-0.46,115.0,364.0
1768640056.8731456,72660,0.0,147.48,0.66,115.0,364.0
1768640056.8927946,72680,0.0,147.48,-0.23,115.0,364.0
1768640056.9104698,72700,0.0,147.46,-0.12,115.0,364.0
1768640056.9119253,72720,0.0,147.45,0.41,115.0,364.0
1768640056.9375567,72740,0.0,147.46,0.11,115.0,364.0
1768640056.9598005,72760,0.0,147.48,-0.71,115.0,364.0
1768640056.9700086,72780,0.0,147.48,-0.22,115.0,364.0
1768640056.9911628,72800,0.0,147.47,0.69,115.0,364.0
1768640057.0421102,72820,0.0,147.47,0.09,115.0,364.0
1768640057.0772123,72840,0.0,147.45,-0.41,115.0,364.0
1768640057.0944471,72860,0.0,147.46,0.39,115.0,364.0
1768640057.1062362,72880,0.0,147.48,-0.57,115.0,364.0
1768640057.1363468,72900,0.0,147.48,-0.22,115.0,364.0
1768640057.150629,72920,0.0,147.48,0.34,115.0,364.0
1768640057.1520162,72940,0.0,147.46,-0.13,115.0,364.0
1768640057.1565704,72960,0.0,147.44,0.2,115.0,364.0
1768640057.2015698,72980,0.0,147.45,-0.0,115.0,364.0
1768640057.2146826,73000,0.0,147.46,-0.25,115.0,364.0
1768640057.2259362,73020,0.0,147.47,-0.04,115.0,364.0
1768640057.232341,73040,0.0,147.48,0.55,115.0,364.0
1768640057.2646239,73060,0.0,147.47,-0.6,115.0,364.0
1768640057.2810698,73080,0.0,147.45,0.02,115.0,364.0
1768640057.2946708,73100,0.0,147.45,0.45,115.0,364.0
1768640057.312938,73120,0.0,147.47,-0.36,115.0,364.0
1768640057.344672,73140,0.0,147.47,-0.25,115.0,364.0
1768640057.3547857,73160,0.0,147.47,0.44,115.0,364.0
1768640057.376989,73180,0.0,147.46,-0.15,115.0,364.0
1768640057.3869758,73200,0.0,147.46,-0.19,115.0,364.0
1768640057.4654515,73220,0.0,147.47,0.37,115.0,364.0
1768640057.4861894,73240,0.0,147.48,-0.5,115.0,364.0
1768640057.4920564,73260,0.0,147.47,0.51,115.0,364.0
1768640057.4976668,73280,0.0,147.46,-0.15,115.0,364.0
1768640057.5088758,73300,0.0,147.45,0.05,115.0,364.0
1768640057.5160272,73320,0.0,147.45,-0.32,115.0,364.0
1768640057.5386891,73340,0.0,147.47,0.31,115.0,364.0
1768640057.5492575,73360,0.0,147.49,-0.56,115.0,364.0
1768640057.5926898,73380,0.0,147.49,0.2,115.0,364.0
1768640057.6070764,73400,0.0,147.48,0.15,115.0,364.0
1768640057.6175203,73420,0.0,147.45,0.16,115.0,364.0
1768640057.6331549,73440,0.0,147.44,-0.08,115.0,364.0
1768640057.668635,73460,0.0,147.46,-0.38,115.0,364.0
1768640057.675311,73480,0.0,147.49,-0.03,115.0,364.0
1768640057.6976142,73500,0.0,147.5,-0.13,115.0,364.0
1768640057.7071924,73520,0.0,147.48,0.23,115.0,364.0
1768640057.7396507,73540,0.0,147.46,0.08,115.0,364.0
1768640057.7612507,73560,0.0,147.45,0.27,115.0,364.0
1768640057.7714486,73580,0.0,147.46,-0.07,115.0,364.0
1768640057.7938342,73600,0.0,147.48,-0.46,115.0,364.0
1768640057.8292646,73620,0.0,147.47,0.44,115.0,364.0
1768640057.846552,73640,0.0,147.47,0.03,115.0,364.0
1768640057.8582077,73660,0.0,147.47,-0.66,115.0,364.0
1768640057.8696496,73680,0.0,147.49,1.09,115.0,364.0
1768640057.9010212,73700,0.0,147.5,0.62,115.0,364.0
1768640057.9393878,73720,0.0,147.46,-0.34,115.0,364.0
1768640057.9528883,73740,0.0,147.42,0.79,115.0,364.0
1768640058.001127,73760,0.0,147.42,-0.26,115.0,364.0
1768640058.0134444,73780,0.0,147.44,-0.83,115.0,364.0
1768640058.0312407,73800,0.0,147.49,0.39,115.0,364.0
1768640058.034767,73820,0.0,147.5,-0.57,115.0,364.0
1768640058.0391521,73840,0.0,147.47,0.57,115.0,364.0
1768640058.0800326,73860,0.0,147.44,0.72,115.0,364.0
1768640058.0850525,73880,0.0,147.43,-1.09,115.0,364.0
1768640058.1014893,73900,0.0,147.45,1.52,115.0,364.0
1768640058.114532,73920,0.0,147.48,-1.41,115.0,364.0
1768640058.1466327,73940,0.0,147.45,0.81,115.0,364.0
1768640058.1568758,73960,0.0,147.44,0.35,115.0,364.0
1768640058.1785011,73980,0.0,147.44,-0.75,115.0,364.0
1768640058.188334,74000,0.0,147.46,0.18,115.0,364.0
1768640058.2206783,74020,0.0,147.49,0.17,115.0,364.0
1768640058.2432263,74040,0.0,147.48,0.22,115.0,364.0
1768640058.253162,74060,0.0,147.44,0.22,115.0,364.0
1768640058.2742016,74080,0.0,147.42,0.23,115.0,364.0
1768640058.3071506,74100,0.0,147.43,-0.74,115.0,364.0
1768640058.3258355,74120,0.0,147.47,0.01,115.0,364.0
1768640058.338862,74140,0.0,147.5,-0.07,115.0,364.0
1768640058.367439,74160,0.0,147.49,0.11,115.0,364.0
1768640058.3736756,74180,0.0,147.45,0.28,115.0,364.0
1768640058.4060707,74200,0.0,147.42,0.27,115.0,364.0
1768640058.429993,74220,0.0,147.43,-0.52,115.0,364.0
1768640058.4458506,74240,0.0,147.47,-0.34,115.0,364.0
1768640058.4587798,74260,0.0,147.5,-0.07,115.0,364.0
1768640058.5068023,74280,0.0,147.49,0.26,115.0,364.0
1768640058.5258002,74300,0.0,147.46,0.12,115.0,364.0
1768640058.5368621,74320,0.0,147.43,-0.06,115.0,364.0
1768640058.5467503,74340,0.0,147.44,-0.1,115.0,364.0
1768640058.5701003,74360,0.0,147.47,-0.28,115.0,364.0
1768640058.5800683,74380,0.0,147.49,0.03,115.0,364.0
1768640058.5975611,74400,0.0,147.49,-0.02,115.0,364.0
1768640058.6056924,74420,0.0,147.47,0.26,115.0,364.0
1768640058.6379113,74440,0.0,147.46,0.06,115.0,364.0
1768640058.6598656,74460,0.0,147.47,-0.11,115.0,364.0
1768640058.6700325,74480,0.0,147.48,-0.03,115.0,364.0
1768640058.6918726,74500,0.0,147.48,0.06,115.0,364.0
1768640058.742853,74520,0.0,147.47,-0.01,115.0,364.0
1768640058.756456,74540,0.0,147.46,0.06,115.0,364.0
1768640058.7725253,74560,0.0,147.47,-0.22,115.0,364.0
1768640058.7731977,74580,0.0,147.48,-0.0,115.0,364.0
1768640058.7996218,74600,0.0,147.49,0.06,115.0,364.0
1768640058.820878,74620,0.0,147.47,-0.02,115.0,364.0
1768640058.832978,74640,0.0,147.46,1.43,115.0,364.0
1768640058.8601933,74660,0.0,147.46,-1.83,115.0,364.0
1768640058.8860075,74680,0.0,147.48,0.63,115.0,364.0
1768640058.9226186,74700,0.0,147.5,0.54,115.0,364.0
1768640058.9342628,74720,0.0,147.49,-0.96,115.0,364.0
1768640058.952629,74740,0.0,147.47,0.71,115.0,364.0
1768640058.9647622,74760,0.0,147.45,0.4,115.0,364.0
1768640058.9805284,74780,0.0,147.45,-0.81,115.0,364.0
1768640058.9933667,74800,0.0,147.48,-0.1,115.0,364.0
1768640059.0130851,74820,0.0,147.51,-0.08,115.0,364.0
1768640059.0448437,74840,0.0,147.5,0.19,115.0,364.0
1768640059.054869,74860,0.0,147.47,0.43,115.0,364.0
1768640059.0772882,74880,0.0,147.45,-0.02,115.0,364.0
1768640059.087014,74900,0.0,147.46,-0.14,115.0,364.0
1768640059.1538508,74920,0.0,147.48,-0.14,115.0,364.0
1768640059.1733813,74940,0.0,147.5,-0.32,115.0,364.0
1768640059.2229488,74960,0.0,147.51,0.19,115.0,364.0
1768640059.271353,74980,0.0,147.49,0.19,115.0,364.0
1768640059.2934992,75000,0.0,147.47,0.13,115.0,364.0
1768640059.3045387,75020,0.0,147.47,-0.04,115.0,364.0
1768640059.3120728,75040,0.0,147.48,-0.14,115.0,364.0
1768640059.3244107,75060,0.0,147.5,-0.22,115.0,364.0
1768640059.3470078,75080,0.0,147.5,0.09,115.0,364.0
1768640059.362131,75100,0.0,147.49,0.09,115.0,364.0
1768640059.368572,75120,0.0,147.48,-0.01,115.0,364.0
1768640059.369771,75140,0.0,147.48,-0.01,115.0,364.0
1768640059.370923,75160,0.0,147.49,-0.15,115.0,364.0
1768640059.3756623,75180,0.0,147.49,-0.01,115.0,364.0
1768640059.39808,75200,0.0,147.49,0.2,115.0,364.0
1768640059.4078453,75220,0.0,147.48,-0.19,115.0,364.0
1768640059.4395025,75240,0.0,147.48,0.03,115.0,364.0
1768640059.4619286,75260,0.0,147.48,-0.0,115.0,364.0
1768640059.4969623,75280,0.0,147.5,-0.08,115.0,364.0
1768640059.5214493,75300,0.0,147.5,0.13,115.0,364.0
1768640059.5321794,75320,0.0,147.49,0.06,115.0,364.0
1768640059.5501168,75340,0.0,147.48,0.06,115.0,364.0
1768640059.5595715,75360,0.0,147.48,-0.01,115.0,364.0
1768640059.6051438,75380,0.0,147.48,-0.01,115.0,364.0
1768640059.6307049,75400,0.0,147.49,-0.08,115.0,364.0
1768640059.6622899,75420,0.0,147.5,0.2,115.0,364.0
1768640059.666065,75440,0.0,147.5,-0.05,115.0,364.0
1768640059.6782901,75460,0.0,147.49,0.09,115.0,364.0
1768640059.7003229,75480,0.0,147.48,0.06,115.0,364.0
1768640059.7068188,75500,0.0,147.48,-0.01,115.0,364.0
1768640059.7189682,75520,0.0,147.48,-0.1,115.0,364.0
1768640059.7330868,75540,0.0,147.49,-0.04,115.0,364.0
1768640059.7678094,75560,0.0,147.5,-0.04,115.0,364.0
1768640059.7825894,75580,0.0,147.5,0.1,115.0,364.0
1768640059.7927928,75600,0.0,147.49,0.13,115.0,364.0
1768640059.814437,75620,0.0,147.49,0.2,115.0,364.0
1768640059.8468695,75640,0.0,147.49,-0.08,115.0,364.0
1768640059.8569298,75660,0.0,147.49,0.03,115.0,364.0
1768640059.8788662,75680,0.0,147.49,-0.04,115.0,364.0
1768640059.888536,75700,0.0,147.5,0.13,115.0,364.0
1768640059.9450014,75720,0.0,147.5,-0.08,115.0,364.0
1768640059.9638474,75740,0.0,147.49,0.06,115.0,364.0
1768640059.9822166,75760,0.0,147.49,0.06,115.0,364.0
1768640059.9882593,75780,0.0,147.49,0.03,115.0,364.0
1768640060.0225067,75800,0.0,147.49,-0.05,115.0,364.0
1768640060.0372455,75820,0.0,147.5,0.06,115.0,364.0
1768640060.0418887,75840,0.0,147.5,-0.22,115.0,364.0
1768640060.090813,75860,0.0,147.5,0.13,115.0,364.0
1768640060.1038516,75880,0.0,147.5,0.09,115.0,364.0
1768640060.1209345,75900,0.0,147.49,-0.01,115.0,364.0
1768640060.1295943,75920,0.0,147.49,0.03,115.0,364.0
1768640060.1471853,75940,0.0,147.5,-0.01,115.0,364.0
1768640060.1634705,75960,0.0,147.5,-0.01,115.0,364.0
1768640060.1781032,75980,0.0,147.51,0.17,115.0,364.0
1768640060.1995528,76000,0.0,147.5,0.09,115.0,364.0
1768640060.209668,76020,0.0,147.5,0.02,115.0,364.0
1768640060.2315767,76040,0.0,147.5,-0.01,115.0,364.0
1768640060.2635915,76060,0.0,147.5,-0.04,115.0,364.0
1768640060.2737396,76080,0.0,147.51,0.1,115.0,364.0
1768640060.3131378,76100,0.0,147.51,0.02,115.0,364.0
1768640060.3177571,76120,0.0,147.51,-0.01,115.0,364.0
1768640060.3421557,76140,0.0,147.5,-0.01,115.0,364.0
1768640060.3871036,76160,0.0,147.5,0.13,115.0,364.0
1768640060.4009364,76180,0.0,147.51,-0.12,115.0,364.0
1768640060.445855,76200,0.0,147.51,-0.01,115.0,364.0
1768640060.469597,76220,0.0,147.51,-0.01,115.0,364.0
1768640060.47328,76240,0.0,147.5,-0.01,115.0,364.0
1768640060.4839256,76260,0.0,147.5,0.02,115.0,364.0
1768640060.4854984,76280,0.0,147.5,-0.11,115.0,364.0
1768640060.5043216,76300,0.0,147.51,-0.15,115.0,364.0
1768640060.51826,76320,0.0,147.52,-0.11,115.0,364.0
1768640060.540359,76340,0.0,147.51,0.06,115.0,364.0
1768640060.5461626,76360,0.0,147.51,0.2,115.0,364.0
1768640060.5783267,76380,0.0,147.5,0.13,115.0,364.0
1768640060.600511,76400,0.0,147.5,-0.13,115.0,364.0
1768640060.6106834,76420,0.0,147.5,-0.08,115.0,364.0
1768640060.6329172,76440,0.0,147.51,-0.0,115.0,364.0
1768640060.6982002,76460,0.0,147.52,-0.08,115.0,364.0
1768640060.714245,76480,0.0,147.53,-0.15,115.0,364.0
1768640060.7577257,76500,0.0,147.52,0.16,115.0,364.0
1768640060.7702296,76520,0.0,147.51,0.2,115.0,364.0
1768640060.816537,76540,0.0,147.51,-0.08,115.0,364.0
1768640060.8347683,76560,0.0,147.51,0.04,115.0,364.0
1768640060.8434565,76580,0.0,147.52,-0.15,115.0,364.0
1768640060.8591087,76600,0.0,147.52,0.03,115.0,364.0
1768640060.880047,76620,0.0,147.52,0.01,115.0,364.0
1768640060.888088,76640,0.0,147.52,0.13,115.0,364.0
1768640060.9014084,76660,0.0,147.51,-0.01,115.0,364.0
1768640060.9023113,76680,0.0,147.51,-0.08,115.0,364.0
1768640060.9036713,76700,0.0,147.52,-0.08,115.0,364.0
1768640060.9213493,76720,0.0,147.52,-0.01,115.0,364.0
1768640060.9316227,76740,0.0,147.52,-0.15,115.0,364.0
1768640060.9532933,76760,0.0,147.52,0.06,115.0,364.0
1768640060.9853942,76780,0.0,147.52,0.04,115.0,364.0
1768640060.9957716,76800,0.0,147.51,0.06,115.0,364.0
1768640061.0449796,76820,0.0,147.52,-0.08,115.0,364.0
1768640061.064935,76840,0.0,147.52,-0.08,115.0,364.0
1768640061.1104505,76860,0.0,147.53,-0.01,115.0,364.0
1768640061.1238666,76880,0.0,147.53,-0.01,115.0,364.0
1768640061.1348338,76900,0.0,147.52,0.02,115.0,364.0
1768640061.1672175,76920,0.0,147.52,-0.08,115.0,364.0
1768640061.1682315,76940,0.0,147.52,-0.01,115.0,364.0
1768640061.1724355,76960,0.0,147.52,-0.01,115.0,364.0
1768640061.1780248,76980,0.0,147.52,0.06,115.0,364.0
1768640061.1890275,77000,0.0,147.52,-0.18,115.0,364.0
1768640061.2201374,77020,0.0,147.52,0.13,115.0,364.0
1768640061.2464375,77040,0.0,147.53,-0.08,115.0,364.0
1768640061.2581255,77060,0.0,147.53,-0.08,115.0,364.0
1768640061.27423,77080,0.0,147.53,0.13,115.0,364.0
1768640061.3057864,77100,0.0,147.53,-0.01,115.0,364.0
1768640061.316171,77120,0.0,147.52,-0.12,115.0,364.0
1768640061.338498,77140,0.0,147.52,-0.08,115.0,364.0
1768640061.3510504,77160,0.0,147.53,0.06,115.0,364.0
1768640061.3948054,77180,0.0,147.53,-0.08,115.0,364.0
1768640061.432635,77200,0.0,147.53,0.06,115.0,364.0
1768640061.433834,77220,0.0,147.53,-0.04,115.0,364.0
1768640061.4463649,77240,0.0,147.52,0.13,115.0,364.0
1768640061.4666357,77260,0.0,147.52,0.37,115.0,364.0
1768640061.503547,77280,0.0,147.52,0.06,115.0,364.0
1768640061.517655,77300,0.0,147.52,-0.04,115.0,364.0
1768640061.5312822,77320,0.0,147.52,-0.15,115.0,364.0
1768640061.5725641,77340,0.0,147.52,0.06,115.0,364.0
1768640061.590951,77360,0.0,147.52,-0.29,115.0,364.0
1768640061.5971127,77380,0.0,147.52,0.27,115.0,364.0
1768640061.6048815,77400,0.0,147.52,-0.22,115.0,364.0
1768640061.6311371,77420,0.0,147.52,-0.08,115.0,364.0
1768640061.640068,77440,0.0,147.53,0.02,115.0,364.0
1768640061.6596727,77460,0.0,147.54,-0.01,115.0,364.0
1768640061.6693377,77480,0.0,147.53,0.02,115.0,364.0
1768640061.6914937,77500,0.0,147.52,0.23,115.0,364.0
1768640061.7232773,77520,0.0,147.51,-0.05,115.0,364.0
1768640061.7333298,77540,0.0,147.51,0.1,115.0,364.0
1768640061.7556815,77560,0.0,147.53,-0.29,115.0,364.0
1768640061.7655394,77580,0.0,147.53,-0.15,115.0,364.0
1768640061.8099093,77600,0.0,147.54,0.45,115.0,364.0
1768640061.8209593,77620,0.0,147.53,-0.86,115.0,364.0
1768640061.8384407,77640,0.0,147.52,1.74,115.0,364.0
1768640061.849161,77660,0.0,147.53,-0.61,115.0,364.0
1768640061.8927586,77680,0.0,147.52,0.36,115.0,364.0
1768640061.9053884,77700,0.0,147.52,-0.08,115.0,364.0
1768640061.9419477,77720,0.0,147.51,0.23,115.0,364.0
1768640061.9663088,77740,0.0,147.51,-0.46,115.0,364.0
1768640061.9681838,77760,0.0,147.51,0.34,115.0,364.0
1768640061.9754875,77780,0.0,147.53,-0.28,115.0,364.0
1768640061.9963474,77800,0.0,147.53,0.02,115.0,364.0
1768640062.015513,77820,0.0,147.53,0.13,115.0,364.0
1768640062.037652,77840,0.0,147.51,-0.3,115.0,364.0
1768640062.0601454,77860,0.0,147.5,0.16,115.0,364.0
1768640062.0704908,77880,0.0,147.51,-0.07,115.0,364.0
1768640062.0921495,77900,0.0,147.53,-0.11,115.0,364.0
1768640062.146965,77920,0.0,147.54,-0.08,115.0,364.0
1768640062.1917074,77940,0.0,147.54,0.19,115.0,364.0
1768640062.2037942,77960,0.0,147.52,0.05,115.0,364.0
1768640062.2332873,77980,0.0,147.51,0.16,115.0,364.0
1768640062.2436056,78000,0.0,147.51,-0.29,115.0,364.0
1768640062.2452025,78020,0.0,147.52,0.07,115.0,364.0
1768640062.2571263,78040,0.0,147.54,-0.05,115.0,364.0
1768640062.260834,78060,0.0,147.54,-0.01,115.0,364.0
1768640062.2939823,78080,0.0,147.52,0.05,115.0,364.0
1768640062.3014355,78100,0.0,147.51,0.01,115.0,364.0
1768640062.3218355,78120,0.0,147.52,-0.15,115.0,364.0
1768640062.3303416,78140,0.0,147.53,-0.0,115.0,364.0
1768640062.3609188,78160,0.0,147.54,-0.05,115.0,364.0
1768640062.3834307,78180,0.0,147.53,-0.08,115.0,364.0
1768640062.391337,78200,0.0,147.52,0.09,115.0,364.0
1768640062.4130094,78220,0.0,147.52,0.03,115.0,364.0
1768640062.4453547,78240,0.0,147.53,-0.04,115.0,364.0
1768640062.4556057,78260,0.0,147.54,-0.22,115.0,364.0
1768640062.4776797,78280,0.0,147.53,0.06,115.0,364.0
1768640062.5296493,78300,0.0,147.53,0.06,115.0,364.0
1768640062.5340219,78320,0.0,147.52,-0.08,115.0,364.0
1768640062.5550332,78340,0.0,147.52,0.17,115.0,364.0
1768640062.5667503,78360,0.0,147.53,-0.29,115.0,364.0
1768640062.6106672,78380,0.0,147.54,0.06,115.0,364.0
1768640062.6571348,78400,0.0,147.54,-0.01,115.0,364.0
1768640062.6749005,78420,0.0,147.53,0.09,115.0,364.0
1768640062.6760595,78440,0.0,147.52,-0.15,115.0,364.0
1768640062.6882048,78460,0.0,147.53,0.06,115.0,364.0
1768640062.7005422,78480,0.0,147.53,-0.19,115.0,364.0
1768640062.7046397,78500,0.0,147.54,0.06,115.0,364.0
1768640062.7239444,78520,0.0,147.53,0.2,115.0,364.0
1768640062.7421687,78540,0.0,147.53,-0.01,115.0,364.0
1768640062.7660007,78560,0.0,147.52,-0.01,115.0,364.0
1768640062.7762387,78580,0.0,147.53,-0.01,115.0,364.0
1768640062.79861,78600,0.0,147.54,-0.15,115.0,364.0
1768640062.8085265,78620,0.0,147.54,0.1,115.0,364.0
1768640062.8402612,78640,0.0,147.54,0.23,115.0,364.0
1768640062.8968103,78660,0.0,147.52,-0.12,115.0,364.0
1768640062.9160094,78680,0.0,147.52,0.06,115.0,364.0
1768640062.9338005,78700,0.0,147.53,-0.28,115.0,364.0
1768640062.969713,78720,0.0,147.55,0.06,115.0,364.0
1768640062.9937084,78740,0.0,147.54,0.3,115.0,364.0
1768640063.0287158,78760,0.0,147.53,-0.09,115.0,364.0
1768640063.0514216,78780,0.0,147.52,0.17,115.0,364.0
1768640063.0603883,78800,0.0,147.53,-0.21,115.0,364.0
1768640063.0708444,78820,0.0,147.54,-0.14,115.0,364.0
1768640063.093126,78840,0.0,147.55,0.03,115.0,364.0
1768640063.1137156,78860,0.0,147.55,-0.01,115.0,364.0
1768640063.1148837,78880,0.0,147.54,0.09,115.0,364.0
1768640063.1219468,78900,0.0,147.52,0.16,115.0,364.0
1768640063.127865,78920,0.0,147.52,-0.24,115.0,364.0
1768640063.1354961,78940,0.0,147.54,0.07,115.0,364.0
1768640063.1611736,78960,0.0,147.55,-0.18,115.0,364.0
1768640063.1833014,78980,0.0,147.55,0.2,115.0,364.0
1768640063.1934605,79000,0.0,147.54,0.09,115.0,364.0
1768640063.2153897,79020,0.0,147.53,0.1,115.0,364.0
1768640063.2254047,79040,0.0,147.54,-0.07,115.0,364.0
1768640063.2766447,79060,0.0,147.55,-0.11,115.0,364.0
1768640063.2818086,79080,0.0,147.55,0.2,115.0,364.0
1768640063.290115,79100,0.0,147.54,0.05,115.0,364.0
1768640063.3117502,79120,0.0,147.53,-0.22,115.0,364.0
1768640063.3485103,79140,0.0,147.53,-0.07,115.0,364.0
1768640063.3664687,79160,0.0,147.56,-0.1,115.0,364.0
1768640063.3769436,79180,0.0,147.57,0.03,115.0,364.0
1768640063.3889222,79200,0.0,147.56,0.02,115.0,364.0
1768640063.4177086,79220,0.0,147.53,0.08,115.0,364.0
1768640063.4413242,79240,0.0,147.5,0.23,115.0,364.0
1768640063.4505348,79260,0.0,147.52,0.25,115.0,364.0
1768640063.472229,79280,0.0,147.55,-0.59,115.0,364.0
1768640063.505749,79300,0.0,147.58,0.02,115.0,364.0
1768640063.523548,79320,0.0,147.58,-0.44,115.0,364.0
1768640063.5305798,79340,0.0,147.55,1.13,115.0,364.0
1768640063.5521202,79360,0.0,147.53,-0.16,115.0,364.0
1768640063.5843081,79380,0.0,147.52,0.13,115.0,364.0
1768640063.5943239,79400,0.0,147.54,-0.38,115.0,364.0
1768640063.6256566,79420,0.0,147.57,-0.08,115.0,364.0
1768640063.6573493,79440,0.0,147.57,0.09,115.0,364.0
1768640063.6674352,79460,0.0,147.54,0.22,115.0,364.0
1768640063.6827233,79480,0.0,147.51,-0.02,115.0,364.0
1768640063.706135,79500,0.0,147.52,-0.03,115.0,364.0
1768640063.725222,79520,0.0,147.56,-0.72,115.0,364.0
1768640063.750513,79540,0.0,147.58,0.8,115.0,364.0
1768640063.7562807,79560,0.0,147.58,-0.54,115.0,364.0
1768640063.7848353,79580,0.0,147.55,0.94,115.0,364.0
1768640063.8034208,79600,0.0,147.51,-0.61,115.0,364.0
1768640063.8203197,79620,0.0,147.52,0.7,115.0,364.0
1768640063.842811,79640,0.0,147.54,-0.84,115.0,364.0
1768640063.853867,79660,0.0,147.56,0.38,115.0,364.0
1768640063.8776062,79680,0.0,147.56,0.02,115.0,364.0
1768640063.9048347,79700,0.0,147.54,0.33,115.0,364.0
1768640063.921451,79720,0.0,147.53,-0.35,115.0,364.0
1768640063.931467,79740,0.0,147.55,-0.03,115.0,364.0
1768640063.953089,79760,0.0,147.56,-0.04,115.0,364.0
1768640063.9959605,79780,0.0,147.56,0.26,115.0,364.0
1768640064.0341313,79800,0.0,147.54,0.12,115.0,364.0
1768640064.04891,79820,0.0,147.52,-0.22,115.0,364.0
1768640064.101408,79840,0.0,147.53,-0.07,115.0,364.0
1768640064.1155539,79860,0.0,147.56,-0.14,115.0,364.0
1768640064.1545181,79880,0.0,147.57,0.03,115.0,364.0
1768640064.1779828,79900,0.0,147.56,0.05,115.0,364.0
1768640064.1837358,79920,0.0,147.54,0.15,115.0,364.0
1768640064.1918144,79940,0.0,147.52,-0.04,115.0,364.0
1768640064.192708,79960,0.0,147.54,-0.35,115.0,364.0
1768640064.1970236,79980,0.0,147.56,0.04,115.0,364.0
1768640064.2044444,80000,0.0,147.58,-0.08,115.0,364.0
1768640064.2308571,80020,0.0,147.57,0.19,115.0,364.0
1768640064.2416484,80040,0.0,147.55,-0.02,115.0,364.0
1768640064.2518265,80060,0.0,147.54,-0.01,115.0,364.0
1768640064.2743826,80080,0.0,147.55,-0.14,115.0,364.0
1768640064.3062139,80100,0.0,147.57,-0.0,115.0,364.0
1768640064.316319,80120,0.0,147.57,-0.01,115.0,364.0
1768640064.338753,80140,0.0,147.56,0.12,115.0,364.0
1768640064.391624,80160,0.0,147.55,0.02,115.0,364.0
1768640064.4004662,80180,0.0,147.55,-0.17,115.0,364.0
1768640064.4276202,80200,0.0,147.56,-0.0,115.0,364.0
1768640064.4382122,80220,0.0,147.57,-0.08,115.0,364.0
1768640064.4504974,80240,0.0,147.57,0.26,115.0,364.0
1768640064.4746726,80260,0.0,147.55,-0.05,115.0,364.0
1768640064.4779766,80280,0.0,147.54,0.41,115.0,364.0
1768640064.5278301,80300,0.0,147.56,-0.8,115.0,364.0
1768640064.536425,80320,0.0,147.58,0.17,115.0,364.0
1768640064.5572543,80340,0.0,147.59,0.08,115.0,364.0
1768640064.5704188,80360,0.0,147.57,0.4,115.0,364.0
1768640064.583364,80380,0.0,147.54,-0.06,115.0,364.0
1768640064.5958707,80400,0.0,147.53,0.2,115.0,364.0
1768640064.6303823,80420,0.0,147.55,-0.17,115.0,364.0
1768640064.637058,80440,0.0,147.58,-0.49,115.0,364.0
1768640064.6593971,80460,0.0,147.6,0.17,115.0,364.0
1768640064.6694424,80480,0.0,147.58,0.08,115.0,364.0
1768640064.6910605,80500,0.0,147.55,0.15,115.0,364.0
1768640064.7232318,80520,0.0,147.54,0.06,115.0,364.0
1768640064.7637167,80540,0.0,147.55,-0.17,115.0,364.0
1768640064.782103,80560,0.0,147.58,-0.26,115.0,364.0
1768640064.7996526,80580,0.0,147.59,0.06,115.0,364.0
1768640064.836095,80600,0.0,147.59,0.05,115.0,364.0
1768640064.839464,80620,0.0,147.57,0.19,115.0,364.0
1768640064.8406153,80640,0.0,147.56,-0.15,115.0,364.0
1768640064.8517458,80660,0.0,147.57,-0.28,115.0,364.0
1768640064.902522,80680,0.0,147.59,0.28,115.0,364.0
1768640064.9141824,80700,0.0,147.59,-0.58,115.0,364.0
1768640064.919322,80720,0.0,147.56,0.01,115.0,364.0
1768640064.9279168,80740,0.0,147.55,0.48,115.0,364.0
1768640064.9647422,80760,0.0,147.57,-0.35,115.0,364.0
1768640064.9811375,80780,0.0,147.59,-0.44,115.0,364.0
1768640064.9909155,80800,0.0,147.61,0.59,115.0,364.0
1768640065.015244,80820,0.0,147.6,-0.51,115.0,364.0
1768640065.0442865,80840,0.0,147.57,0.47,115.0,364.0
1768640065.0544016,80860,0.0,147.56,0.02,115.0,364.0
1768640065.0759323,80880,0.0,147.56,-0.43,115.0,364.0
1768640065.0858178,80900,0.0,147.58,0.29,115.0,364.0
1768640065.1183603,80920,0.0,147.6,-0.43,115.0,364.0
1768640065.1674445,80940,0.0,147.6,-0.02,115.0,364.0
1768640065.1762502,80960,0.0,147.59,0.9,115.0,364.0
1768640065.1878984,80980,0.0,147.58,0.16,115.0,364.0
1768640065.218077,81000,0.0,147.56,-0.2,115.0,364.0
1768640065.2468004,81020,0.0,147.57,0.49,115.0,364.0
1768640065.2494657,81040,0.0,147.57,-0.57,115.0,364.0
1768640065.262155,81060,0.0,147.57,0.38,115.0,364.0
1768640065.3218482,81080,0.0,147.59,0.03,115.0,364.0
1768640065.3284693,81100,0.0,147.58,-0.3,115.0,364.0
1768640065.332806,81120,0.0,147.57,0.45,115.0,364.0
1768640065.338052,81140,0.0,147.58,-0.08,115.0,364.0
1768640065.3657575,81160,0.0,147.57,-0.08,115.0,364.0
1768640065.3811905,81180,0.0,147.58,0.34,115.0,364.0
1768640065.3965268,81200,0.0,147.58,-0.5,115.0,364.0
1768640065.4065394,81220,0.0,147.58,0.42,115.0,364.0
1768640065.4391336,81240,0.0,147.59,0.17,115.0,364.0
1768640065.461199,81260,0.0,147.59,-0.23,115.0,364.0
1768640065.4713633,81280,0.0,147.57,0.23,115.0,364.0
1768640065.5252945,81300,0.0,147.56,0.16,115.0,364.0
1768640065.5309446,81320,0.0,147.57,-0.29,115.0,364.0
1768640065.5363934,81340,0.0,147.58,-0.07,115.0,364.0
1768640065.5796409,81360,0.0,147.6,-0.15,115.0,364.0
1768640065.5807908,81380,0.0,147.6,-0.08,115.0,364.0
1768640065.6035888,81400,0.0,147.59,0.26,115.0,364.0
1768640065.62663,81420,0.0,147.57,-0.12,115.0,364.0
1768640065.6841984,81440,0.0,147.57,-0.03,115.0,364.0
1768640065.6928477,81460,0.0,147.58,0.07,115.0,364.0
1768640065.69775,81480,0.0,147.59,-0.15,115.0,364.0
1768640065.7064378,81500,0.0,147.6,0.16,115.0,364.0
1768640065.7198207,81520,0.0,147.59,-0.08,115.0,364.0
1768640065.7426236,81540,0.0,147.59,0.09,115.0,364.0
1768640065.760038,81560,0.0,147.58,-0.12,115.0,364.0
1768640065.7823813,81580,0.0,147.58,-0.18,115.0,364.0
1768640065.7924662,81600,0.0,147.59,0.16,115.0,364.0
1768640065.8143132,81620,0.0,147.59,-0.15,115.0,364.0
1768640065.8462133,81640,0.0,147.59,0.06,115.0,364.0
1768640065.8566337,81660,0.0,147.59,-0.01,115.0,364.0
1768640065.8797724,81680,0.0,147.58,-0.15,115.0,364.0
1768640065.9042134,81700,0.0,147.59,-0.11,115.0,364.0
1768640065.9234123,81720,0.0,147.6,-0.01,115.0,364.0
1768640065.9760103,81740,0.0,147.6,0.09,115.0,364.0
1768640066.0327053,81760,0.0,147.59,-0.12,115.0,364.0
1768640066.060072,81780,0.0,147.58,0.13,115.0,364.0
1768640066.0670857,81800,0.0,147.59,-0.01,115.0,364.0
1768640066.0786312,81820,0.0,147.6,-0.17,115.0,364.0
1768640066.0953803,81840,0.0,147.6,-0.08,115.0,364.0
1768640066.115174,81860,0.0,147.6,0.3,115.0,364.0
1768640066.121394,81880,0.0,147.59,-0.64,115.0,364.0
1768640066.1301196,81900,0.0,147.58,0.76,115.0,364.0
1768640066.1363254,81920,0.0,147.6,-0.74,115.0,364.0
1768640066.1370087,81940,0.0,147.61,0.24,115.0,364.0
1768640066.1669874,81960,0.0,147.61,0.06,115.0,364.0
1768640066.177351,81980,0.0,147.6,-0.09,115.0,364.0
1768640066.1995933,82000,0.0,147.58,0.27,115.0,364.0
1768640066.2095642,82020,0.0,147.58,-0.04,115.0,364.0
1768640066.275322,82040,0.0,147.59,-0.28,115.0,364.0
1768640066.299846,82060,0.0,147.61,0.14,115.0,364.0
1768640066.3113885,82080,0.0,147.62,-0.26,115.0,364.0
1768640066.3562467,82100,0.0,147.61,0.19,115.0,364.0
1768640066.393756,82120,0.0,147.59,0.09,115.0,364.0
1768640066.4080694,82140,0.0,147.59,0.02,115.0,364.0
1768640066.4330485,82160,0.0,147.59,-0.28,115.0,364.0
1768640066.4340403,82180,0.0,147.61,0.03,115.0,364.0
1768640066.4444015,82200,0.0,147.62,-0.08,115.0,364.0
1768640066.4584496,82220,0.0,147.61,0.06,115.0,364.0
1768640066.474237,82240,0.0,147.6,0.06,115.0,364.0
1768640066.4880269,82260,0.0,147.6,0.13,115.0,364.0
1768640066.4932745,82280,0.0,147.61,-0.35,115.0,364.0
1768640066.4974332,82300,0.0,147.61,-0.01,115.0,364.0
1768640066.5201106,82320,0.0,147.62,0.06,115.0,364.0
1768640066.529915,82340,0.0,147.61,0.06,115.0,364.0
1768640066.5520246,82360,0.0,147.61,-0.11,115.0,364.0
1768640066.5840757,82380,0.0,147.61,-0.14,115.0,364.0
1768640066.6120353,82400,0.0,147.62,0.1,115.0,364.0
1768640066.6348436,82420,0.0,147.63,0.04,115.0,364.0
1768640066.6385043,82440,0.0,147.62,0.05,115.0,364.0
1768640066.6610923,82460,0.0,147.6,0.12,115.0,364.0
1768640066.6855605,82480,0.0,147.6,0.01,115.0,364.0
1768640066.713973,82500,0.0,147.61,-0.14,115.0,364.0
1768640066.7604055,82520,0.0,147.62,-0.07,115.0,364.0
1768640066.7803223,82540,0.0,147.63,0.06,115.0,364.0
1768640066.790905,82560,0.0,147.62,0.02,115.0,364.0
1768640066.7960553,82580,0.0,147.61,0.2,115.0,364.0
1768640066.8020694,82600,0.0,147.61,-0.12,115.0,364.0
1768640066.8311307,82620,0.0,147.61,0.28,115.0,364.0
1768640066.8449364,82640,0.0,147.62,-0.57,115.0,364.0
1768640066.8576746,82660,0.0,147.63,0.56,115.0,364.0
1768640066.8728175,82680,0.0,147.63,-0.36,115.0,364.0
1768640066.9049747,82700,0.0,147.62,0.62,115.0,364.0
1768640066.9151683,82720,0.0,147.62,-0.22,115.0,364.0
1768640066.9364922,82740,0.0,147.61,0.3,115.0,364.0
1768640066.953047,82760,0.0,147.61,-0.18,115.0,364.0
1768640067.0261402,82780,0.0,147.61,0.03,115.0,364.0
1768640067.0768514,82800,0.0,147.62,-0.15,115.0,364.0
1768640067.117957,82820,0.0,147.63,0.03,115.0,364.0
1768640067.1650658,82840,0.0,147.63,-0.05,115.0,364.0
1768640067.174193,82860,0.0,147.62,0.22,115.0,364.0
1768640067.1891208,82880,0.0,147.61,-0.08,115.0,364.0
1768640067.218099,82900,0.0,147.61,0.06,115.0,364.0
1768640067.2231271,82920,0.0,147.62,-0.04,115.0,364.0
1768640067.2244012,82940,0.0,147.62,-0.11,115.0,364.0
1768640067.2256703,82960,0.0,147.63,-0.01,115.0,364.0
1768640067.22682,82980,0.0,147.63,-0.01,115.0,364.0
1768640067.2278852,83000,0.0,147.62,0.23,115.0,364.0
1768640067.228984,83020,0.0,147.62,-0.01,115.0,364.0
1768640067.2414453,83040,0.0,147.61,-0.01,115.0,364.0
1768640067.2517715,83060,0.0,147.62,-0.01,115.0,364.0
1768640067.2741778,83080,0.0,147.63,-0.1,115.0,364.0
1768640067.3060527,83100,0.0,147.63,-0.01,115.0,364.0
1768640067.316081,83120,0.0,147.63,-0.05,115.0,364.0
1768640067.3670008,83140,0.0,147.63,0.06,115.0,364.0
1768640067.394683,83160,0.0,147.62,-0.15,115.0,364.0
1768640067.4448285,83180,0.0,147.62,-0.01,115.0,364.0
1768640067.4974022,83200,0.0,147.63,-0.04,115.0,364.0
1768640067.5187116,83220,0.0,147.63,0.06,115.0,364.0
1768640067.5289636,83240,0.0,147.63,0.06,115.0,364.0
1768640067.5357306,83260,0.0,147.63,0.13,115.0,364.0
1768640067.5385325,83280,0.0,147.63,-0.05,115.0,364.0
1768640067.5406463,83300,0.0,147.63,0.13,115.0,364.0
1768640067.5464222,83320,0.0,147.63,-0.15,115.0,364.0
1768640067.558482,83340,0.0,147.63,-0.08,115.0,364.0
1768640067.559248,83360,0.0,147.63,-0.01,115.0,364.0
1768640067.580042,83380,0.0,147.63,0.16,115.0,364.0
1768640067.5894477,83400,0.0,147.63,-0.18,115.0,364.0
1768640067.6208107,83420,0.0,147.63,0.24,115.0,364.0
1768640067.6430755,83440,0.0,147.63,-0.11,115.0,364.0
1768640067.65313,83460,0.0,147.64,-0.22,115.0,364.0
1768640067.6749613,83480,0.0,147.64,0.24,115.0,364.0
1768640067.7070522,83500,0.0,147.64,-0.01,115.0,364.0
1768640067.7467349,83520,0.0,147.63,-0.08,115.0,364.0
1768640067.7592883,83540,0.0,147.63,0.38,115.0,364.0
1768640067.7841442,83560,0.0,147.63,-0.25,115.0,364.0
1768640067.7867382,83580,0.0,147.64,0.34,115.0,364.0
1768640067.8238902,83600,0.0,147.64,-0.08,115.0,364.0
1768640067.8364155,83620,0.0,147.63,0.06,115.0,364.0
1768640067.885175,83640,0.0,147.63,0.16,115.0,364.0
1768640067.9057927,83660,0.0,147.62,-0.29,115.0,364.0
1768640067.9147286,83680,0.0,147.62,-0.03,115.0,364.0
1768640067.9204676,83700,0.0,147.63,-0.15,115.0,364.0
1768640067.9257972,83720,0.0,147.64,-0.08,115.0,364.0
1768640067.9380682,83740,0.0,147.64,0.2,115.0,364.0
1768640067.967125,83760,0.0,147.63,0.05,115.0,364.0
1768640067.973976,83780,0.0,147.62,0.09,115.0,364.0
1768640067.9954405,83800,0.0,147.62,-0.25,115.0,364.0
1768640068.0051787,83820,0.0,147.63,0.28,115.0,364.0
1768640068.0379486,83840,0.0,147.64,-0.35,115.0,364.0
1768640068.0602,83860,0.0,147.64,-0.08,115.0,364.0
1768640068.0699964,83880,0.0,147.64,0.37,115.0,364.0
1768640068.0917284,83900,0.0,147.63,0.1,115.0,364.0
1768640068.1318426,83920,0.0,147.62,-0.29,115.0,364.0
1768640068.1452415,83940,0.0,147.62,0.21,115.0,364.0
1768640068.1630762,83960,0.0,147.64,-0.43,115.0,364.0
1768640068.2076862,83980,0.0,147.64,-0.04,115.0,364.0
1768640068.23457,84000,0.0,147.64,0.3,115.0,364.0
1768640068.291275,84020,0.0,147.63,-0.16,115.0,364.0
1768640068.3001683,84040,0.0,147.62,0.27,115.0,364.0
1768640068.3079605,84060,0.0,147.63,-0.22,115.0,364.0
1768640068.3222318,84080,0.0,147.63,-0.15,115.0,364.0
1768640068.3371515,84100,0.0,147.64,0.2,115.0,364.0
1768640068.3483038,84120,0.0,147.64,-0.25,115.0,364.0
1768640068.3610911,84140,0.0,147.64,-0.01,115.0,364.0
1768640068.3630729,84160,0.0,147.64,-0.08,115.0,364.0
1768640068.38055,84180,0.0,147.64,-0.08,115.0,364.0
1768640068.3906605,84200,0.0,147.64,-0.04,115.0,364.0
1768640068.4132514,84220,0.0,147.64,-0.01,115.0,364.0
1768640068.444823,84240,0.0,147.64,-0.01,115.0,364.0
1768640068.4550564,84260,0.0,147.64,0.13,115.0,364.0
1768640068.4877486,84280,0.0,147.64,-0.22,115.0,364.0
1768640068.507564,84300,0.0,147.64,0.13,115.0,364.0
1768640068.5317698,84320,0.0,147.65,0.06,115.0,364.0
1768640068.5514207,84340,0.0,147.65,0.06,115.0,364.0
1768640068.6010542,84360,0.0,147.65,-0.4,115.0,364.0
1768640068.6542785,84380,0.0,147.64,-0.05,115.0,364.0
1768640068.6882436,84400,0.0,147.64,0.35,115.0,364.0
1768640068.6937625,84420,0.0,147.65,0.1,115.0,364.0
1768640068.6981807,84440,0.0,147.65,0.16,115.0,364.0
1768640068.7189777,84460,0.0,147.65,0.16,115.0,364.0
1768640068.7380953,84480,0.0,147.64,-0.16,115.0,364.0
1768640068.7503543,84500,0.0,147.63,0.45,115.0,364.0
1768640068.7562535,84520,0.0,147.64,-0.43,115.0,364.0
1768640068.7569876,84540,0.0,147.64,0.48,115.0,364.0
1768640068.7657113,84560,0.0,147.65,-0.47,115.0,364.0
1768640068.7757957,84580,0.0,147.64,0.19,115.0,364.0
1768640068.7982388,84600,0.0,147.64,-0.07,115.0,364.0
1768640068.8078966,84620,0.0,147.65,-0.08,115.0,364.0
1768640068.8398728,84640,0.0,147.64,-0.12,115.0,364.0
1768640068.8967178,84660,0.0,147.64,0.27,115.0,364.0
1768640068.9145756,84680,0.0,147.64,-0.33,115.0,364.0
1768640068.9236393,84700,0.0,147.64,0.2,115.0,364.0
1768640068.9687083,84720,0.0,147.65,-0.05,115.0,364.0
1768640068.983507,84740,0.0,147.64,-0.15,115.0,364.0
1768640069.0271313,84760,0.0,147.65,0.2,115.0,364.0
1768640069.0506785,84780,0.0,147.65,-0.03,115.0,364.0
1768640069.0606227,84800,0.0,147.65,-0.01,115.0,364.0
1768640069.0679615,84820,0.0,147.65,0.17,115.0,364.0
1768640069.06874,84840,0.0,147.65,-0.08,115.0,364.0
1768640069.073958,84860,0.0,147.64,0.1,115.0,364.0
1768640069.0910728,84880,0.0,147.64,-0.08,115.0,364.0
1768640069.097284,84900,0.0,147.64,-0.15,115.0,364.0
1768640069.1257627,84920,0.0,147.65,0.2,115.0,364.0
1768640069.131888,84940,0.0,147.65,-0.24,115.0,364.0
1768640069.160095,84960,0.0,147.65,0.13,115.0,364.0
1768640069.183,84980,0.0,147.65,-0.15,115.0,364.0
1768640069.196106,85000,0.0,147.64,0.13,115.0,364.0
1768640069.2585409,85020,0.0,147.64,-0.01,115.0,364.0
1768640069.2781873,85040,0.0,147.64,-0.01,115.0,364.0
1768640069.2937706,85060,0.0,147.65,-0.01,115.0,364.0
1768640069.3304756,85080,0.0,147.66,-0.04,115.0,364.0
1768640069.361252,85100,0.0,147.65,0.02,115.0,364.0
1768640069.3794577,85120,0.0,147.65,-0.01,115.0,364.0
1768640069.4277923,85140,0.0,147.64,0.13,115.0,364.0
1768640069.4380085,85160,0.0,147.65,-0.05,115.0,364.0
1768640069.4434042,85180,0.0,147.65,-0.08,115.0,364.0
1768640069.45843,85200,0.0,147.66,-0.15,115.0,364.0
1768640069.4799936,85220,0.0,147.66,0.06,115.0,364.0
1768640069.4888604,85240,0.0,147.65,-0.01,115.0,364.0
1768640069.5022423,85260,0.0,147.65,0.13,115.0,364.0
1768640069.5034225,85280,0.0,147.65,0.06,115.0,364.0
1768640069.5045955,85300,0.0,147.66,-0.11,115.0,364.0
1768640069.513807,85320,0.0,147.66,0.06,115.0,364.0
1768640069.5363681,85340,0.0,147.66,-0.01,115.0,364.0
1768640069.546167,85360,0.0,147.66,0.13,115.0,364.0
1768640069.5777984,85380,0.0,147.66,-0.03,115.0,364.0
1768640069.6001637,85400,0.0,147.66,-0.15,115.0,364.0
1768640069.6213667,85420,0.0,147.66,0.13,115.0,364.0
1768640069.6528869,85440,0.0,147.66,-0.15,115.0,364.0
1768640069.666263,85460,0.0,147.66,0.09,115.0,364.0
1768640069.674474,85480,0.0,147.66,0.1,115.0,364.0
1768640069.7264676,85500,0.0,147.66,-0.05,115.0,364.0
1768640069.7277074,85520,0.0,147.66,0.13,115.0,364.0
1768640069.7395625,85540,0.0,147.67,0.13,115.0,364.0
1768640069.7706182,85560,0.0,147.67,-0.15,115.0,364.0
1768640069.77141,85580,0.0,147.67,-0.01,115.0,364.0
1768640069.796739,85600,0.0,147.67,0.06,115.0,364.0
1768640069.8262,85620,0.0,147.66,-0.01,115.0,364.0
1768640069.835192,85640,0.0,147.67,-0.04,115.0,364.0
1768640069.8572295,85660,0.0,147.67,0.06,115.0,364.0
1768640069.866975,85680,0.0,147.67,-0.15,115.0,364.0
1768640069.898902,85700,0.0,147.67,-0.08,115.0,364.0
1768640069.9204223,85720,0.0,147.67,-0.01,115.0,364.0
1768640069.930819,85740,0.0,147.67,0.02,115.0,364.0
1768640069.961507,85760,0.0,147.67,-0.03,115.0,364.0
1768640069.985814,85780,0.0,147.67,0.13,115.0,364.0
1768640070.0030835,85800,0.0,147.67,-0.29,115.0,364.0
1768640070.026457,85820,0.0,147.67,-0.01,115.0,364.0
1768640070.0383468,85840,0.0,147.68,-0.08,115.0,364.0
1768640070.0858777,85860,0.0,147.68,0.2,115.0,364.0
1768640070.1369588,85880,0.0,147.67,-0.01,115.0,364.0
1768640070.1377683,85900,0.0,147.67,-0.01,115.0,364.0
1768640070.1385403,85920,0.0,147.67,-0.01,115.0,364.0
1768640070.1453335,85940,0.0,147.67,-0.08,115.0,364.0
1768640070.158417,85960,0.0,147.68,-0.01,115.0,364.0
1768640070.1792157,85980,0.0,147.68,0.03,115.0,364.0
1768640070.1893613,86000,0.0,147.67,0.13,115.0,364.0
1768640070.2232242,86020,0.0,147.67,-0.01,115.0,364.0
1768640070.242698,86040,0.0,147.67,-0.1,115.0,364.0
1768640070.2518132,86060,0.0,147.68,-0.08,115.0,364.0
1768640070.2739182,86080,0.0,147.68,0.13,115.0,364.0
1768640070.3054807,86100,0.0,147.68,0.13,115.0,364.0
1768640070.3177848,86120,0.0,147.67,-0.01,115.0,364.0
1768640070.3381631,86140,0.0,147.67,0.13,115.0,364.0
1768640070.390257,86160,0.0,147.67,-0.22,115.0,364.0
1768640070.3962991,86180,0.0,147.67,-0.08,115.0,364.0
1768640070.4086378,86200,0.0,147.68,-0.05,115.0,364.0
1768640070.421556,86220,0.0,147.68,0.02,115.0,364.0
1768640070.4321542,86240,0.0,147.67,0.09,115.0,364.0
1768640070.4867487,86260,0.0,147.67,-0.01,115.0,364.0
1768640070.5388744,86280,0.0,147.67,-0.08,115.0,364.0
1768640070.558474,86300,0.0,147.68,-0.08,115.0,364.0
1768640070.5713184,86320,0.0,147.68,-0.11,115.0,364.0
1768640070.574292,86340,0.0,147.68,0.02,115.0,364.0
1768640070.5775986,86360,0.0,147.67,0.06,115.0,364.0
1768640070.5835211,86380,0.0,147.67,-0.01,115.0,364.0
1768640070.5912447,86400,0.0,147.67,-0.15,115.0,364.0
1768640070.6213677,86420,0.0,147.68,-0.01,115.0,364.0
1768640070.644385,86440,0.0,147.68,-0.01,115.0,364.0
1768640070.6532075,86460,0.0,147.68,-0.01,115.0,364.0
1768640070.6748636,86480,0.0,147.67,0.06,115.0,364.0
1768640070.7072124,86500,0.0,147.67,-0.01,115.0,364.0
1768640070.7172863,86520,0.0,147.67,-0.04,115.0,364.0
1768640070.7395468,86540,0.0,147.68,0.06,115.0,364.0
1768640070.7821343,86560,0.0,147.68,0.06,115.0,364.0
1768640070.807599,86580,0.0,147.68,-0.15,115.0,364.0
1768640070.8174198,86600,0.0,147.68,0.2,115.0,364.0
1768640070.8255706,86620,0.0,147.68,-0.01,115.0,364.0
1768640070.9191158,86640,0.0,147.68,0.06,115.0,364.0
1768640070.9269896,86660,0.0,147.68,-0.01,115.0,364.0
1768640070.943574,86680,0.0,147.68,-0.08,115.0,364.0
1768640070.944695,86700,0.0,147.68,-0.05,115.0,364.0
1768640070.956096,86720,0.0,147.68,-0.01,115.0,364.0
1768640070.9601784,86740,0.0,147.68,-0.04,115.0,364.0
1768640070.9685977,86760,0.0,147.68,0.06,115.0,364.0
1768640070.9832182,86780,0.0,147.68,-0.08,115.0,364.0
1768640070.999251,86800,0.0,147.68,-0.01,115.0,364.0
1768640071.0084221,86820,0.0,147.68,-0.01,115.0,364.0
1768640071.0380683,86840,0.0,147.68,0.13,115.0,364.0
1768640071.0596905,86860,0.0,147.68,-0.06,115.0,364.0
1768640071.0700328,86880,0.0,147.68,-0.01,115.0,364.0
1768640071.0924065,86900,0.0,147.69,-0.08,115.0,364.0
1768640071.1605957,86920,0.0,147.69,-0.11,115.0,364.0
1768640071.1793413,86940,0.0,147.69,0.13,115.0,364.0
1768640071.1878872,86960,0.0,147.69,0.06,115.0,364.0
1768640071.2372293,86980,0.0,147.68,0.06,115.0,364.0
1768640071.2471642,87000,0.0,147.69,-0.01,115.0,364.0
1768640071.2990708,87020,0.0,147.69,-0.1,115.0,364.0
1768640071.322831,87040,0.0,147.69,0.06,115.0,364.0
1768640071.3313897,87060,0.0,147.69,-0.08,115.0,364.0
1768640071.3371189,87080,0.0,147.69,0.06,115.0,364.0
1768640071.3424938,87100,0.0,147.69,-0.05,115.0,364.0
1768640071.3475776,87120,0.0,147.69,0.3,115.0,364.0
1768640071.356624,87140,0.0,147.69,-0.29,115.0,364.0
1768640071.3711522,87160,0.0,147.69,0.09,115.0,364.0
1768640071.3851173,87180,0.0,147.69,-0.04,115.0,364.0
1768640071.4000876,87200,0.0,147.69,0.13,115.0,364.0
1768640071.412946,87220,0.0,147.69,-0.08,115.0,364.0
1768640071.4450922,87240,0.0,147.69,0.2,115.0,364.0
1768640071.4552736,87260,0.0,147.69,-0.01,115.0,364.0
1768640071.4795668,87280,0.0,147.69,0.06,115.0,364.0
1768640071.4873135,87300,0.0,147.69,-0.01,115.0,364.0
1768640071.549383,87320,0.0,147.69,-0.04,115.0,364.0
1768640071.5510676,87340,0.0,147.69,-0.08,115.0,364.0
1768640071.5544257,87360,0.0,147.69,0.09,115.0,364.0
1768640071.5763447,87380,0.0,147.69,-0.15,115.0,364.0
1768640071.6155849,87400,0.0,147.69,0.06,115.0,364.0
1768640071.6218958,87420,0.0,147.69,0.03,115.0,364.0
1768640071.6470716,87440,0.0,147.7,-0.29,115.0,364.0
1768640071.6486151,87460,0.0,147.69,0.34,115.0,364.0
1768640071.7018,87480,0.0,147.7,-0.08,115.0,364.0
1768640071.7130363,87500,0.0,147.69,0.09,115.0,364.0
1768640071.7200086,87520,0.0,147.69,-0.29,115.0,364.0
1768640071.7360363,87540,0.0,147.69,0.2,115.0,364.0
1768640071.7659724,87560,0.0,147.7,0.63,115.0,364.0
1768640071.7801106,87580,0.0,147.69,-0.5,115.0,364.0
1768640071.7982855,87600,0.0,147.69,0.06,115.0,364.0
1768640071.8081217,87620,0.0,147.69,0.38,115.0,364.0
1768640071.8402586,87640,0.0,147.7,-0.18,115.0,364.0
1768640071.8632238,87660,0.0,147.7,-0.15,115.0,364.0
1768640071.872453,87680,0.0,147.7,0.17,115.0,364.0
1768640071.9405737,87700,0.0,147.68,0.02,115.0,364.0
1768640071.9692085,87720,0.0,147.68,-0.01,115.0,364.0
1768640071.9798155,87740,0.0,147.69,0.03,115.0,364.0
1768640072.019708,87760,0.0,147.7,-0.39,115.0,364.0
1768640072.074913,87780,0.0,147.71,0.27,115.0,364.0
1768640072.097004,87800,0.0,147.7,0.02,115.0,364.0
1768640072.1089559,87820,0.0,147.69,0.06,115.0,364.0
1768640072.1138637,87840,0.0,147.68,0.06,115.0,364.0
1768640072.1182072,87860,0.0,147.69,-0.21,115.0,364.0
1768640072.1242273,87880,0.0,147.7,-0.0,115.0,364.0
1768640072.1524057,87900,0.0,147.71,-0.13,115.0,364.0
1768640072.1645553,87920,0.0,147.7,0.19,115.0,364.0
1768640072.1676402,87940,0.0,147.68,0.09,115.0,364.0
1768640072.1717105,87960,0.0,147.68,-0.08,115.0,364.0
1768640072.1771264,87980,0.0,147.7,-0.25,115.0,364.0
1768640072.1989093,88000,0.0,147.71,-0.01,115.0,364.0
1768640072.2089622,88020,0.0,147.71,0.13,115.0,364.0
1768640072.231689,88040,0.0,147.7,0.2,115.0,364.0
1768640072.2634833,88060,0.0,147.69,-0.09,115.0,364.0
1768640072.2734385,88080,0.0,147.68,0.1,115.0,364.0
1768640072.2954352,88100,0.0,147.69,-0.14,115.0,364.0
1768640072.341441,88120,0.0,147.71,-0.17,115.0,364.0
1768640072.359361,88140,0.0,147.71,0.06,115.0,364.0
1768640072.3742144,88160,0.0,147.7,0.05,115.0,364.0
1768640072.4225357,88180,0.0,147.69,0.2,115.0,364.0
1768640072.423834,88200,0.0,147.69,-0.01,115.0,364.0
1768640072.4434862,88220,0.0,147.69,-0.0,115.0,364.0
1768640072.4498491,88240,0.0,147.71,-0.39,115.0,364.0
1768640072.4581666,88260,0.0,147.71,0.34,115.0,364.0
1768640072.466361,88280,0.0,147.71,-0.17,115.0,364.0
1768640072.4993377,88300,0.0,147.7,0.09,115.0,364.0
1768640072.5220726,88320,0.0,147.7,-0.04,115.0,364.0
1768640072.5305102,88340,0.0,147.7,0.09,115.0,364.0
1768640072.5579948,88360,0.0,147.71,0.24,115.0,364.0
1768640072.5887654,88380,0.0,147.71,-0.43,115.0,364.0
1768640072.5983667,88400,0.0,147.7,0.44,115.0,364.0
1768640072.6167922,88420,0.0,147.69,-0.07,115.0,364.0
1768640072.6266282,88440,0.0,147.7,-0.61,115.0,364.0
1768640072.658424,88460,0.0,147.71,0.91,115.0,364.0
1768640072.6805518,88480,0.0,147.71,-0.33,115.0,364.0
1768640072.6906931,88500,0.0,147.7,0.12,115.0,364.0
1768640072.7125947,88520,0.0,147.69,0.49,115.0,364.0
1768640072.7447016,88540,0.0,147.7,-0.5,115.0,364.0
1768640072.7547927,88560,0.0,147.7,0.13,115.0,364.0
1768640072.7770324,88580,0.0,147.71,-0.0,115.0,364.0
1768640072.7868912,88600,0.0,147.71,-0.3,115.0,364.0
1768640072.8188846,88620,0.0,147.7,0.44,115.0,364.0
1768640072.8592217,88640,0.0,147.69,0.13,115.0,364.0
1768640072.8672302,88660,0.0,147.69,-0.39,115.0,364.0
1768640072.8768976,88680,0.0,147.7,0.41,115.0,364.0
1768640072.9091415,88700,0.0,147.7,-0.18,115.0,364.0
1768640072.9557452,88720,0.0,147.7,-0.25,115.0,364.0
1768640073.0036585,88740,0.0,147.7,0.34,115.0,364.0
1768640073.0091777,88760,0.0,147.7,-0.08,115.0,364.0
1768640073.0344856,88780,0.0,147.7,0.09,115.0,364.0
1768640073.03994,88800,0.0,147.7,-0.01,115.0,364.0
1768640073.0485477,88820,0.0,147.7,0.03,115.0,364.0
1768640073.0628364,88840,0.0,147.7,-0.01,115.0,364.0
1768640073.076448,88860,0.0,147.7,0.06,115.0,364.0
1768640073.090238,88880,0.0,147.7,-0.08,115.0,364.0
1768640073.106752,88900,0.0,147.71,0.1,115.0,364.0
1768640073.1128907,88920,0.0,147.71,-0.12,115.0,364.0
1768640073.1455815,88940,0.0,147.71,0.2,115.0,364.0
1768640073.1558313,88960,0.0,147.7,0.06,115.0,364.0
1768640073.1779203,88980,0.0,147.7,-0.08,115.0,364.0
1768640073.1876945,89000,0.0,147.7,-0.08,115.0,364.0
1768640073.2314336,89020,0.0,147.71,-0.22,115.0,364.0
1768640073.2612362,89040,0.0,147.71,0.09,115.0,364.0
1768640073.2751036,89060,0.0,147.71,-0.08,115.0,364.0
1768640073.2831972,89080,0.0,147.71,0.13,115.0,364.0
1768640073.3101857,89100,0.0,147.7,-0.01,115.0,364.0
1768640073.3486648,89120,0.0,147.71,-0.01,115.0,364.0
1768640073.3636527,89140,0.0,147.71,-0.08,115.0,364.0
1768640073.3921688,89160,0.0,147.71,-0.06,115.0,364.0
1768640073.417776,89180,0.0,147.71,0.27,115.0,364.0
1768640073.4252195,89200,0.0,147.71,-0.12,115.0,364.0
1768640073.4265368,89220,0.0,147.71,-0.29,115.0,364.0
1768640073.440566,89240,0.0,147.71,0.37,115.0,364.0
1768640073.4660277,89260,0.0,147.71,-0.29,115.0,364.0
1768640073.4812164,89280,0.0,147.71,0.27,115.0,364.0
1768640073.5010166,89300,0.0,147.71,-0.36,115.0,364.0
1768640073.516219,89320,0.0,147.7,0.48,115.0,364.0
1768640073.5402598,89340,0.0,147.7,-0.11,115.0,364.0
1768640073.562798,89360,0.0,147.7,-0.18,115.0,364.0
1768640073.5728116,89380,0.0,147.72,0.11,115.0,364.0
1768640073.594276,89400,0.0,147.72,-0.08,115.0,364.0
1768640073.663758,89420,0.0,147.72,-0.05,115.0,364.0
1768640073.6748776,89440,0.0,147.72,0.16,115.0,364.0
1768640073.698688,89460,0.0,147.71,-0.09,115.0,364.0
1768640073.738343,89480,0.0,147.7,0.13,115.0,364.0
1768640073.752831,89500,0.0,147.7,-0.28,115.0,364.0
1768640073.7686558,89520,0.0,147.71,-0.15,115.0,364.0
1768640073.8106048,89540,0.0,147.72,-0.1,115.0,364.0
1768640073.8357434,89560,0.0,147.72,0.2,115.0,364.0
1768640073.844437,89580,0.0,147.72,0.2,115.0,364.0
1768640073.861329,89600,0.0,147.71,-0.04,115.0,364.0
1768640073.869242,89620,0.0,147.71,-0.08,115.0,364.0
1768640073.8839004,89640,0.0,147.71,0.06,115.0,364.0
1768640073.8874018,89660,0.0,147.72,-0.15,115.0,364.0
1768640073.890278,89680,0.0,147.73,0.06,115.0,364.0
1768640073.893727,89700,0.0,147.73,0.06,115.0,364.0
1768640073.9158297,89720,0.0,147.72,-0.05,115.0,364.0
1768640073.925609,89740,0.0,147.72,0.27,115.0,364.0
1768640073.9571185,89760,0.0,147.72,-0.48,115.0,364.0
1768640073.9807973,89780,0.0,147.72,0.34,115.0,364.0
1768640073.990033,89800,0.0,147.72,0.24,115.0,364.0
1768640074.0119019,89820,0.0,147.72,-0.33,115.0,364.0
1768640074.0440633,89840,0.0,147.72,0.37,115.0,364.0
1768640074.0540886,89860,0.0,147.73,-0.08,115.0,364.0
1768640074.1091568,89880,0.0,147.72,-0.22,115.0,364.0
1768640074.1311512,89900,0.0,147.72,0.02,115.0,364.0
1768640074.140314,89920,0.0,147.72,0.27,115.0,364.0
1768640074.1436183,89940,0.0,147.72,-0.43,115.0,364.0
1768640074.1850731,89960,0.0,147.72,0.03,115.0,364.0
1768640074.2447143,89980,0.0,147.73,-0.22,115.0,364.0
1768640074.269809,90000,0.0,147.73,0.06,115.0,364.0
1768640074.2855814,90020,0.0,147.73,0.13,115.0,364.0
1768640074.2910678,90040,0.0,147.72,-0.01,115.0,364.0
1768640074.299945,90060,0.0,147.71,-0.19,115.0,364.0
1768640074.313535,90080,0.0,147.72,0.13,115.0,364.0
1768640074.3148718,90100,0.0,147.73,-0.36,115.0,364.0
1768640074.325357,90120,0.0,147.74,0.1,115.0,364.0
1768640074.3341587,90140,0.0,147.74,-0.08,115.0,364.0
1768640074.364338,90160,0.0,147.72,0.06,115.0,364.0
1768640074.3744538,90180,0.0,147.72,0.06,115.0,364.0
1768640074.3965347,90200,0.0,147.72,-0.15,115.0,364.0
1768640074.4062898,90220,0.0,147.73,-0.22,115.0,364.0
1768640074.4389777,90240,0.0,147.74,-0.01,115.0,364.0
1768640074.4793475,90260,0.0,147.74,-0.01,115.0,364.0
1768640074.486838,90280,0.0,147.73,-0.01,115.0,364.0
1768640074.5013804,90300,0.0,147.73,0.13,115.0,364.0
1768640074.52961,90320,0.0,147.73,-0.08,115.0,364.0
1768640074.5460963,90340,0.0,147.73,-0.08,115.0,364.0
1768640074.5976157,90360,0.0,147.74,0.03,115.0,364.0
1768640074.6103773,90380,0.0,147.73,-0.01,115.0,364.0
1768640074.636986,90400,0.0,147.73,0.13,115.0,364.0
1768640074.645902,90420,0.0,147.72,-0.01,115.0,364.0
1768640074.6479108,90440,0.0,147.73,-0.01,115.0,364.0
1768640074.6563668,90460,0.0,147.74,-0.18,115.0,364.0
1768640074.688389,90480,0.0,147.74,0.13,115.0,364.0
1768640074.696125,90500,0.0,147.74,-0.29,115.0,364.0
1768640074.7182844,90520,0.0,147.73,0.27,115.0,364.0
1768640074.7367778,90540,0.0,147.73,-0.18,115.0,364.0
1768640074.7688751,90560,0.0,147.73,-0.36,115.0,364.0
1768640074.7812443,90580,0.0,147.74,0.28,115.0,364.0
1768640074.7915573,90600,0.0,147.75,-0.01,115.0,364.0
1768640074.8140273,90620,0.0,147.74,-0.26,115.0,364.0
1768640074.846038,90640,0.0,147.73,0.13,115.0,364.0
1768640074.8559895,90660,0.0,147.72,0.2,115.0,364.0
1768640074.8781989,90680,0.0,147.74,0.0,115.0,364.0
1768640074.8880858,90700,0.0,147.75,-0.36,115.0,364.0
1768640074.9396944,90720,0.0,147.75,0.34,115.0,364.0
1768640074.9428122,90740,0.0,147.75,-0.08,115.0,364.0
1768640074.9527543,90760,0.0,147.74,0.38,115.0,364.0
1768640074.9751322,90780,0.0,147.74,0.05,115.0,364.0
1768640075.0180328,90800,0.0,147.73,0.38,115.0,364.0
1768640075.0426965,90820,0.0,147.72,-0.21,115.0,364.0
1768640075.0471888,90840,0.0,147.74,0.1,115.0,364.0
1768640075.0505228,90860,0.0,147.75,-0.33,115.0,364.0
1768640075.0851603,90880,0.0,147.75,0.27,115.0,364.0
1768640075.1022651,90900,0.0,147.75,-0.4,115.0,364.0
1768640075.120912,90920,0.0,147.74,-0.05,115.0,364.0
1768640075.1321669,90940,0.0,147.73,0.51,115.0,364.0
1768640075.1735811,90960,0.0,147.72,-0.36,115.0,364.0
1768640075.188346,90980,0.0,147.73,0.07,115.0,364.0
1768640075.1941445,91000,0.0,147.76,-0.21,115.0,364.0
1768640075.2151403,91020,0.0,147.76,-0.08,115.0,364.0
1768640075.2467864,91040,0.0,147.75,0.26,115.0,364.0
1768640075.256967,91060,0.0,147.73,-0.16,115.0,364.0
1768640075.2793288,91080,0.0,147.73,0.06,115.0,364.0
1768640075.2890103,91100,0.0,147.74,-0.21,115.0,364.0
1768640075.352764,91120,0.0,147.75,-0.15,115.0,364.0
1768640075.3699584,91140,0.0,147.76,0.24,115.0,364.0
1768640075.416453,91160,0.0,147.76,-0.26,115.0,364.0
1768640075.4261246,91180,0.0,147.74,0.33,115.0,364.0
1768640075.4267874,91200,0.0,147.73,0.03,115.0,364.0
1768640075.4274526,91220,0.0,147.73,-0.22,115.0,364.0
1768640075.4463642,91240,0.0,147.75,-0.09,115.0,364.0
1768640075.4518168,91260,0.0,147.77,0.06,115.0,364.0
1768640075.4824533,91280,0.0,147.76,-0.09,115.0,364.0
1768640075.5098362,91300,0.0,147.74,0.13,115.0,364.0
1768640075.526562,91320,0.0,147.74,-0.22,115.0,364.0
1768640075.5469713,91340,0.0,147.74,0.06,115.0,364.0
1768640075.5718408,91360,0.0,147.75,-0.08,115.0,364.0
1768640075.5866282,91380,0.0,147.76,-0.15,115.0,364.0
1768640075.5999734,91400,0.0,147.76,0.02,115.0,364.0
1768640075.6098,91420,0.0,147.75,0.13,115.0,364.0
1768640075.6318398,91440,0.0,147.74,0.02,115.0,364.0
1768640075.6639094,91460,0.0,147.74,-0.0,115.0,364.0
1768640075.6741092,91480,0.0,147.75,-0.08,115.0,364.0
1768640075.7070596,91500,0.0,147.76,0.1,115.0,364.0
1768640075.7209396,91520,0.0,147.75,-0.22,115.0,364.0
1768640075.7387676,91540,0.0,147.75,0.06,115.0,364.0
1768640075.7679799,91560,0.0,147.75,-0.11,115.0,364.0
1768640075.7782736,91580,0.0,147.75,0.09,115.0,364.0
1768640075.8400064,91600,0.0,147.75,-0.15,115.0,364.0
1768640075.892698,91620,0.0,147.75,0.27,115.0,364.0
1768640075.9282823,91640,0.0,147.76,-0.25,115.0,364.0
1768640075.9323359,91660,0.0,147.76,0.09,115.0,364.0
1768640075.9386775,91680,0.0,147.76,0.11,115.0,364.0
1768640075.9464123,91700,0.0,147.75,-0.01,115.0,364.0
1768640075.9477065,91720,0.0,147.75,0.09,115.0,364.0
1768640075.9489012,91740,0.0,147.75,0.06,115.0,364.0
1768640075.9536653,91760,0.0,147.76,0.1,115.0,364.0
1768640075.9900537,91780,0.0,147.77,-0.11,115.0,364.0
1768640076.0023072,91800,0.0,147.77,0.16,115.0,364.0
1768640076.0218878,91820,0.0,147.76,-0.01,115.0,364.0
1768640076.0329535,91840,0.0,147.75,0.03,115.0,364.0
1768640076.0645394,91860,0.0,147.75,-0.01,115.0,364.0
1768640076.074771,91880,0.0,147.76,-0.08,115.0,364.0
1768640076.1013238,91900,0.0,147.77,-0.15,115.0,364.0
1768640076.1074789,91920,0.0,147.77,0.17,115.0,364.0
1768640076.1829803,91940,0.0,147.77,-0.05,115.0,364.0
1768640076.2004862,91960,0.0,147.76,0.12,115.0,364.0
1768640076.253327,91980,0.0,147.75,-0.01,115.0,364.0
1768640076.3082829,92000,0.0,147.76,-0.11,115.0,364.0
1768640076.3242784,92020,0.0,147.77,-0.07,115.0,364.0
1768640076.3443995,92040,0.0,147.77,0.13,115.0,364.0
1768640076.3511245,92060,0.0,147.77,-0.11,115.0,364.0
1768640076.360431,92080,0.0,147.76,0.2,115.0,364.0
1768640076.3770735,92100,0.0,147.76,-0.08,115.0,364.0
1768640076.3936067,92120,0.0,147.76,-0.1,115.0,364.0
1768640076.4095244,92140,0.0,147.77,-0.15,115.0,364.0
1768640076.4160006,92160,0.0,147.77,0.27,115.0,364.0
1768640076.4173996,92180,0.0,147.77,-0.29,115.0,364.0
1768640076.4186049,92200,0.0,147.76,0.13,115.0,364.0
1768640076.4197834,92220,0.0,147.76,-0.01,115.0,364.0
1768640076.428108,92240,0.0,147.77,0.07,115.0,364.0
1768640076.460267,92260,0.0,147.78,-0.29,115.0,364.0
1768640076.4822824,92280,0.0,147.78,0.18,115.0,364.0
1768640076.4933274,92300,0.0,147.77,0.34,115.0,364.0
1768640076.5144374,92320,0.0,147.77,-0.19,115.0,364.0
1768640076.5659971,92340,0.0,147.76,-0.01,115.0,364.0
1768640076.5810027,92360,0.0,147.76,-0.01,115.0,364.0
1768640076.5858982,92380,0.0,147.77,-0.22,115.0,364.0
1768640076.5933337,92400,0.0,147.78,-0.53,115.0,364.0
1768640076.6210268,92420,0.0,147.8,1.85,115.0,364.0
1768640076.6431994,92440,0.0,147.78,-1.11,115.0,364.0
1768640076.672013,92460,0.0,147.73,0.81,115.0,364.0
1768640076.684736,92480,0.0,147.73,0.43,115.0,364.0
1768640076.7126415,92500,0.0,147.76,-1.12,115.0,364.0
1768640076.7438183,92520,0.0,147.79,-0.13,115.0,364.0
1768640076.763845,92540,0.0,147.81,0.93,115.0,364.0
1768640076.771132,92560,0.0,147.78,-0.52,115.0,364.0
1768640076.7806346,92580,0.0,147.75,0.86,115.0,364.0
1768640076.8028033,92600,0.0,147.75,-0.08,115.0,364.0
1768640076.8190858,92620,0.0,147.75,-1.12,115.0,364.0
1768640076.8369815,92640,0.0,147.78,1.02,115.0,364.0
1768640076.8515203,92660,0.0,147.8,-0.78,115.0,364.0
1768640076.8768709,92680,0.0,147.78,0.4,115.0,364.0
1768640076.8994014,92700,0.0,147.77,0.23,115.0,364.0
1768640076.90961,92720,0.0,147.75,-0.5,115.0,364.0
1768640076.9313283,92740,0.0,147.76,0.25,115.0,364.0
1768640076.993478,92760,0.0,147.79,-0.43,115.0,364.0
1768640077.0212889,92780,0.0,147.79,0.27,115.0,364.0
1768640077.0664656,92800,0.0,147.78,0.26,115.0,364.0
1768640077.1119683,92820,0.0,147.76,-0.23,115.0,364.0
1768640077.1428857,92840,0.0,147.75,-0.01,115.0,364.0
1768640077.1516898,92860,0.0,147.77,-0.07,115.0,364.0
1768640077.1639872,92880,0.0,147.78,-0.31,115.0,364.0
1768640077.1786807,92900,0.0,147.79,0.13,115.0,364.0
1768640077.1957142,92920,0.0,147.78,0.02,115.0,364.0
1768640077.2038882,92940,0.0,147.76,0.01,115.0,364.0
1768640077.2183063,92960,0.0,147.76,-0.18,115.0,364.0
1768640077.2191815,92980,0.0,147.78,-0.0,115.0,364.0
1768640077.2200766,93000,0.0,147.79,-0.08,115.0,364.0
1768640077.220901,93020,0.0,147.79,0.12,115.0,364.0
1768640077.2301285,93040,0.0,147.77,0.02,115.0,364.0
1768640077.2522717,93060,0.0,147.76,0.13,115.0,364.0
1768640077.284387,93080,0.0,147.77,-0.29,115.0,364.0
1768640077.2943618,93100,0.0,147.78,0.11,115.0,364.0
1768640077.3169513,93120,0.0,147.78,-0.22,115.0,364.0
1768640077.348803,93140,0.0,147.78,0.2,115.0,364.0
1768640077.3812094,93160,0.0,147.77,-0.04,115.0,364.0
1768640077.385597,93180,0.0,147.77,0.13,115.0,364.0
1768640077.3911877,93200,0.0,147.77,-0.18,115.0,364.0
1768640077.4123275,93220,0.0,147.79,-0.18,115.0,364.0
1768640077.4553792,93240,0.0,147.79,0.3,115.0,364.0
1768640077.4712474,93260,0.0,147.78,-0.19,115.0,364.0
1768640077.534358,93280,0.0,147.78,-0.26,115.0,364.0
1768640077.5436406,93300,0.0,147.78,0.28,115.0,364.0
1768640077.5541162,93320,0.0,147.79,-0.1,115.0,364.0
1768640077.5636206,93340,0.0,147.79,0.06,115.0,364.0
1768640077.582344,93360,0.0,147.78,0.26,115.0,364.0
1768640077.6021678,93380,0.0,147.76,0.23,115.0,364.0
1768640077.6069014,93400,0.0,147.76,-0.35,115.0,364.0
1768640077.622913,93420,0.0,147.78,0.14,115.0,364.0
1768640077.6378222,93440,0.0,147.8,-0.04,115.0,364.0
1768640077.6475346,93460,0.0,147.8,0.23,115.0,364.0
1768640077.6795228,93480,0.0,147.78,0.29,115.0,364.0
1768640077.7014,93500,0.0,147.75,0.16,115.0,364.0
1768640077.7121284,93520,0.0,147.75,-0.14,115.0,364.0
1768640077.7332811,93540,0.0,147.77,-0.18,115.0,364.0
1768640077.7864735,93560,0.0,147.8,-0.35,115.0,364.0
1768640077.806872,93580,0.0,147.81,0.13,115.0,364.0
1768640077.8220305,93600,0.0,147.79,0.19,115.0,364.0
1768640077.8597243,93620,0.0,147.76,0.3,115.0,364.0
1768640077.9111435,93640,0.0,147.75,-0.15,115.0,364.0
1768640077.9128344,93660,0.0,147.77,0.11,115.0,364.0
1768640077.9136763,93680,0.0,147.79,-0.21,115.0,364.0
1768640077.9144406,93700,0.0,147.8,-0.18,115.0,364.0
1768640077.9350252,93720,0.0,147.8,-0.16,115.0,364.0
1768640077.9439738,93740,0.0,147.78,0.27,115.0,364.0
1768640077.9583309,93760,0.0,147.78,0.18,115.0,364.0
1768640077.9729536,93780,0.0,147.79,-0.32,115.0,364.0
1768640078.0040827,93800,0.0,147.79,0.3,115.0,364.0
1768640078.0222576,93820,0.0,147.78,-0.08,115.0,364.0
1768640078.032471,93840,0.0,147.77,-0.04,115.0,364.0
1768640078.0542758,93860,0.0,147.79,-0.14,115.0,364.0
1768640078.085602,93880,0.0,147.81,0.03,115.0,364.0
1768640078.0956514,93900,0.0,147.8,-0.12,115.0,364.0
1768640078.1212335,93920,0.0,147.79,0.41,115.0,364.0
1768640078.1503482,93940,0.0,147.78,-0.12,115.0,364.0
1768640078.1615427,93960,0.0,147.77,0.02,115.0,364.0
1768640078.183856,93980,0.0,147.79,-0.07,115.0,364.0
1768640078.1942852,94000,0.0,147.81,0.18,115.0,364.0
1768640078.2315774,94020,0.0,147.82,-0.44,115.0,364.0
1768640078.2487173,94040,0.0,147.79,0.43,115.0,364.0
1768640078.266495,94060,0.0,147.76,0.2,115.0,364.0
1768640078.297577,94080,0.0,147.77,-0.14,115.0,364.0
1768640078.309408,94100,0.0,147.81,-0.31,115.0,364.0
1768640078.3211224,94120,0.0,147.83,0.02,115.0,364.0
1768640078.343018,94140,0.0,147.8,-0.09,115.0,364.0
1768640078.3544827,94160,0.0,147.78,0.19,115.0,364.0
1768640078.377461,94180,0.0,147.77,0.1,115.0,364.0
1768640078.406392,94200,0.0,147.78,-0.14,115.0,364.0
1768640078.4166472,94220,0.0,147.8,-0.42,115.0,364.0
1768640078.4386995,94240,0.0,147.81,-0.19,115.0,364.0
1768640078.4488394,94260,0.0,147.8,0.68,115.0,364.0
1768640078.481184,94280,0.0,147.78,-0.36,115.0,364.0
1768640078.5099058,94300,0.0,147.78,0.13,115.0,364.0
1768640078.513346,94320,0.0,147.8,0.07,115.0,364.0
1768640078.534945,94340,0.0,147.81,-0.25,115.0,364.0
1768640078.5864885,94360,0.0,147.81,0.4,115.0,364.0
1768640078.600547,94380,0.0,147.79,0.15,115.0,364.0
1768640078.6178577,94400,0.0,147.77,-0.01,115.0,364.0
1768640078.651965,94420,0.0,147.78,-0.14,115.0,364.0
1768640078.6526847,94440,0.0,147.81,-0.14,115.0,364.0
1768640078.6647809,94460,0.0,147.82,-0.19,115.0,364.0
1768640078.6763904,94480,0.0,147.81,0.37,115.0,364.0
1768640078.6963544,94500,0.0,147.79,-0.02,115.0,364.0
1768640078.7058933,94520,0.0,147.78,0.02,115.0,364.0
1768640078.7402685,94540,0.0,147.79,-0.11,115.0,364.0
1768640078.7627106,94560,0.0,147.8,-0.22,115.0,364.0
1768640078.7751095,94580,0.0,147.81,0.11,115.0,364.0
1768640078.798579,94600,0.0,147.81,-0.08,115.0,364.0
1768640078.8239944,94620,0.0,147.8,0.16,115.0,364.0
1768640078.8342066,94640,0.0,147.79,0.3,115.0,364.0
1768640078.8564959,94660,0.0,147.79,-0.29,115.0,364.0
1768640078.8660915,94680,0.0,147.8,0.27,115.0,364.0
1768640078.8988037,94700,0.0,147.81,-0.15,115.0,364.0
1768640078.934359,94720,0.0,147.81,-0.12,115.0,364.0
1768640078.963864,94740,0.0,147.81,0.13,115.0,364.0
1768640078.9710963,94760,0.0,147.81,-0.01,115.0,364.0
1768640079.0225885,94780,0.0,147.8,-0.19,115.0,364.0
1768640079.0371308,94800,0.0,147.8,0.34,115.0,364.0
1768640079.0817823,94820,0.0,147.8,-0.15,115.0,364.0
1768640079.0824125,94840,0.0,147.8,-0.18,115.0,364.0
1768640079.091032,94860,0.0,147.81,-0.11,115.0,364.0
1768640079.0941737,94880,0.0,147.81,0.34,115.0,364.0
1768640079.0966616,94900,0.0,147.81,-0.22,115.0,364.0
1768640079.1164782,94920,0.0,147.8,0.16,115.0,364.0
1768640079.1468644,94940,0.0,147.79,0.13,115.0,364.0
1768640079.1577096,94960,0.0,147.79,0.03,115.0,364.0
1768640079.176784,94980,0.0,147.81,-0.42,115.0,364.0
1768640079.1865766,95000,0.0,147.82,0.03,115.0,364.0
1768640079.2192645,95020,0.0,147.82,-0.22,115.0,364.0
1768640079.2414553,95040,0.0,147.81,0.19,115.0,364.0
1768640079.2515163,95060,0.0,147.79,0.13,115.0,364.0
1768640079.289204,95080,0.0,147.79,0.1,115.0,364.0
1768640079.3121698,95100,0.0,147.8,-0.21,115.0,364.0
1768640079.3162131,95120,0.0,147.82,-0.35,115.0,364.0
1768640079.3380833,95140,0.0,147.83,0.06,115.0,364.0
1768640079.348825,95160,0.0,147.83,0.57,115.0,364.0
1768640079.3926196,95180,0.0,147.79,-0.28,115.0,364.0
1768640079.4022264,95200,0.0,147.77,0.66,115.0,364.0
1768640079.4216084,95220,0.0,147.79,-0.49,115.0,364.0
1768640079.469258,95240,0.0,147.81,-0.14,115.0,364.0
1768640079.4798002,95260,0.0,147.83,0.07,115.0,364.0
1768640079.490363,95280,0.0,147.82,0.19,115.0,364.0
1768640079.492007,95300,0.0,147.8,-0.12,115.0,364.0
1768640079.515174,95320,0.0,147.79,0.34,115.0,364.0
1768640079.54827,95340,0.0,147.79,-0.25,115.0,364.0
1768640079.560093,95360,0.0,147.81,0.18,115.0,364.0
1768640079.5780866,95380,0.0,147.83,-0.43,115.0,364.0
1768640079.5875614,95400,0.0,147.82,0.68,115.0,364.0
1768640079.620092,95420,0.0,147.8,-0.12,115.0,364.0
1768640079.6446466,95440,0.0,147.8,-0.12,115.0,364.0
1768640079.6518443,95460,0.0,147.81,0.0,115.0,364.0
1768640079.7185214,95480,0.0,147.83,-0.36,115.0,364.0
1768640079.7360687,95500,0.0,147.82,0.4,115.0,364.0
1768640079.7878823,95520,0.0,147.79,0.15,115.0,364.0
1768640079.8165164,95540,0.0,147.77,0.31,115.0,364.0
1768640079.8612282,95560,0.0,147.79,-0.34,115.0,364.0
1768640079.8733063,95580,0.0,147.83,-0.59,115.0,364.0
1768640079.8757806,95600,0.0,147.86,0.32,115.0,364.0
1768640079.88166,95620,0.0,147.87,-0.37,115.0,364.0
1768640079.8852253,95640,0.0,147.83,0.21,115.0,364.0
1768640079.8908308,95660,0.0,147.78,1.02,115.0,364.0
1768640079.9050183,95680,0.0,147.74,-0.36,115.0,364.0
1768640079.914023,95700,0.0,147.78,-0.29,115.0,364.0
1768640079.9159195,95720,0.0,147.84,-0.47,115.0,364.0
1768640079.9444113,95740,0.0,147.87,-0.19,115.0,364.0
1768640079.963222,95760,0.0,147.84,0.53,115.0,364.0
1768640079.973498,95780,0.0,147.8,0.11,115.0,364.0
1768640079.9954562,95800,0.0,147.78,0.31,115.0,364.0
1768640080.0276992,95820,0.0,147.79,-0.35,115.0,364.0
1768640080.037711,95840,0.0,147.81,-0.35,115.0,364.0
1768640080.0707076,95860,0.0,147.84,0.28,115.0,364.0
1768640080.0719612,95880,0.0,147.84,-0.05,115.0,364.0
1768640080.108945,95900,0.0,147.82,0.82,115.0,364.0
1768640080.1360323,95920,0.0,147.81,-0.28,115.0,364.0
1768640080.1367707,95940,0.0,147.83,-0.32,115.0,364.0
1768640080.1595063,95960,0.0,147.85,0.1,115.0,364.0
1768640080.1678016,95980,0.0,147.85,0.33,115.0,364.0
1768640080.2049813,96000,0.0,147.82,-0.41,115.0,364.0
1768640080.2206483,96020,0.0,147.79,0.65,115.0,364.0
1768640080.2354944,96040,0.0,147.8,-0.46,115.0,364.0
1768640080.264387,96060,0.0,147.81,-0.01,115.0,364.0
1768640080.2852635,96080,0.0,147.83,0.0,115.0,364.0
1768640080.302935,96100,0.0,147.84,-0.29,115.0,364.0
1768640080.3282719,96120,0.0,147.84,-0.22,115.0,364.0
1768640080.3379467,96140,0.0,147.83,0.75,115.0,364.0
1768640080.3580608,96160,0.0,147.81,-0.36,115.0,364.0
1768640080.380893,96180,0.0,147.81,0.34,115.0,364.0
1768640080.3909614,96200,0.0,147.83,-0.32,115.0,364.0
1768640080.4126163,96220,0.0,147.84,0.02,115.0,364.0
1768640080.4447937,96240,0.0,147.83,0.13,115.0,364.0
1768640080.4992187,96260,0.0,147.83,0.13,115.0,364.0
1768640080.5213475,96280,0.0,147.82,0.13,115.0,364.0
1768640080.541166,96300,0.0,147.81,0.03,115.0,364.0
1768640080.588664,96320,0.0,147.82,-0.21,115.0,364.0
1768640080.6386013,96340,0.0,147.83,-0.07,115.0,364.0
1768640080.6549132,96360,0.0,147.84,-0.18,115.0,364.0
1768640080.6680086,96380,0.0,147.84,0.23,115.0,364.0
1768640080.672579,96400,0.0,147.82,0.09,115.0,364.0
1768640080.677039,96420,0.0,147.81,-0.01,115.0,364.0
1768640080.680212,96440,0.0,147.82,-0.1,115.0,364.0
1768640080.6945226,96460,0.0,147.83,-0.14,115.0,364.0
1768640080.7012153,96480,0.0,147.84,0.09,115.0,364.0
1768640080.7098212,96500,0.0,147.84,-0.06,115.0,364.0
1768640080.7234294,96520,0.0,147.82,0.27,115.0,364.0
1768640080.7394276,96540,0.0,147.82,0.13,115.0,364.0
1768640080.7596946,96560,0.0,147.82,-0.18,115.0,364.0
1768640080.7816598,96580,0.0,147.83,-0.32,115.0,364.0
1768640080.7915423,96600,0.0,147.84,0.45,115.0,364.0
1768640080.814129,96620,0.0,147.84,-0.08,115.0,364.0
1768640080.8458269,96640,0.0,147.82,0.02,115.0,364.0
1768640080.8554506,96660,0.0,147.82,0.2,115.0,364.0
1768640080.9108086,96680,0.0,147.82,-0.18,115.0,364.0
1768640080.939984,96700,0.0,147.83,0.07,115.0,364.0
1768640080.9614403,96720,0.0,147.84,-0.13,115.0,364.0
1768640080.962359,96740,0.0,147.83,-0.15,115.0,364.0
1768640081.0225866,96760,0.0,147.83,0.38,115.0,364.0
1768640081.076913,96780,0.0,147.83,-0.15,115.0,364.0
1768640081.0900788,96800,0.0,147.83,-0.01,115.0,364.0
1768640081.107208,96820,0.0,147.84,-0.01,115.0,364.0
1768640081.1162894,96840,0.0,147.84,-0.29,115.0,364.0
1768640081.125814,96860,0.0,147.84,0.37,115.0,364.0
1768640081.129501,96880,0.0,147.83,-0.15,115.0,364.0
1768640081.1325905,96900,0.0,147.83,-0.22,115.0,364.0
1768640081.145271,96920,0.0,147.83,0.35,115.0,364.0
1768640081.1502516,96940,0.0,147.84,-0.36,115.0,364.0
1768640081.1691604,96960,0.0,147.84,0.27,115.0,364.0
1768640081.1777678,96980,0.0,147.84,-0.25,115.0,364.0
1768640081.1990993,97000,0.0,147.84,0.41,115.0,364.0
1768640081.2090402,97020,0.0,147.84,-0.36,115.0,364.0
1768640081.2402897,97040,0.0,147.83,0.05,115.0,364.0
1768640081.2632098,97060,0.0,147.83,-0.01,115.0,364.0
1768640081.2731428,97080,0.0,147.83,-0.08,115.0,364.0
1768640081.3045447,97100,0.0,147.84,-0.21,115.0,364.0
1768640081.3295703,97120,0.0,147.85,0.1,115.0,364.0
1768640081.3372993,97140,0.0,147.85,0.16,115.0,364.0
1768640081.3795924,97160,0.0,147.84,0.26,115.0,364.0
1768640081.382155,97180,0.0,147.82,-0.12,115.0,364.0
1768640081.3927445,97200,0.0,147.82,-0.04,115.0,364.0
1768640081.4514804,97220,0.0,147.84,-0.21,115.0,364.0
1768640081.471373,97240,0.0,147.86,-0.15,115.0,364.0
1768640081.478716,97260,0.0,147.85,0.2,115.0,364.0
1768640081.4877243,97280,0.0,147.84,-0.2,115.0,364.0
1768640081.503316,97300,0.0,147.82,0.19,115.0,364.0
1768640081.5207596,97320,0.0,147.82,-0.01,115.0,364.0
1768640081.5321665,97340,0.0,147.83,-0.46,115.0,364.0
1768640081.5514562,97360,0.0,147.84,0.07,115.0,364.0
1768640081.5837967,97380,0.0,147.85,-0.15,115.0,364.0
1768640081.5941417,97400,0.0,147.84,-0.01,115.0,364.0
1768640081.6173186,97420,0.0,147.84,-0.01,115.0,364.0
1768640081.6258342,97440,0.0,147.84,-0.01,115.0,364.0
1768640081.6602974,97460,0.0,147.84,-0.15,115.0,364.0
1768640081.685509,97480,0.0,147.85,0.2,115.0,364.0
1768640081.7159703,97500,0.0,147.84,-0.12,115.0,364.0
1768640081.7347038,97520,0.0,147.82,0.13,115.0,364.0
1768640081.771443,97540,0.0,147.82,0.08,115.0,364.0
1768640081.774264,97560,0.0,147.83,-0.49,115.0,364.0
1768640081.7777445,97580,0.0,147.85,0.35,115.0,364.0
1768640081.789045,97600,0.0,147.85,-0.64,115.0,364.0
1768640081.818792,97620,0.0,147.85,0.3,115.0,364.0
1768640081.841736,97640,0.0,147.83,0.12,115.0,364.0
1768640081.8512962,97660,0.0,147.82,-0.08,115.0,364.0
1768640081.872897,97680,0.0,147.82,-0.11,115.0,364.0
1768640081.898458,97700,0.0,147.84,-0.12,115.0,364.0
1768640081.921,97720,0.0,147.85,-0.08,115.0,364.0
1768640081.931173,97740,0.0,147.86,-0.08,115.0,364.0
1768640081.952682,97760,0.0,147.85,0.12,115.0,364.0
1768640082.011742,97780,0.0,147.83,0.12,115.0,364.0
1768640082.0261416,97800,0.0,147.83,0.13,115.0,364.0
1768640082.0389345,97820,0.0,147.83,-0.21,115.0,364.0
1768640082.053941,97840,0.0,147.84,-0.08,115.0,364.0
1768640082.0791676,97860,0.0,147.85,0.09,115.0,364.0
1768640082.1009216,97880,0.0,147.84,0.13,115.0,364.0
1768640082.155768,97900,0.0,147.84,-0.01,115.0,364.0
1768640082.156958,97920,0.0,147.84,0.13,115.0,364.0
1768640082.1723106,97940,0.0,147.85,-0.08,115.0,364.0
1768640082.1935246,97960,0.0,147.84,0.13,115.0,364.0
1768640082.2003872,97980,0.0,147.84,-0.15,115.0,364.0
1768640082.2085068,98000,0.0,147.84,0.03,115.0,364.0
1768640082.2258892,98020,0.0,147.84,-0.15,115.0,364.0
1768640082.242422,98040,0.0,147.85,-0.01,115.0,364.0
1768640082.2544026,98060,0.0,147.85,-0.11,115.0,364.0
1768640082.273861,98080,0.0,147.85,0.06,115.0,364.0
1768640082.3058813,98100,0.0,147.85,-0.01,115.0,364.0
1768640082.3159666,98120,0.0,147.84,0.06,115.0,364.0
1768640082.338239,98140,0.0,147.84,-0.01,115.0,364.0
1768640082.3476486,98160,0.0,147.84,0.06,115.0,364.0
1768640082.4009674,98180,0.0,147.85,-0.01,115.0,364.0
1768640082.4171672,98200,0.0,147.85,0.06,115.0,364.0
1768640082.427361,98220,0.0,147.85,0.06,115.0,364.0
1768640082.4694793,98240,0.0,147.85,-0.01,115.0,364.0
1768640082.4866023,98260,0.0,147.85,0.13,115.0,364.0
1768640082.4932375,98280,0.0,147.85,0.06,115.0,364.0
1768640082.5048776,98300,0.0,147.86,0.24,115.0,364.0
1768640082.5344288,98320,0.0,147.85,-0.16,115.0,364.0
1768640082.546471,98340,0.0,147.84,0.37,115.0,364.0
1768640082.5629685,98360,0.0,147.84,-0.24,115.0,364.0
1768640082.57407,98380,0.0,147.85,-0.11,115.0,364.0
1768640082.5963254,98400,0.0,147.87,0.21,115.0,364.0
1768640082.6267238,98420,0.0,147.87,-0.54,115.0,364.0
1768640082.6369674,98440,0.0,147.85,1.0,115.0,364.0
1768640082.6590354,98460,0.0,147.84,-0.19,115.0,364.0
1768640082.6689692,98480,0.0,147.82,0.13,115.0,364.0
1768640082.7009175,98500,0.0,147.84,-0.07,115.0,364.0
1768640082.7482038,98520,0.0,147.86,-0.39,115.0,364.0
1768640082.7542143,98540,0.0,147.87,-0.15,115.0,364.0
1768640082.7656446,98560,0.0,147.87,0.54,115.0,364.0
1768640082.81265,98580,0.0,147.84,0.05,115.0,364.0
1768640082.8389924,98600,0.0,147.83,0.06,115.0,364.0
1768640082.892533,98620,0.0,147.84,-0.04,115.0,364.0
1768640082.89755,98640,0.0,147.85,-0.04,115.0,364.0
1768640082.9073553,98660,0.0,147.86,-0.29,115.0,364.0
1768640082.9176571,98680,0.0,147.86,-0.75,115.0,364.0
1768640082.9424891,98700,0.0,147.85,1.42,115.0,364.0
1768640082.9479585,98720,0.0,147.84,-1.23,115.0,364.0
1768640082.9491777,98740,0.0,147.84,1.11,115.0,364.0
1768640082.966374,98760,0.0,147.85,-0.91,115.0,364.0
1768640082.973283,98780,0.0,147.85,0.82,115.0,364.0
1768640082.9962008,98800,0.0,147.84,-0.93,115.0,364.0
1768640083.0058274,98820,0.0,147.85,0.79,115.0,364.0
1768640083.038058,98840,0.0,147.86,-0.38,115.0,364.0
1768640083.0621684,98860,0.0,147.86,0.23,115.0,364.0
1768640083.0703263,98880,0.0,147.85,-0.12,115.0,364.0
1768640083.0963044,98900,0.0,147.84,0.03,115.0,364.0
1768640083.1295645,98920,0.0,147.85,-0.12,115.0,364.0
1768640083.1498249,98940,0.0,147.85,-0.11,115.0,364.0
1768640083.1584392,98960,0.0,147.87,0.07,115.0,364.0
1768640083.1672904,98980,0.0,147.87,0.05,115.0,364.0
1768640083.2132044,99000,0.0,147.86,0.3,115.0,364.0
1768640083.2189991,99020,0.0,147.84,0.19,115.0,364.0
1768640083.239595,99040,0.0,147.83,-0.04,115.0,364.0
1768640083.2747655,99060,0.0,147.84,-0.17,115.0,364.0
1768640083.2916467,99080,0.0,147.87,-0.42,115.0,364.0
1768640083.3013034,99100,0.0,147.88,0.13,115.0,364.0
1768640083.3121717,99120,0.0,147.87,0.05,115.0,364.0
1768640083.3410873,99140,0.0,147.85,0.5,115.0,364.0
1768640083.3648634,99160,0.0,147.83,0.13,115.0,364.0
1768640083.375159,99180,0.0,147.85,0.07,115.0,364.0
1768640083.396913,99200,0.0,147.86,-0.88,115.0,364.0
1768640083.4067905,99220,0.0,147.86,0.63,115.0,364.0
1768640083.4389434,99240,0.0,147.87,2.26,115.0,364.0
1768640083.4635344,99260,0.0,147.84,-1.49,115.0,364.0
1768640083.4722037,99280,0.0,147.85,0.59,115.0,364.0
1768640083.5076113,99300,0.0,147.84,0.74,115.0,364.0
1768640083.525811,99320,0.0,147.86,-1.83,115.0,364.0
1768640083.5354064,99340,0.0,147.87,1.14,115.0,364.0
1768640083.5715156,99360,0.0,147.86,-0.12,115.0,364.0
1768640083.5735126,99380,0.0,147.84,-0.02,115.0,364.0
1768640083.6103528,99400,0.0,147.84,0.47,115.0,364.0
1768640083.6494956,99420,0.0,147.86,-0.46,115.0,364.0
1768640083.6660388,99440,0.0,147.86,0.06,115.0,364.0
1768640083.6673298,99460,0.0,147.87,0.06,115.0,364.0
1768640083.6804562,99480,0.0,147.86,-0.05,115.0,364.0
1768640083.706209,99500,0.0,147.85,-0.01,115.0,364.0
1768640083.7155523,99520,0.0,147.85,0.2,115.0,364.0
1768640083.7401924,99540,0.0,147.84,-0.22,115.0,364.0
1768640083.7659566,99560,0.0,147.85,-0.04,115.0,364.0
1768640083.7760186,99580,0.0,147.86,-0.18,115.0,364.0
1768640083.7978182,99600,0.0,147.87,-0.01,115.0,364.0
1768640083.8078325,99620,0.0,147.86,0.08,115.0,364.0
1768640083.8403153,99640,0.0,147.86,-0.01,115.0,364.0
1768640083.888711,99660,0.0,147.85,0.13,115.0,364.0
1768640083.897661,99680,0.0,147.85,0.1,115.0,364.0
1768640083.9243937,99700,0.0,147.86,-1.3,115.0,364.0
1768640083.928033,99720,0.0,147.88,0.56,115.0,364.0
1768640083.9380975,99740,0.0,147.88,0.02,115.0,364.0
1768640083.9717903,99760,0.0,147.85,0.62,115.0,364.0
1768640083.9840965,99780,0.0,147.85,-0.29,115.0,364.0
1768640084.0042427,99800,0.0,147.85,0.83,115.0,364.0
1768640084.0307126,99820,0.0,147.87,-0.28,115.0,364.0
1768640084.0333517,99840,0.0,147.87,-0.27,115.0,364.0
1768640084.0628848,99860,0.0,147.87,0.38,115.0,364.0
1768640084.0942645,99880,0.0,147.87,-0.23,115.0,364.0
1768640084.1090486,99900,0.0,147.86,0.16,115.0,364.0
1768640084.1227984,99920,0.0,147.86,-0.22,115.0,364.0
1768640084.1359859,99940,0.0,147.86,-0.08,115.0,364.0
1768640084.161033,99960,0.0,147.87,0.03,115.0,364.0
1768640084.1832287,99980,0.0,147.87,-0.22,115.0,364.0
1768640084.1936018,100000,0.0,147.87,0.13,115.0,364.0
1768640084.2180178,100020,0.0,147.87,-0.05,115.0,364.0
1768640084.2494633,100040,0.0,147.87,0.02,115.0,364.0
1768640084.2982626,100060,0.0,147.86,0.27,115.0,364.0
1768640084.3110626,100080,0.0,147.86,-0.04,115.0,364.0
1768640084.3329957,100100,0.0,147.87,-0.11,115.0,364.0
1768640084.346764,100120,0.0,147.87,0.14,115.0,364.0
1768640084.3814905,100140,0.0,147.88,-0.57,115.0,364.0
1768640084.4407737,100160,0.0,147.87,0.38,115.0,364.0
1768640084.463287,100180,0.0,147.87,-0.36,115.0,364.0
1768640084.4689012,100200,0.0,147.87,0.34,115.0,364.0
1768640084.4772737,100220,0.0,147.87,0.06,115.0,364.0
1768640084.4945252,100240,0.0,147.86,-0.15,115.0,364.0
1768640084.5036802,100260,0.0,147.87,-0.04,115.0,364.0
1768640084.505731,100280,0.0,147.88,-0.26,115.0,364.0
1768640084.5141273,100300,0.0,147.89,0.03,115.0,364.0
1768640084.5192788,100320,0.0,147.88,0.23,115.0,364.0
1768640084.536274,100340,0.0,147.87,-0.02,115.0,364.0
1768640084.5463777,100360,0.0,147.86,0.02,115.0,364.0
1768640084.5785098,100380,0.0,147.87,-0.11,115.0,364.0
1768640084.6006675,100400,0.0,147.88,-0.0,115.0,364.0
1768640084.610728,100420,0.0,147.89,-0.08,115.0,364.0
1768640084.633277,100440,0.0,147.89,0.06,115.0,364.0
1768640084.7170982,100460,0.0,147.88,0.09,115.0,364.0
1768640084.742656,100480,0.0,147.87,-0.05,115.0,364.0
1768640084.744006,100500,0.0,147.87,-0.1,115.0,364.0
1768640084.7450573,100520,0.0,147.88,0.13,115.0,364.0
1768640084.746315,100540,0.0,147.88,-0.15,115.0,364.0
1768640084.7608829,100560,0.0,147.88,-0.01,115.0,364.0
1768640084.7772644,100580,0.0,147.89,-0.15,115.0,364.0
1768640084.8236444,100600,0.0,147.88,-0.15,115.0,364.0
1768640084.8323295,100620,0.0,147.87,0.2,115.0,364.0
1768640084.8592658,100640,0.0,147.87,-0.12,115.0,364.0
1768640084.9265234,100660,0.0,147.87,-0.0,115.0,364.0
1768640084.9611294,100680,0.0,147.89,-0.21,115.0,364.0
1768640084.9680874,100700,0.0,147.9,-0.15,115.0,364.0
1768640084.9694035,100720,0.0,147.89,-0.05,115.0,364.0
1768640084.9705813,100740,0.0,147.87,-0.06,115.0,364.0
1768640084.9720366,100760,0.0,147.85,0.16,115.0,364.0
1768640085.0204608,100780,0.0,147.85,-0.14,115.0,364.0
1768640085.0337083,100800,0.0,147.88,0.01,115.0,364.0
1768640085.0484824,100820,0.0,147.9,-0.39,115.0,364.0
1768640085.0646155,100840,0.0,147.91,0.23,115.0,364.0
1768640085.1085951,100860,0.0,147.89,0.08,115.0,364.0
1768640085.1234071,100880,0.0,147.86,0.21,115.0,364.0
1768640085.1265965,100900,0.0,147.85,-0.15,115.0,364.0
1768640085.1274993,100920,0.0,147.87,0.21,115.0,364.0
1768640085.146982,100940,0.0,147.89,-0.31,115.0,364.0
1768640085.1730065,100960,0.0,147.91,-0.15,115.0,364.0
1768640085.1940582,100980,0.0,147.9,-0.37,115.0,364.0
1768640085.2102668,101000,0.0,147.88,0.33,115.0,364.0
1768640085.2529285,101020,0.0,147.86,-0.12,115.0,364.0
1768640085.2600837,101040,0.0,147.86,0.17,115.0,364.0
1768640085.2707012,101060,0.0,147.88,-0.1,115.0,364.0
1768640085.2916806,101080,0.0,147.9,-0.21,115.0,364.0
1768640085.3150249,101100,0.0,147.91,-0.06,115.0,364.0
1768640085.3530507,101120,0.0,147.9,0.08,115.0,364.0
1768640085.3666182,101140,0.0,147.87,-0.05,115.0,364.0
1768640085.3770967,101160,0.0,147.86,0.38,115.0,364.0
1768640085.3869088,101180,0.0,147.87,-0.52,115.0,364.0
1768640085.3970764,101200,0.0,147.9,0.1,115.0,364.0
1768640085.4285324,101220,0.0,147.91,-0.11,115.0,364.0
1768640085.4301312,101240,0.0,147.9,0.12,115.0,364.0
1768640085.4978843,101260,0.0,147.88,0.5,115.0,364.0
1768640085.5181634,101280,0.0,147.87,-0.15,115.0,364.0
1768640085.5238986,101300,0.0,147.87,0.14,115.0,364.0
1768640085.5338387,101320,0.0,147.9,-0.53,115.0,364.0
1768640085.5503001,101340,0.0,147.92,-0.21,115.0,364.0
1768640085.5619497,101360,0.0,147.92,0.23,115.0,364.0
1768640085.582739,101380,0.0,147.9,0.26,115.0,364.0
1768640085.5895436,101400,0.0,147.87,0.09,115.0,364.0
1768640085.6206906,101420,0.0,147.86,-0.08,115.0,364.0
1768640085.643542,101440,0.0,147.88,-0.31,115.0,364.0
1768640085.6538496,101460,0.0,147.92,-0.21,115.0,364.0
1768640085.6783707,101480,0.0,147.93,-0.08,115.0,364.0
1768640085.7236278,101500,0.0,147.91,0.33,115.0,364.0
1768640085.7378452,101520,0.0,147.88,0.22,115.0,364.0
1768640085.7618883,101540,0.0,147.87,-0.13,115.0,364.0
1768640085.7724833,101560,0.0,147.88,-0.17,115.0,364.0
1768640085.775167,101580,0.0,147.91,-0.24,115.0,364.0
1768640085.8315737,101600,0.0,147.93,-0.04,115.0,364.0
1768640085.8860912,101620,0.0,147.92,0.26,115.0,364.0
1768640085.8927524,101640,0.0,147.9,0.33,115.0,364.0
1768640085.8966424,101660,0.0,147.88,0.06,115.0,364.0
1768640085.9019928,101680,0.0,147.89,-0.21,115.0,364.0
1768640085.906691,101700,0.0,147.91,-0.47,115.0,364.0
1768640085.911659,101720,0.0,147.92,0.38,115.0,364.0
1768640085.9417431,101740,0.0,147.91,0.02,115.0,364.0
1768640085.9644678,101760,0.0,147.9,0.12,115.0,364.0
1768640085.9749572,101780,0.0,147.89,0.1,115.0,364.0
1768640085.9967442,101800,0.0,147.9,-0.22,115.0,364.0
1768640086.0069773,101820,0.0,147.92,-0.21,115.0,364.0
1768640086.0445602,101840,0.0,147.92,0.09,115.0,364.0
1768640086.0544786,101860,0.0,147.91,0.16,115.0,364.0
1768640086.0767152,101880,0.0,147.9,0.02,115.0,364.0
1768640086.0871673,101900,0.0,147.9,-0.15,115.0,364.0
1768640086.1436152,101920,0.0,147.91,-0.14,115.0,364.0
1768640086.1561303,101940,0.0,147.92,-0.15,115.0,364.0
1768640086.157123,101960,0.0,147.92,-0.01,115.0,364.0
1768640086.1751363,101980,0.0,147.91,-0.05,115.0,364.0
1768640086.2160041,102000,0.0,147.9,0.02,115.0,364.0
1768640086.2173314,102020,0.0,147.9,-0.08,115.0,364.0
1768640086.270564,102040,0.0,147.91,-0.11,115.0,364.0
1768640086.2882936,102060,0.0,147.93,-0.08,115.0,364.0
1768640086.2907033,102080,0.0,147.93,0.23,115.0,364.0
1768640086.3027573,102100,0.0,147.91,-0.33,115.0,364.0
1768640086.3164132,102120,0.0,147.9,0.37,115.0,364.0
1768640086.3332038,102140,0.0,147.9,-0.15,115.0,364.0
1768640086.3655035,102160,0.0,147.91,-0.04,115.0,364.0
1768640086.3755233,102180,0.0,147.92,0.07,115.0,364.0
1768640086.3976352,102200,0.0,147.93,-0.08,115.0,364.0
1768640086.407752,102220,0.0,147.92,-0.01,115.0,364.0
1768640086.4613788,102240,0.0,147.92,0.3,115.0,364.0
1768640086.4664712,102260,0.0,147.91,-0.36,115.0,364.0
1768640086.4876704,102280,0.0,147.91,0.3,115.0,364.0
1768640086.5089178,102300,0.0,147.91,-0.15,115.0,364.0
1768640086.5261528,102320,0.0,147.92,-0.39,115.0,364.0
1768640086.5386152,102340,0.0,147.93,-0.32,115.0,364.0
1768640086.5576622,102360,0.0,147.94,0.46,115.0,364.0
1768640086.567728,102380,0.0,147.93,0.13,115.0,364.0
1768640086.6002033,102400,0.0,147.92,-0.23,115.0,364.0
1768640086.6457613,102420,0.0,147.91,0.31,115.0,364.0
1768640086.661237,102440,0.0,147.91,-0.15,115.0,364.0
1768640086.6700053,102460,0.0,147.92,-0.32,115.0,364.0
1768640086.6879356,102480,0.0,147.93,-0.15,115.0,364.0
1768640086.7138302,102500,0.0,147.94,0.02,115.0,364.0
1768640086.7228882,102520,0.0,147.93,0.13,115.0,364.0
1768640086.7321172,102540,0.0,147.92,-0.12,115.0,364.0
1768640086.7600956,102560,0.0,147.91,0.2,115.0,364.0
1768640086.782181,102580,0.0,147.92,-0.17,115.0,364.0
1768640086.7923398,102600,0.0,147.92,-0.08,115.0,364.0
1768640086.8176587,102620,0.0,147.93,0.06,115.0,364.0
1768640086.8511848,102640,0.0,147.93,0.03,115.0,364.0
1768640086.8653452,102660,0.0,147.93,0.23,115.0,364.0
1768640086.8807886,102680,0.0,147.93,-0.29,115.0,364.0
1768640086.890325,102700,0.0,147.92,0.16,115.0,364.0
1768640086.9208808,102720,0.0,147.93,-0.35,115.0,364.0
1768640086.943004,102740,0.0,147.93,0.13,115.0,364.0
1768640086.969612,102760,0.0,147.93,-0.11,115.0,364.0
1768640086.97944,102780,0.0,147.92,0.09,115.0,364.0
1768640087.0155816,102800,0.0,147.93,-0.1,115.0,364.0
1768640087.0395732,102820,0.0,147.94,-0.32,115.0,364.0
1768640087.044937,102840,0.0,147.94,-0.01,115.0,364.0
1768640087.0502636,102860,0.0,147.93,-0.01,115.0,364.0
1768640087.0813248,102880,0.0,147.93,-0.01,115.0,364.0
1768640087.1033628,102900,0.0,147.92,0.2,115.0,364.0
1768640087.1136365,102920,0.0,147.92,-0.39,115.0,364.0
1768640087.152404,102940,0.0,147.93,0.17,115.0,364.0
1768640087.1609337,102960,0.0,147.94,-0.33,115.0,364.0
1768640087.187421,102980,0.0,147.94,0.16,115.0,364.0
1768640087.204701,103000,0.0,147.93,-0.22,115.0,364.0
1768640087.234586,103020,0.0,147.93,0.27,115.0,364.0
1768640087.243233,103040,0.0,147.93,-0.15,115.0,364.0
1768640087.2661016,103060,0.0,147.93,-0.18,115.0,364.0
1768640087.2756102,103080,0.0,147.94,0.1,115.0,364.0
1768640087.2959156,103100,0.0,147.94,-0.08,115.0,364.0
1768640087.306383,103120,0.0,147.94,0.03,115.0,364.0
1768640087.3511648,103140,0.0,147.93,-0.08,115.0,364.0
1768640087.3606033,103160,0.0,147.93,-0.18,115.0,364.0
1768640087.3825204,103180,0.0,147.93,0.2,115.0,364.0
1768640087.3971603,103200,0.0,147.94,-0.39,115.0,364.0
1768640087.418941,103220,0.0,147.94,-0.04,115.0,364.0
1768640087.4420366,103240,0.0,147.94,0.41,115.0,364.0
1768640087.4502711,103260,0.0,147.94,-0.08,115.0,364.0
1768640087.4742835,103280,0.0,147.94,-0.08,115.0,364.0
1768640087.5088868,103300,0.0,147.94,0.02,115.0,364.0
1768640087.5180705,103320,0.0,147.94,-0.18,115.0,364.0
1768640087.5411153,103340,0.0,147.94,0.51,115.0,364.0
1768640087.5520785,103360,0.0,147.94,-0.92,115.0,364.0
1768640087.5781603,103380,0.0,147.94,0.69,115.0,364.0
1768640087.6019752,103400,0.0,147.94,-0.14,115.0,364.0
1768640087.6109345,103420,0.0,147.94,-0.15,115.0,364.0
1768640087.6330645,103440,0.0,147.95,0.07,115.0,364.0
1768640087.6671152,103460,0.0,147.95,0.02,115.0,364.0
1768640087.6867836,103480,0.0,147.94,-0.19,115.0,364.0
1768640087.7005572,103500,0.0,147.94,0.13,115.0,364.0
1768640087.7166991,103520,0.0,147.94,-0.29,115.0,364.0
1768640087.738993,103540,0.0,147.94,-0.08,115.0,364.0
1768640087.761069,103560,0.0,147.95,-0.08,115.0,364.0
1768640087.7713335,103580,0.0,147.95,-0.08,115.0,364.0
1768640087.793447,103600,0.0,147.95,0.06,115.0,364.0
1768640087.8206668,103620,0.0,147.94,-0.15,115.0,364.0
1768640087.8466597,103640,0.0,147.94,0.2,115.0,364.0
1768640087.8600976,103660,0.0,147.94,-0.22,115.0,364.0
1768640087.8753924,103680,0.0,147.95,0.13,115.0,364.0
1768640087.9068394,103700,0.0,147.95,-0.08,115.0,364.0
1768640087.9154792,103720,0.0,147.95,0.13,115.0,364.0
1768640087.9376903,103740,0.0,147.94,-0.43,115.0,364.0
1768640087.9476268,103760,0.0,147.94,0.48,115.0,364.0
1768640087.9822834,103780,0.0,147.95,-0.49,115.0,364.0
1768640088.0063,103800,0.0,147.96,0.41,115.0,364.0
1768640088.0235596,103820,0.0,147.95,0.06,115.0,364.0
1768640088.0359662,103840,0.0,147.96,-0.24,115.0,364.0
1768640088.0660148,103860,0.0,147.95,0.16,115.0,364.0
1768640088.0761247,103880,0.0,147.95,0.03,115.0,364.0
1768640088.0982254,103900,0.0,147.94,-0.01,115.0,364.0
1768640088.1267378,103920,0.0,147.95,-0.07,115.0,364.0
1768640088.1406438,103940,0.0,147.95,-0.12,115.0,364.0
1768640088.1661942,103960,0.0,147.95,-0.08,115.0,364.0
1768640088.1867387,103980,0.0,147.96,-0.01,115.0,364.0
1768640088.1990256,104000,0.0,147.95,-0.25,115.0,364.0
1768640088.2264564,104020,0.0,147.95,0.13,115.0,364.0
1768640088.236683,104040,0.0,147.94,-0.01,115.0,364.0
1768640088.2740867,104060,0.0,147.95,-0.03,115.0,364.0
1768640088.2850876,104080,0.0,147.96,-0.22,115.0,364.0
1768640088.303761,104100,0.0,147.97,-0.01,115.0,364.0
1768640088.3306785,104120,0.0,147.96,0.12,115.0,364.0
1768640088.3346138,104140,0.0,147.95,0.06,115.0,364.0
1768640088.354632,104160,0.0,147.94,0.16,115.0,364.0
1768640088.3869624,104180,0.0,147.95,-0.39,115.0,364.0
1768640088.4131649,104200,0.0,147.97,0.03,115.0,364.0
1768640088.423498,104220,0.0,147.98,-0.36,115.0,364.0
1768640088.4514103,104240,0.0,147.97,0.33,115.0,364.0
1768640088.4723465,104260,0.0,147.95,0.09,115.0,364.0
1768640088.4849887,104280,0.0,147.94,0.06,115.0,364.0
1768640088.495714,104300,0.0,147.94,-0.21,115.0,364.0
1768640088.5157278,104320,0.0,147.97,-0.11,115.0,364.0
1768640088.5563204,104340,0.0,147.98,-0.07,115.0,364.0
1768640088.5608146,104360,0.0,147.98,0.05,115.0,364.0
1768640088.592391,104380,0.0,147.96,0.12,115.0,364.0
1768640088.6131876,104400,0.0,147.94,-0.01,115.0,364.0
1768640088.6231966,104420,0.0,147.95,-0.11,115.0,364.0
1768640088.6444387,104440,0.0,147.96,-0.14,115.0,364.0
1768640088.653989,104460,0.0,147.98,-0.01,115.0,364.0
