Time_PC,Time_Dev,Target,Yaw,Rate,Servo_Angle,Servo_PWM
1768639793.2240233,303000,0.0,133.91,-0.01,65.0,250.0
1768639793.243931,303020,0.0,133.91,-0.01,65.0,250.0
1768639793.2588353,303040,0.0,133.91,0.13,65.0,250.0
1768639793.283904,303060,0.0,133.91,-0.03,65.0,250.0
1768639793.3043516,303080,0.0,133.91,-0.08,65.0,250.0
1768639793.3216941,303100,0.0,133.91,0.02,65.0,250.0
1768639793.334221,303120,0.0,133.91,0.06,65.0,250.0
1768639793.366384,303140,0.0,133.91,-0.01,65.0,250.0
1768639793.3835526,303160,0.0,133.91,-0.01,65.0,250.0
1768639793.3972275,303180,0.0,133.91,0.06,65.0,250.0
1768639793.4123366,303200,0.0,133.91,-0.15,65.0,250.0
1768639793.4497035,303220,0.0,133.91,-0.01,65.0,250.0
1768639793.4686685,303240,0.0,133.91,-0.04,65.0,250.0
1768639793.478976,303260,0.0,133.91,-0.01,65.0,250.0
1768639793.494045,303280,0.0,133.91,-0.06,65.0,250.0
1768639793.523915,303300,0.0,133.91,0.13,65.0,250.0
1768639793.5442297,303320,0.0,133.91,-0.08,65.0,250.0
1768639793.559524,303340,0.0,133.91,-0.08,65.0,250.0
1768639793.580609,303360,0.0,133.91,-0.12,65.0,250.0
1768639793.6060932,303380,0.0,133.91,0.09,65.0,250.0
1768639793.621345,303400,0.0,133.91,0.06,65.0,250.0
1768639793.642956,303420,0.0,133.91,-0.08,65.0,250.0
1768639793.6567347,303440,0.0,133.91,-0.12,65.0,250.0
1768639793.6927867,303460,0.0,133.91,-0.01,65.0,250.0
1768639793.7092538,303480,0.0,133.91,-0.08,65.0,250.0
1768639793.7186534,303500,0.0,133.91,-0.05,65.0,250.0
1768639793.7336159,303520,0.0,133.91,-0.01,65.0,250.0
1768639793.7685468,303540,0.0,133.91,-0.08,65.0,250.0
1768639793.783803,303560,0.0,133.91,-0.08,65.0,250.0
1768639793.8044975,303580,0.0,133.91,-0.01,65.0,250.0
1768639793.8144965,303600,0.0,133.91,0.04,65.0,250.0
1768639793.8446448,303620,0.0,133.91,-0.08,65.0,250.0
1768639793.8652408,303640,0.0,133.91,-0.01,65.0,250.0
1768639793.8803568,303660,0.0,133.91,-0.03,65.0,250.0
1768639793.902925,303680,0.0,133.91,-0.11,65.0,250.0
1768639793.9267864,303700,0.0,133.91,-0.01,65.0,250.0
1768639793.9421935,303720,0.0,133.91,0.06,65.0,250.0
1768639793.9653344,303740,0.0,133.91,-0.01,65.0,250.0
1768639793.9725132,303760,0.0,133.91,-0.01,65.0,250.0
1768639794.007885,303780,0.0,133.91,-0.15,65.0,250.0
1768639794.0289145,303800,0.0,133.91,0.06,65.0,250.0
1768639794.039556,303820,0.0,133.91,0.01,65.0,250.0
1768639794.0537043,303840,0.0,133.91,-0.08,65.0,250.0
1768639794.0903828,303860,0.0,133.91,-0.01,65.0,250.0
1768639794.1044018,303880,0.0,133.91,-0.01,65.0,250.0
1768639794.1199608,303900,0.0,133.91,-0.08,65.0,250.0
1768639794.1415546,303920,0.0,133.91,-0.08,65.0,250.0
1768639794.166246,303940,0.0,133.9,-0.08,65.0,250.0
1768639794.1820483,303960,0.0,133.9,0.13,65.0,250.0
1768639794.1974876,303980,0.0,133.91,-0.01,65.0,250.0
1768639794.2170916,304000,0.0,133.9,-0.08,65.0,250.0
1768639794.2531605,304020,0.0,133.91,0.06,65.0,250.0
1768639794.2632396,304040,0.0,133.9,-0.03,65.0,250.0
1768639794.278524,304060,0.0,133.91,-0.01,65.0,250.0
1768639794.2936838,304080,0.0,133.9,-0.01,65.0,250.0
1768639794.329037,304100,0.0,133.91,-0.01,65.0,250.0
1768639794.3444548,304120,0.0,133.91,-0.01,65.0,250.0
1768639794.365382,304140,0.0,133.91,-0.04,65.0,250.0
1768639794.3753722,304160,0.0,133.9,0.06,65.0,250.0
1768639794.4215794,304180,0.0,133.9,0.1,65.0,250.0
1768639794.4274187,304200,0.0,133.9,-0.08,65.0,250.0
1768639794.4434838,304220,0.0,133.9,0.03,65.0,250.0
1768639794.46558,304240,0.0,133.9,0.03,65.0,250.0
1768639794.491201,304260,0.0,133.9,-0.01,65.0,250.0
1768639794.5087464,304280,0.0,133.91,-0.08,65.0,250.0
1768639794.519808,304300,0.0,133.91,0.06,65.0,250.0
1768639794.533382,304320,0.0,133.91,0.06,65.0,250.0
1768639794.5693147,304340,0.0,133.91,-0.08,65.0,250.0
1768639794.589099,304360,0.0,133.91,0.06,65.0,250.0
1768639794.5994687,304380,0.0,133.91,-0.01,65.0,250.0
1768639794.6141026,304400,0.0,133.91,-0.08,65.0,250.0
1768639794.6495812,304420,0.0,133.9,0.06,65.0,250.0
1768639794.6650083,304440,0.0,133.91,-0.05,65.0,250.0
1768639794.6800222,304460,0.0,133.9,-0.01,65.0,250.0
1768639794.702065,304480,0.0,133.91,0.06,65.0,250.0
1768639794.7268004,304500,0.0,133.91,0.03,65.0,250.0
1768639794.7491639,304520,0.0,133.91,0.06,65.0,250.0
1768639794.7574286,304540,0.0,133.91,-0.01,65.0,250.0
1768639794.7772906,304560,0.0,133.9,-0.04,65.0,250.0
1768639794.813902,304580,0.0,133.9,-0.01,65.0,250.0
1768639794.8240144,304600,0.0,133.91,0.06,65.0,250.0
1768639794.8391278,304620,0.0,133.91,0.06,65.0,250.0
1768639794.8580756,304640,0.0,133.91,-0.08,65.0,250.0
1768639794.8896468,304660,0.0,133.91,-0.08,65.0,250.0
1768639794.904948,304680,0.0,133.91,0.06,65.0,250.0
1768639794.9259374,304700,0.0,133.91,0.04,65.0,250.0
1768639794.9357932,304720,0.0,133.91,-0.08,65.0,250.0
1768639794.9661207,304740,0.0,133.91,-0.01,65.0,250.0
1768639794.9854312,304760,0.0,133.91,0.06,65.0,250.0
1768639795.0018966,304780,0.0,133.91,0.13,65.0,250.0
1768639795.0213726,304800,0.0,133.91,0.02,65.0,250.0
1768639795.0466723,304820,0.0,133.91,-0.01,65.0,250.0
1768639795.0624285,304840,0.0,133.91,0.06,65.0,250.0
1768639795.0935404,304860,0.0,133.91,0.06,65.0,250.0
1768639795.0971649,304880,0.0,133.91,-0.01,65.0,250.0
1768639795.1341681,304900,0.0,133.91,0.06,65.0,250.0
1768639795.1444,304920,0.0,133.91,-0.01,65.0,250.0
1768639795.1595962,304940,0.0,133.91,-0.01,65.0,250.0
1768639795.174252,304960,0.0,133.92,0.02,65.0,250.0
1768639795.2098277,304980,0.0,133.92,-0.11,65.0,250.0
1768639795.2249775,305000,0.0,133.91,-0.01,65.0,250.0
1768639795.2462485,305020,0.0,133.91,0.03,65.0,250.0
1768639795.2560792,305040,0.0,133.91,-0.08,65.0,250.0
1768639795.2863657,305060,0.0,133.91,-0.08,65.0,250.0
1768639795.3114614,305080,0.0,133.91,-0.01,65.0,250.0
1768639795.322039,305100,0.0,133.91,-0.08,65.0,250.0
1768639795.3374186,305120,0.0,133.91,-0.01,65.0,250.0
1768639795.3682933,305140,0.0,133.91,0.06,65.0,250.0
1768639795.383583,305160,0.0,133.91,-0.01,65.0,250.0
1768639795.3987737,305180,0.0,133.91,-0.01,65.0,250.0
1768639795.4136248,305200,0.0,133.91,-0.11,65.0,250.0
1768639795.4491098,305220,0.0,133.91,-0.05,65.0,250.0
1768639795.4705715,305240,0.0,133.91,-0.01,65.0,250.0
1768639795.4805214,305260,0.0,133.91,-0.01,65.0,250.0
1768639795.495438,305280,0.0,133.91,-0.01,65.0,250.0
1768639795.5258472,305300,0.0,133.91,-0.08,65.0,250.0
1768639795.5459492,305320,0.0,133.91,-0.08,65.0,250.0
1768639795.5612795,305340,0.0,133.91,0.06,65.0,250.0
1768639795.582165,305360,0.0,133.91,0.04,65.0,250.0
1768639795.6074162,305380,0.0,133.91,-0.08,65.0,250.0
1768639795.6246066,305400,0.0,133.9,0.06,65.0,250.0
1768639795.6381857,305420,0.0,133.9,-0.01,65.0,250.0
1768639795.657951,305440,0.0,133.9,0.06,65.0,250.0
1768639795.6945088,305460,0.0,133.91,0.1,65.0,250.0
1768639795.7045276,305480,0.0,133.91,-0.01,65.0,250.0
1768639795.7373765,305500,0.0,133.91,0.03,65.0,250.0
1768639795.7378998,305520,0.0,133.9,-0.01,65.0,250.0
1768639795.770301,305540,0.0,133.91,0.06,65.0,250.0
1768639795.7856333,305560,0.0,133.9,-0.01,65.0,250.0
1768639795.8069756,305580,0.0,133.91,-0.01,65.0,250.0
1768639795.8167558,305600,0.0,133.91,-0.04,65.0,250.0
1768639795.8470643,305620,0.0,133.91,-0.08,65.0,250.0
1768639795.8620348,305640,0.0,133.91,-0.01,65.0,250.0
1768639795.8822103,305660,0.0,133.91,-0.08,65.0,250.0
1768639795.8975203,305680,0.0,133.91,-0.08,65.0,250.0
1768639795.928756,305700,0.0,133.91,0.06,65.0,250.0
1768639795.957906,305720,0.0,133.91,0.03,65.0,250.0
1768639795.9598851,305740,0.0,133.91,0.01,65.0,250.0
1768639795.9738927,305760,0.0,133.91,-0.01,65.0,250.0
1768639796.0093713,305780,0.0,133.91,-0.08,65.0,250.0
1768639796.0309486,305800,0.0,133.9,-0.08,65.0,250.0
1768639796.0408947,305820,0.0,133.9,-0.01,65.0,250.0
1768639796.0561686,305840,0.0,133.91,-0.01,65.0,250.0
1768639796.0863588,305860,0.0,133.91,-0.04,65.0,250.0
1768639796.106523,305880,0.0,133.9,-0.15,65.0,250.0
1768639796.121851,305900,0.0,133.9,0.01,65.0,250.0
1768639796.142751,305920,0.0,133.9,0.1,65.0,250.0
1768639796.1681883,305940,0.0,133.91,0.13,65.0,250.0
1768639796.187642,305960,0.0,133.91,-0.06,65.0,250.0
1768639796.1985247,305980,0.0,133.91,-0.11,65.0,250.0
1768639796.2186878,306000,0.0,133.91,-0.08,65.0,250.0
1768639796.2550588,306020,0.0,133.91,-0.06,65.0,250.0
1768639796.265174,306040,0.0,133.91,0.06,65.0,250.0
1768639796.2804866,306060,0.0,133.91,-0.05,65.0,250.0
1768639796.300409,306080,0.0,133.91,-0.01,65.0,250.0
1768639796.3110685,306100,0.0,133.91,-0.01,65.0,250.0
1768639796.3459063,306120,0.0,133.91,-0.08,65.0,250.0
1768639796.3675747,306140,0.0,133.91,-0.01,65.0,250.0
1768639796.377323,306160,0.0,133.91,-0.01,65.0,250.0
1768639796.4144278,306180,0.0,133.91,0.06,65.0,250.0
1768639796.422987,306200,0.0,133.91,0.06,65.0,250.0
1768639796.443305,306220,0.0,133.91,-0.01,65.0,250.0
1768639796.4585624,306240,0.0,133.91,-0.01,65.0,250.0
1768639796.4795003,306260,0.0,133.91,0.06,65.0,250.0
1768639796.5208335,306280,0.0,133.91,-0.01,65.0,250.0
1768639796.5214238,306300,0.0,133.91,-0.08,65.0,250.0
1768639796.534836,306320,0.0,133.91,-0.01,65.0,250.0
1768639796.55517,306340,0.0,133.91,-0.06,65.0,250.0
1768639796.591487,306360,0.0,133.91,0.13,65.0,250.0
1768639796.6015675,306380,0.0,133.91,-0.01,65.0,250.0
1768639796.6312282,306400,0.0,133.91,0.06,65.0,250.0
1768639796.6320517,306420,0.0,133.91,-0.04,65.0,250.0
1768639796.6673756,306440,0.0,133.91,-0.04,65.0,250.0
1768639796.6826565,306460,0.0,133.91,-0.08,65.0,250.0
1768639796.703612,306480,0.0,133.91,-0.01,65.0,250.0
1768639796.7137864,306500,0.0,133.91,0.02,65.0,250.0
1768639796.7437387,306520,0.0,133.91,-0.08,65.0,250.0
1768639796.7591772,306540,0.0,133.91,-0.01,65.0,250.0
1768639796.7794917,306560,0.0,133.91,0.04,65.0,250.0
1768639796.7942846,306580,0.0,133.91,-0.11,65.0,250.0
1768639796.825731,306600,0.0,133.91,-0.08,65.0,250.0
1768639796.85254,306620,0.0,133.91,-0.01,65.0,250.0
1768639796.8561287,306640,0.0,133.91,-0.11,65.0,250.0
1768639796.8711011,306660,0.0,133.91,0.06,65.0,250.0
1768639796.906487,306680,0.0,133.91,0.06,65.0,250.0
1768639796.927694,306700,0.0,133.91,-0.04,65.0,250.0
1768639796.9380803,306720,0.0,133.91,-0.08,65.0,250.0
1768639796.9631524,306740,0.0,133.91,-0.01,65.0,250.0
1768639796.9834054,306760,0.0,133.91,-0.05,65.0,250.0
1768639797.003941,306780,0.0,133.91,-0.01,65.0,250.0
1768639797.024019,306800,0.0,133.91,-0.08,65.0,250.0
1768639797.0343435,306820,0.0,133.91,-0.01,65.0,250.0
1768639797.0715375,306840,0.0,133.91,-0.01,65.0,250.0
1768639797.079339,306860,0.0,133.91,-0.01,65.0,250.0
1768639797.0995295,306880,0.0,133.91,-0.08,65.0,250.0
1768639797.1148427,306900,0.0,133.91,0.06,65.0,250.0
1768639797.1458879,306920,0.0,133.91,0.1,65.0,250.0
1768639797.161197,306940,0.0,133.91,-0.05,65.0,250.0
1768639797.177454,306960,0.0,133.91,-0.04,65.0,250.0
1768639797.191545,306980,0.0,134.1,27.57,65.0,250.0
1768639797.2267606,307000,0.0,133.93,-55.83,65.0,250.0
1768639797.2478547,307020,0.0,131.95,-112.0,115.0,364.0
1768639797.2578526,307040,0.0,130.27,-42.01,115.0,364.0
1768639797.2862074,307060,0.0,129.59,-36.61,65.0,250.0
1768639797.3034298,307080,0.0,129.09,-5.46,65.0,250.0
1768639797.3237643,307100,0.0,129.53,56.87,65.0,250.0
1768639797.338786,307120,0.0,131.43,113.61,65.0,250.0
1768639797.3602645,307140,0.0,133.4,114.22,65.0,250.0
1768639797.3985288,307160,0.0,136.47,167.98,65.0,250.0
1768639797.400487,307180,0.0,139.97,181.23,65.0,250.0
1768639797.4156318,307200,0.0,143.61,189.17,65.0,250.0
1768639797.4360645,307220,0.0,147.75,226.98,65.0,250.0
1768639797.471611,307240,0.0,152.48,234.04,65.0,250.0
1768639797.4816828,307260,0.0,156.73,188.75,65.0,250.0
1768639797.5088804,307280,0.0,159.84,128.54,65.0,250.0
1768639797.512488,307300,0.0,161.98,96.09,65.0,250.0
1768639797.5473087,307320,0.0,164.43,147.94,65.0,250.0
1768639797.5626276,307340,0.0,167.53,168.41,65.0,250.0
1768639797.5846236,307360,0.0,171.23,177.63,65.0,250.0
1768639797.6026347,307380,0.0,174.13,122.45,65.0,250.0
1768639797.6244836,307400,0.0,176.71,132.81,65.0,250.0
1768639797.639776,307420,0.0,179.65,147.6,65.0,250.0
1768639797.6602292,307440,0.0,-177.49,137.54,65.0,250.0
1768639797.6758316,307460,0.0,-175.22,86.73,65.0,250.0
1768639797.7105646,307480,0.0,-173.87,57.94,115.0,364.0
1768639797.7217329,307500,0.0,-172.62,74.09,115.0,364.0
1768639797.7366903,307520,0.0,-170.92,91.43,115.0,364.0
1768639797.7528152,307540,0.0,-169.37,64.41,115.0,364.0
1768639797.7871904,307560,0.0,-168.32,43.08,115.0,364.0
1768639797.8262084,307580,0.0,-167.65,21.53,115.0,364.0
1768639797.8267694,307600,0.0,-167.53,-3.57,115.0,364.0
1768639797.8346405,307620,0.0,-167.48,12.76,115.0,364.0
1768639797.864206,307640,0.0,-166.81,51.64,115.0,364.0
1768639797.8844879,307660,0.0,-165.64,60.73,115.0,364.0
1768639797.8994775,307680,0.0,-164.51,41.61,115.0,364.0
1768639797.9377527,307700,0.0,-163.79,32.13,115.0,364.0
1768639797.945892,307720,0.0,-163.23,28.05,115.0,364.0
1768639797.961528,307740,0.0,-162.59,40.1,115.0,364.0
1768639797.9765139,307760,0.0,-161.64,59.14,115.0,364.0
1768639797.99766,307780,0.0,-160.29,67.5,115.0,364.0
1768639798.0475378,307800,0.0,-158.92,70.06,115.0,364.0
1768639798.0480914,307820,0.0,-157.57,59.95,115.0,364.0
1768639798.0582643,307840,0.0,-156.51,57.85,115.0,364.0
1768639798.0744195,307860,0.0,-154.9,103.68,115.0,364.0
1768639798.1086454,307880,0.0,-152.55,126.04,65.0,250.0
1768639798.12377,307900,0.0,-150.3,97.65,65.0,250.0
1768639798.1570992,307920,0.0,-148.4,94.19,65.0,250.0
1768639798.158938,307940,0.0,-146.41,106.62,65.0,250.0
1768639798.1853464,307960,0.0,-144.39,93.82,65.0,250.0
1768639798.2005942,307980,0.0,-142.42,101.07,65.0,250.0
1768639798.221046,308000,0.0,-140.37,100.8,65.0,250.0
1768639798.2367482,308020,0.0,-138.14,115.39,65.0,250.0
1768639798.2681887,308040,0.0,-136.19,80.13,65.0,250.0
1768639798.281891,308060,0.0,-135.21,20.14,115.0,364.0
1768639798.296937,308080,0.0,-135.09,6.94,115.0,364.0
1768639798.3175855,308100,0.0,-134.84,18.44,115.0,364.0
1768639798.3476596,308120,0.0,-134.53,9.65,115.0,364.0
1768639798.3702538,308140,0.0,-134.24,18.06,115.0,364.0
1768639798.3925495,308160,0.0,-134.14,-0.66,115.0,364.0
1768639798.395515,308180,0.0,-134.27,-17.88,115.0,364.0
1768639798.4246778,308200,0.0,-134.6,-17.9,115.0,364.0
1768639798.444753,308220,0.0,-135.03,-24.01,115.0,364.0
1768639798.4605074,308240,0.0,-135.84,-62.39,115.0,364.0
1768639798.482713,308260,0.0,-138.05,-184.22,115.0,364.0
1768639798.513949,308280,0.0,-143.98,-387.58,115.0,364.0
1768639798.5218332,308300,0.0,-153.25,-520.59,115.0,364.0
1768639798.5367324,308320,0.0,-163.96,-508.45,115.0,364.0
1768639798.5569577,308340,0.0,-175.22,-532.71,115.0,364.0
1768639798.5930727,308360,0.0,176.25,-378.88,115.0,364.0
1768639798.6032662,308380,0.0,169.4,-271.49,115.0,364.0
1768639798.628412,308400,0.0,165.3,-154.4,115.0,364.0
1768639798.6351318,308420,0.0,162.5,-121.76,115.0,364.0
1768639798.6691875,308440,0.0,160.33,-98.79,115.0,364.0
1768639798.6843557,308460,0.0,158.47,-96.13,65.0,250.0
1768639798.7048461,308480,0.0,156.47,-107.69,115.0,364.0
1768639798.7156982,308500,0.0,154.37,-99.65,115.0,364.0
1768639798.7467153,308520,0.0,152.57,-87.08,70.0,262.0
1768639798.7652931,308540,0.0,150.76,-93.27,83.0,291.0
1768639798.7804546,308560,0.0,149.08,-73.97,74.0,271.0
1768639798.7959232,308580,0.0,147.66,-66.08,65.0,250.0
1768639798.8275318,308600,0.0,146.34,-61.51,65.0,250.0
1768639798.8426518,308620,0.0,145.2,-54.68,65.0,250.0
1768639798.8616579,308640,0.0,144.17,-48.68,65.0,250.0
1768639798.8733084,308660,0.0,143.27,-45.49,65.0,250.0
1768639798.9083312,308680,0.0,142.17,-66.58,65.0,250.0
1768639798.9295278,308700,0.0,140.47,-91.76,115.0,364.0
1768639798.9397044,308720,0.0,138.76,-74.37,91.0,309.0
1768639798.9553785,308740,0.0,137.27,-73.69,65.0,250.0
1768639798.9851246,308760,0.0,135.84,-70.15,65.0,250.0
1768639799.005546,308780,0.0,134.42,-66.3,65.0,250.0
1768639799.0204403,308800,0.0,132.96,-77.59,65.0,250.0
1768639799.0422797,308820,0.0,131.03,-119.29,115.0,364.0
1768639799.0675962,308840,0.0,128.68,-113.75,115.0,364.0
1768639799.089063,308860,0.0,126.55,-103.32,115.0,364.0
1768639799.0975804,308880,0.0,124.83,-46.9,115.0,364.0
1768639799.1188872,308900,0.0,123.91,-75.51,65.0,250.0
1768639799.1540282,308920,0.0,122.33,-73.93,115.0,364.0
1768639799.1639628,308940,0.0,120.96,-57.72,65.0,250.0
1768639799.197429,308960,0.0,120.46,-10.1,65.0,250.0
1768639799.1985,308980,0.0,120.27,-17.64,65.0,250.0
1768639799.2298002,309000,0.0,119.64,-36.6,65.0,250.0
1768639799.244759,309020,0.0,119.24,-0.67,65.0,250.0
1768639799.2664237,309040,0.0,119.64,17.62,65.0,250.0
1768639799.276597,309060,0.0,119.7,-0.21,65.0,250.0
1768639799.322944,309080,0.0,119.75,0.48,65.0,250.0
1768639799.3237896,309100,0.0,119.75,-0.3,65.0,250.0
1768639799.3419526,309120,0.0,119.75,-0.11,65.0,250.0
1768639799.3568316,309140,0.0,119.58,-28.48,65.0,250.0
1768639799.3881168,309160,0.0,119.15,-5.08,65.0,250.0
1768639799.403534,309180,0.0,119.14,-0.3,65.0,250.0
1768639799.4313712,309200,0.0,119.09,-9.31,65.0,250.0
1768639799.4335256,309220,0.0,118.78,-22.58,65.0,250.0
1768639799.4688625,309240,0.0,118.43,-21.73,65.0,250.0
1768639799.4895012,309260,0.0,118.36,15.39,65.0,250.0
1768639799.4996002,309280,0.0,119.66,127.2,65.0,250.0
1768639799.5150836,309300,0.0,123.17,234.23,65.0,250.0
1768639799.5501854,309320,0.0,128.26,261.24,65.0,250.0
1768639799.5653987,309340,0.0,134.09,343.66,65.0,250.0
1768639799.5806909,309360,0.0,141.22,326.62,65.0,250.0
1768639799.6026053,309380,0.0,147.67,311.99,65.0,250.0
1768639799.6274822,309400,0.0,153.88,315.04,65.0,250.0
1768639799.6535342,309420,0.0,160.75,331.37,65.0,250.0
1768639799.6581373,309440,0.0,166.16,207.6,65.0,250.0
1768639799.6788023,309460,0.0,169.45,128.8,65.0,250.0
1768639799.7147975,309480,0.0,171.75,122.69,65.0,250.0
1768639799.7246976,309500,0.0,174.56,139.22,65.0,250.0
1768639799.7405555,309520,0.0,176.02,32.47,65.0,250.0
1768639799.755701,309540,0.0,177.81,116.06,65.0,250.0
1768639799.7899795,309560,0.0,178.97,17.52,65.0,250.0
1768639799.8053029,309580,0.0,179.43,29.26,65.0,250.0
1768639799.8264775,309600,0.0,179.98,17.67,65.0,250.0
1768639799.83676,309620,0.0,-179.62,29.15,115.0,364.0
1768639799.8670185,309640,0.0,-178.89,25.07,115.0,364.0
1768639799.8874042,309660,0.0,-178.61,9.77,115.0,364.0
1768639799.902583,309680,0.0,-178.3,22.29,115.0,364.0
1768639799.9183888,309700,0.0,-178.13,-0.26,115.0,364.0
1768639799.9481115,309720,0.0,-178.09,7.98,115.0,364.0
1768639799.9634054,309740,0.0,-177.96,-0.68,115.0,364.0
1768639799.9785988,309760,0.0,-177.96,-0.1,115.0,364.0
1768639800.0114038,309780,0.0,-177.96,0.48,115.0,364.0
1768639800.028761,309800,0.0,-177.87,9.3,115.0,364.0
1768639800.051072,309820,0.0,-177.82,-0.36,115.0,364.0
1768639800.0612788,309840,0.0,-178.02,-28.2,115.0,364.0
1768639800.077274,309860,0.0,-178.53,-18.17,115.0,364.0
1768639800.1239314,309880,0.0,-178.7,0.12,115.0,364.0
1768639800.1264968,309900,0.0,-178.54,18.7,115.0,364.0
1768639800.14199,309920,0.0,-178.06,36.48,115.0,364.0
1768639800.163733,309940,0.0,-177.5,22.94,115.0,364.0
1768639800.1883783,309960,0.0,-176.5,84.84,115.0,364.0
1768639800.203573,309980,0.0,-175.01,51.64,115.0,364.0
1768639800.2187722,310000,0.0,-174.88,-24.8,115.0,364.0
1768639800.2468948,310020,0.0,-174.81,4.27,115.0,364.0
1768639800.2748146,310040,0.0,-174.99,-17.21,115.0,364.0
1768639800.2852812,310060,0.0,-175.33,-20.75,115.0,364.0
1768639800.3001645,310080,0.0,-176.15,-69.18,115.0,364.0
1768639800.317104,310100,0.0,-178.39,-174.37,115.0,364.0
1768639800.3510718,310120,0.0,176.33,-347.14,115.0,364.0
1768639800.3719177,310140,0.0,167.93,-484.88,115.0,364.0
1768639800.3872786,310160,0.0,157.51,-531.08,115.0,364.0
1768639800.39852,310180,0.0,147.66,-438.07,115.0,364.0
1768639800.4272938,310200,0.0,139.69,-360.63,115.0,364.0
1768639800.442395,310220,0.0,132.36,-354.86,115.0,364.0
1768639800.473472,310240,0.0,125.81,-295.14,115.0,364.0
1768639800.4807281,310260,0.0,120.62,-221.0,115.0,364.0
1768639800.5091476,310280,0.0,116.73,-111.49,115.0,364.0
1768639800.5244846,310300,0.0,115.4,-30.3,69.0,259.0
1768639800.5397627,310320,0.0,115.23,5.91,65.0,250.0
1768639800.555414,310340,0.0,115.5,18.26,65.0,250.0
1768639800.6116352,310360,0.0,115.99,31.65,65.0,250.0
1768639800.612559,310380,0.0,117.47,128.28,65.0,250.0
1768639800.6211832,310400,0.0,121.24,244.9,65.0,250.0
1768639800.6364777,310420,0.0,126.79,307.05,65.0,250.0
1768639800.666567,310440,0.0,134.03,409.75,65.0,250.0
1768639800.6874316,310460,0.0,142.39,373.89,65.0,250.0
1768639800.7025385,310480,0.0,149.48,361.61,65.0,250.0
1768639800.734553,310500,0.0,156.39,336.45,65.0,250.0
1768639800.74929,310520,0.0,163.13,305.51,65.0,250.0
1768639800.7637978,310540,0.0,168.17,221.32,65.0,250.0
1768639800.7789645,310560,0.0,171.87,162.47,65.0,250.0
1768639800.7997925,310580,0.0,174.79,135.86,65.0,250.0
1768639800.8353252,310600,0.0,177.08,98.34,65.0,250.0
1768639800.8542001,310620,0.0,178.96,87.1,65.0,250.0
1768639800.860121,310640,0.0,179.86,64.62,65.0,250.0
1768639800.8752594,310660,0.0,-179.25,6.55,115.0,364.0
1768639800.9104772,310680,0.0,-179.46,-30.18,115.0,364.0
1768639800.926065,310700,0.0,179.25,-102.59,115.0,364.0
1768639800.9631338,310720,0.0,176.2,-220.99,115.0,364.0
1768639800.9640684,310740,0.0,170.03,-405.84,115.0,364.0
1768639800.9879324,310760,0.0,160.29,-562.46,115.0,364.0
1768639801.003436,310780,0.0,148.87,-540.2,115.0,364.0
1768639801.0236812,310800,0.0,139.39,-407.53,115.0,364.0
1768639801.0398626,310820,0.0,132.23,-333.74,115.0,364.0
1768639801.069597,310840,0.0,125.5,-322.34,115.0,364.0
1768639801.0907826,310860,0.0,119.95,-211.48,115.0,364.0
1768639801.100649,310880,0.0,117.06,-105.7,115.0,364.0
1768639801.1159635,310900,0.0,115.39,-57.74,115.0,364.0
1768639801.1355975,310920,0.0,114.68,-13.54,65.0,250.0
1768639801.1720085,310940,0.0,115.07,57.9,65.0,250.0
1768639801.1816223,310960,0.0,117.38,181.97,65.0,250.0
1768639801.2124586,310980,0.0,122.91,398.47,65.0,250.0
1768639801.2200322,311000,0.0,131.96,490.4,65.0,250.0
1768639801.2476606,311020,0.0,142.19,476.62,65.0,250.0
1768639801.26292,311040,0.0,150.3,365.15,65.0,250.0
1768639801.2843034,311060,0.0,157.29,313.07,65.0,250.0
1768639801.2943006,311080,0.0,163.35,302.99,65.0,250.0
1768639801.3241208,311100,0.0,168.5,197.0,65.0,250.0
1768639801.343702,311120,0.0,172.04,170.77,65.0,250.0
1768639801.3596723,311140,0.0,175.14,136.38,65.0,250.0
1768639801.3749819,311160,0.0,177.62,120.54,65.0,250.0
1768639801.4057326,311180,0.0,-179.91,117.24,65.0,250.0
1768639801.4209673,311200,0.0,-177.83,82.85,90.0,307.0
1768639801.4548526,311220,0.0,-176.75,27.79,115.0,364.0
1768639801.4554584,311240,0.0,-176.54,-1.05,115.0,364.0
1768639801.4867501,311260,0.0,-176.56,-0.97,115.0,364.0
1768639801.5076926,311280,0.0,-176.55,1.71,115.0,364.0
1768639801.5186021,311300,0.0,-176.51,0.38,115.0,364.0
1768639801.5339358,311320,0.0,-176.51,-0.29,115.0,364.0
1768639801.568098,311340,0.0,-176.51,-0.02,115.0,364.0
1768639801.5838816,311360,0.0,-176.39,11.03,115.0,364.0
1768639801.5990105,311380,0.0,-176.14,13.39,115.0,364.0
1768639801.621184,311400,0.0,-175.98,5.91,115.0,364.0
1768639801.645035,311420,0.0,-175.92,1.42,115.0,364.0
1768639801.6718633,311440,0.0,-175.89,1.18,115.0,364.0
1768639801.6755323,311460,0.0,-175.77,8.46,115.0,364.0
1768639801.69589,311480,0.0,-175.38,29.2,115.0,364.0
1768639801.7322135,311500,0.0,-174.75,31.71,115.0,364.0
1768639801.7423828,311520,0.0,-174.08,37.76,115.0,364.0
1768639801.7574685,311540,0.0,-173.29,38.64,115.0,364.0
1768639801.7821782,311560,0.0,-172.55,32.8,115.0,364.0
1768639801.8077195,311580,0.0,-171.89,30.58,115.0,364.0
1768639801.823173,311600,0.0,-171.3,28.11,115.0,364.0
1768639801.8444343,311620,0.0,-170.68,36.59,115.0,364.0
1768639801.8551512,311640,0.0,-169.85,34.28,115.0,364.0
1768639801.8938096,311660,0.0,-169.42,21.75,115.0,364.0
1768639801.8995187,311680,0.0,-168.65,51.65,115.0,364.0
1768639801.9202046,311700,0.0,-167.4,72.09,115.0,364.0
1768639801.9364011,311720,0.0,-165.69,108.25,115.0,364.0
1768639801.9665172,311740,0.0,-162.96,152.74,65.0,250.0
1768639801.9818778,311760,0.0,-160.1,134.56,65.0,250.0
1768639801.9969165,311780,0.0,-157.53,117.54,65.0,250.0
1768639802.017138,311800,0.0,-155.44,84.86,65.0,250.0
1768639802.0524533,311820,0.0,-153.97,65.66,115.0,364.0
1768639802.0624263,311840,0.0,-152.77,62.93,115.0,364.0
1768639802.077776,311860,0.0,-151.45,71.4,115.0,364.0
1768639802.0935357,311880,0.0,-149.93,74.16,115.0,364.0
1768639802.1469188,311900,0.0,-148.41,77.49,115.0,364.0
1768639802.1474164,311920,0.0,-146.87,78.27,115.0,364.0
1768639802.1647654,311940,0.0,-145.35,70.63,115.0,364.0
1768639802.175311,311960,0.0,-143.87,75.33,115.0,364.0
1768639802.2051077,311980,0.0,-142.52,56.92,115.0,364.0
1768639802.2201672,312000,0.0,-141.57,32.38,115.0,364.0
1768639802.240873,312020,0.0,-140.84,38.53,115.0,364.0
1768639802.2713351,312040,0.0,-140.0,48.4,115.0,364.0
1768639802.2865038,312060,0.0,-139.24,24.95,115.0,364.0
1768639802.3017704,312080,0.0,-138.96,8.4,115.0,364.0
1768639802.3172388,312100,0.0,-138.66,20.55,115.0,364.0
1768639802.3329616,312120,0.0,-138.34,11.45,115.0,364.0
1768639802.3799767,312140,0.0,-138.18,2.92,115.0,364.0
1768639802.3826814,312160,0.0,-138.14,5.44,115.0,364.0
1768639802.3978887,312180,0.0,-137.92,15.0,115.0,364.0
1768639802.4136128,312200,0.0,-137.59,13.71,115.0,364.0
1768639802.4486113,312220,0.0,-137.33,8.3,115.0,364.0
1768639802.4633682,312240,0.0,-137.23,1.13,115.0,364.0
1768639802.4842193,312260,0.0,-137.23,0.19,115.0,364.0
1768639802.5062897,312280,0.0,-137.16,7.25,115.0,364.0
1768639802.5242803,312300,0.0,-137.03,6.77,115.0,364.0
1768639802.5447173,312320,0.0,-136.74,13.94,115.0,364.0
1768639802.5600462,312340,0.0,-136.67,-0.56,115.0,364.0
1768639802.5754275,312360,0.0,-136.67,-0.17,115.0,364.0
1768639802.6198776,312380,0.0,-136.7,-2.7,115.0,364.0
1768639802.6221504,312400,0.0,-136.73,-0.44,115.0,364.0
1768639802.637295,312420,0.0,-136.74,0.08,115.0,364.0
1768639802.6529882,312440,0.0,-136.73,-0.03,115.0,364.0
1768639802.6876948,312460,0.0,-136.73,-0.09,115.0,364.0
1768639802.7084563,312480,0.0,-136.73,-0.12,115.0,364.0
1768639802.7188487,312500,0.0,-136.79,-8.05,115.0,364.0
1768639802.7391222,312520,0.0,-137.09,-23.59,115.0,364.0
1768639802.769042,312540,0.0,-137.99,-74.62,115.0,364.0
1768639802.7843394,312560,0.0,-140.58,-219.01,115.0,364.0
1768639802.7994146,312580,0.0,-146.27,-319.82,115.0,364.0
1768639802.8225641,312600,0.0,-153.04,-371.63,115.0,364.0
1768639802.8510473,312620,0.0,-161.42,-458.97,115.0,364.0
1768639802.8615737,312640,0.0,-171.4,-541.62,115.0,364.0
1768639802.8766341,312660,0.0,177.35,-565.42,115.0,364.0
1768639802.898478,312680,0.0,166.58,-498.86,115.0,364.0
1768639802.9336274,312700,0.0,158.33,-361.91,115.0,364.0
1768639802.959763,312720,0.0,152.3,-261.54,115.0,364.0
1768639802.9607823,312740,0.0,148.88,-92.33,115.0,364.0
1768639802.974579,312760,0.0,147.67,-47.24,65.0,250.0
1768639803.0088203,312780,0.0,146.55,-79.22,65.0,250.0
1768639803.023898,312800,0.0,145.22,-30.21,65.0,250.0
1768639803.0454288,312820,0.0,144.88,-19.58,65.0,250.0
1768639803.0578635,312840,0.0,144.79,7.67,65.0,250.0
1768639803.0856028,312860,0.0,145.02,23.81,65.0,250.0
1768639803.1006682,312880,0.0,145.5,16.16,65.0,250.0
1768639803.1210344,312900,0.0,145.94,36.73,65.0,250.0
1768639803.1362073,312920,0.0,146.26,-2.76,65.0,250.0
1768639803.166816,312940,0.0,146.13,-5.26,65.0,250.0
1768639803.1974747,312960,0.0,146.1,5.5,65.0,250.0
1768639803.1979775,312980,0.0,146.24,8.09,65.0,250.0
1768639803.2173007,313000,0.0,146.25,-0.46,65.0,250.0
1768639803.2475984,313020,0.0,146.22,-4.27,65.0,250.0
1768639803.2694812,313040,0.0,146.13,-5.25,65.0,250.0
1768639803.279338,313060,0.0,146.06,-1.94,65.0,250.0
1768639803.2947786,313080,0.0,145.94,-3.81,65.0,250.0
1768639803.3248866,313100,0.0,145.93,0.0,65.0,250.0
1768639803.3453212,313120,0.0,145.93,-0.1,65.0,250.0
1768639803.3603263,313140,0.0,145.93,-0.04,65.0,250.0
1768639803.3814049,313160,0.0,145.93,-0.01,65.0,250.0
1768639803.4064426,313180,0.0,145.93,-0.01,65.0,250.0
1768639803.4251654,313200,0.0,145.93,-0.08,65.0,250.0
1768639803.4419794,313220,0.0,145.93,0.02,65.0,250.0
1768639803.4569557,313240,0.0,145.93,-0.01,65.0,250.0
1768639803.4935234,313260,0.0,145.93,-0.08,65.0,250.0
1768639803.5038075,313280,0.0,145.93,-0.01,65.0,250.0
1768639803.518745,313300,0.0,145.93,-0.04,65.0,250.0
1768639803.5559344,313320,0.0,145.93,-0.08,65.0,250.0
1768639803.569251,313340,0.0,145.93,-0.01,65.0,250.0
1768639803.5844004,313360,0.0,145.93,-0.01,65.0,250.0
1768639803.6061466,313380,0.0,145.92,-0.01,65.0,250.0
1768639803.6161735,313400,0.0,145.93,0.06,65.0,250.0
1768639803.6620662,313420,0.0,145.92,-0.08,65.0,250.0
1768639803.6677127,313440,0.0,145.92,-0.01,65.0,250.0
1768639803.6816266,313460,0.0,145.92,-0.06,65.0,250.0
1768639803.697049,313480,0.0,145.82,-19.04,65.0,250.0
1768639803.7279406,313500,0.0,145.27,-34.09,65.0,250.0
1768639803.7441509,313520,0.0,144.64,-21.05,65.0,250.0
1768639803.758449,313540,0.0,144.51,0.56,65.0,250.0
1768639803.7844095,313560,0.0,144.51,-0.01,65.0,250.0
1768639803.808888,313580,0.0,144.51,-0.08,65.0,250.0
1768639803.8300366,313600,0.0,144.51,0.03,65.0,250.0
1768639803.840006,313620,0.0,144.51,-0.08,65.0,250.0
1768639803.854969,313640,0.0,144.51,-0.01,65.0,250.0
1768639803.8858514,313660,0.0,144.51,-0.05,65.0,250.0
1768639803.9076626,313680,0.0,144.5,-0.08,65.0,250.0
1768639803.921055,313700,0.0,144.5,-0.14,65.0,250.0
1768639803.9422514,313720,0.0,144.5,-0.11,65.0,250.0
1768639803.96739,313740,0.0,144.5,-0.01,65.0,250.0
1768639803.9829443,313760,0.0,144.5,-0.22,65.0,250.0
1768639803.9982266,313780,0.0,144.5,-0.81,65.0,250.0
1768639804.0243142,313800,0.0,144.36,-9.42,65.0,250.0
1768639804.0541878,313820,0.0,144.17,-6.23,65.0,250.0
1768639804.064281,313840,0.0,144.09,-3.57,65.0,250.0
1768639804.079568,313860,0.0,144.03,-2.63,65.0,250.0
1768639804.0947561,313880,0.0,144.01,0.09,65.0,250.0
1768639804.1298292,313900,0.0,144.01,-0.05,65.0,250.0
1768639804.1611876,313920,0.0,144.01,0.06,65.0,250.0
1768639804.1662996,313940,0.0,144.01,-0.15,65.0,250.0
1768639804.1763358,313960,0.0,144.01,-0.01,65.0,250.0
1768639804.206612,313980,0.0,144.01,-0.15,65.0,250.0
1768639804.2216716,314000,0.0,144.01,-0.08,65.0,250.0
1768639804.242104,314020,0.0,144.01,-0.04,65.0,250.0
1768639804.2576694,314040,0.0,144.01,-0.01,65.0,250.0
1768639804.2883453,314060,0.0,144.01,-0.06,65.0,250.0
1768639804.3035269,314080,0.0,144.01,-0.04,65.0,250.0
1768639804.3187742,314100,0.0,144.01,-0.01,65.0,250.0
1768639804.3340323,314120,0.0,144.01,0.03,65.0,250.0
1768639804.374277,314140,0.0,144.0,-0.01,65.0,250.0
1768639804.383832,314160,0.0,144.0,-0.08,65.0,250.0
1768639804.410842,314180,0.0,144.0,0.06,65.0,250.0
1768639804.4138129,314200,0.0,144.0,-0.04,65.0,250.0
1768639804.449176,314220,0.0,144.0,-0.08,65.0,250.0
1768639804.4645803,314240,0.0,144.0,-0.01,65.0,250.0
1768639804.4858856,314260,0.0,144.0,-0.08,65.0,250.0
1768639804.4958763,314280,0.0,144.0,-0.1,65.0,250.0
1768639804.5373657,314300,0.0,144.0,-0.01,65.0,250.0
1768639804.5465343,314320,0.0,144.0,-0.11,65.0,250.0
1768639804.5615847,314340,0.0,144.0,0.06,65.0,250.0
1768639804.5826616,314360,0.0,144.0,-0.15,65.0,250.0
1768639804.6075578,314380,0.0,144.0,-0.08,65.0,250.0
1768639804.6396897,314400,0.0,144.0,-0.04,65.0,250.0
1768639804.643839,314420,0.0,144.0,-0.08,65.0,250.0
1768639804.6583092,314440,0.0,144.0,-0.01,65.0,250.0
1768639804.6939175,314460,0.0,144.0,-0.01,65.0,250.0
1768639804.7042491,314480,0.0,144.0,-0.18,65.0,250.0
1768639804.7193012,314500,0.0,144.0,-0.01,65.0,250.0
1768639804.7567286,314520,0.0,144.0,-0.08,65.0,250.0
1768639804.7695363,314540,0.0,144.0,0.02,65.0,250.0
1768639804.7845893,314560,0.0,144.0,-0.15,65.0,250.0
1768639804.806573,314580,0.0,143.99,-0.08,65.0,250.0
1768639804.8167777,314600,0.0,143.99,-0.08,65.0,250.0
1768639804.8466895,314620,0.0,143.99,-0.15,65.0,250.0
1768639804.8817747,314640,0.0,143.99,-0.08,65.0,250.0
1768639804.8827066,314660,0.0,143.99,0.02,65.0,250.0
1768639804.8970363,314680,0.0,143.99,-0.12,65.0,250.0
1768639804.9289448,314700,0.0,143.98,-3.82,65.0,250.0
1768639804.944009,314720,0.0,143.84,-8.22,65.0,250.0
1768639804.9595435,314740,0.0,143.56,-16.34,65.0,250.0
1768639804.9859781,314760,0.0,143.41,-0.29,65.0,250.0
1768639805.00987,314780,0.0,143.41,-0.43,65.0,250.0
1768639805.0310595,314800,0.0,143.4,-0.18,65.0,250.0
1768639805.0410922,314820,0.0,143.4,-0.15,65.0,250.0
1768639805.0563776,314840,0.0,143.4,-0.01,65.0,250.0
1768639805.0864143,314860,0.0,143.4,-0.01,65.0,250.0
1768639805.107504,314880,0.0,143.39,-0.1,65.0,250.0
1768639805.1223216,314900,0.0,143.39,-0.01,65.0,250.0
1768639805.1428585,314920,0.0,143.39,0.06,65.0,250.0
1768639805.1684005,314940,0.0,143.4,0.01,65.0,250.0
1768639805.1836734,314960,0.0,143.4,0.1,65.0,250.0
1768639805.1991587,314980,0.0,143.4,-0.05,65.0,250.0
1768639805.2218628,315000,0.0,143.4,-0.06,65.0,250.0
1768639805.234087,315020,0.0,143.4,0.03,65.0,250.0
1768639805.2655063,315040,0.0,143.4,-0.12,65.0,250.0
1768639805.2814097,315060,0.0,143.4,-0.03,65.0,250.0
1768639805.295534,315080,0.0,143.4,-0.04,65.0,250.0
1768639805.310825,315100,0.0,143.39,0.02,65.0,250.0
1768639805.3461604,315120,0.0,143.39,-0.08,65.0,250.0
1768639805.3673573,315140,0.0,143.4,-0.08,65.0,250.0
1768639805.3779557,315160,0.0,143.39,-0.22,65.0,250.0
1768639805.392928,315180,0.0,143.39,-0.01,65.0,250.0
1768639805.4231997,315200,0.0,143.39,-0.04,65.0,250.0
1768639805.4451413,315220,0.0,143.39,0.01,65.0,250.0
1768639805.4580684,315240,0.0,143.39,-0.01,65.0,250.0
1768639805.4796317,315260,0.0,143.39,0.06,65.0,250.0
1768639805.5049672,315280,0.0,143.39,-0.08,65.0,250.0
1768639805.5198438,315300,0.0,143.39,-0.08,65.0,250.0
1768639805.5353298,315320,0.0,143.39,-0.01,65.0,250.0
1768639805.5553672,315340,0.0,143.39,-0.01,65.0,250.0
1768639805.5915496,315360,0.0,143.39,-0.04,65.0,250.0
1768639805.6019936,315380,0.0,143.39,-0.13,65.0,250.0
1768639805.6168847,315400,0.0,143.39,0.06,65.0,250.0
1768639805.6318426,315420,0.0,143.39,-0.15,65.0,250.0
1768639805.6674578,315440,0.0,143.39,-0.01,65.0,250.0
1768639805.6827598,315460,0.0,143.39,-0.01,65.0,250.0
1768639805.7037902,315480,0.0,143.39,0.06,65.0,250.0
1768639805.713672,315500,0.0,143.39,0.04,65.0,250.0
1768639805.7451043,315520,0.0,143.39,-0.08,65.0,250.0
1768639805.7706776,315540,0.0,143.39,-0.01,65.0,250.0
1768639805.7795372,315560,0.0,143.39,0.06,65.0,250.0
1768639805.7946193,315580,0.0,143.39,-0.01,65.0,250.0
1768639805.825328,315600,0.0,143.39,-0.06,65.0,250.0
1768639805.8404908,315620,0.0,143.39,-0.01,65.0,250.0
1768639805.8557956,315640,0.0,143.39,-0.01,65.0,250.0
1768639805.888976,315660,0.0,143.39,-0.08,65.0,250.0
1768639805.9060411,315680,0.0,143.39,0.06,65.0,250.0
1768639805.9275415,315700,0.0,143.39,-0.01,65.0,250.0
1768639805.937497,315720,0.0,143.39,0.03,65.0,250.0
1768639805.952555,315740,0.0,143.39,-0.01,65.0,250.0
1768639805.9878726,315760,0.0,143.39,-0.01,65.0,250.0
1768639806.0105777,315780,0.0,143.39,0.03,65.0,250.0
1768639806.0185452,315800,0.0,143.39,0.13,65.0,250.0
1768639806.0398445,315820,0.0,143.39,0.06,65.0,250.0
1768639806.0652387,315840,0.0,143.39,-0.08,65.0,250.0
1768639806.0807273,315860,0.0,143.39,-0.01,65.0,250.0
1768639806.095789,315880,0.0,143.39,-0.15,65.0,250.0
1768639806.123403,315900,0.0,143.39,-0.01,65.0,250.0
1768639806.1520424,315920,0.0,143.39,-0.08,65.0,250.0
1768639806.1622748,315940,0.0,143.39,-0.01,65.0,250.0
1768639806.1772273,315960,0.0,143.39,-0.05,65.0,250.0
1768639806.1929061,315980,0.0,143.39,-0.01,65.0,250.0
1768639806.232352,316000,0.0,143.39,-0.18,65.0,250.0
1768639806.2431886,316020,0.0,143.27,-14.41,65.0,250.0
1768639806.2643769,316040,0.0,142.92,-16.58,65.0,250.0
1768639806.274386,316060,0.0,142.82,0.46,65.0,250.0
1768639806.304887,316080,0.0,142.82,0.05,65.0,250.0
1768639806.3197696,316100,0.0,142.82,0.1,65.0,250.0
1768639806.3517132,316120,0.0,142.82,-0.08,65.0,250.0
1768639806.3548212,316140,0.0,142.82,-0.08,65.0,250.0
1768639806.3857915,316160,0.0,142.82,-0.01,65.0,250.0
1768639806.4010913,316180,0.0,142.82,-0.15,65.0,250.0
1768639806.4160817,316200,0.0,142.82,-0.01,65.0,250.0
1768639806.4362774,316220,0.0,142.82,-0.04,65.0,250.0
1768639806.466497,316240,0.0,142.82,-0.01,65.0,250.0
1768639806.4883265,316260,0.0,142.82,0.01,65.0,250.0
1768639806.4999592,316280,0.0,142.82,-0.01,65.0,250.0
1768639806.513382,316300,0.0,142.81,-0.11,65.0,250.0
1768639806.5437567,316320,0.0,142.81,-0.01,65.0,250.0
1768639806.5664165,316340,0.0,142.82,-0.01,65.0,250.0
1768639806.579446,316360,0.0,142.82,0.13,65.0,250.0
1768639806.6004865,316380,0.0,142.82,-0.04,65.0,250.0
1768639806.6256304,316400,0.0,142.82,-0.08,65.0,250.0
1768639806.6526995,316420,0.0,142.82,-0.01,65.0,250.0
1768639806.6559494,316440,0.0,142.82,-0.08,65.0,250.0
1768639806.6763363,316460,0.0,142.81,-0.01,65.0,250.0
1768639806.7125645,316480,0.0,142.81,0.01,65.0,250.0
1768639806.7226634,316500,0.0,142.81,-0.01,65.0,250.0
1768639806.7379878,316520,0.0,142.81,-0.01,65.0,250.0
1768639806.7599547,316540,0.0,142.81,-0.06,65.0,250.0
1768639806.7886903,316560,0.0,142.81,0.06,65.0,250.0
1768639806.8034544,316580,0.0,142.81,-0.01,65.0,250.0
1768639806.8242111,316600,0.0,142.81,0.02,65.0,250.0
1768639806.8343053,316620,0.0,142.81,0.02,65.0,250.0
1768639806.8733313,316640,0.0,142.82,0.04,65.0,250.0
1768639806.884919,316660,0.0,142.82,-0.01,65.0,250.0
1768639806.8998446,316680,0.0,142.82,-0.05,65.0,250.0
1768639806.914942,316700,0.0,142.82,-0.08,65.0,250.0
1768639806.9469178,316720,0.0,142.82,-0.01,65.0,250.0
1768639806.9794533,316740,0.0,142.81,-0.08,65.0,250.0
1768639806.9799376,316760,0.0,142.82,-0.01,65.0,250.0
1768639806.99243,316780,0.0,142.82,-0.01,65.0,250.0
1768639807.0277019,316800,0.0,142.82,0.13,65.0,250.0
1768639807.0492263,316820,0.0,142.82,-0.08,65.0,250.0
1768639807.0590894,316840,0.0,142.82,-0.08,65.0,250.0
1768639807.090351,316860,0.0,142.82,-0.01,65.0,250.0
1768639807.1045275,316880,0.0,142.82,-0.01,65.0,250.0
1768639807.124745,316900,0.0,142.82,0.06,65.0,250.0
1768639807.1399362,316920,0.0,142.82,-0.1,65.0,250.0
1768639807.1610196,316940,0.0,142.82,0.1,65.0,250.0
1768639807.201413,316960,0.0,142.82,-0.01,65.0,250.0
1768639807.202322,316980,0.0,142.82,0.03,65.0,250.0
1768639807.2167788,317000,0.0,142.82,0.06,65.0,250.0
1768639807.2367406,317020,0.0,142.82,-0.01,65.0,250.0
1768639807.273115,317040,0.0,142.82,-0.01,65.0,250.0
1768639807.2833643,317060,0.0,142.82,-0.01,65.0,250.0
1768639807.2985067,317080,0.0,142.82,0.06,65.0,250.0
1768639807.3136203,317100,0.0,142.82,-0.11,65.0,250.0
1768639807.3488789,317120,0.0,142.82,-0.01,65.0,250.0
1768639807.3643808,317140,0.0,142.82,-0.01,65.0,250.0
1768639807.3853781,317160,0.0,142.82,-0.01,65.0,250.0
1768639807.3955486,317180,0.0,142.82,-0.01,65.0,250.0
1768639807.4258652,317200,0.0,142.82,0.13,65.0,250.0
1768639807.4460495,317220,0.0,142.82,-0.11,65.0,250.0
1768639807.4706159,317240,0.0,142.82,-0.04,65.0,250.0
1768639807.4758482,317260,0.0,142.82,-0.04,65.0,250.0
1768639807.50764,317280,0.0,142.82,-0.01,65.0,250.0
1768639807.5227394,317300,0.0,142.82,-0.06,65.0,250.0
1768639807.5379505,317320,0.0,142.82,0.06,65.0,250.0
1768639807.5528178,317340,0.0,142.82,-0.01,65.0,250.0
1768639807.5881882,317360,0.0,142.82,0.01,65.0,250.0
1768639807.6092823,317380,0.0,142.82,-0.08,65.0,250.0
1768639807.6193159,317400,0.0,142.82,-0.0,65.0,250.0
1768639807.634503,317420,0.0,142.82,-0.0,65.0,250.0
1768639807.6647024,317440,0.0,142.82,0.06,65.0,250.0
1768639807.6842744,317460,0.0,142.82,-0.01,65.0,250.0
1768639807.6995447,317480,0.0,142.82,-0.01,65.0,250.0
1768639807.721578,317500,0.0,142.82,-0.05,65.0,250.0
1768639807.746716,317520,0.0,142.82,-0.06,65.0,250.0
1768639807.761991,317540,0.0,142.82,0.06,65.0,250.0
1768639807.777178,317560,0.0,142.82,-0.01,65.0,250.0
1768639807.7971978,317580,0.0,142.82,-0.05,65.0,250.0
1768639807.8469608,317600,0.0,142.82,-0.01,65.0,250.0
1768639807.8520963,317620,0.0,142.82,-0.08,65.0,250.0
1768639807.8632717,317640,0.0,142.82,-0.22,65.0,250.0
1768639807.8738248,317660,0.0,142.82,-0.01,65.0,250.0
1768639807.9095883,317680,0.0,142.82,-0.11,65.0,250.0
1768639807.9244826,317700,0.0,142.82,-0.08,65.0,250.0
1768639807.9456177,317720,0.0,142.82,0.06,65.0,250.0
1768639807.9552107,317740,0.0,142.82,0.01,65.0,250.0
1768639807.985691,317760,0.0,142.82,-0.04,65.0,250.0
1768639808.0011475,317780,0.0,142.82,-0.01,65.0,250.0
1768639808.0323772,317800,0.0,142.82,0.01,65.0,250.0
1768639808.0484674,317820,0.0,142.82,-0.01,65.0,250.0
1768639808.0679896,317840,0.0,142.82,-0.11,65.0,250.0
1768639808.0829742,317860,0.0,142.82,0.06,65.0,250.0
1768639808.0986285,317880,0.0,142.82,-0.01,65.0,250.0
1768639808.1132016,317900,0.0,142.82,-0.08,65.0,250.0
1768639808.149057,317920,0.0,142.82,-0.08,65.0,250.0
1768639808.170006,317940,0.0,142.82,-0.08,65.0,250.0
1768639808.1801877,317960,0.0,142.82,-0.03,65.0,250.0
1768639808.1951525,317980,0.0,142.82,0.06,65.0,250.0
1768639808.2253597,318000,0.0,142.82,-0.01,65.0,250.0
1768639808.2548919,318020,0.0,142.82,-0.05,65.0,250.0
1768639808.2694376,318040,0.0,142.82,0.06,65.0,250.0
1768639808.281292,318060,0.0,142.82,-0.01,65.0,250.0
1768639808.306429,318080,0.0,142.82,-0.01,65.0,250.0
1768639808.321978,318100,0.0,142.82,-0.08,65.0,250.0
1768639808.3422976,318120,0.0,142.82,-0.01,65.0,250.0
1768639808.3576531,318140,0.0,142.82,-0.08,65.0,250.0
1768639808.3940456,318160,0.0,142.82,-0.08,65.0,250.0
1768639808.404252,318180,0.0,142.82,-0.01,65.0,250.0
1768639808.419609,318200,0.0,142.82,-0.01,65.0,250.0
1768639808.4345953,318220,0.0,142.82,-0.08,65.0,250.0
1768639808.485888,318240,0.0,142.81,-0.08,65.0,250.0
1768639808.4870722,318260,0.0,142.81,-0.01,65.0,250.0
1768639808.5063298,318280,0.0,142.81,-0.01,65.0,250.0
1768639808.516283,318300,0.0,142.81,-0.08,65.0,250.0
1768639808.5466175,318320,0.0,142.81,-0.01,65.0,250.0
1768639808.5617676,318340,0.0,142.81,-0.01,65.0,250.0
1768639808.582053,318360,0.0,142.81,-0.01,65.0,250.0
1768639808.5971773,318380,0.0,142.81,-0.01,65.0,250.0
1768639808.6278014,318400,0.0,142.81,-0.01,65.0,250.0
1768639808.6430538,318420,0.0,142.81,-0.01,65.0,250.0
1768639808.67855,318440,0.0,142.81,-0.25,65.0,250.0
1768639808.6793635,318460,0.0,142.75,-9.55,65.0,250.0
1768639808.7082963,318480,0.0,142.52,-10.19,65.0,250.0
1768639808.730665,318500,0.0,142.28,-10.52,65.0,250.0
1768639808.740736,318520,0.0,142.18,0.42,65.0,250.0
1768639808.7560754,318540,0.0,142.19,-0.05,65.0,250.0
1768639808.7859704,318560,0.0,142.19,0.02,65.0,250.0
1768639808.8062882,318580,0.0,142.19,-0.04,65.0,250.0
1768639808.8271215,318600,0.0,142.19,-0.01,65.0,250.0
1768639808.8500688,318620,0.0,142.19,-0.02,65.0,250.0
1768639808.8675482,318640,0.0,142.19,0.06,65.0,250.0
1768639808.8828456,318660,0.0,142.19,-0.12,65.0,250.0
1768639808.898008,318680,0.0,142.19,0.06,65.0,250.0
1768639808.9179568,318700,0.0,142.19,0.13,65.0,250.0
1768639808.9546237,318720,0.0,142.19,-0.28,65.0,250.0
1768639808.9648705,318740,0.0,141.68,-51.7,65.0,250.0
1768639808.9802718,318760,0.0,140.97,-24.26,65.0,250.0
1768639808.9951398,318780,0.0,140.78,0.2,65.0,250.0
1768639809.0388258,318800,0.0,140.79,-0.57,65.0,250.0
1768639809.0456293,318820,0.0,140.67,-10.25,65.0,250.0
1768639809.066344,318840,0.0,140.64,0.1,65.0,250.0
1768639809.0764768,318860,0.0,140.64,-0.01,65.0,250.0
1768639809.106421,318880,0.0,140.64,-0.15,65.0,250.0
1768639809.1267893,318900,0.0,140.64,-0.01,65.0,250.0
1768639809.1417468,318920,0.0,140.64,0.06,65.0,250.0
1768639809.156883,318940,0.0,140.64,-0.08,65.0,250.0
1768639809.1888292,318960,0.0,140.64,-0.01,65.0,250.0
1768639809.2196145,318980,0.0,140.64,0.06,65.0,250.0
1768639809.2208657,319000,0.0,140.64,-0.15,65.0,250.0
1768639809.23419,319020,0.0,140.64,0.06,65.0,250.0
1768639809.2699172,319040,0.0,140.64,-0.08,65.0,250.0
1768639809.2909348,319060,0.0,140.64,-0.08,65.0,250.0
1768639809.3010814,319080,0.0,140.64,-0.01,65.0,250.0
1768639809.3164613,319100,0.0,140.64,-0.08,65.0,250.0
1768639809.3464842,319120,0.0,140.64,-0.01,65.0,250.0
1768639809.3668425,319140,0.0,140.64,-0.11,65.0,250.0
1768639809.385934,319160,0.0,140.64,-0.1,65.0,250.0
1768639809.4040034,319180,0.0,140.64,-0.05,65.0,250.0
1768639809.4281082,319200,0.0,140.64,-0.08,65.0,250.0
1768639809.4433396,319220,0.0,140.64,-0.01,65.0,250.0
1768639809.458698,319240,0.0,140.64,-0.01,65.0,250.0
1768639809.4789374,319260,0.0,140.64,-0.15,65.0,250.0
1768639809.5143898,319280,0.0,140.64,-0.01,65.0,250.0
1768639809.5246696,319300,0.0,140.64,-0.08,65.0,250.0
1768639809.5399272,319320,0.0,140.63,-0.08,65.0,250.0
1768639809.5550282,319340,0.0,140.64,0.06,65.0,250.0
1768639809.591937,319360,0.0,140.64,-0.01,65.0,250.0
1768639809.6106656,319380,0.0,140.64,0.03,65.0,250.0
1768639809.6209612,319400,0.0,140.64,0.06,65.0,250.0
1768639809.6358538,319420,0.0,140.64,-0.01,65.0,250.0
1768639809.6710904,319440,0.0,140.64,-0.08,65.0,250.0
1768639809.6871114,319460,0.0,140.64,-0.01,65.0,250.0
1768639809.7022784,319480,0.0,140.64,-0.04,65.0,250.0
1768639809.7237866,319500,0.0,140.64,0.06,65.0,250.0
1768639809.761297,319520,0.0,140.64,-0.01,65.0,250.0
1768639809.7640116,319540,0.0,140.64,-0.01,65.0,250.0
1768639809.7789755,319560,0.0,140.64,0.06,65.0,250.0
1768639809.7991061,319580,0.0,140.64,-0.01,65.0,250.0
1768639809.814756,319600,0.0,140.64,-0.01,65.0,250.0
1768639809.845595,319620,0.0,140.64,-0.08,65.0,250.0
1768639809.8605475,319640,0.0,140.64,-0.08,65.0,250.0
1768639809.8760152,319660,0.0,140.64,-0.04,65.0,250.0
1768639809.8911407,319680,0.0,140.64,-0.01,65.0,250.0
1768639809.9261553,319700,0.0,140.64,-0.05,65.0,250.0
1768639809.952828,319720,0.0,140.64,-0.01,65.0,250.0
1768639809.9570527,319740,0.0,140.64,-0.01,65.0,250.0
1768639809.9723728,319760,0.0,140.64,-0.13,65.0,250.0
1768639810.0075748,319780,0.0,140.64,-0.08,65.0,250.0
1768639810.0226142,319800,0.0,140.64,0.06,65.0,250.0
1768639810.0379944,319820,0.0,140.64,-0.08,65.0,250.0
1768639810.0597818,319840,0.0,140.64,-0.01,65.0,250.0
1768639810.0847926,319860,0.0,140.64,0.02,65.0,250.0
1768639810.1001587,319880,0.0,140.64,-0.08,65.0,250.0
1768639810.1313775,319900,0.0,140.64,-0.08,65.0,250.0
1768639810.1432033,319920,0.0,140.63,-0.03,65.0,250.0
1768639810.171181,319940,0.0,140.63,-0.01,65.0,250.0
1768639810.1814368,319960,0.0,140.63,-0.08,65.0,250.0
1768639810.196657,319980,0.0,140.63,-0.01,65.0,250.0
1768639810.2119524,320000,0.0,140.63,-0.08,65.0,250.0
1768639810.2474837,320020,0.0,140.63,0.06,65.0,250.0
1768639810.2622545,320040,0.0,140.63,-0.08,65.0,250.0
1768639810.2838562,320060,0.0,140.63,-0.01,65.0,250.0
1768639810.2938018,320080,0.0,140.63,-0.01,65.0,250.0
1768639810.3324237,320100,0.0,140.63,-0.01,65.0,250.0
1768639810.3392484,320120,0.0,140.63,-0.01,65.0,250.0
1768639810.3593495,320140,0.0,140.63,-0.01,65.0,250.0
1768639810.3745863,320160,0.0,140.63,0.06,65.0,250.0
1768639810.4057808,320180,0.0,140.63,-0.11,65.0,250.0
1768639810.4212132,320200,0.0,140.63,-0.01,65.0,250.0
1768639810.4364214,320220,0.0,140.63,-0.01,65.0,250.0
1768639810.4514563,320240,0.0,140.63,-0.01,65.0,250.0
1768639810.4866903,320260,0.0,140.63,-0.08,65.0,250.0
1768639810.5179677,320280,0.0,140.63,0.06,65.0,250.0
1768639810.5191138,320300,0.0,140.63,-0.01,65.0,250.0
1768639810.5330727,320320,0.0,140.63,-0.01,65.0,250.0
1768639810.5694466,320340,0.0,140.63,-0.04,65.0,250.0
1768639810.5838068,320360,0.0,140.63,-0.01,65.0,250.0
1768639810.5990133,320380,0.0,140.63,0.16,65.0,250.0
1768639810.620142,320400,0.0,140.63,-0.01,65.0,250.0
1768639810.6451972,320420,0.0,140.63,0.01,65.0,250.0
1768639810.6605911,320440,0.0,140.63,0.03,65.0,250.0
1768639810.6759276,320460,0.0,140.63,0.1,65.0,250.0
1768639810.7043967,320480,0.0,140.63,-0.05,65.0,250.0
1768639810.7320108,320500,0.0,140.63,-0.11,65.0,250.0
1768639810.7419438,320520,0.0,140.63,-0.11,65.0,250.0
1768639810.7575173,320540,0.0,140.63,-0.01,65.0,250.0
1768639810.7728405,320560,0.0,140.63,-0.01,65.0,250.0
1768639810.8080888,320580,0.0,140.63,0.06,65.0,250.0
1768639810.8234878,320600,0.0,140.63,-0.01,65.0,250.0
1768639810.8441927,320620,0.0,140.63,-0.01,65.0,250.0
1768639810.8759844,320640,0.0,140.63,-0.01,65.0,250.0
1768639810.8840919,320660,0.0,140.63,0.06,65.0,250.0
1768639810.8994062,320680,0.0,140.63,-0.08,65.0,250.0
1768639810.9198067,320700,0.0,140.63,-0.04,65.0,250.0
1768639810.9346666,320720,0.0,140.63,0.06,65.0,250.0
1768639810.9662695,320740,0.0,140.63,0.03,65.0,250.0
1768639810.981648,320760,0.0,140.63,-0.01,65.0,250.0
1768639810.9967446,320780,0.0,140.63,0.06,65.0,250.0
1768639811.0112135,320800,0.0,140.63,0.06,65.0,250.0
1768639811.0518856,320820,0.0,140.63,-0.01,65.0,250.0
1768639811.0680704,320840,0.0,140.63,-0.08,65.0,250.0
1768639811.0783684,320860,0.0,140.63,0.06,65.0,250.0
1768639811.0932097,320880,0.0,140.63,0.03,65.0,250.0
1768639811.1237361,320900,0.0,140.63,0.02,65.0,250.0
1768639811.1441317,320920,0.0,140.63,-0.04,65.0,250.0
1768639811.1593595,320940,0.0,140.63,-0.05,65.0,250.0
1768639811.1799934,320960,0.0,140.63,-0.08,65.0,250.0
1768639811.205419,320980,0.0,140.63,-0.01,65.0,250.0
1768639811.226361,321000,0.0,140.63,-0.15,65.0,250.0
1768639811.2361875,321020,0.0,140.63,0.06,65.0,250.0
1768639811.2562242,321040,0.0,140.63,-0.04,65.0,250.0
1768639811.2925262,321060,0.0,140.63,-0.15,65.0,250.0
1768639811.3025472,321080,0.0,140.63,-0.01,65.0,250.0
1768639811.3177931,321100,0.0,140.62,-0.04,65.0,250.0
1768639811.3334246,321120,0.0,140.62,-0.01,65.0,250.0
1768639811.368657,321140,0.0,140.63,-0.01,65.0,250.0
1768639811.4035563,321160,0.0,140.62,-0.01,65.0,250.0
1768639811.4047093,321180,0.0,140.63,-0.01,65.0,250.0
1768639811.4142137,321200,0.0,140.63,-0.04,65.0,250.0
1768639811.444246,321220,0.0,140.63,-0.04,65.0,250.0
1768639811.464589,321240,0.0,140.62,-0.01,65.0,250.0
1768639811.4798713,321260,0.0,140.62,0.03,65.0,250.0
1768639811.4946122,321280,0.0,140.63,0.02,65.0,250.0
1768639811.5264454,321300,0.0,140.63,-0.04,65.0,250.0
1768639811.5418916,321320,0.0,140.63,0.06,65.0,250.0
1768639811.5612698,321340,0.0,140.63,0.06,65.0,250.0
1768639811.5768783,321360,0.0,140.63,-0.08,65.0,250.0
1768639811.607292,321380,0.0,140.62,-0.01,65.0,250.0
1768639811.6286612,321400,0.0,140.62,0.04,65.0,250.0
1768639811.6388834,321420,0.0,140.63,-0.08,65.0,250.0
1768639811.654154,321440,0.0,140.63,-0.08,65.0,250.0
1768639811.684058,321460,0.0,140.62,0.01,65.0,250.0
1768639811.7045195,321480,0.0,140.63,-0.08,65.0,250.0
1768639811.719643,321500,0.0,140.62,-0.01,65.0,250.0
1768639811.7452018,321520,0.0,140.62,-0.01,65.0,250.0
1768639811.7660263,321540,0.0,140.62,-0.01,65.0,250.0
1768639811.7812154,321560,0.0,140.62,-0.08,65.0,250.0
1768639811.7965772,321580,0.0,140.62,-0.08,65.0,250.0
1768639811.8166678,321600,0.0,140.62,-0.01,65.0,250.0
1768639811.8470457,321620,0.0,140.62,-0.01,65.0,250.0
1768639811.8625216,321640,0.0,140.62,0.02,65.0,250.0
1768639811.87755,321660,0.0,140.63,-0.04,65.0,250.0
1768639811.8924475,321680,0.0,140.63,0.01,65.0,250.0
1768639811.9276712,321700,0.0,140.62,-0.01,65.0,250.0
1768639811.9489892,321720,0.0,140.62,-0.08,65.0,250.0
1768639811.9590695,321740,0.0,140.63,0.06,65.0,250.0
1768639811.9740922,321760,0.0,140.63,0.1,65.0,250.0
1768639812.004284,321780,0.0,140.63,0.06,65.0,250.0
1768639812.024897,321800,0.0,140.63,-0.08,65.0,250.0
1768639812.0415456,321820,0.0,140.63,0.06,65.0,250.0
1768639812.0618188,321840,0.0,140.63,-0.01,65.0,250.0
1768639812.0865002,321860,0.0,140.63,-0.04,65.0,250.0
1768639812.1186893,321880,0.0,140.63,0.06,65.0,250.0
1768639812.1199508,321900,0.0,140.63,-0.03,65.0,250.0
1768639812.1372614,321920,0.0,140.63,-0.15,65.0,250.0
1768639812.17322,321940,0.0,140.63,-0.11,65.0,250.0
1768639812.1832445,321960,0.0,140.62,0.06,65.0,250.0
1768639812.19842,321980,0.0,140.62,-0.08,65.0,250.0
1768639812.213331,322000,0.0,140.62,-0.01,65.0,250.0
1768639812.2489374,322020,0.0,140.62,-0.08,65.0,250.0
1768639812.26454,322040,0.0,140.62,-0.08,65.0,250.0
1768639812.2856972,322060,0.0,140.62,-0.08,65.0,250.0
1768639812.2956474,322080,0.0,140.62,-0.04,65.0,250.0
1768639812.32572,322100,0.0,140.62,-0.08,65.0,250.0
1768639812.340984,322120,0.0,140.62,-0.01,65.0,250.0
1768639812.3835554,322140,0.0,140.62,0.06,65.0,250.0
1768639812.3847044,322160,0.0,140.62,-0.01,65.0,250.0
1768639812.4075763,322180,0.0,140.62,-0.01,65.0,250.0
1768639812.4226236,322200,0.0,140.62,0.06,65.0,250.0
1768639812.43784,322220,0.0,140.62,-0.01,65.0,250.0
1768639812.4526381,322240,0.0,140.62,-0.01,65.0,250.0
1768639812.4881716,322260,0.0,140.62,-0.01,65.0,250.0
1768639812.5096014,322280,0.0,140.62,-0.08,65.0,250.0
1768639812.5197997,322300,0.0,140.62,-0.05,65.0,250.0
1768639812.5349655,322320,0.0,140.62,-0.01,65.0,250.0
1768639812.5651824,322340,0.0,140.62,0.06,65.0,250.0
1768639812.5851903,322360,0.0,140.62,0.09,65.0,250.0
1768639812.600381,322380,0.0,140.62,-0.05,65.0,250.0
1768639812.6213603,322400,0.0,140.62,-0.01,65.0,250.0
1768639812.653219,322420,0.0,140.62,0.06,65.0,250.0
1768639812.6700008,322440,0.0,140.62,0.03,65.0,250.0
1768639812.677039,322460,0.0,140.62,0.1,65.0,250.0
1768639812.6969616,322480,0.0,140.62,-0.05,65.0,250.0
1768639812.7332006,322500,0.0,140.62,-0.01,65.0,250.0
1768639812.743375,322520,0.0,140.62,-0.15,65.0,250.0
1768639812.7584453,322540,0.0,140.62,-0.01,65.0,250.0
1768639812.7737234,322560,0.0,140.62,-0.15,65.0,250.0
1768639812.808782,322580,0.0,140.62,0.06,65.0,250.0
1768639812.8248756,322600,0.0,140.62,-0.01,65.0,250.0
1768639812.845325,322620,0.0,140.62,-0.01,65.0,250.0
1768639812.8551025,322640,0.0,140.62,0.06,65.0,250.0
1768639812.8854597,322660,0.0,140.62,-0.01,65.0,250.0
1768639812.9060469,322680,0.0,140.62,-0.08,65.0,250.0
1768639812.9211607,322700,0.0,140.62,0.06,65.0,250.0
1768639812.9362853,322720,0.0,140.62,-0.1,65.0,250.0
1768639812.9677775,322740,0.0,140.62,0.09,65.0,250.0
1768639812.983264,322760,0.0,140.62,-0.04,65.0,250.0
1768639813.0134807,322780,0.0,140.62,0.02,65.0,250.0
1768639813.0146399,322800,0.0,140.62,-0.01,65.0,250.0
1768639813.0486298,322820,0.0,140.62,0.03,65.0,250.0
1768639813.0698519,322840,0.0,140.62,-0.01,65.0,250.0
1768639813.0801735,322860,0.0,140.62,-0.01,65.0,250.0
1768639813.0950618,322880,0.0,140.62,-0.03,65.0,250.0
1768639813.1254478,322900,0.0,140.62,-0.01,65.0,250.0
1768639813.1455355,322920,0.0,140.62,0.06,65.0,250.0
1768639813.1608748,322940,0.0,140.62,-0.08,65.0,250.0
1768639813.188077,322960,0.0,140.62,-0.01,65.0,250.0
1768639813.2065084,322980,0.0,140.62,-0.08,65.0,250.0
1768639813.2219303,323000,0.0,140.62,-0.08,65.0,250.0
1768639813.242132,323020,0.0,140.62,-0.01,65.0,250.0
1768639813.2570028,323040,0.0,140.62,-0.08,65.0,250.0
1768639813.2941391,323060,0.0,140.62,0.06,65.0,250.0
1768639813.303895,323080,0.0,140.62,-0.01,65.0,250.0
1768639813.3194773,323100,0.0,140.62,-0.01,65.0,250.0
1768639813.33414,323120,0.0,140.62,-0.01,65.0,250.0
1768639813.3697696,323140,0.0,140.62,-0.08,65.0,250.0
1768639813.3850577,323160,0.0,140.62,-0.01,65.0,250.0
1768639813.4062495,323180,0.0,140.62,-0.01,65.0,250.0
1768639813.4162097,323200,0.0,140.62,-0.08,65.0,250.0
1768639813.4464633,323220,0.0,140.62,-0.01,65.0,250.0
1768639813.4617815,323240,0.0,140.62,0.06,65.0,250.0
1768639813.4820273,323260,0.0,140.62,-0.07,65.0,250.0
1768639813.4970133,323280,0.0,140.62,-0.08,65.0,250.0
1768639813.5478199,323300,0.0,140.62,-0.01,65.0,250.0
1768639813.5491793,323320,0.0,140.62,0.01,65.0,250.0
1768639813.558672,323340,0.0,140.62,-0.05,65.0,250.0
1768639813.5737576,323360,0.0,140.62,-0.04,65.0,250.0
1768639813.6092932,323380,0.0,140.62,-0.01,65.0,250.0
1768639813.6298666,323400,0.0,140.62,-0.15,65.0,250.0
1768639813.6400247,323420,0.0,140.62,-0.08,65.0,250.0
1768639813.655179,323440,0.0,140.61,-0.05,65.0,250.0
1768639813.6901789,323460,0.0,140.62,0.06,65.0,250.0
1768639813.7075098,323480,0.0,140.62,-0.01,65.0,250.0
1768639813.720793,323500,0.0,140.62,0.06,65.0,250.0
1768639813.742026,323520,0.0,140.62,-0.01,65.0,250.0
1768639813.7675235,323540,0.0,140.62,-0.01,65.0,250.0
1768639813.7827122,323560,0.0,140.62,0.06,65.0,250.0
1768639813.863698,323640,0.0,140.62,-0.01,65.0,250.0
1768639813.8870409,323660,0.0,140.62,-0.01,65.0,250.0
1768639813.8941233,323680,0.0,140.62,-0.01,65.0,250.0
1768639813.92916,323700,0.0,140.62,-0.08,65.0,250.0
1768639813.950716,323720,0.0,140.62,-0.15,65.0,250.0
1768639813.961113,323740,0.0,140.62,-0.08,65.0,250.0
1768639813.9756205,323760,0.0,140.62,0.04,65.0,250.0
1768639814.0062044,323780,0.0,140.62,0.06,65.0,250.0
1768639814.0265658,323800,0.0,140.62,-0.01,65.0,250.0
1768639814.0621772,323820,0.0,140.62,-0.01,65.0,250.0
1768639814.0632718,323840,0.0,140.62,-0.15,65.0,250.0
1768639814.0878344,323860,0.0,140.62,-0.01,65.0,250.0
1768639814.1029053,323880,0.0,140.62,0.06,65.0,250.0
1768639814.1184566,323900,0.0,140.62,-0.01,65.0,250.0
1768639814.1382234,323920,0.0,140.62,0.06,65.0,250.0
1768639814.1749532,323940,0.0,140.62,0.06,65.0,250.0
1768639814.184977,323960,0.0,140.62,-0.08,65.0,250.0
1768639814.2002249,323980,0.0,140.62,-0.01,65.0,250.0
1768639814.23594,324000,0.0,140.62,-0.11,65.0,250.0
1768639814.250584,324020,0.0,140.62,-0.04,65.0,250.0
1768639814.2658515,324040,0.0,140.62,-0.08,65.0,250.0
1768639814.2869232,324060,0.0,140.62,-0.08,65.0,250.0
1768639814.297079,324080,0.0,140.62,-0.01,65.0,250.0
1768639814.3273005,324100,0.0,140.62,-0.04,65.0,250.0
1768639814.342761,324120,0.0,140.62,-0.01,65.0,250.0
1768639814.3627744,324140,0.0,140.61,-0.06,65.0,250.0
1768639814.3778417,324160,0.0,140.61,0.06,65.0,250.0
1768639814.4131947,324180,0.0,140.62,0.06,65.0,250.0
1768639814.425259,324200,0.0,140.62,-0.03,65.0,250.0
1768639814.4397528,324220,0.0,140.62,-0.01,65.0,250.0
1768639814.4546716,324240,0.0,140.62,-0.08,65.0,250.0
1768639814.489994,324260,0.0,140.61,0.06,65.0,250.0
1768639814.5108578,324280,0.0,140.61,-0.01,65.0,250.0
1768639814.5209758,324300,0.0,140.61,-0.08,65.0,250.0
1768639814.5360014,324320,0.0,140.61,-0.04,65.0,250.0
1768639814.5946262,324340,0.0,140.61,-0.01,65.0,250.0
1768639814.5959744,324360,0.0,140.61,-0.06,65.0,250.0
1768639814.601577,324380,0.0,140.61,-0.01,65.0,250.0
1768639814.623247,324400,0.0,140.61,-0.08,65.0,250.0
1768639814.6482503,324420,0.0,140.61,-0.08,65.0,250.0
1768639814.663507,324440,0.0,140.61,-0.01,65.0,250.0
1768639814.678731,324460,0.0,140.61,-0.15,65.0,250.0
1768639814.698751,324480,0.0,140.61,-0.08,65.0,250.0
1768639814.7352512,324500,0.0,140.61,-0.01,65.0,250.0
1768639814.7452326,324520,0.0,140.61,-0.07,65.0,250.0
1768639814.7646158,324540,0.0,140.61,-0.12,65.0,250.0
1768639814.7757173,324560,0.0,140.61,-0.01,65.0,250.0
1768639814.8107626,324580,0.0,140.61,-0.01,65.0,250.0
1768639814.8259048,324600,0.0,140.61,-0.04,65.0,250.0
1768639814.8473165,324620,0.0,140.61,-0.01,65.0,250.0
1768639814.8571754,324640,0.0,140.61,-0.01,65.0,250.0
1768639814.8874733,324660,0.0,140.61,-0.11,65.0,250.0
1768639814.902692,324680,0.0,140.61,-0.04,65.0,250.0
1768639814.9232895,324700,0.0,140.61,-0.02,65.0,250.0
1768639814.9385114,324720,0.0,140.61,-0.08,65.0,250.0
1768639814.979233,324740,0.0,140.61,-0.01,65.0,250.0
1768639814.9894109,324760,0.0,140.61,-0.01,65.0,250.0
1768639814.999904,324780,0.0,140.61,0.02,65.0,250.0
1768639815.0146933,324800,0.0,140.61,0.04,65.0,250.0
1768639815.0500753,324820,0.0,140.61,-0.01,65.0,250.0
1768639815.0708606,324840,0.0,140.61,0.09,65.0,250.0
1768639815.0810258,324860,0.0,140.61,-0.01,65.0,250.0
1768639815.0960512,324880,0.0,140.61,-0.01,65.0,250.0
1768639815.1317947,324900,0.0,140.61,-0.08,65.0,250.0
1768639815.1618888,324920,0.0,140.61,-0.01,65.0,250.0
1768639815.179543,324940,0.0,140.61,-0.01,65.0,250.0
1768639815.1834779,324960,0.0,140.61,0.03,65.0,250.0
1768639815.1940124,324980,0.0,140.61,-0.01,65.0,250.0
1768639815.2237997,325000,0.0,140.61,-0.01,65.0,250.0
1768639815.2391272,325020,0.0,140.61,0.06,65.0,250.0
1768639815.2594857,325040,0.0,140.61,-0.08,65.0,250.0
1768639815.2744231,325060,0.0,140.61,-0.08,65.0,250.0
1768639815.305403,325080,0.0,140.61,-0.05,65.0,250.0
1768639815.320669,325100,0.0,140.61,-0.04,65.0,250.0
1768639815.3381753,325120,0.0,140.61,0.06,65.0,250.0
1768639815.3509462,325140,0.0,140.61,0.06,65.0,250.0
1768639815.3866572,325160,0.0,140.61,-0.04,65.0,250.0
1768639815.4077404,325180,0.0,140.61,0.06,65.0,250.0
1768639815.4178314,325200,0.0,140.61,-0.08,65.0,250.0
1768639815.4328282,325220,0.0,140.61,-0.08,65.0,250.0
1768639815.4631116,325240,0.0,140.61,-0.03,65.0,250.0
1768639815.4833581,325260,0.0,140.61,-0.01,65.0,250.0
1768639815.498674,325280,0.0,140.61,-0.01,65.0,250.0
1768639815.5195386,325300,0.0,140.61,0.06,65.0,250.0
1768639815.5564156,325320,0.0,140.61,-0.08,65.0,250.0
1768639815.5600615,325340,0.0,140.61,-0.01,65.0,250.0
1768639815.5752983,325360,0.0,140.61,0.06,65.0,250.0
1768639815.5954423,325380,0.0,140.61,-0.01,65.0,250.0
1768639815.6317656,325400,0.0,140.61,-0.15,65.0,250.0
1768639815.6418483,325420,0.0,140.61,0.06,65.0,250.0
1768639815.657722,325440,0.0,140.61,0.06,65.0,250.0
1768639815.6722112,325460,0.0,140.61,-0.01,65.0,250.0
1768639815.7077053,325480,0.0,140.61,-0.01,65.0,250.0
1768639815.7368832,325500,0.0,140.61,0.03,65.0,250.0
1768639815.7444806,325520,0.0,140.61,-0.01,65.0,250.0
1768639815.7540886,325540,0.0,140.61,-0.01,65.0,250.0
1768639815.784121,325560,0.0,140.61,-0.04,65.0,250.0
1768639815.799524,325580,0.0,140.61,0.1,65.0,250.0
1768639815.8198824,325600,0.0,140.61,0.06,65.0,250.0
1768639815.8348496,325620,0.0,140.61,-0.08,65.0,250.0
1768639815.8660944,325640,0.0,140.61,-0.01,65.0,250.0
1768639815.8814168,325660,0.0,140.61,0.03,65.0,250.0
1768639815.8965375,325680,0.0,140.61,-0.06,65.0,250.0
1768639815.9294965,325700,0.0,140.61,0.13,65.0,250.0
1768639815.9520407,325720,0.0,140.61,-0.01,65.0,250.0
1768639815.9624825,325740,0.0,140.61,-0.01,65.0,250.0
1768639815.977618,325760,0.0,140.61,-0.08,65.0,250.0
1768639815.9928026,325780,0.0,140.61,0.06,65.0,250.0
1768639816.0280087,325800,0.0,140.61,-0.01,65.0,250.0
1768639816.043398,325820,0.0,140.61,-0.04,65.0,250.0
1768639816.064484,325840,0.0,140.61,-0.01,65.0,250.0
1768639816.0746446,325860,0.0,140.61,-0.08,65.0,250.0
1768639816.1047192,325880,0.0,140.61,-0.01,65.0,250.0
1768639816.1200433,325900,0.0,140.61,-0.08,65.0,250.0
1768639816.1401467,325920,0.0,140.61,-0.01,65.0,250.0
1768639816.1556175,325940,0.0,140.61,-0.08,65.0,250.0
1768639816.1859796,325960,0.0,140.61,-0.01,65.0,250.0
1768639816.2014544,325980,0.0,140.61,-0.08,65.0,250.0
1768639816.216648,326000,0.0,140.61,0.06,65.0,250.0
1768639816.2366314,326020,0.0,140.61,0.03,65.0,250.0
1768639816.2768579,326040,0.0,140.61,-0.08,65.0,250.0
1768639816.2936745,326060,0.0,140.61,-0.01,65.0,250.0
1768639816.2984917,326080,0.0,140.61,-0.01,65.0,250.0
1768639816.3134532,326100,0.0,140.61,-0.08,65.0,250.0
1768639816.3487196,326120,0.0,140.61,-0.01,65.0,250.0
1768639816.3639479,326140,0.0,140.61,0.02,65.0,250.0
1768639816.3794246,326160,0.0,140.61,-0.04,65.0,250.0
1768639816.4006703,326180,0.0,140.61,-0.01,65.0,250.0
1768639816.425993,326200,0.0,140.61,-0.01,65.0,250.0
1768639816.4411073,326220,0.0,140.6,-0.08,65.0,250.0
1768639816.4562726,326240,0.0,140.6,-0.01,65.0,250.0
1768639816.4767146,326260,0.0,140.61,-0.01,65.0,250.0
1768639816.5125368,326280,0.0,140.6,-0.15,65.0,250.0
1768639816.5227177,326300,0.0,140.6,-0.15,65.0,250.0
1768639816.544536,326320,0.0,140.6,0.06,65.0,250.0
1768639816.5542853,326340,0.0,140.6,0.06,65.0,250.0
1768639816.5883315,326360,0.0,140.6,-0.01,65.0,250.0
1768639816.6034951,326380,0.0,140.61,0.17,65.0,250.0
1768639816.6244638,326400,0.0,140.61,-0.01,65.0,250.0
1768639816.6344838,326420,0.0,140.61,-0.15,65.0,250.0
1768639816.6644073,326440,0.0,140.6,-0.01,65.0,250.0
1768639816.6848319,326460,0.0,140.61,-0.01,65.0,250.0
1768639816.6999562,326480,0.0,140.6,-0.15,65.0,250.0
1768639816.7151127,326500,0.0,140.6,-0.01,65.0,250.0
1768639816.7484658,326520,0.0,140.6,0.06,65.0,250.0
1768639816.762073,326540,0.0,140.6,-0.01,65.0,250.0
1768639816.7773116,326560,0.0,140.6,-0.08,65.0,250.0
1768639816.792192,326580,0.0,140.6,-0.01,65.0,250.0
1768639816.8277755,326600,0.0,140.6,-0.01,65.0,250.0
1768639816.849018,326620,0.0,140.61,0.06,65.0,250.0
1768639816.8590326,326640,0.0,140.61,-0.04,65.0,250.0
1768639816.8740656,326660,0.0,140.61,0.06,65.0,250.0
1768639816.921228,326680,0.0,140.61,-0.08,65.0,250.0
1768639816.9245157,326700,0.0,140.6,-0.04,65.0,250.0
1768639816.9398801,326720,0.0,140.61,-0.01,65.0,250.0
1768639816.9607158,326740,0.0,140.61,-0.04,65.0,250.0
1768639816.9859202,326760,0.0,140.61,0.06,65.0,250.0
1768639817.0011988,326780,0.0,140.61,-0.01,65.0,250.0
1768639817.0214124,326800,0.0,140.61,0.06,65.0,250.0
1768639817.0363164,326820,0.0,140.61,-0.15,65.0,250.0
1768639817.0931802,326840,0.0,140.61,-0.01,65.0,250.0
1768639817.09458,326860,0.0,140.61,-0.08,65.0,250.0
1768639817.098426,326880,0.0,140.61,-0.01,65.0,250.0
1768639817.1135204,326900,0.0,140.61,0.02,65.0,250.0
1768639817.148927,326920,0.0,140.61,-0.08,65.0,250.0
1768639817.165176,326940,0.0,140.61,-0.15,65.0,250.0
1768639817.185485,326960,0.0,140.61,-0.01,65.0,250.0
1768639817.1952674,326980,0.0,140.61,-0.08,65.0,250.0
1768639817.2256978,327000,0.0,140.61,-0.04,65.0,250.0
1768639817.2563462,327020,0.0,140.61,-0.01,65.0,250.0
1768639817.264613,327040,0.0,140.61,0.06,65.0,250.0
1768639817.2759647,327060,0.0,140.61,-0.01,65.0,250.0
1768639817.3074133,327080,0.0,140.61,-0.01,65.0,250.0
1768639817.3228598,327100,0.0,140.61,-0.1,65.0,250.0
1768639817.338056,327120,0.0,140.6,-0.01,65.0,250.0
1768639817.3529744,327140,0.0,140.6,0.06,65.0,250.0
1768639817.388469,327160,0.0,140.6,-0.01,65.0,250.0
1768639817.4092007,327180,0.0,140.6,-0.01,65.0,250.0
1768639817.4346676,327200,0.0,140.6,-0.01,65.0,250.0
1768639817.435767,327220,0.0,140.6,0.06,65.0,250.0
1768639817.464989,327240,0.0,140.6,-0.01,65.0,250.0
1768639817.4853227,327260,0.0,140.6,0.06,65.0,250.0
1768639817.5005555,327280,0.0,140.61,0.06,65.0,250.0
1768639817.521234,327300,0.0,140.61,0.03,65.0,250.0
1768639817.546828,327320,0.0,140.61,0.04,65.0,250.0
1768639817.5617838,327340,0.0,140.61,-0.04,65.0,250.0
1768639817.5776374,327360,0.0,140.61,-0.01,65.0,250.0
1768639817.6094823,327380,0.0,140.61,-0.01,65.0,250.0
1768639817.6271553,327400,0.0,140.61,-0.01,65.0,250.0
1768639817.6423106,327420,0.0,140.61,-0.08,65.0,250.0
1768639817.657486,327440,0.0,140.61,-0.08,65.0,250.0
1768639817.6777363,327460,0.0,140.61,0.13,65.0,250.0
1768639817.7083664,327480,0.0,140.61,-0.01,65.0,250.0
1768639817.7300098,327500,0.0,140.61,-0.08,65.0,250.0
1768639817.7395706,327520,0.0,140.61,-0.04,65.0,250.0
1768639817.7553945,327540,0.0,140.61,-0.08,65.0,250.0
1768639817.7897825,327560,0.0,140.61,0.06,65.0,250.0
1768639817.8049939,327580,0.0,140.61,-0.02,65.0,250.0
1768639817.8202975,327600,0.0,140.61,-0.08,65.0,250.0
1768639817.8416374,327620,0.0,140.61,0.03,65.0,250.0
1768639817.8668811,327640,0.0,140.61,-0.01,65.0,250.0
1768639817.8823195,327660,0.0,140.61,-0.01,65.0,250.0
1768639817.89771,327680,0.0,140.61,0.06,65.0,250.0
1768639817.9176168,327700,0.0,140.61,-0.08,65.0,250.0
1768639817.9537497,327720,0.0,140.61,0.03,65.0,250.0
1768639817.9640498,327740,0.0,140.61,0.06,65.0,250.0
1768639817.9791424,327760,0.0,140.61,-0.06,65.0,250.0
1768639817.9940763,327780,0.0,140.61,-0.11,65.0,250.0
1768639818.0282876,327800,0.0,140.61,0.06,65.0,250.0
1768639818.0436332,327820,0.0,140.61,0.06,65.0,250.0
1768639818.0662022,327840,0.0,140.61,-0.01,65.0,250.0
1768639818.076242,327860,0.0,140.61,-0.01,65.0,250.0
1768639818.1063244,327880,0.0,140.61,-0.01,65.0,250.0
1768639818.1218204,327900,0.0,140.61,-0.01,65.0,250.0
1768639818.148794,327920,0.0,140.61,-0.01,65.0,250.0
1768639818.1569848,327940,0.0,140.61,-0.01,65.0,250.0
1768639818.1875305,327960,0.0,140.61,-0.04,65.0,250.0
1768639818.2029061,327980,0.0,140.61,0.08,65.0,250.0
1768639818.2182202,328000,0.0,140.61,-0.01,65.0,250.0
1768639818.238429,328020,0.0,140.61,-0.04,65.0,250.0
1768639818.2685435,328040,0.0,140.61,-0.05,65.0,250.0
1768639818.290493,328060,0.0,140.61,-0.08,65.0,250.0
1768639818.3005416,328080,0.0,140.61,0.06,65.0,250.0
1768639818.3153324,328100,0.0,140.61,0.02,65.0,250.0
1768639818.348552,328120,0.0,140.61,-0.08,65.0,250.0
1768639818.365742,328140,0.0,140.61,-0.01,65.0,250.0
1768639818.3810735,328160,0.0,140.61,-0.08,65.0,250.0
1768639818.4025042,328180,0.0,140.61,-0.01,65.0,250.0
1768639818.4272785,328200,0.0,140.61,-0.01,65.0,250.0
1768639818.4425588,328220,0.0,140.61,0.06,65.0,250.0
1768639818.4578364,328240,0.0,140.61,0.06,65.0,250.0
1768639818.4778666,328260,0.0,140.61,-0.04,65.0,250.0
1768639818.5240796,328280,0.0,140.61,-0.01,65.0,250.0
1768639818.532067,328300,0.0,140.61,-0.01,65.0,250.0
1768639818.5397491,328320,0.0,140.61,-0.01,65.0,250.0
1768639818.555128,328340,0.0,140.61,-0.04,65.0,250.0
1768639818.5900376,328360,0.0,140.61,-0.08,65.0,250.0
1768639818.6052487,328380,0.0,140.61,0.06,65.0,250.0
1768639818.6273215,328400,0.0,140.61,-0.01,65.0,250.0
1768639818.6373944,328420,0.0,140.61,-0.06,65.0,250.0
1768639818.6674097,328440,0.0,140.61,0.13,65.0,250.0
1768639818.697663,328460,0.0,140.61,-0.01,65.0,250.0
1768639818.7027578,328480,0.0,140.61,0.06,65.0,250.0
1768639818.7175915,328500,0.0,140.61,-0.04,65.0,250.0
1768639818.7487457,328520,0.0,140.61,0.06,65.0,250.0
1768639818.7639844,328540,0.0,140.61,-0.05,65.0,250.0
1768639818.7792265,328560,0.0,140.61,0.06,65.0,250.0
1768639818.7948067,328580,0.0,140.61,-0.08,65.0,250.0
1768639818.8296347,328600,0.0,140.61,0.13,65.0,250.0
1768639818.851053,328620,0.0,140.61,-0.08,65.0,250.0
1768639818.8658485,328640,0.0,140.61,0.03,65.0,250.0
1768639818.878519,328660,0.0,140.61,-0.08,65.0,250.0
1768639818.9061804,328680,0.0,140.61,-0.08,65.0,250.0
1768639818.9265494,328700,0.0,140.61,0.06,65.0,250.0
1768639818.9414442,328720,0.0,140.61,-0.15,65.0,250.0
1768639818.962398,328740,0.0,140.61,0.06,65.0,250.0
1768639818.9874964,328760,0.0,140.61,-0.08,65.0,250.0
1768639819.0028818,328780,0.0,140.61,0.13,65.0,250.0
1768639819.022989,328800,0.0,140.61,-0.01,65.0,250.0
1768639819.038082,328820,0.0,140.61,-0.08,65.0,250.0
1768639819.0748713,328840,0.0,140.61,-0.01,65.0,250.0
1768639819.0847971,328860,0.0,140.61,-0.08,65.0,250.0
1768639819.1001856,328880,0.0,140.61,0.02,65.0,250.0
1768639819.1150334,328900,0.0,140.61,0.06,65.0,250.0
1768639819.1506884,328920,0.0,140.61,-0.01,65.0,250.0
1768639819.165618,328940,0.0,140.61,-0.01,65.0,250.0
1768639819.186907,328960,0.0,140.61,0.06,65.0,250.0
1768639819.2004404,328980,0.0,140.61,0.03,65.0,250.0
1768639819.235203,329000,0.0,140.61,-0.08,65.0,250.0
1768639819.2472155,329020,0.0,140.61,-0.01,65.0,250.0
1768639819.2622705,329040,0.0,140.61,-0.01,65.0,250.0
1768639819.2778115,329060,0.0,140.61,-0.01,65.0,250.0
1768639819.308999,329080,0.0,140.61,-0.11,65.0,250.0
1768639819.324252,329100,0.0,140.61,-0.01,65.0,250.0
1768639819.339645,329120,0.0,140.61,-0.19,65.0,250.0
1768639819.3546715,329140,0.0,140.61,-0.01,65.0,250.0
1768639819.3907573,329160,0.0,140.61,-0.01,65.0,250.0
1768639819.4111848,329180,0.0,140.61,-0.08,65.0,250.0
1768639819.4212883,329200,0.0,140.61,-0.01,65.0,250.0
1768639819.4364004,329220,0.0,140.61,-0.01,65.0,250.0
1768639819.466595,329240,0.0,140.61,-0.01,65.0,250.0
1768639819.4827027,329260,0.0,140.61,-0.01,65.0,250.0
1768639819.5127616,329280,0.0,140.61,-0.01,65.0,250.0
1768639819.5257337,329300,0.0,140.61,-0.08,65.0,250.0
1768639819.5483327,329320,0.0,140.6,-0.01,65.0,250.0
1768639819.563423,329340,0.0,140.61,-0.01,65.0,250.0
1768639819.5787954,329360,0.0,140.61,-0.01,65.0,250.0
1768639819.5988789,329380,0.0,140.61,0.06,65.0,250.0
1768639819.6351526,329400,0.0,140.61,0.06,65.0,250.0
1768639819.64527,329420,0.0,140.61,-0.05,65.0,250.0
1768639819.6605656,329440,0.0,140.61,-0.08,65.0,250.0
1768639819.675467,329460,0.0,140.61,0.06,65.0,250.0
1768639819.7127628,329480,0.0,140.61,-0.01,65.0,250.0
1768639819.7260845,329500,0.0,140.61,-0.08,65.0,250.0
1768639819.7474616,329520,0.0,140.61,-0.01,65.0,250.0
1768639819.7572935,329540,0.0,140.61,0.03,65.0,250.0
1768639819.787397,329560,0.0,140.61,-0.01,65.0,250.0
1768639819.8026595,329580,0.0,140.61,0.06,65.0,250.0
1768639819.823357,329600,0.0,140.61,-0.01,65.0,250.0
1768639819.8381717,329620,0.0,140.61,0.11,65.0,250.0
1768639819.8865733,329640,0.0,140.61,-0.01,65.0,250.0
1768639819.90085,329660,0.0,140.61,-0.08,65.0,250.0
1768639819.9025743,329680,0.0,140.61,0.01,65.0,250.0
1768639819.9149296,329700,0.0,140.61,-0.15,65.0,250.0
1768639819.9557998,329720,0.0,140.61,-0.04,65.0,250.0
1768639819.965089,329740,0.0,140.6,-0.01,65.0,250.0
1768639819.9801228,329760,0.0,140.6,-0.08,65.0,250.0
1768639819.9954336,329780,0.0,140.6,-0.08,65.0,250.0
1768639820.0306437,329800,0.0,140.6,-0.08,65.0,250.0
1768639820.045979,329820,0.0,140.6,-0.04,65.0,250.0
1768639820.0677369,329840,0.0,140.6,0.04,65.0,250.0
1768639820.100824,329860,0.0,140.6,-0.01,65.0,250.0
1768639820.1076126,329880,0.0,140.6,-0.01,65.0,250.0
1768639820.123231,329900,0.0,140.6,-0.01,65.0,250.0
1768639820.1431668,329920,0.0,140.6,-0.08,65.0,250.0
1768639820.1586163,329940,0.0,140.6,-0.01,65.0,250.0
1768639820.1797032,329960,0.0,140.6,-0.04,65.0,250.0
1768639820.2044528,329980,0.0,140.6,0.03,65.0,250.0
1768639820.2197075,330000,0.0,140.6,-0.05,65.0,250.0
1768639820.2349002,330020,0.0,140.6,-0.01,65.0,250.0
1768639820.2669892,330040,0.0,140.6,-0.01,65.0,250.0
1768639820.2917445,330060,0.0,140.6,-0.2,65.0,250.0
1768639820.301991,330080,0.0,140.6,0.02,65.0,250.0
1768639820.317269,330100,0.0,140.6,-0.01,65.0,250.0
1768639820.332047,330120,0.0,140.6,-0.08,65.0,250.0
1768639820.3670852,330140,0.0,140.6,-0.01,65.0,250.0
1768639820.3823235,330160,0.0,140.6,-0.08,65.0,250.0
1768639820.4037578,330180,0.0,140.6,-0.05,65.0,250.0
1768639820.4133985,330200,0.0,140.6,0.02,65.0,250.0
1768639820.4437714,330220,0.0,140.6,-0.01,65.0,250.0
1768639820.462603,330240,0.0,140.6,0.06,65.0,250.0
1768639820.47979,330260,0.0,140.6,-0.01,65.0,250.0
1768639820.4947467,330280,0.0,140.6,-0.01,65.0,250.0
1768639820.5259404,330300,0.0,140.6,0.03,65.0,250.0
1768639820.541056,330320,0.0,140.61,-0.01,65.0,250.0
1768639820.55611,330340,0.0,140.6,-0.01,65.0,250.0
1768639820.5712745,330360,0.0,140.6,-0.08,65.0,250.0
1768639820.6071012,330380,0.0,140.6,0.06,65.0,250.0
1768639820.6281023,330400,0.0,140.6,-0.01,65.0,250.0
1768639820.660416,330420,0.0,140.6,-0.08,65.0,250.0
1768639820.661482,330440,0.0,140.6,-0.04,65.0,250.0
1768639820.6833925,330460,0.0,140.6,-0.08,65.0,250.0
1768639820.7037508,330480,0.0,140.6,-0.01,65.0,250.0
1768639820.7190125,330500,0.0,140.6,0.04,65.0,250.0
1768639820.7400675,330520,0.0,140.6,0.06,65.0,250.0
1768639820.7651439,330540,0.0,140.61,-0.01,65.0,250.0
1768639820.7803261,330560,0.0,140.61,0.06,65.0,250.0
1768639820.7955353,330580,0.0,140.61,-0.04,65.0,250.0
1768639820.8330154,330600,0.0,140.61,-0.04,65.0,250.0
1768639820.8518798,330620,0.0,140.61,-0.01,65.0,250.0
1768639820.8620985,330640,0.0,140.61,-0.01,65.0,250.0
1768639820.8773875,330660,0.0,140.61,0.13,65.0,250.0
1768639820.8923688,330680,0.0,140.61,0.06,65.0,250.0
1768639820.9273043,330700,0.0,140.61,0.02,65.0,250.0
1768639820.9425676,330720,0.0,140.61,-0.01,65.0,250.0
1768639820.9641364,330740,0.0,140.61,-0.08,65.0,250.0
1768639820.974154,330760,0.0,140.61,0.06,65.0,250.0
1768639821.0042713,330780,0.0,140.61,-0.01,65.0,250.0
1768639821.0266948,330800,0.0,140.61,-0.04,65.0,250.0
1768639821.0396495,330820,0.0,140.61,-0.01,65.0,250.0
1768639821.0551565,330840,0.0,140.61,-0.19,65.0,250.0
1768639821.086183,330860,0.0,140.61,-0.01,65.0,250.0
1768639821.1014519,330880,0.0,140.61,-0.15,65.0,250.0
1768639821.116919,330900,0.0,140.6,-0.01,65.0,250.0
1768639821.132056,330920,0.0,140.6,-0.08,65.0,250.0
1768639821.1669269,330940,0.0,140.6,0.15,65.0,250.0
1768639821.1882875,330960,0.0,140.61,0.03,65.0,250.0
1768639821.1984406,330980,0.0,140.61,-0.04,65.0,250.0
1768639821.2247784,331000,0.0,140.61,0.06,65.0,250.0
1768639821.2437327,331020,0.0,140.61,0.06,65.0,250.0
1768639821.264087,331040,0.0,140.61,-0.08,65.0,250.0
1768639821.2795238,331060,0.0,140.61,0.13,65.0,250.0
1768639821.3003337,331080,0.0,140.61,-0.04,65.0,250.0
1768639821.325677,331100,0.0,140.6,-0.01,65.0,250.0
1768639821.3408346,331120,0.0,140.61,-0.01,65.0,250.0
1768639821.35613,331140,0.0,140.61,-0.04,65.0,250.0
1768639821.37608,331160,0.0,140.6,-0.08,65.0,250.0
1768639821.4117985,331180,0.0,140.6,-0.05,65.0,250.0
1768639821.4454873,331200,0.0,140.6,-0.01,65.0,250.0
1768639821.4466233,331220,0.0,140.6,0.06,65.0,250.0
1768639821.452321,331240,0.0,140.6,-0.01,65.0,250.0
1768639821.487512,331260,0.0,140.6,-0.08,65.0,250.0
1768639821.5027356,331280,0.0,140.6,0.03,65.0,250.0
1768639821.524567,331300,0.0,140.6,-0.01,65.0,250.0
1768639821.5346522,331320,0.0,140.6,0.01,65.0,250.0
1768639821.5651295,331340,0.0,140.6,0.03,65.0,250.0
1768639821.5803654,331360,0.0,140.6,-0.05,65.0,250.0
1768639821.6087809,331380,0.0,140.6,-0.01,65.0,250.0
1768639821.6329298,331400,0.0,140.6,-0.04,65.0,250.0
1768639821.6465054,331420,0.0,140.6,-0.05,65.0,250.0
1768639821.6619966,331440,0.0,140.6,0.03,65.0,250.0
1768639821.6775913,331460,0.0,140.6,-0.01,65.0,250.0
1768639821.6921866,331480,0.0,140.6,0.03,65.0,250.0
1768639821.7276132,331500,0.0,140.6,-0.08,65.0,250.0
1768639821.7489917,331520,0.0,140.6,-0.05,65.0,250.0
1768639821.7590172,331540,0.0,140.6,0.06,65.0,250.0
1768639821.7736468,331560,0.0,140.6,0.06,65.0,250.0
1768639821.8069448,331580,0.0,140.6,-0.08,65.0,250.0
1768639821.8333447,331600,0.0,140.6,-0.05,65.0,250.0
1768639821.8396792,331620,0.0,140.6,-0.11,65.0,250.0
1768639821.8610566,331640,0.0,140.6,-0.11,65.0,250.0
1768639821.886108,331660,0.0,140.6,-0.11,65.0,250.0
1768639821.9011958,331680,0.0,140.6,-0.08,65.0,250.0
1768639821.9166892,331700,0.0,140.6,-0.01,65.0,250.0
1768639821.9366577,331720,0.0,140.6,0.06,65.0,250.0
1768639821.9728549,331740,0.0,140.6,-0.01,65.0,250.0
1768639821.9832451,331760,0.0,140.6,-0.01,65.0,250.0
1768639822.0204918,331780,0.0,140.6,-0.08,65.0,250.0
1768639822.021354,331800,0.0,140.6,0.02,65.0,250.0
1768639822.04857,331820,0.0,140.6,-0.01,65.0,250.0
1768639822.0638888,331840,0.0,140.6,-0.01,65.0,250.0
1768639822.0850422,331860,0.0,140.6,-0.08,65.0,250.0
1768639822.0952039,331880,0.0,140.6,-0.04,65.0,250.0
1768639822.1255527,331900,0.0,140.6,0.03,65.0,250.0
1768639822.1405084,331920,0.0,140.6,-0.08,65.0,250.0
1768639822.16508,331940,0.0,140.6,-0.08,65.0,250.0
1768639822.17579,331960,0.0,140.6,-0.05,65.0,250.0
1768639822.2077343,331980,0.0,140.6,0.08,65.0,250.0
1768639822.2222707,332000,0.0,140.6,0.06,65.0,250.0
1768639822.2377238,332020,0.0,140.6,0.06,65.0,250.0
1768639822.252362,332040,0.0,140.6,-0.01,65.0,250.0
1768639822.287873,332060,0.0,140.6,-0.01,65.0,250.0
1768639822.3092623,332080,0.0,140.6,-0.04,65.0,250.0
1768639822.3195617,332100,0.0,140.6,-0.08,65.0,250.0
1768639822.3344567,332120,0.0,140.6,-0.08,65.0,250.0
1768639822.3646762,332140,0.0,140.6,-0.01,65.0,250.0
1768639822.3855522,332160,0.0,140.6,-0.01,65.0,250.0
1768639822.4004972,332180,0.0,140.6,0.06,65.0,250.0
1768639822.420493,332200,0.0,140.6,0.13,65.0,250.0
1768639822.4463685,332220,0.0,140.6,-0.08,65.0,250.0
1768639822.4613795,332240,0.0,140.6,-0.08,65.0,250.0
1768639822.481635,332260,0.0,140.6,-0.01,65.0,250.0
1768639822.4968789,332280,0.0,140.6,-0.01,65.0,250.0
1768639822.533527,332300,0.0,140.6,-0.04,65.0,250.0
1768639822.5436623,332320,0.0,140.6,-0.01,65.0,250.0
1768639822.5588212,332340,0.0,140.6,-0.04,65.0,250.0
1768639822.5738735,332360,0.0,140.6,0.06,65.0,250.0
1768639822.6089888,332380,0.0,140.6,-0.01,65.0,250.0
1768639822.6241148,332400,0.0,140.6,-0.08,65.0,250.0
1768639822.6462739,332420,0.0,140.6,-0.01,65.0,250.0
1768639822.6588237,332440,0.0,140.6,0.06,65.0,250.0
1768639822.6852367,332460,0.0,140.6,-0.01,65.0,250.0
1768639822.705499,332480,0.0,140.61,0.06,65.0,250.0
1768639822.7206717,332500,0.0,140.61,0.06,65.0,250.0
1768639822.7356224,332520,0.0,140.61,-0.01,65.0,250.0
1768639822.7675269,332540,0.0,140.61,-0.08,65.0,250.0
1768639822.7828069,332560,0.0,140.61,0.06,65.0,250.0
1768639822.798062,332580,0.0,140.61,-0.03,65.0,250.0
1768639822.8127377,332600,0.0,140.61,-0.01,65.0,250.0
1768639822.8510175,332620,0.0,140.61,-0.08,65.0,250.0
1768639822.8697674,332640,0.0,140.6,-0.01,65.0,250.0
1768639822.8799727,332660,0.0,140.6,-0.01,65.0,250.0
1768639822.895051,332680,0.0,140.61,0.03,65.0,250.0
1768639822.925207,332700,0.0,140.61,-0.05,65.0,250.0
1768639822.9453156,332720,0.0,140.61,-0.01,65.0,250.0
1768639822.9610295,332740,0.0,140.61,-0.11,65.0,250.0
1768639822.9818547,332760,0.0,140.6,0.03,65.0,250.0
1768639823.0071223,332780,0.0,140.6,0.06,65.0,250.0
1768639823.0223756,332800,0.0,140.6,-0.15,65.0,250.0
1768639823.0426807,332820,0.0,140.6,-0.01,65.0,250.0
1768639823.0573733,332840,0.0,140.6,0.06,65.0,250.0
1768639823.0939753,332860,0.0,140.6,-0.08,65.0,250.0
1768639823.1042295,332880,0.0,140.6,-0.01,65.0,250.0
1768639823.1193218,332900,0.0,140.6,-0.04,65.0,250.0
1768639823.134569,332920,0.0,140.6,-0.01,65.0,250.0
1768639823.1696978,332940,0.0,140.6,-0.08,65.0,250.0
1768639823.1848938,332960,0.0,140.6,-0.01,65.0,250.0
1768639823.2064364,332980,0.0,140.6,-0.01,65.0,250.0
1768639823.216299,333000,0.0,140.6,-0.08,65.0,250.0
1768639823.262813,333020,0.0,140.6,0.04,65.0,250.0
1768639823.265043,333040,0.0,140.6,-0.01,65.0,250.0
1768639823.2818637,333060,0.0,140.6,0.06,65.0,250.0
1768639823.2966037,333080,0.0,140.6,-0.01,65.0,250.0
1768639823.3281453,333100,0.0,140.6,-0.01,65.0,250.0
1768639823.3434114,333120,0.0,140.61,0.1,65.0,250.0
1768639823.3584833,333140,0.0,140.6,-0.04,65.0,250.0
1768639823.3733056,333160,0.0,140.6,-0.01,65.0,250.0
1768639823.4086747,333180,0.0,140.6,-0.01,65.0,250.0
1768639823.4294171,333200,0.0,140.61,-0.11,65.0,250.0
1768639823.4408674,333220,0.0,140.6,0.06,65.0,250.0
1768639823.4663181,333240,0.0,140.6,-0.01,65.0,250.0
1768639823.490244,333260,0.0,140.6,-0.01,65.0,250.0
1768639823.5054138,333280,0.0,140.6,-0.08,65.0,250.0
1768639823.5259416,333300,0.0,140.6,-0.01,65.0,250.0
1768639823.5359104,333320,0.0,140.6,0.1,65.0,250.0
1768639823.5665534,333340,0.0,140.6,-0.11,65.0,250.0
1768639823.5864835,333360,0.0,140.6,-0.01,65.0,250.0
1768639823.6018703,333380,0.0,140.6,-0.01,65.0,250.0
1768639823.627208,333400,0.0,140.6,-0.08,65.0,250.0
1768639823.6483238,333420,0.0,140.6,0.06,65.0,250.0
1768639823.6637259,333440,0.0,140.6,-0.04,65.0,250.0
1768639823.6788046,333460,0.0,140.6,-0.01,65.0,250.0
1768639823.693667,333480,0.0,140.6,-0.08,65.0,250.0
1768639823.7292247,333500,0.0,140.6,0.03,65.0,250.0
1768639823.7502813,333520,0.0,140.6,-0.15,65.0,250.0
1768639823.7603233,333540,0.0,140.6,0.06,65.0,250.0
1768639823.7756124,333560,0.0,140.6,0.06,65.0,250.0
1768639823.8070304,333580,0.0,140.6,-0.08,65.0,250.0
1768639823.826351,333600,0.0,140.6,-0.01,65.0,250.0
1768639823.8413506,333620,0.0,140.6,-0.01,65.0,250.0
1768639823.8619545,333640,0.0,140.6,-0.01,65.0,250.0
1768639823.8870158,333660,0.0,140.6,-0.01,65.0,250.0
1768639823.902163,333680,0.0,140.6,0.01,65.0,250.0
1768639823.9225664,333700,0.0,140.6,-0.08,65.0,250.0
1768639823.9375744,333720,0.0,140.6,-0.01,65.0,250.0
1768639823.9785297,333740,0.0,140.6,0.06,65.0,250.0
1768639823.984821,333760,0.0,140.6,-0.08,65.0,250.0
1768639824.000306,333780,0.0,140.6,-0.01,65.0,250.0
1768639824.0152447,333800,0.0,140.6,-0.01,65.0,250.0
1768639824.0504358,333820,0.0,140.6,-0.01,65.0,250.0
1768639824.0655987,333840,0.0,140.6,-0.1,65.0,250.0
1768639824.086927,333860,0.0,140.6,0.06,65.0,250.0
1768639824.0969725,333880,0.0,140.6,-0.01,65.0,250.0
1768639824.1270823,333900,0.0,140.6,-0.01,65.0,250.0
1768639824.1504836,333920,0.0,140.6,-0.08,65.0,250.0
1768639824.167083,333940,0.0,140.6,-0.08,65.0,250.0
1768639824.1777558,333960,0.0,140.6,-0.01,65.0,250.0
1768639824.2086356,333980,0.0,140.59,-0.01,65.0,250.0
1768639824.223546,334000,0.0,140.6,0.13,65.0,250.0
1768639824.2389758,334020,0.0,140.6,0.06,65.0,250.0
1768639824.2587883,334040,0.0,140.6,-0.08,65.0,250.0
1768639824.2891197,334060,0.0,140.6,-0.08,65.0,250.0
1768639824.339047,334080,0.0,140.6,-0.01,65.0,250.0
1768639824.3403509,334100,0.0,140.6,0.03,65.0,250.0
1768639824.3416138,334120,0.0,140.6,-0.01,65.0,250.0
1768639824.3665974,334140,0.0,140.6,0.06,65.0,250.0
1768639824.3865762,334160,0.0,140.6,-0.08,65.0,250.0
1768639824.4020627,334180,0.0,140.6,-0.01,65.0,250.0
1768639824.422934,334200,0.0,140.6,-0.15,65.0,250.0
1768639824.448421,334220,0.0,140.6,0.03,65.0,250.0
1768639824.4788666,334240,0.0,140.59,-0.01,63.0,65.0
1768639824.5611494,334280,0.0,140.59,6.0,65.0,250.0
1768639824.57593,334360,0.0,140.6,-0.04,65.0,250.0
1768639824.6572044,334420,0.0,140.6,-0.08,65.0,250.0
1768639824.6583986,334440,0.0,140.6,-0.01,65.0,250.0
1768639824.6877403,334460,0.0,140.6,-0.11,65.0,250.0
1768639824.7027965,334480,0.0,140.6,-0.01,65.0,250.0
1768639824.723296,334500,0.0,140.6,-0.08,65.0,250.0
1768639824.7380176,334520,0.0,140.6,-0.01,65.0,250.0
1768639824.7694125,334540,0.0,140.59,-0.04,65.0,250.0
1768639824.7847848,334560,0.0,140.59,-0.04,65.0,250.0
1768639824.8179166,334580,0.0,140.59,-0.01,65.0,250.0
1768639824.8190727,334600,0.0,140.59,-0.01,65.0,250.0
1768639824.835684,334620,0.0,140.59,0.1,65.0,250.0
1768639824.8715575,334640,0.0,140.6,0.06,65.0,250.0
1768639824.882007,334660,0.0,140.6,-0.01,65.0,250.0
1768639824.8969622,334680,0.0,140.6,-0.01,65.0,250.0
1768639824.9117646,334700,0.0,140.6,0.06,65.0,250.0
1768639824.947367,334720,0.0,140.6,0.04,65.0,250.0
1768639824.9744115,334740,0.0,140.6,-0.01,65.0,250.0
1768639824.9833615,334760,0.0,140.6,-0.08,65.0,250.0
1768639824.9932423,334780,0.0,140.6,-0.01,65.0,250.0
1768639825.0233486,334800,0.0,140.59,-0.04,65.0,250.0
1768639825.0437179,334820,0.0,140.6,-0.08,65.0,250.0
1768639825.0591464,334840,0.0,140.59,-0.01,65.0,250.0
1768639825.0796793,334860,0.0,140.59,-0.15,65.0,250.0
1768639825.1049433,334880,0.0,140.59,-0.1,65.0,250.0
1768639825.1201189,334900,0.0,140.59,-0.01,65.0,250.0
1768639825.138568,334920,0.0,140.59,-0.04,65.0,250.0
1768639825.1556582,334940,0.0,140.59,-0.13,65.0,250.0
1768639825.1916373,334960,0.0,140.59,0.06,65.0,250.0
1768639825.2017477,334980,0.0,140.59,0.06,65.0,250.0
1768639825.2171926,335000,0.0,140.59,-0.08,65.0,250.0
1768639825.232234,335020,0.0,140.59,-0.01,65.0,250.0
1768639825.2673721,335040,0.0,140.59,-0.08,65.0,250.0
1768639825.2827451,335060,0.0,140.59,0.06,65.0,250.0
1768639825.305837,335080,0.0,140.59,-0.01,65.0,250.0
1768639825.3235781,335100,0.0,140.59,0.01,65.0,250.0
1768639825.3441246,335120,0.0,140.59,0.06,65.0,250.0
1768639825.3591821,335140,0.0,140.59,0.06,65.0,250.0
1768639825.3797774,335160,0.0,140.59,-0.06,65.0,250.0
1768639825.394746,335180,0.0,140.59,-0.05,65.0,250.0
1768639825.4253306,335200,0.0,140.59,-0.01,65.0,250.0
1768639825.4405022,335220,0.0,140.59,0.06,65.0,250.0
1768639825.4559221,335240,0.0,140.59,-0.01,65.0,250.0
1768639825.4860277,335260,0.0,140.59,-0.08,65.0,250.0
1768639825.506033,335280,0.0,140.59,0.13,65.0,250.0
1768639825.5281088,335300,0.0,140.59,-0.08,65.0,250.0
1768639825.5384262,335320,0.0,140.6,0.01,65.0,250.0
1768639825.5532813,335340,0.0,140.59,-0.01,65.0,250.0
1768639825.583713,335360,0.0,140.59,-0.08,65.0,250.0
1768639825.6039605,335380,0.0,140.59,-0.08,65.0,250.0
1768639825.6193535,335400,0.0,140.59,0.06,65.0,250.0
1768639825.6422267,335420,0.0,140.59,-0.08,65.0,250.0
1768639825.665268,335440,0.0,140.59,0.03,65.0,250.0
1768639825.6819758,335460,0.0,140.59,-0.04,65.0,250.0
1768639825.6958647,335480,0.0,140.59,0.06,65.0,250.0
1768639825.7156236,335500,0.0,140.59,-0.08,65.0,250.0
1768639825.7522337,335520,0.0,140.59,0.05,65.0,250.0
1768639825.7622538,335540,0.0,140.59,-0.05,65.0,250.0
1768639825.777666,335560,0.0,140.59,-0.04,65.0,250.0
1768639825.79256,335580,0.0,140.59,-0.01,65.0,250.0
1768639825.8323443,335600,0.0,140.6,-0.04,65.0,250.0
1768639825.846194,335620,0.0,140.59,-0.01,65.0,250.0
1768639825.8646274,335640,0.0,140.59,-0.08,65.0,250.0
1768639825.8748262,335660,0.0,140.59,0.02,65.0,250.0
1768639825.9045062,335680,0.0,140.59,-0.08,65.0,250.0
1768639825.9200015,335700,0.0,140.59,-0.15,65.0,250.0
1768639825.9401815,335720,0.0,140.59,0.06,65.0,250.0
1768639825.955197,335740,0.0,140.59,-0.01,65.0,250.0
1768639825.9865186,335760,0.0,140.59,0.11,65.0,250.0
1768639826.0011804,335780,0.0,140.59,-0.01,65.0,250.0
1768639826.0370357,335800,0.0,140.59,-0.01,65.0,250.0
1768639826.038256,335820,0.0,140.59,-0.08,65.0,250.0
1768639826.066752,335840,0.0,140.59,-0.01,65.0,250.0
1768639826.0886676,335860,0.0,140.59,0.06,65.0,250.0
1768639826.0987775,335880,0.0,140.6,0.02,65.0,250.0
1768639826.1137471,335900,0.0,140.6,-0.08,65.0,250.0
1768639826.1439533,335920,0.0,140.6,-0.01,65.0,250.0
1768639826.164299,335940,0.0,140.6,-0.01,65.0,250.0
1768639826.1795018,335960,0.0,140.6,0.02,65.0,250.0
1768639826.2004654,335980,0.0,140.6,-0.06,65.0,250.0
1768639826.2251866,336000,0.0,140.6,-0.01,65.0,250.0
1768639826.240548,336020,0.0,140.6,0.06,65.0,250.0
1768639826.2608402,336040,0.0,140.6,-0.15,65.0,250.0
1768639826.2756152,336060,0.0,140.6,0.06,65.0,250.0
1768639826.3122144,336080,0.0,140.6,-0.01,65.0,250.0
1768639826.3225398,336100,0.0,140.6,-0.12,65.0,250.0
1768639826.3377788,336120,0.0,140.6,-0.01,65.0,250.0
1768639826.3529584,336140,0.0,140.6,-0.01,65.0,250.0
1768639826.3986568,336160,0.0,140.6,-0.01,65.0,250.0
1768639826.4033685,336180,0.0,140.6,0.06,65.0,250.0
1768639826.4252234,336200,0.0,140.6,-0.08,65.0,250.0
1768639826.4352329,336220,0.0,140.6,-0.15,65.0,250.0
1768639826.465112,336240,0.0,140.6,-0.04,65.0,250.0
1768639826.4805036,336260,0.0,140.6,0.1,65.0,250.0
1768639826.5008664,336280,0.0,140.6,-0.15,65.0,250.0
1768639826.5157995,336300,0.0,140.6,0.06,65.0,250.0
1768639826.5468476,336320,0.0,140.6,-0.08,65.0,250.0
1768639826.5799928,336340,0.0,140.6,-0.01,65.0,250.0
1768639826.5882058,336360,0.0,140.6,0.01,65.0,250.0
1768639826.5926847,336380,0.0,140.6,-0.08,65.0,250.0
1768639826.6276062,336400,0.0,140.6,-0.01,65.0,250.0
1768639826.6490314,336420,0.0,140.6,-0.01,65.0,250.0
1768639826.6592765,336440,0.0,140.6,-0.08,65.0,250.0
1768639826.6743248,336460,0.0,140.6,-0.08,65.0,250.0
1768639826.7046502,336480,0.0,140.6,-0.08,65.0,250.0
1768639826.7249722,336500,0.0,140.59,-0.01,65.0,250.0
1768639826.740228,336520,0.0,140.6,0.06,65.0,250.0
1768639826.7707865,336540,0.0,140.6,-0.01,65.0,250.0
1768639826.7864683,336560,0.0,140.6,-0.08,65.0,250.0
1768639826.8016024,336580,0.0,140.6,-0.06,65.0,250.0
1768639826.8220508,336600,0.0,140.6,-0.08,65.0,250.0
1768639826.8370712,336620,0.0,140.6,-0.01,65.0,250.0
1768639826.8669956,336640,0.0,140.6,-0.01,65.0,250.0
1768639826.8821964,336660,0.0,140.6,-0.01,65.0,250.0
1768639826.8974154,336680,0.0,140.6,-0.15,65.0,250.0
1768639826.9176445,336700,0.0,140.59,-0.08,65.0,250.0
1768639826.9593031,336720,0.0,140.59,-0.01,65.0,250.0
1768639826.9695413,336740,0.0,140.59,-0.08,65.0,250.0
1768639826.9796987,336760,0.0,140.59,-0.08,65.0,250.0
1768639826.994969,336780,0.0,140.59,-0.05,65.0,250.0
1768639827.0251439,336800,0.0,140.59,-0.01,65.0,250.0
1768639827.0455115,336820,0.0,140.59,-0.08,65.0,250.0
1768639827.0604863,336840,0.0,140.59,-0.05,65.0,250.0
1768639827.0819676,336860,0.0,140.59,-0.04,65.0,250.0
1768639827.1068423,336880,0.0,140.59,-0.01,65.0,250.0
1768639827.133917,336900,0.0,140.59,-0.11,65.0,250.0
1768639827.1371737,336920,0.0,140.59,0.1,65.0,250.0
1768639827.1578953,336940,0.0,140.59,-0.05,65.0,250.0
1768639827.1937358,336960,0.0,140.59,-0.11,65.0,250.0
1768639827.2038913,336980,0.0,140.59,0.03,65.0,250.0
1768639827.2189698,337000,0.0,140.59,0.06,65.0,250.0
1768639827.2340853,337020,0.0,140.59,-0.01,65.0,250.0
1768639827.2694507,337040,0.0,140.59,-0.01,65.0,250.0
1768639827.300401,337060,0.0,140.59,-0.15,65.0,250.0
1768639827.3061693,337080,0.0,140.59,0.06,65.0,250.0
1768639827.3161361,337100,0.0,140.59,-0.01,65.0,250.0
1768639827.3463063,337120,0.0,140.59,-0.01,65.0,250.0
1768639827.3616545,337140,0.0,140.59,-0.01,65.0,250.0
1768639827.3820882,337160,0.0,140.59,0.13,65.0,250.0
1768639827.397058,337180,0.0,140.59,-0.04,65.0,250.0
1768639827.4283261,337200,0.0,140.59,-0.08,65.0,250.0
1768639827.4435258,337220,0.0,140.59,-0.15,65.0,250.0
1768639827.4590638,337240,0.0,140.59,-0.03,65.0,250.0
1768639827.478176,337260,0.0,140.59,-0.01,65.0,250.0
1768639827.5092494,337280,0.0,140.59,-0.01,65.0,250.0
1768639827.5297792,337300,0.0,140.59,-0.01,65.0,250.0
1768639827.5400488,337320,0.0,140.59,0.03,65.0,250.0
1768639827.5549598,337340,0.0,140.59,0.06,65.0,250.0
1768639827.590401,337360,0.0,140.59,-0.01,65.0,250.0
1768639827.6058154,337380,0.0,140.59,-0.01,65.0,250.0
1768639827.62114,337400,0.0,140.59,-0.01,65.0,250.0
1768639827.6485498,337420,0.0,140.59,-0.04,65.0,250.0
1768639827.6674922,337440,0.0,140.59,-0.08,65.0,250.0
1768639827.6825907,337460,0.0,140.59,-0.08,65.0,250.0
1768639827.6979017,337480,0.0,140.59,-0.08,65.0,250.0
1768639827.7180786,337500,0.0,140.59,-0.08,65.0,250.0
1768639827.7545428,337520,0.0,140.59,-0.04,65.0,250.0
1768639827.7645838,337540,0.0,140.59,-0.04,65.0,250.0
1768639827.7798152,337560,0.0,140.59,-0.01,65.0,250.0
1768639827.7947087,337580,0.0,140.59,0.06,65.0,250.0
1768639827.8298643,337600,0.0,140.59,0.06,65.0,250.0
1768639827.8451848,337620,0.0,140.59,-0.01,65.0,250.0
1768639827.8666358,337640,0.0,140.59,-0.08,65.0,250.0
1768639827.8765883,337660,0.0,140.59,0.06,65.0,250.0
1768639827.9068,337680,0.0,140.59,0.13,65.0,250.0
1768639827.9219875,337700,0.0,140.59,-0.01,65.0,250.0
1768639827.9423487,337720,0.0,140.59,-0.08,65.0,250.0
1768639827.9573243,337740,0.0,140.59,-0.01,65.0,250.0
1768639827.9924843,337760,0.0,140.59,-0.01,65.0,250.0
1768639828.0037792,337780,0.0,140.59,-0.01,65.0,250.0
1768639828.0189536,337800,0.0,140.59,-0.08,65.0,250.0
1768639828.0342515,337820,0.0,140.59,-0.01,65.0,250.0
1768639828.0693188,337840,0.0,140.59,-0.08,65.0,250.0
1768639828.090629,337860,0.0,140.59,-0.08,65.0,250.0
1768639828.1009817,337880,0.0,140.59,-0.01,65.0,250.0
1768639828.1159165,337900,0.0,140.59,-0.08,65.0,250.0
1768639828.159025,337920,0.0,140.59,-0.01,65.0,250.0
1768639828.1684556,337940,0.0,140.59,-0.01,65.0,250.0
1768639828.1815186,337960,0.0,140.59,-0.08,65.0,250.0
1768639828.2023265,337980,0.0,140.59,-0.01,65.0,250.0
1768639828.22721,338000,0.0,140.59,-0.01,65.0,250.0
1768639828.2423604,338020,0.0,140.59,0.02,65.0,250.0
1768639828.262651,338040,0.0,140.59,0.03,65.0,250.0
1768639828.2779274,338060,0.0,140.59,0.01,65.0,250.0
1768639828.3147242,338080,0.0,140.59,-0.01,65.0,250.0
1768639828.3251271,338100,0.0,140.59,0.06,65.0,250.0
1768639828.3411608,338120,0.0,140.59,-0.01,65.0,250.0
1768639828.355167,338140,0.0,140.59,-0.01,65.0,250.0
1768639828.3907332,338160,0.0,140.59,-0.11,65.0,250.0
1768639828.4113295,338180,0.0,140.59,-0.08,65.0,250.0
1768639828.4380746,338200,0.0,140.59,-0.08,65.0,250.0
1768639828.4471037,338220,0.0,140.59,-0.01,65.0,250.0
1768639828.466168,338240,0.0,140.59,-0.01,65.0,250.0
1768639828.4866147,338260,0.0,140.59,0.03,65.0,250.0
1768639828.502341,338280,0.0,140.59,0.11,65.0,250.0
1768639828.5225563,338300,0.0,140.59,-0.01,65.0,250.0
1768639828.547819,338320,0.0,140.59,-0.01,65.0,250.0
1768639828.563207,338340,0.0,140.59,0.06,65.0,250.0
1768639828.583444,338360,0.0,140.59,0.02,65.0,250.0
1768639828.5979106,338380,0.0,140.59,-0.01,65.0,250.0
1768639828.6353781,338400,0.0,140.59,0.06,65.0,250.0
1768639828.6499321,338420,0.0,140.59,-0.04,65.0,250.0
1768639828.662847,338440,0.0,140.59,0.13,65.0,250.0
1768639828.6755586,338460,0.0,140.59,-0.01,65.0,250.0
1768639828.710967,338480,0.0,140.59,-0.01,65.0,250.0
1768639828.7261977,338500,0.0,140.59,-0.08,65.0,250.0
1768639828.7466824,338520,0.0,140.59,-0.01,65.0,250.0
1768639828.7572095,338540,0.0,140.59,-0.08,65.0,250.0
1768639828.78666,338560,0.0,140.59,0.03,65.0,250.0
1768639828.8069224,338580,0.0,140.59,-0.01,65.0,250.0
1768639828.822173,338600,0.0,140.59,-0.05,65.0,250.0
1768639828.8371487,338620,0.0,140.59,-0.01,65.0,250.0
1768639828.8897948,338640,0.0,140.6,-0.08,65.0,250.0
1768639828.8910358,338660,0.0,140.6,-0.08,65.0,250.0
1768639828.8999352,338680,0.0,140.6,0.06,65.0,250.0
1768639828.914697,338700,0.0,140.6,0.06,65.0,250.0
1768639828.9500756,338720,0.0,140.6,-0.01,65.0,250.0
1768639828.971151,338740,0.0,140.6,-0.01,65.0,250.0
1768639828.9812918,338760,0.0,140.6,0.06,65.0,250.0
1768639828.9961028,338780,0.0,140.6,0.02,65.0,250.0
1768639829.0264978,338800,0.0,140.6,-0.08,65.0,250.0
1768639829.046889,338820,0.0,140.6,-0.04,65.0,250.0
1768639829.077679,338840,0.0,140.6,0.06,65.0,250.0
1768639829.08265,338860,0.0,140.6,0.06,65.0,250.0
1768639829.1080692,338880,0.0,140.6,-0.03,65.0,250.0
1768639829.1230843,338900,0.0,140.6,-0.08,65.0,250.0
1768639829.1436844,338920,0.0,140.6,-0.01,65.0,250.0
1768639829.1586936,338940,0.0,140.6,0.06,65.0,250.0
1768639829.1952484,338960,0.0,140.6,-0.01,65.0,250.0
1768639829.206085,338980,0.0,140.6,-0.01,65.0,250.0
1768639829.2212417,339000,0.0,140.6,0.1,65.0,250.0
1768639829.236289,339020,0.0,140.6,-0.08,65.0,250.0
1768639829.270873,339040,0.0,140.6,0.03,65.0,250.0
1768639829.2861414,339060,0.0,140.6,0.02,65.0,250.0
1768639829.3072512,339080,0.0,140.6,0.03,65.0,250.0
1768639829.3172808,339100,0.0,140.6,-0.01,65.0,250.0
1768639829.3474743,339120,0.0,140.6,-0.04,65.0,250.0
1768639829.3628674,339140,0.0,140.6,-0.01,65.0,250.0
1768639829.3836265,339160,0.0,140.6,-0.08,65.0,250.0
1768639829.3989003,339180,0.0,140.6,-0.08,65.0,250.0
1768639829.4337444,339200,0.0,140.6,0.06,65.0,250.0
1768639829.4446862,339220,0.0,140.6,-0.08,65.0,250.0
1768639829.4598446,339240,0.0,140.6,0.06,65.0,250.0
1768639829.4745805,339260,0.0,140.6,0.06,65.0,250.0
1768639829.5100296,339280,0.0,140.6,-0.08,65.0,250.0
1768639829.5317554,339300,0.0,140.6,-0.04,65.0,250.0
1768639829.541749,339320,0.0,140.6,0.08,65.0,250.0
1768639829.557218,339340,0.0,140.6,-0.08,65.0,250.0
1768639829.5727673,339360,0.0,140.6,-0.01,65.0,250.0
1768639829.6096575,339380,0.0,140.6,0.06,65.0,250.0
1768639829.622522,339400,0.0,140.6,-0.08,65.0,250.0
1768639829.6438174,339420,0.0,140.6,-0.01,65.0,250.0
1768639829.653626,339440,0.0,140.6,-0.01,65.0,250.0
1768639829.6838305,339460,0.0,140.6,0.06,65.0,250.0
1768639829.6992986,339480,0.0,140.6,0.06,65.0,250.0
1768639829.719388,339500,0.0,140.6,-0.01,65.0,250.0
1768639829.7342527,339520,0.0,140.6,0.03,65.0,250.0
1768639829.7657115,339540,0.0,140.6,0.06,65.0,250.0
1768639829.78106,339560,0.0,140.6,-0.08,65.0,250.0
1768639829.8041859,339580,0.0,140.6,-0.01,65.0,250.0
1768639829.8113956,339600,0.0,140.6,0.03,65.0,250.0
1768639829.846651,339620,0.0,140.6,-0.08,65.0,250.0
1768639829.8676066,339640,0.0,140.6,-0.01,65.0,250.0
1768639829.8779511,339660,0.0,140.6,-0.01,65.0,250.0
1768639829.8929682,339680,0.0,140.61,0.09,65.0,250.0
1768639829.92312,339700,0.0,140.61,-0.08,65.0,250.0
1768639829.943431,339720,0.0,140.6,-0.08,65.0,250.0
1768639829.958679,339740,0.0,140.6,-0.08,65.0,250.0
1768639829.9846241,339760,0.0,140.6,0.04,65.0,250.0
1768639830.0049615,339780,0.0,140.6,-0.01,65.0,250.0
1768639830.020351,339800,0.0,140.6,-0.04,65.0,250.0
1768639830.0355098,339820,0.0,140.6,-0.08,65.0,250.0
1768639830.0556839,339840,0.0,140.6,-0.01,65.0,250.0
1768639830.0918736,339860,0.0,140.6,-0.01,65.0,250.0
1768639830.101915,339880,0.0,140.6,-0.11,65.0,250.0
1768639830.117137,339900,0.0,140.6,-0.08,65.0,250.0
1768639830.132512,339920,0.0,140.6,-0.08,65.0,250.0
1768639830.1716218,339940,0.0,140.6,0.06,65.0,250.0
1768639830.182862,339960,0.0,140.6,-0.08,65.0,250.0
1768639830.204206,339980,0.0,140.6,-0.06,65.0,250.0
1768639830.2140694,340000,0.0,140.6,0.1,65.0,250.0
1768639830.2444124,340020,0.0,140.6,0.06,65.0,250.0
1768639830.2595742,340040,0.0,140.6,-0.01,65.0,250.0
1768639830.2800748,340060,0.0,140.6,-0.12,65.0,250.0
1768639830.295028,340080,0.0,140.6,-0.01,65.0,250.0
1768639830.3294752,340100,0.0,140.6,-0.01,65.0,250.0
1768639830.3476038,340120,0.0,140.6,-0.08,65.0,250.0
1768639830.356509,340140,0.0,140.6,-0.01,65.0,250.0
1768639830.372062,340160,0.0,140.6,-0.01,65.0,250.0
1768639830.4071052,340180,0.0,140.6,0.06,65.0,250.0
1768639830.4283116,340200,0.0,140.6,-0.08,65.0,250.0
1768639830.438198,340220,0.0,140.6,0.06,65.0,250.0
1768639830.4532657,340240,0.0,140.6,-0.08,65.0,250.0
1768639830.4835086,340260,0.0,140.6,-0.01,65.0,250.0
1768639830.503905,340280,0.0,140.6,0.06,65.0,250.0
1768639830.5188556,340300,0.0,140.6,-0.01,65.0,250.0
1768639830.539618,340320,0.0,140.6,0.03,65.0,250.0
1768639830.5648746,340340,0.0,140.6,0.06,65.0,250.0
1768639830.580308,340360,0.0,140.6,0.04,65.0,250.0
1768639830.6073933,340380,0.0,140.6,-0.01,65.0,250.0
1768639830.616628,340400,0.0,140.6,-0.01,65.0,250.0
1768639830.6523082,340420,0.0,140.6,-0.01,65.0,250.0
1768639830.662362,340440,0.0,140.6,-0.01,65.0,250.0
1768639830.6776738,340460,0.0,140.6,0.02,65.0,250.0
1768639830.69295,340480,0.0,140.6,-0.01,65.0,250.0
1768639830.7283022,340500,0.0,140.6,-0.04,65.0,250.0
1768639830.74336,340520,0.0,140.6,-0.04,65.0,250.0
1768639830.764699,340540,0.0,140.59,-0.01,65.0,250.0
1768639830.7743337,340560,0.0,140.6,0.06,65.0,250.0
1768639830.8127255,340580,0.0,140.59,-0.08,65.0,250.0
1768639830.8200657,340600,0.0,140.6,0.06,65.0,250.0
1768639830.8404396,340620,0.0,140.6,-0.01,65.0,250.0
1768639830.8554583,340640,0.0,140.6,-0.06,65.0,250.0
1768639830.8867223,340660,0.0,140.6,-0.01,65.0,250.0
1768639830.901983,340680,0.0,140.6,-0.05,65.0,250.0
1768639830.9174,340700,0.0,140.6,-0.01,65.0,250.0
1768639830.9324682,340720,0.0,140.6,-0.04,65.0,250.0
1768639830.9823515,340740,0.0,140.6,-0.01,65.0,250.0
1768639830.9886003,340760,0.0,140.6,-0.04,65.0,250.0
1768639830.9989932,340780,0.0,140.6,0.06,65.0,250.0
1768639831.013941,340800,0.0,140.6,0.01,65.0,250.0
1768639831.0442874,340820,0.0,140.6,-0.01,65.0,250.0
1768639831.0645077,340840,0.0,140.6,-0.01,65.0,250.0
1768639831.0850995,340860,0.0,140.6,0.06,65.0,250.0
1768639831.095178,340880,0.0,140.6,-0.01,65.0,250.0
1768639831.1251442,340900,0.0,140.6,0.06,65.0,250.0
1768639831.1413298,340920,0.0,140.6,-0.08,65.0,250.0
1768639831.1701381,340940,0.0,140.59,-0.04,65.0,250.0
1768639831.175488,340960,0.0,140.6,-0.01,65.0,250.0
1768639831.2066135,340980,0.0,140.6,-0.08,65.0,250.0
1768639831.2221348,341000,0.0,140.6,0.06,65.0,250.0
1768639831.2374494,341020,0.0,140.6,-0.06,65.0,250.0
1768639831.2524538,341040,0.0,140.59,-0.01,65.0,250.0
1768639831.2926075,341060,0.0,140.59,-0.01,65.0,250.0
1768639831.302649,341080,0.0,140.6,0.06,65.0,250.0
1768639831.3248353,341100,0.0,140.59,-0.08,65.0,250.0
1768639831.344159,341120,0.0,140.59,-0.08,65.0,250.0
1768639831.3680203,341140,0.0,140.59,-0.01,65.0,250.0
1768639831.3833447,341160,0.0,140.59,-0.01,65.0,250.0
1768639831.4052114,341180,0.0,140.59,-0.04,65.0,250.0
1768639831.4156141,341200,0.0,140.59,-0.15,65.0,250.0
1768639831.4454606,341220,0.0,140.59,0.06,65.0,250.0
1768639831.4604063,341240,0.0,140.59,-0.08,65.0,250.0
1768639831.4814267,341260,0.0,140.59,-0.05,65.0,250.0
1768639831.5080154,341280,0.0,140.59,-0.08,65.0,250.0
1768639831.5270061,341300,0.0,140.59,-0.04,65.0,250.0
1768639831.5424042,341320,0.0,140.59,0.06,65.0,250.0
1768639831.5580263,341340,0.0,140.59,-0.01,65.0,250.0
1768639831.5724328,341360,0.0,140.59,0.06,65.0,250.0
1768639831.6078174,341380,0.0,140.59,0.13,65.0,250.0
1768639831.6296966,341400,0.0,140.59,-0.04,65.0,250.0
1768639831.6393101,341420,0.0,140.59,0.06,65.0,250.0
1768639831.6546338,341440,0.0,140.59,-0.01,65.0,250.0
1768639831.6914966,341460,0.0,140.59,-0.01,65.0,250.0
1768639831.7049484,341480,0.0,140.59,0.13,65.0,250.0
1768639831.720166,341500,0.0,140.6,0.06,65.0,250.0
1768639831.7412572,341520,0.0,140.6,-0.01,65.0,250.0
1768639831.7664845,341540,0.0,140.6,-0.12,65.0,250.0
1768639831.781892,341560,0.0,140.59,-0.04,65.0,250.0
1768639831.7970665,341580,0.0,140.59,0.06,65.0,250.0
1768639831.8169847,341600,0.0,140.59,-0.01,65.0,250.0
1768639831.8635318,341620,0.0,140.6,0.13,65.0,250.0
1768639831.8644278,341640,0.0,140.6,-0.01,65.0,250.0
1768639831.878872,341660,0.0,140.6,0.02,65.0,250.0
1768639831.8937807,341680,0.0,140.6,-0.08,65.0,250.0
1768639831.9293942,341700,0.0,140.6,-0.08,65.0,250.0
1768639831.9444516,341720,0.0,140.6,0.02,65.0,250.0
1768639831.9656281,341740,0.0,140.6,0.06,65.0,250.0
1768639831.9755733,341760,0.0,140.6,-0.01,65.0,250.0
1768639832.0059192,341780,0.0,140.6,-0.01,65.0,250.0
1768639832.043606,341800,0.0,140.6,-0.01,65.0,250.0
1768639832.0460787,341820,0.0,140.6,-0.08,65.0,250.0
1768639832.056532,341840,0.0,140.6,-0.01,65.0,250.0
1768639832.087531,341860,0.0,140.6,-0.01,65.0,250.0
1768639832.1028287,341880,0.0,140.59,-0.12,65.0,250.0
1768639832.1181898,341900,0.0,140.6,0.06,65.0,250.0
1768639832.1330588,341920,0.0,140.59,-0.08,65.0,250.0
1768639832.168448,341940,0.0,140.6,0.13,65.0,250.0
1768639832.189692,341960,0.0,140.6,-0.01,65.0,250.0
1768639832.2021885,341980,0.0,140.6,-0.08,65.0,250.0
1768639832.220287,342000,0.0,140.6,-0.08,65.0,250.0
1768639832.2451813,342020,0.0,140.59,-0.15,65.0,250.0
1768639832.2653205,342040,0.0,140.59,0.06,65.0,250.0
1768639832.2803793,342060,0.0,140.59,-0.08,65.0,250.0
1768639832.3018334,342080,0.0,140.59,-0.01,65.0,250.0
1768639832.3267524,342100,0.0,140.59,-0.15,65.0,250.0
1768639832.342071,342120,0.0,140.59,0.03,65.0,250.0
1768639832.3577156,342140,0.0,140.6,-0.01,65.0,250.0
1768639832.3941631,342160,0.0,140.59,-0.08,65.0,250.0
1768639832.4137216,342180,0.0,140.6,0.13,65.0,250.0
1768639832.4238575,342200,0.0,140.6,-0.01,65.0,250.0
1768639832.4392593,342220,0.0,140.6,-0.01,65.0,250.0
1768639832.454319,342240,0.0,140.6,-0.01,65.0,250.0
1768639832.4894683,342260,0.0,140.6,-0.15,65.0,250.0
1768639832.5050542,342280,0.0,140.6,-0.01,65.0,250.0
1768639832.5258975,342300,0.0,140.59,-0.15,65.0,250.0
1768639832.5370543,342320,0.0,140.59,-0.01,65.0,250.0
1768639832.5670311,342340,0.0,140.59,-0.01,65.0,250.0
1768639832.5816476,342360,0.0,140.59,0.09,65.0,250.0
1768639832.6018693,342380,0.0,140.6,-0.04,65.0,250.0
1768639832.6168933,342400,0.0,140.6,-0.01,65.0,250.0
1768639832.6480367,342420,0.0,140.6,0.06,65.0,250.0
1768639832.6634536,342440,0.0,140.6,-0.08,65.0,250.0
1768639832.6786695,342460,0.0,140.59,-0.08,65.0,250.0
1768639832.6936138,342480,0.0,140.6,-0.08,65.0,250.0
1768639832.7394443,342500,0.0,140.6,0.06,65.0,250.0
1768639832.7501533,342520,0.0,140.6,-0.04,65.0,250.0
1768639832.7603216,342540,0.0,140.6,-0.01,65.0,250.0
1768639832.775189,342560,0.0,140.59,-0.01,65.0,250.0
1768639832.8055296,342580,0.0,140.59,-0.08,65.0,250.0
1768639832.8258216,342600,0.0,140.59,-0.01,65.0,250.0
1768639832.840814,342620,0.0,140.59,-0.01,65.0,250.0
1768639832.8628845,342640,0.0,140.59,-0.05,65.0,250.0
1768639832.8875682,342660,0.0,140.59,0.06,65.0,250.0
1768639832.9145582,342680,0.0,140.6,-0.01,65.0,250.0
1768639832.9179099,342700,0.0,140.6,-0.01,65.0,250.0
1768639832.9379277,342720,0.0,140.6,-0.1,65.0,250.0
1768639832.9741194,342740,0.0,140.6,0.06,65.0,250.0
1768639832.9842594,342760,0.0,140.6,0.03,65.0,250.0
1768639832.9995253,342780,0.0,140.6,-0.01,65.0,250.0
1768639833.0146208,342800,0.0,140.6,0.09,65.0,250.0
1768639833.0502534,342820,0.0,140.6,-0.01,65.0,250.0
1768639833.0887012,342840,0.0,140.6,-0.08,65.0,250.0
1768639833.089831,342860,0.0,140.6,0.13,65.0,250.0
1768639833.0965397,342880,0.0,140.6,-0.01,65.0,250.0
1768639833.1267135,342900,0.0,140.6,-0.01,65.0,250.0
1768639833.1418805,342920,0.0,140.6,-0.15,65.0,250.0
1768639833.1621807,342940,0.0,140.6,-0.06,65.0,250.0
1768639833.1773632,342960,0.0,140.6,-0.08,65.0,250.0
1768639833.208558,342980,0.0,140.6,0.03,65.0,250.0
1768639833.223642,343000,0.0,140.6,-0.08,65.0,250.0
1768639833.2604191,343020,0.0,140.6,-0.05,65.0,250.0
1768639833.265671,343040,0.0,140.6,-0.15,65.0,250.0
1768639833.2891579,343060,0.0,140.59,-0.01,65.0,250.0
1768639833.309894,343080,0.0,140.59,-0.05,65.0,250.0
1768639833.3202515,343100,0.0,140.59,-0.01,65.0,250.0
1768639833.3353748,343120,0.0,140.59,-0.01,65.0,250.0
1768639833.370419,343140,0.0,140.59,-0.01,65.0,250.0
1768639833.385717,343160,0.0,140.59,-0.01,65.0,250.0
1768639833.400836,343180,0.0,140.59,0.06,65.0,250.0
1768639833.422675,343200,0.0,140.59,-0.01,65.0,250.0
1768639833.450296,343220,0.0,140.59,-0.01,65.0,250.0
1768639833.4645538,343240,0.0,140.6,0.06,65.0,250.0
1768639833.4783452,343260,0.0,140.6,-0.01,65.0,250.0
1768639833.4982016,343280,0.0,140.6,-0.08,65.0,250.0
1768639833.5345213,343300,0.0,140.6,0.1,65.0,250.0
1768639833.5447621,343320,0.0,140.6,0.06,65.0,250.0
1768639833.5601637,343340,0.0,140.6,0.06,65.0,250.0
1768639833.5749364,343360,0.0,140.6,-0.08,65.0,250.0
1768639833.6105592,343380,0.0,140.6,-0.1,65.0,250.0
1768639833.6355479,343400,0.0,140.6,-0.04,65.0,250.0
1768639833.6468043,343420,0.0,140.6,-0.08,65.0,250.0
1768639833.6573677,343440,0.0,140.6,0.03,65.0,250.0
1768639833.687201,343460,0.0,140.6,-0.04,65.0,250.0
1768639833.702467,343480,0.0,140.6,-0.08,65.0,250.0
1768639833.7226415,343500,0.0,140.6,-0.01,65.0,250.0
1768639833.7378743,343520,0.0,140.6,-0.01,65.0,250.0
1768639833.7683322,343540,0.0,140.59,-0.01,65.0,250.0
1768639833.7834907,343560,0.0,140.59,-0.15,65.0,250.0
1768639833.8208663,343580,0.0,140.59,0.03,65.0,250.0
1768639833.8219936,343600,0.0,140.59,0.06,65.0,250.0
1768639833.8490305,343620,0.0,140.59,-0.01,65.0,250.0
1768639833.8710797,343640,0.0,140.59,-0.01,65.0,250.0
1768639833.881236,343660,0.0,140.59,0.13,65.0,250.0
1768639833.8961549,343680,0.0,140.59,-0.04,65.0,250.0
1768639833.926562,343700,0.0,140.6,0.09,65.0,250.0
1768639833.9469764,343720,0.0,140.6,-0.01,65.0,250.0
1768639833.9620156,343740,0.0,140.6,0.06,65.0,250.0
1768639833.9825525,343760,0.0,140.6,-0.01,65.0,250.0
1768639834.0131094,343780,0.0,140.6,0.06,65.0,250.0
1768639834.0229406,343800,0.0,140.6,0.06,65.0,250.0
1768639834.0431678,343820,0.0,140.6,-0.04,65.0,250.0
1768639834.0583377,343840,0.0,140.6,-0.08,65.0,250.0
1768639834.094502,343860,0.0,140.6,0.03,65.0,250.0
1768639834.1048343,343880,0.0,140.6,-0.01,65.0,250.0
1768639834.119905,343900,0.0,140.6,-0.04,65.0,250.0
1768639834.1351721,343920,0.0,140.6,-0.11,65.0,250.0
1768639834.182695,343940,0.0,140.6,-0.01,65.0,250.0
1768639834.185763,343960,0.0,140.6,-0.08,65.0,250.0
1768639834.2073872,343980,0.0,140.6,0.01,65.0,250.0
1768639834.2174861,344000,0.0,140.6,-0.08,65.0,250.0
1768639834.2476172,344020,0.0,140.6,-0.01,65.0,250.0
1768639834.2628267,344040,0.0,140.6,0.1,65.0,250.0
1768639834.2832456,344060,0.0,140.6,-0.01,65.0,250.0
1768639834.2983215,344080,0.0,140.6,-0.01,65.0,250.0
1768639834.329281,344100,0.0,140.6,-0.01,65.0,250.0
1768639834.355246,344120,0.0,140.59,-0.08,65.0,250.0
1768639834.3598833,344140,0.0,140.59,-0.15,65.0,250.0
1768639834.3750765,344160,0.0,140.59,-0.04,65.0,250.0
1768639834.4104042,344180,0.0,140.59,-0.04,65.0,250.0
1768639834.4312813,344200,0.0,140.59,-0.06,65.0,250.0
1768639834.441423,344220,0.0,140.59,-0.08,65.0,250.0
1768639834.457404,344240,0.0,140.59,-0.05,65.0,250.0
1768639834.487072,344260,0.0,140.59,-0.04,65.0,250.0
1768639834.5265286,344280,0.0,140.59,-0.08,65.0,250.0
1768639834.5299754,344300,0.0,140.59,0.06,65.0,250.0
1768639834.543537,344320,0.0,140.59,0.13,65.0,250.0
1768639834.5687625,344340,0.0,140.59,-0.01,65.0,250.0
1768639834.5839803,344360,0.0,140.59,0.06,65.0,250.0
1768639834.5991454,344380,0.0,140.59,0.06,65.0,250.0
1768639834.6189792,344400,0.0,140.59,0.02,65.0,250.0
1768639834.6557987,344420,0.0,140.59,-0.08,65.0,250.0
1768639834.6658373,344440,0.0,140.59,-0.01,65.0,250.0
1768639834.681052,344460,0.0,140.59,-0.01,65.0,250.0
1768639834.7270093,344480,0.0,140.59,0.02,65.0,250.0
1768639834.7282414,344500,0.0,140.59,-0.01,65.0,250.0
1768639834.7465873,344520,0.0,140.59,0.06,65.0,250.0
1768639834.768061,344540,0.0,140.59,-0.08,65.0,250.0
1768639834.7782025,344560,0.0,140.59,-0.01,65.0,250.0
1768639834.7931817,344580,0.0,140.59,0.06,65.0,250.0
1768639834.8233955,344600,0.0,140.6,0.06,65.0,250.0
1768639834.8435915,344620,0.0,140.6,-0.08,65.0,250.0
1768639834.8589466,344640,0.0,140.6,-0.12,65.0,250.0
1768639834.8791885,344660,0.0,140.6,0.13,65.0,250.0
1768639834.9297357,344680,0.0,140.59,-0.04,65.0,250.0
1768639834.9309099,344700,0.0,140.6,-0.01,65.0,250.0
1768639834.940165,344720,0.0,140.59,0.09,65.0,250.0
1768639834.9551919,344740,0.0,140.6,-0.08,65.0,250.0
1768639834.9856384,344760,0.0,140.6,-0.08,65.0,250.0
1768639835.0009308,344780,0.0,140.59,-0.08,65.0,250.0
1768639835.015972,344800,0.0,140.59,-0.08,65.0,250.0
1768639835.0362334,344820,0.0,140.59,0.06,65.0,250.0
1768639835.0668836,344840,0.0,140.59,0.06,65.0,250.0
1768639835.0929048,344860,0.0,140.6,-0.08,65.0,250.0
1768639835.122708,344880,0.0,140.59,0.03,65.0,250.0
1768639835.1244276,344900,0.0,140.59,-0.01,65.0,250.0
1768639835.1437738,344920,0.0,140.59,0.06,65.0,250.0
1768639835.1640546,344940,0.0,140.6,-0.08,65.0,250.0
1768639835.179162,344960,0.0,140.59,-0.08,65.0,250.0
1768639835.2001133,344980,0.0,140.59,-0.08,65.0,250.0
1768639835.2251008,345000,0.0,140.59,-0.04,65.0,250.0
1768639835.2403066,345020,0.0,140.59,0.01,65.0,250.0
1768639835.255765,345040,0.0,140.59,-0.01,65.0,250.0
1768639835.27581,345060,0.0,140.59,-0.11,65.0,250.0
1768639835.32113,345080,0.0,140.59,-0.05,65.0,250.0
1768639835.3223264,345100,0.0,140.59,0.06,65.0,250.0
1768639835.3375998,345120,0.0,140.59,0.06,65.0,250.0
1768639835.3524787,345140,0.0,140.59,-0.01,65.0,250.0
1768639835.388005,345160,0.0,140.59,0.06,65.0,250.0
1768639835.4031754,345180,0.0,140.59,-0.05,65.0,250.0
1768639835.4243662,345200,0.0,140.59,-0.11,65.0,250.0
1768639835.4344807,345220,0.0,140.59,-0.01,65.0,250.0
1768639835.464658,345240,0.0,140.59,-0.01,65.0,250.0
1768639835.4797933,345260,0.0,140.59,0.06,65.0,250.0
1768639835.527594,345280,0.0,140.59,-0.01,65.0,250.0
1768639835.5285697,345300,0.0,140.59,-0.01,65.0,250.0
1768639835.5459604,345320,0.0,140.59,-0.01,65.0,250.0
1768639835.5610764,345340,0.0,140.59,-0.01,65.0,250.0
1768639835.5764892,345360,0.0,140.59,0.06,65.0,250.0
1768639835.5966144,345380,0.0,140.59,-0.15,65.0,250.0
1768639835.626657,345400,0.0,140.59,-0.01,65.0,250.0
1768639835.6477468,345420,0.0,140.59,0.06,65.0,250.0
1768639835.6581976,345440,0.0,140.59,-0.01,65.0,250.0
1768639835.6734202,345460,0.0,140.59,-0.1,65.0,250.0
1768639835.7089345,345480,0.0,140.59,-0.01,65.0,250.0
1768639835.7308815,345500,0.0,140.59,-0.08,65.0,250.0
1768639835.7388365,345520,0.0,140.59,0.13,65.0,250.0
1768639835.7604413,345540,0.0,140.59,-0.01,65.0,250.0
1768639835.7855537,345560,0.0,140.59,-0.08,65.0,250.0
1768639835.801001,345580,0.0,140.59,-0.01,65.0,250.0
1768639835.8161933,345600,0.0,140.59,-0.01,65.0,250.0
1768639835.8364396,345620,0.0,140.59,-0.01,65.0,250.0
1768639835.8719604,345640,0.0,140.59,0.13,65.0,250.0
1768639835.882152,345660,0.0,140.59,-0.08,65.0,250.0
1768639835.9019206,345680,0.0,140.59,-0.08,65.0,250.0
1768639835.9141178,345700,0.0,140.59,-0.08,65.0,250.0
1768639835.9479349,345720,0.0,140.59,-0.01,65.0,250.0
1768639835.9632318,345740,0.0,140.59,-0.01,65.0,250.0
1768639835.9850252,345760,0.0,140.59,-0.08,65.0,250.0
1768639835.9950552,345780,0.0,140.59,0.09,65.0,250.0
1768639836.0249293,345800,0.0,140.59,-0.11,65.0,250.0
1768639836.0402312,345820,0.0,140.59,0.13,65.0,250.0
1768639836.060533,345840,0.0,140.59,0.13,65.0,250.0
1768639836.0755162,345860,0.0,140.6,0.06,65.0,250.0
1768639836.1077437,345880,0.0,140.6,-0.01,65.0,250.0
1768639836.1377401,345900,0.0,140.6,-0.01,65.0,250.0
1768639836.1390123,345920,0.0,140.59,-0.15,65.0,250.0
1768639836.1527755,345940,0.0,140.59,-0.01,65.0,250.0
1768639836.1879795,345960,0.0,140.59,0.02,65.0,250.0
1768639836.209065,345980,0.0,140.59,0.06,65.0,250.0
1768639836.2191205,346000,0.0,140.6,-0.08,65.0,250.0
1768639836.2342184,346020,0.0,140.6,-0.15,65.0,250.0
1768639836.269315,346040,0.0,140.6,0.06,65.0,250.0
1768639836.2847638,346060,0.0,140.6,0.06,65.0,250.0
1768639836.3001091,346080,0.0,140.6,0.02,65.0,250.0
1768639836.32515,346100,0.0,140.6,-0.08,65.0,250.0
1768639836.3461185,346120,0.0,140.6,-0.01,65.0,250.0
1768639836.3613155,346140,0.0,140.6,-0.08,65.0,250.0
1768639836.3768015,346160,0.0,140.6,-0.01,65.0,250.0
1768639836.396863,346180,0.0,140.6,-0.04,65.0,250.0
1768639836.4329243,346200,0.0,140.6,-0.01,65.0,250.0
1768639836.4432685,346220,0.0,140.59,-0.01,65.0,250.0
1768639836.4584475,346240,0.0,140.59,-0.01,65.0,250.0
1768639836.4736702,346260,0.0,140.59,-0.08,65.0,250.0
1768639836.5086303,346280,0.0,140.59,-0.01,65.0,250.0
1768639836.544498,346300,0.0,140.59,-0.04,65.0,250.0
1768639836.5457263,346320,0.0,140.59,-0.01,65.0,250.0
1768639836.5553343,346340,0.0,140.59,0.06,65.0,250.0
1768639836.5854874,346360,0.0,140.59,-0.01,65.0,250.0
1768639836.6006963,346380,0.0,140.59,-0.08,65.0,250.0
1768639836.6209404,346400,0.0,140.59,0.06,65.0,250.0
1768639836.6360867,346420,0.0,140.59,-0.01,65.0,250.0
1768639836.6666136,346440,0.0,140.59,-0.01,65.0,250.0
1768639836.6819165,346460,0.0,140.59,-0.01,65.0,250.0
1768639836.6971066,346480,0.0,140.59,0.02,65.0,250.0
1768639836.7476485,346500,0.0,140.6,-0.01,65.0,250.0
1768639836.7488146,346520,0.0,140.6,0.06,65.0,250.0
1768639836.769314,346540,0.0,140.6,-0.01,65.0,250.0
1768639836.7793832,346560,0.0,140.6,-0.04,65.0,250.0
1768639836.7943907,346580,0.0,140.59,-0.08,65.0,250.0
1768639836.8247404,346600,0.0,140.59,-0.05,65.0,250.0
1768639836.844962,346620,0.0,140.59,-0.08,65.0,250.0
1768639836.8604198,346640,0.0,140.59,-0.05,65.0,250.0
1768639836.881731,346660,0.0,140.59,-0.12,65.0,250.0
1768639836.906833,346680,0.0,140.59,0.06,65.0,250.0
1768639836.9517093,346700,0.0,140.59,-0.01,65.0,250.0
1768639836.954395,346720,0.0,140.59,-0.08,65.0,250.0
1768639836.9573853,346740,0.0,140.59,-0.08,65.0,250.0
1768639836.9929802,346760,0.0,140.59,-0.08,65.0,250.0
1768639837.0032237,346780,0.0,140.59,-0.04,65.0,250.0
1768639837.0184023,346800,0.0,140.59,0.03,65.0,250.0
1768639837.0331874,346820,0.0,140.59,0.06,65.0,250.0
1768639837.0686646,346840,0.0,140.59,-0.01,65.0,250.0
1768639837.0840087,346860,0.0,140.59,-0.01,65.0,250.0
1768639837.1056364,346880,0.0,140.59,0.13,65.0,250.0
1768639837.115624,346900,0.0,140.59,-0.04,65.0,250.0
1768639837.1573057,346920,0.0,140.59,-0.01,65.0,250.0
1768639837.1610565,346940,0.0,140.6,0.08,65.0,250.0
1768639837.1813908,346960,0.0,140.6,0.13,65.0,250.0
1768639837.1963294,346980,0.0,140.6,0.06,65.0,250.0
1768639837.2272787,347000,0.0,140.6,0.02,65.0,250.0
1768639837.2423236,347020,0.0,140.6,0.09,65.0,250.0
1768639837.2578645,347040,0.0,140.6,-0.08,65.0,250.0
1768639837.2777975,347060,0.0,140.6,0.06,65.0,250.0
1768639837.3081331,347080,0.0,140.6,-0.08,65.0,250.0
1768639837.3298118,347100,0.0,140.6,-0.01,65.0,250.0
1768639837.3400133,347120,0.0,140.6,-0.04,65.0,250.0
1768639837.362851,347140,0.0,140.6,0.06,65.0,250.0
1768639837.3899844,347160,0.0,140.6,-0.08,65.0,250.0
1768639837.4052298,347180,0.0,140.6,0.06,65.0,250.0
1768639837.4203944,347200,0.0,140.6,-0.11,65.0,250.0
1768639837.441427,347220,0.0,140.6,-0.08,65.0,250.0
1768639837.4664013,347240,0.0,140.6,-0.01,65.0,250.0
1768639837.481668,347260,0.0,140.6,-0.01,65.0,250.0
1768639837.5020843,347280,0.0,140.6,0.06,65.0,250.0
1768639837.5169137,347300,0.0,140.6,-0.01,65.0,250.0
1768639837.5790465,347320,0.0,140.6,0.01,65.0,250.0
1768639837.580146,347340,0.0,140.6,-0.08,65.0,250.0
1768639837.581135,347360,0.0,140.6,0.06,65.0,250.0
1768639837.5943215,347380,0.0,140.6,-0.06,65.0,250.0
1768639837.629687,347400,0.0,140.6,-0.01,65.0,250.0
1768639837.6448042,347420,0.0,140.6,-0.01,65.0,250.0
1768639837.6662283,347440,0.0,140.6,-0.01,65.0,250.0
1768639837.676426,347460,0.0,140.6,-0.08,65.0,250.0
1768639837.7063425,347480,0.0,140.6,0.06,65.0,250.0
1768639837.7216702,347500,0.0,140.6,-0.08,65.0,250.0
1768639837.747611,347520,0.0,140.6,0.13,65.0,250.0
1768639837.765309,347540,0.0,140.6,-0.03,65.0,250.0
1768639837.7877162,347560,0.0,140.6,-0.05,65.0,250.0
1768639837.8030586,347580,0.0,140.6,0.06,65.0,250.0
1768639837.8182125,347600,0.0,140.6,-0.15,65.0,250.0
1768639837.8383353,347620,0.0,140.6,-0.04,65.0,250.0
1768639837.8686748,347640,0.0,140.6,-0.01,65.0,250.0
1768639837.890246,347660,0.0,140.6,0.06,65.0,250.0
1768639837.900466,347680,0.0,140.6,0.06,65.0,250.0
1768639837.9155917,347700,0.0,140.6,0.02,65.0,250.0
1768639837.9562683,347720,0.0,140.6,0.06,65.0,250.0
1768639837.971744,347740,0.0,140.6,-0.01,65.0,250.0
1768639837.9814544,347760,0.0,140.6,-0.08,65.0,250.0
1768639838.0024333,347780,0.0,140.6,-0.08,65.0,250.0
1768639838.0276327,347800,0.0,140.6,-0.01,65.0,250.0
1768639838.0427873,347820,0.0,140.6,-0.01,65.0,250.0
1768639838.0578377,347840,0.0,140.6,0.02,65.0,250.0
1768639838.07797,347860,0.0,140.6,-0.08,65.0,250.0
1768639838.1147764,347880,0.0,140.6,-0.01,65.0,250.0
1768639838.1243474,347900,0.0,140.6,0.09,65.0,250.0
1768639838.1722322,347920,0.0,140.6,0.06,65.0,250.0
1768639838.1733649,347940,0.0,140.61,0.09,65.0,250.0
1768639838.189948,347960,0.0,140.61,0.09,65.0,250.0
1768639838.205136,347980,0.0,140.61,-0.01,65.0,250.0
1768639838.2264075,348000,0.0,140.61,-0.04,65.0,250.0
1768639838.2366297,348020,0.0,140.61,-0.08,65.0,250.0
1768639838.266642,348040,0.0,140.61,-0.01,65.0,250.0
1768639838.2819555,348060,0.0,140.6,-0.05,65.0,250.0
1768639838.3023531,348080,0.0,140.61,0.06,65.0,250.0
1768639838.3171558,348100,0.0,140.61,0.13,65.0,250.0
1768639838.3755882,348120,0.0,140.61,-0.08,65.0,250.0
1768639838.3772898,348140,0.0,140.61,0.03,65.0,250.0
1768639838.378689,348160,0.0,140.61,0.06,65.0,250.0
1768639838.3940609,348180,0.0,140.61,-0.01,65.0,250.0
1768639838.429252,348200,0.0,140.61,-0.01,65.0,250.0
1768639838.45054,348220,0.0,140.61,-0.08,65.0,250.0
1768639838.4607773,348240,0.0,140.61,-0.11,65.0,250.0
1768639838.4759774,348260,0.0,140.61,-0.01,65.0,250.0
1768639838.5061574,348280,0.0,140.61,0.02,65.0,250.0
1768639838.5263813,348300,0.0,140.61,0.06,65.0,250.0
1768639838.5415797,348320,0.0,140.61,0.02,65.0,250.0
1768639838.57759,348340,0.0,140.61,0.02,65.0,250.0
1768639838.587899,348360,0.0,140.61,-0.08,65.0,250.0
1768639838.6031559,348380,0.0,140.61,0.03,65.0,250.0
1768639838.6184914,348400,0.0,140.61,0.06,65.0,250.0
1768639838.6382368,348420,0.0,140.61,-0.08,65.0,250.0
1768639838.6687634,348440,0.0,140.61,-0.05,65.0,250.0
1768639838.6839445,348460,0.0,140.61,0.06,65.0,250.0
1768639838.6993084,348480,0.0,140.61,-0.08,65.0,250.0
1768639838.7143266,348500,0.0,140.61,0.06,65.0,250.0
1768639838.7532723,348520,0.0,140.61,-0.01,65.0,250.0
1768639838.7850268,348540,0.0,140.61,0.06,65.0,250.0
1768639838.7862203,348560,0.0,140.61,-0.01,65.0,250.0
1768639838.7962666,348580,0.0,140.61,-0.06,65.0,250.0
1768639838.826204,348600,0.0,140.61,-0.01,65.0,250.0
1768639838.8466876,348620,0.0,140.61,-0.15,65.0,250.0
1768639838.861821,348640,0.0,140.61,0.04,65.0,250.0
1768639838.8826659,348660,0.0,140.61,-0.01,65.0,250.0
1768639838.9076712,348680,0.0,140.6,-0.01,65.0,250.0
1768639838.9229617,348700,0.0,140.6,-0.01,65.0,250.0
1768639838.9428995,348720,0.0,140.6,-0.01,65.0,250.0
1768639838.9582472,348740,0.0,140.6,-0.01,65.0,250.0
1768639839.0142014,348760,0.0,140.6,-0.08,65.0,250.0
1768639839.0171905,348780,0.0,140.6,-0.01,65.0,250.0
1768639839.0202947,348800,0.0,140.6,-0.03,65.0,250.0
1768639839.0351346,348820,0.0,140.6,0.06,65.0,250.0
1768639839.0704768,348840,0.0,140.6,-0.08,65.0,250.0
1768639839.0858066,348860,0.0,140.6,-0.01,65.0,250.0
1768639839.1071458,348880,0.0,140.6,0.06,65.0,250.0
1768639839.1173022,348900,0.0,140.6,-0.08,65.0,250.0
1768639839.1474328,348920,0.0,140.6,-0.01,65.0,250.0
1768639839.1626556,348940,0.0,140.6,-0.08,65.0,250.0
1768639839.1829016,348960,0.0,140.6,0.06,65.0,250.0
1768639839.2212563,348980,0.0,140.6,-0.04,65.0,250.0
1768639839.2292938,349000,0.0,140.6,0.06,65.0,250.0
1768639839.244408,349020,0.0,140.6,-0.13,65.0,250.0
1768639839.2597883,349040,0.0,140.6,-0.08,65.0,250.0
1768639839.2746341,349060,0.0,140.6,0.06,65.0,250.0
1768639839.3099327,349080,0.0,140.6,-0.04,65.0,250.0
1768639839.3313396,349100,0.0,140.6,-0.08,65.0,250.0
1768639839.341431,349120,0.0,140.6,-0.01,65.0,250.0
1768639839.3565931,349140,0.0,140.6,-0.04,65.0,250.0
1768639839.4098752,349160,0.0,140.6,-0.04,65.0,250.0
1768639839.411936,349180,0.0,140.6,-0.01,65.0,250.0
1768639839.4223685,349200,0.0,140.6,0.06,65.0,250.0
1768639839.4434338,349220,0.0,140.6,-0.08,65.0,250.0
1768639839.4685884,349240,0.0,140.6,-0.01,65.0,250.0
1768639839.4838195,349260,0.0,140.6,-0.08,65.0,250.0
1768639839.4991457,349280,0.0,140.6,-0.04,65.0,250.0
1768639839.5198095,349300,0.0,140.6,-0.01,65.0,250.0
1768639839.555203,349320,0.0,140.6,0.03,65.0,250.0
1768639839.565534,349340,0.0,140.6,-0.01,65.0,250.0
1768639839.5807114,349360,0.0,140.6,-0.01,65.0,250.0
1768639839.5959451,349380,0.0,140.6,-0.01,65.0,250.0
1768639839.6311965,349400,0.0,140.6,0.06,65.0,250.0
1768639839.6463687,349420,0.0,140.6,0.03,65.0,250.0
1768639839.6678436,349440,0.0,140.6,-0.01,65.0,250.0
1768639839.6776147,349460,0.0,140.6,-0.01,65.0,250.0
1768639839.7080066,349480,0.0,140.6,-0.08,65.0,250.0
1768639839.7232587,349500,0.0,140.6,-0.01,65.0,250.0
1768639839.7437367,349520,0.0,140.6,-0.08,65.0,250.0
1768639839.7588694,349540,0.0,140.6,-0.01,65.0,250.0
1768639839.818664,349560,0.0,140.6,-0.08,65.0,250.0
1768639839.8216414,349580,0.0,140.6,-0.01,65.0,250.0
1768639839.8223798,349600,0.0,140.6,-0.01,65.0,250.0
1768639839.8353353,349620,0.0,140.6,-0.01,65.0,250.0
1768639839.8704202,349640,0.0,140.6,-0.01,65.0,250.0
1768639839.8910356,349660,0.0,140.6,-0.01,65.0,250.0
1768639839.901341,349680,0.0,140.6,0.01,65.0,250.0
1768639839.9166083,349700,0.0,140.6,-0.01,65.0,250.0
1768639839.932621,349720,0.0,140.6,0.03,65.0,250.0
1768639839.9666822,349740,0.0,140.6,-0.08,65.0,250.0
1768639839.9820569,349760,0.0,140.6,-0.04,65.0,250.0
1768639840.006902,349780,0.0,140.6,-0.01,65.0,250.0
1768639840.0206828,349800,0.0,140.6,-0.01,65.0,250.0
1768639840.043994,349820,0.0,140.6,-0.08,65.0,250.0
1768639840.059507,349840,0.0,140.6,-0.13,65.0,250.0
1768639840.0794141,349860,0.0,140.6,-0.04,65.0,250.0
1768639840.0948908,349880,0.0,140.6,-0.08,65.0,250.0
1768639840.1256652,349900,0.0,140.6,-0.01,65.0,250.0
1768639840.1408799,349920,0.0,140.6,-0.01,65.0,250.0
1768639840.1562893,349940,0.0,140.6,0.06,65.0,250.0
1768639840.1714146,349960,0.0,140.6,-0.01,65.0,250.0
1768639840.2404122,349980,0.0,140.6,-0.08,65.0,250.0
1768639840.2417464,350000,0.0,140.6,-0.08,65.0,250.0
1768639840.2429154,350020,0.0,140.6,0.06,65.0,250.0
1768639840.2521944,350040,0.0,140.6,0.06,65.0,250.0
1768639840.2876856,350060,0.0,140.6,-0.15,65.0,250.0
1768639840.303093,350080,0.0,140.6,-0.04,65.0,250.0
1768639840.3181129,350100,0.0,140.6,-0.01,65.0,250.0
1768639840.3395078,350120,0.0,140.59,-0.01,65.0,250.0
1768639840.364282,350140,0.0,140.6,0.06,65.0,250.0
1768639840.379443,350160,0.0,140.6,-0.08,65.0,250.0
1768639840.4001093,350180,0.0,140.6,-0.08,65.0,250.0
1768639840.417282,350200,0.0,140.6,-0.01,65.0,250.0
1768639840.4519272,350220,0.0,140.6,-0.01,65.0,250.0
1768639840.4621658,350240,0.0,140.6,-0.01,65.0,250.0
1768639840.4772913,350260,0.0,140.59,-0.15,65.0,250.0
1768639840.4926407,350280,0.0,140.59,-0.01,65.0,250.0
1768639840.527727,350300,0.0,140.59,-0.01,65.0,250.0
1768639840.5427616,350320,0.0,140.59,-0.08,65.0,250.0
1768639840.5643709,350340,0.0,140.59,0.06,65.0,250.0
1768639840.574157,350360,0.0,140.59,-0.05,65.0,250.0
1768639840.6047215,350380,0.0,140.59,-0.01,65.0,250.0
1768639840.6239457,350400,0.0,140.59,0.1,65.0,250.0
1768639840.653685,350420,0.0,140.59,0.03,65.0,250.0
1768639840.654989,350440,0.0,140.59,-0.01,65.0,250.0
1768639840.6863265,350460,0.0,140.59,-0.01,65.0,250.0
1768639840.7014182,350480,0.0,140.59,-0.01,65.0,250.0
1768639840.7167819,350500,0.0,140.59,0.04,65.0,250.0
1768639840.7319133,350520,0.0,140.59,-0.01,65.0,250.0
1768639840.7670338,350540,0.0,140.59,0.06,65.0,250.0
1768639840.7884746,350560,0.0,140.59,0.13,65.0,250.0
1768639840.7987022,350580,0.0,140.59,-0.12,65.0,250.0
1768639840.8130848,350600,0.0,140.59,-0.01,65.0,250.0
1768639840.8562882,350620,0.0,140.59,-0.15,65.0,250.0
1768639840.8635616,350640,0.0,140.59,-0.08,65.0,250.0
1768639840.8844583,350660,0.0,140.59,-0.01,65.0,250.0
1768639840.8947449,350680,0.0,140.59,0.06,65.0,250.0
1768639840.9247217,350700,0.0,140.59,-0.11,65.0,250.0
1768639840.9401371,350720,0.0,140.59,0.06,65.0,250.0
1768639840.96015,350740,0.0,140.59,-0.08,65.0,250.0
1768639840.9755738,350760,0.0,140.59,-0.08,65.0,250.0
1768639841.0071855,350780,0.0,140.59,0.09,65.0,250.0
1768639841.0225706,350800,0.0,140.59,-0.01,65.0,250.0
1768639841.0437486,350820,0.0,140.59,-0.08,65.0,250.0
1768639841.063491,350840,0.0,140.59,0.06,65.0,250.0
1768639841.0874372,350860,0.0,140.6,0.03,65.0,250.0
1768639841.1086414,350880,0.0,140.6,0.06,65.0,250.0
1768639841.1189477,350900,0.0,140.6,-0.08,65.0,250.0
1768639841.1339915,350920,0.0,140.59,-0.01,65.0,250.0
1768639841.1642032,350940,0.0,140.59,0.04,65.0,250.0
1768639841.1845026,350960,0.0,140.6,-0.01,65.0,250.0
1768639841.199871,350980,0.0,140.6,-0.04,65.0,250.0
1768639841.220843,351000,0.0,140.6,-0.01,65.0,250.0
1768639841.2761302,351020,0.0,140.6,-0.08,65.0,250.0
1768639841.2773602,351040,0.0,140.59,0.03,65.0,250.0
1768639841.278536,351060,0.0,140.59,-0.01,65.0,250.0
1768639841.2964876,351080,0.0,140.59,0.13,65.0,250.0
1768639841.3326857,351100,0.0,140.6,-0.01,65.0,250.0
1768639841.3429258,351120,0.0,140.6,-0.01,65.0,250.0
1768639841.35799,351140,0.0,140.59,-0.04,65.0,250.0
1768639841.3733695,351160,0.0,140.59,-0.13,65.0,250.0
1768639841.4086795,351180,0.0,140.59,-0.08,65.0,250.0
1768639841.423633,351200,0.0,140.59,-0.01,65.0,250.0
1768639841.4806325,351220,0.0,140.59,-0.13,65.0,250.0
1768639841.4817948,351240,0.0,140.59,0.03,65.0,250.0
1768639841.4854228,351260,0.0,140.59,-0.08,65.0,250.0
1768639841.5007727,351280,0.0,140.59,-0.01,65.0,250.0
1768639841.5210333,351300,0.0,140.59,0.03,65.0,250.0
1768639841.5361066,351320,0.0,140.59,-0.08,65.0,250.0
1768639841.567145,351340,0.0,140.59,-0.04,65.0,250.0
1768639841.5823464,351360,0.0,140.59,-0.01,65.0,250.0
1768639841.59826,351380,0.0,140.59,-0.08,65.0,250.0
1768639841.6130574,351400,0.0,140.59,0.03,65.0,250.0
1768639841.6483147,351420,0.0,140.59,-0.01,65.0,250.0
1768639841.6870873,351440,0.0,140.59,-0.06,65.0,250.0
1768639841.6882644,351460,0.0,140.59,-0.01,65.0,250.0
1768639841.6947944,351480,0.0,140.59,-0.11,65.0,250.0
1768639841.7248607,351500,0.0,140.58,-0.15,65.0,250.0
1768639841.7450135,351520,0.0,140.58,-0.04,65.0,250.0
1768639841.7602527,351540,0.0,140.58,-0.01,65.0,250.0
1768639841.7815177,351560,0.0,140.58,-0.01,65.0,250.0
1768639841.8066335,351580,0.0,140.58,-0.08,65.0,250.0
1768639841.8222911,351600,0.0,140.58,-0.01,65.0,250.0
1768639841.8377402,351620,0.0,140.58,-0.01,65.0,250.0
1768639841.888769,351640,0.0,140.58,-0.08,65.0,250.0
1768639841.8933136,351660,0.0,140.58,0.06,65.0,250.0
1768639841.9035633,351680,0.0,140.58,-0.08,65.0,250.0
1768639841.9188101,351700,0.0,140.58,-0.15,65.0,250.0
1768639841.9336853,351720,0.0,140.58,-0.01,65.0,250.0
1768639841.9691205,351740,0.0,140.58,0.06,65.0,250.0
1768639841.984333,351760,0.0,140.58,-0.01,65.0,250.0
1768639842.0058436,351780,0.0,140.58,-0.04,65.0,250.0
1768639842.015667,351800,0.0,140.58,0.02,65.0,250.0
1768639842.0459404,351820,0.0,140.58,0.08,65.0,250.0
1768639842.0880535,351840,0.0,140.58,-0.01,65.0,250.0
1768639842.0910428,351860,0.0,140.58,-0.01,65.0,250.0
1768639842.0974464,351880,0.0,140.58,-0.03,65.0,250.0
1768639842.12783,351900,0.0,140.58,-0.01,65.0,250.0
1768639842.1427636,351920,0.0,140.58,-0.15,65.0,250.0
1768639842.1579359,351940,0.0,140.58,0.06,65.0,250.0
1768639842.173171,351960,0.0,140.58,-0.01,65.0,250.0
1768639842.2082303,351980,0.0,140.58,0.06,65.0,250.0
1768639842.2295055,352000,0.0,140.58,0.06,65.0,250.0
1768639842.2398372,352020,0.0,140.58,-0.01,65.0,250.0
1768639842.254877,352040,0.0,140.58,-0.01,65.0,250.0
1768639842.2964997,352060,0.0,140.58,-0.01,65.0,250.0
1768639842.305159,352080,0.0,140.58,0.06,65.0,250.0
1768639842.320655,352100,0.0,140.58,-0.13,65.0,250.0
1768639842.3410082,352120,0.0,140.58,0.06,65.0,250.0
1768639842.3662877,352140,0.0,140.58,-0.01,65.0,250.0
1768639842.3813796,352160,0.0,140.58,-0.01,65.0,250.0
1768639842.4018009,352180,0.0,140.58,0.03,65.0,250.0
1768639842.4165032,352200,0.0,140.58,0.1,65.0,250.0
1768639842.4539807,352220,0.0,140.58,0.06,65.0,250.0
1768639842.4637241,352240,0.0,140.58,-0.08,65.0,250.0
1768639842.5153687,352260,0.0,140.58,-0.1,65.0,250.0
1768639842.518303,352280,0.0,140.58,0.03,65.0,250.0
1768639842.5294228,352300,0.0,140.58,-0.15,65.0,250.0
1768639842.5445724,352320,0.0,140.58,-0.08,65.0,250.0
1768639842.5656815,352340,0.0,140.58,-0.04,65.0,250.0
1768639842.5753777,352360,0.0,140.58,-0.01,65.0,250.0
1768639842.6056235,352380,0.0,140.58,-0.01,65.0,250.0
1768639842.6259253,352400,0.0,140.58,0.13,65.0,250.0
1768639842.6412053,352420,0.0,140.58,-0.04,65.0,250.0
1768639842.662389,352440,0.0,140.58,-0.08,65.0,250.0
1768639842.702476,352460,0.0,140.58,-0.05,65.0,250.0
1768639842.7035835,352480,0.0,140.58,0.06,65.0,250.0
1768639842.7178242,352500,0.0,140.58,0.03,65.0,250.0
1768639842.7377195,352520,0.0,140.58,-0.08,65.0,250.0
1768639842.7740247,352540,0.0,140.58,0.13,65.0,250.0
1768639842.783653,352560,0.0,140.58,0.06,65.0,250.0
1768639842.7988515,352580,0.0,140.58,-0.08,65.0,250.0
1768639842.8137703,352600,0.0,140.58,0.06,65.0,250.0
1768639842.849007,352620,0.0,140.58,0.03,65.0,250.0
1768639842.8838372,352640,0.0,140.58,-0.08,65.0,250.0
1768639842.8860953,352660,0.0,140.58,-0.01,65.0,250.0
1768639842.8962736,352680,0.0,140.58,0.13,65.0,250.0
1768639842.9267478,352700,0.0,140.58,-0.01,65.0,250.0
1768639842.941863,352720,0.0,140.58,-0.01,65.0,250.0
1768639842.9619246,352740,0.0,140.59,0.09,65.0,250.0
1768639842.9769216,352760,0.0,140.59,-0.03,65.0,250.0
1768639843.0083244,352780,0.0,140.59,-0.08,65.0,250.0
1768639843.0234864,352800,0.0,140.59,0.02,65.0,250.0
1768639843.0387225,352820,0.0,140.59,-0.15,65.0,250.0
1768639843.0801635,352840,0.0,140.59,-0.01,65.0,250.0
1768639843.0887783,352860,0.0,140.59,0.06,65.0,250.0
1768639843.1102958,352880,0.0,140.59,0.06,65.0,250.0
1768639843.1203718,352900,0.0,140.59,-0.01,65.0,250.0
1768639843.1354845,352920,0.0,140.58,-0.01,65.0,250.0
1768639843.1657073,352940,0.0,140.58,0.02,65.0,250.0
1768639843.1859498,352960,0.0,140.58,-0.01,65.0,250.0
1768639843.2010484,352980,0.0,140.58,-0.01,65.0,250.0
1768639843.221612,353000,0.0,140.59,0.06,65.0,250.0
1768639843.2468295,353020,0.0,140.58,-0.08,65.0,250.0
1768639843.2892897,353040,0.0,140.58,-0.01,65.0,250.0
1768639843.291908,353060,0.0,140.58,-0.11,65.0,250.0
1768639843.2987697,353080,0.0,140.58,0.04,65.0,250.0
1768639843.3342266,353100,0.0,140.58,0.02,65.0,250.0
1768639843.3444462,353120,0.0,140.58,-0.08,65.0,250.0
1768639843.3594804,353140,0.0,140.58,0.06,65.0,250.0
1768639843.3745933,353160,0.0,140.58,-0.11,65.0,250.0
1768639843.4099934,353180,0.0,140.58,-0.08,65.0,250.0
1768639843.4252987,353200,0.0,140.58,-0.1,65.0,250.0
1768639843.4466028,353220,0.0,140.58,0.13,65.0,250.0
1768639843.4566038,353240,0.0,140.58,-0.01,65.0,250.0
1768639843.4994211,353260,0.0,140.58,-0.01,65.0,250.0
1768639843.5029655,353280,0.0,140.58,-0.15,65.0,250.0
1768639843.5224643,353300,0.0,140.58,-0.01,65.0,250.0
1768639843.5374813,353320,0.0,140.58,-0.08,65.0,250.0
1768639843.5680146,353340,0.0,140.58,-0.01,65.0,250.0
1768639843.583146,353360,0.0,140.58,-0.01,65.0,250.0
1768639843.5984843,353380,0.0,140.58,-0.01,65.0,250.0
1768639843.6187227,353400,0.0,140.58,-0.08,65.0,250.0
1768639843.648838,353420,0.0,140.58,-0.01,65.0,250.0
1768639843.6704266,353440,0.0,140.58,0.13,65.0,250.0
1768639843.6805632,353460,0.0,140.58,-0.12,65.0,250.0
1768639843.7016623,353480,0.0,140.58,0.06,65.0,250.0
1768639843.7262847,353500,0.0,140.58,0.03,65.0,250.0
1768639843.7464387,353520,0.0,140.58,0.04,65.0,250.0
1768639843.7616565,353540,0.0,140.58,-0.01,65.0,250.0
1768639843.7821696,353560,0.0,140.58,0.06,65.0,250.0
1768639843.807729,353580,0.0,140.58,0.06,65.0,250.0
1768639843.8235214,353600,0.0,140.58,0.13,65.0,250.0
1768639843.8384535,353620,0.0,140.58,-0.15,65.0,250.0
1768639843.8584857,353640,0.0,140.58,-0.01,65.0,250.0
1768639843.908105,353660,0.0,140.58,-0.15,65.0,250.0
1768639843.9101245,353680,0.0,140.58,-0.01,65.0,250.0
1768639843.9204004,353700,0.0,140.58,-0.01,65.0,250.0
1768639843.9356883,353720,0.0,140.58,-0.08,65.0,250.0
1768639843.9704213,353740,0.0,140.58,-0.01,65.0,250.0
1768639843.9856956,353760,0.0,140.58,-0.08,65.0,250.0
1768639844.0065384,353780,0.0,140.58,-0.04,65.0,250.0
1768639844.0161874,353800,0.0,140.58,0.01,65.0,250.0
1768639844.0465238,353820,0.0,140.58,0.03,65.0,250.0
1768639844.0670307,353840,0.0,140.58,-0.01,65.0,250.0
1768639844.0822055,353860,0.0,140.58,-0.01,65.0,250.0
1768639844.1039274,353880,0.0,140.58,-0.08,65.0,250.0
1768639844.1291404,353900,0.0,140.58,-0.01,65.0,250.0
1768639844.1442757,353920,0.0,140.58,-0.01,65.0,250.0
1768639844.1593163,353940,0.0,140.58,0.02,65.0,250.0
1768639844.1742475,353960,0.0,140.58,0.06,65.0,250.0
1768639844.209537,353980,0.0,140.58,-0.08,65.0,250.0
1768639844.2311625,354000,0.0,140.58,-0.04,65.0,250.0
1768639844.2413218,354020,0.0,140.58,-0.01,65.0,250.0
1768639844.2564626,354040,0.0,140.58,-0.22,65.0,250.0
1768639844.2869015,354060,0.0,140.58,-0.01,65.0,250.0
1768639844.3112373,354080,0.0,140.58,0.13,65.0,250.0
1768639844.3315938,354100,0.0,140.58,0.13,65.0,250.0
1768639844.3433754,354120,0.0,140.58,-0.01,65.0,250.0
1768639844.3685086,354140,0.0,140.58,-0.01,65.0,250.0
1768639844.383984,354160,0.0,140.58,-0.01,65.0,250.0
1768639844.3987358,354180,0.0,140.58,0.01,65.0,250.0
1768639844.4190366,354200,0.0,140.58,-0.04,65.0,250.0
1768639844.4550388,354220,0.0,140.58,-0.08,65.0,250.0
1768639844.46516,354240,0.0,140.58,0.04,65.0,250.0
1768639844.480471,354260,0.0,140.58,-0.08,65.0,250.0
1768639844.5040097,354280,0.0,140.58,0.03,65.0,250.0
1768639844.5309594,354300,0.0,140.58,-0.01,65.0,250.0
1768639844.5462854,354320,0.0,140.58,-0.08,65.0,250.0
1768639844.5674305,354340,0.0,140.58,-0.06,65.0,250.0
1768639844.5772936,354360,0.0,140.58,-0.08,65.0,250.0
1768639844.607446,354380,0.0,140.58,-0.08,65.0,250.0
1768639844.6228848,354400,0.0,140.58,-0.01,65.0,250.0
1768639844.6432452,354420,0.0,140.58,0.06,65.0,250.0
1768639844.6588411,354440,0.0,140.58,-0.08,65.0,250.0
1768639844.6937788,354460,0.0,140.58,-0.06,65.0,250.0
1768639844.721176,354480,0.0,140.58,0.1,65.0,250.0
1768639844.7223656,354500,0.0,140.58,-0.01,65.0,250.0
1768639844.7393467,354520,0.0,140.58,-0.08,65.0,250.0
1768639844.7693822,354540,0.0,140.58,-0.01,65.0,250.0
1768639844.7914562,354560,0.0,140.58,-0.01,65.0,250.0
1768639844.801919,354580,0.0,140.58,-0.08,65.0,250.0
1768639844.8168607,354600,0.0,140.58,0.06,65.0,250.0
1768639844.8469234,354620,0.0,140.58,0.03,65.0,250.0
1768639844.8673296,354640,0.0,140.58,-0.08,65.0,250.0
1768639844.8826811,354660,0.0,140.58,-0.01,65.0,250.0
1768639844.9033682,354680,0.0,140.58,-0.08,65.0,250.0
1768639844.9284635,354700,0.0,140.58,-0.01,65.0,250.0
1768639844.9437203,354720,0.0,140.58,-0.01,65.0,250.0
1768639844.9590693,354740,0.0,140.58,-0.01,65.0,250.0
1768639844.9791334,354760,0.0,140.58,-0.05,65.0,250.0
1768639845.01591,354780,0.0,140.58,0.01,65.0,250.0
1768639845.0282085,354800,0.0,140.58,-0.01,65.0,250.0
1768639845.0407825,354820,0.0,140.58,0.06,65.0,250.0
1768639845.055613,354840,0.0,140.58,-0.06,65.0,250.0
1768639845.0912256,354860,0.0,140.58,-0.01,65.0,250.0
1768639845.1066742,354880,0.0,140.58,-0.01,65.0,250.0
1768639845.1278236,354900,0.0,140.58,-0.05,65.0,250.0
1768639845.1377075,354920,0.0,140.58,0.03,65.0,250.0
1768639845.1679902,354940,0.0,140.58,-0.08,65.0,250.0
1768639845.1832263,354960,0.0,140.58,-0.08,65.0,250.0
1768639845.2106853,354980,0.0,140.58,0.1,65.0,250.0
1768639845.234495,355000,0.0,140.58,-0.08,65.0,250.0
1768639845.2496176,355020,0.0,140.58,-0.01,65.0,250.0
1768639845.2646875,355040,0.0,140.58,0.13,65.0,250.0
1768639845.2799149,355060,0.0,140.58,-0.03,65.0,250.0
1768639845.2951293,355080,0.0,140.58,-0.04,65.0,250.0
1768639845.3303127,355100,0.0,140.58,0.06,65.0,250.0
1768639845.3516247,355120,0.0,140.58,-0.01,65.0,250.0
1768639845.3618908,355140,0.0,140.58,-0.15,65.0,250.0
1768639845.3766665,355160,0.0,140.58,0.06,65.0,250.0
1768639845.4069412,355180,0.0,140.58,-0.01,65.0,250.0
1768639845.4272442,355200,0.0,140.58,-0.08,65.0,250.0
1768639845.4427447,355220,0.0,140.58,0.06,65.0,250.0
1768639845.4636922,355240,0.0,140.58,-0.04,65.0,250.0
1768639845.488887,355260,0.0,140.58,-0.04,65.0,250.0
1768639845.5041625,355280,0.0,140.58,-0.05,65.0,250.0
1768639845.5289447,355300,0.0,140.57,-0.15,65.0,250.0
1768639845.5458484,355320,0.0,140.57,-0.06,65.0,250.0
1768639845.5605156,355340,0.0,140.57,-0.01,65.0,250.0
1768639845.5851517,355360,0.0,140.57,-0.01,65.0,250.0
1768639845.600434,355380,0.0,140.57,-0.01,65.0,250.0
1768639845.615693,355400,0.0,140.57,0.03,65.0,250.0
1768639845.6357627,355420,0.0,140.57,0.06,65.0,250.0
1768639845.671747,355440,0.0,140.57,-0.01,65.0,250.0
1768639845.6825535,355460,0.0,140.57,-0.01,65.0,250.0
1768639845.6976755,355480,0.0,140.57,0.03,65.0,250.0
1768639845.7125814,355500,0.0,140.57,-0.01,65.0,250.0
1768639845.7516959,355520,0.0,140.57,-0.05,65.0,250.0
1768639845.7681952,355540,0.0,140.57,-0.01,65.0,250.0
1768639845.7786772,355560,0.0,140.57,-0.01,65.0,250.0
1768639845.7934897,355580,0.0,140.57,-0.01,65.0,250.0
1768639845.8233347,355600,0.0,140.58,0.06,65.0,250.0
1768639845.8436975,355620,0.0,140.58,-0.08,65.0,250.0
1768639845.859489,355640,0.0,140.58,-0.04,65.0,250.0
1768639845.88033,355660,0.0,140.57,-0.08,65.0,250.0
1768639845.9051726,355680,0.0,140.57,-0.04,65.0,250.0
1768639845.9206371,355700,0.0,140.57,-0.01,65.0,250.0
1768639845.9536257,355720,0.0,140.58,-0.01,65.0,250.0
1768639845.9557555,355740,0.0,140.58,0.06,65.0,250.0
1768639845.9920828,355760,0.0,140.58,-0.08,65.0,250.0
1768639846.0023372,355780,0.0,140.58,0.06,65.0,250.0
1768639846.0175374,355800,0.0,140.58,0.03,65.0,250.0
1768639846.032366,355820,0.0,140.58,-0.05,65.0,250.0
1768639846.0683925,355840,0.0,140.58,-0.01,65.0,250.0
1768639846.0835462,355860,0.0,140.58,-0.01,65.0,250.0
1768639846.105023,355880,0.0,140.58,-0.05,65.0,250.0
1768639846.1150904,355900,0.0,140.58,-0.12,65.0,250.0
1768639846.1606758,355920,0.0,140.58,-0.08,65.0,250.0
1768639846.1618443,355940,0.0,140.58,-0.01,65.0,250.0
1768639846.1801367,355960,0.0,140.58,-0.01,65.0,250.0
1768639846.1954007,355980,0.0,140.58,-0.03,65.0,250.0
1768639846.2263927,356000,0.0,140.58,-0.08,65.0,250.0
1768639846.2415218,356020,0.0,140.57,-0.08,65.0,250.0
1768639846.2570038,356040,0.0,140.57,-0.08,65.0,250.0
1768639846.271949,356060,0.0,140.57,-0.04,65.0,250.0
1768639846.3075488,356080,0.0,140.57,-0.01,65.0,250.0
1768639846.3430247,356100,0.0,140.57,0.06,65.0,250.0
1768639846.3607514,356120,0.0,140.57,0.06,65.0,250.0
1768639846.361956,356140,0.0,140.58,0.02,65.0,250.0
1768639846.3880684,356160,0.0,140.58,-0.01,65.0,250.0
1768639846.4034579,356180,0.0,140.58,-0.01,65.0,250.0
1768639846.4187284,356200,0.0,140.58,0.06,65.0,250.0
1768639846.441119,356220,0.0,140.58,-0.08,65.0,250.0
1768639846.465544,356240,0.0,140.58,0.06,65.0,250.0
1768639846.4810338,356260,0.0,140.58,0.06,65.0,250.0
1768639846.4964335,356280,0.0,140.58,-0.01,65.0,250.0
1768639846.5162518,356300,0.0,140.58,-0.01,65.0,250.0
1768639846.5667758,356320,0.0,140.58,-0.08,65.0,250.0
1768639846.5679746,356340,0.0,140.58,-0.15,65.0,250.0
1768639846.5783186,356360,0.0,140.57,-0.01,65.0,250.0
1768639846.593077,356380,0.0,140.57,-0.08,65.0,250.0
1768639846.6285205,356400,0.0,140.57,-0.04,65.0,250.0
1768639846.6436532,356420,0.0,140.57,-0.01,65.0,250.0
1768639846.664958,356440,0.0,140.57,-0.01,65.0,250.0
1768639846.675032,356460,0.0,140.57,-0.01,65.0,250.0
1768639846.705155,356480,0.0,140.57,0.03,65.0,250.0
1768639846.7203119,356500,0.0,140.57,-0.01,65.0,250.0
1768639846.7645316,356520,0.0,140.57,0.03,65.0,250.0
1768639846.7654498,356540,0.0,140.57,0.03,65.0,250.0
1768639846.7865963,356560,0.0,140.57,-0.11,65.0,250.0
1768639846.8019872,356580,0.0,140.58,0.06,65.0,250.0
1768639846.8171692,356600,0.0,140.58,0.02,65.0,250.0
1768639846.8320725,356620,0.0,140.58,0.06,65.0,250.0
1768639846.8676167,356640,0.0,140.58,-0.03,65.0,250.0
1768639846.888872,356660,0.0,140.58,-0.04,65.0,250.0
1768639846.8991122,356680,0.0,140.58,-0.08,65.0,250.0
1768639846.9139597,356700,0.0,140.58,-0.08,65.0,250.0
1768639846.9666417,356720,0.0,140.58,-0.01,65.0,250.0
1768639846.9683177,356740,0.0,140.58,0.02,65.0,250.0
1768639846.9797423,356760,0.0,140.58,-0.05,65.0,250.0
1768639847.001081,356780,0.0,140.58,-0.01,65.0,250.0
1768639847.026043,356800,0.0,140.58,-0.01,65.0,250.0
1768639847.0412083,356820,0.0,140.58,-0.01,65.0,250.0
1768639847.0615082,356840,0.0,140.58,-0.01,65.0,250.0
1768639847.0766478,356860,0.0,140.58,-0.01,65.0,250.0
1768639847.106946,356880,0.0,140.58,-0.04,65.0,250.0
1768639847.1378064,356900,0.0,140.57,-0.01,65.0,250.0
1768639847.1535707,356920,0.0,140.57,-0.08,65.0,250.0
1768639847.1546834,356940,0.0,140.57,0.06,65.0,250.0
1768639847.1878264,356960,0.0,140.57,0.06,65.0,250.0
1768639847.2092142,356980,0.0,140.57,0.06,65.0,250.0
1768639847.2193398,357000,0.0,140.57,0.06,65.0,250.0
1768639847.234233,357020,0.0,140.58,-0.01,65.0,250.0
1768639847.2646375,357040,0.0,140.58,0.06,65.0,250.0
1768639847.28495,357060,0.0,140.58,-0.01,65.0,250.0
1768639847.3001869,357080,0.0,140.58,-0.01,65.0,250.0
1768639847.321422,357100,0.0,140.58,0.06,65.0,250.0
1768639847.3580632,357120,0.0,140.58,-0.08,65.0,250.0
1768639847.3616164,357140,0.0,140.58,0.06,65.0,250.0
1768639847.3769925,357160,0.0,140.58,-0.01,65.0,250.0
1768639847.3972034,357180,0.0,140.58,-0.08,65.0,250.0
1768639847.4335222,357200,0.0,140.58,-0.11,65.0,250.0
1768639847.4436626,357220,0.0,140.58,-0.01,65.0,250.0
1768639847.458847,357240,0.0,140.58,-0.03,65.0,250.0
1768639847.474095,357260,0.0,140.58,-0.01,65.0,250.0
1768639847.509084,357280,0.0,140.58,0.09,65.0,250.0
1768639847.5250812,357300,0.0,140.58,0.1,65.0,250.0
1768639847.5478392,357320,0.0,140.58,-0.01,65.0,250.0
1768639847.5550911,357340,0.0,140.58,-0.01,65.0,250.0
1768639847.5852942,357360,0.0,140.58,-0.01,65.0,250.0
1768639847.6055605,357380,0.0,140.58,-0.01,65.0,250.0
1768639847.6207407,357400,0.0,140.58,-0.01,65.0,250.0
1768639847.6360753,357420,0.0,140.58,-0.01,65.0,250.0
1768639847.667815,357440,0.0,140.58,-0.01,65.0,250.0
1768639847.683005,357460,0.0,140.58,-0.03,65.0,250.0
1768639847.6983776,357480,0.0,140.58,0.06,65.0,250.0
1768639847.735824,357500,0.0,140.58,-0.01,65.0,250.0
1768639847.7487707,357520,0.0,140.58,0.06,65.0,250.0
1768639847.7700183,357540,0.0,140.58,0.06,65.0,250.0
1768639847.7800553,357560,0.0,140.58,0.03,65.0,250.0
1768639847.7949061,357580,0.0,140.58,-0.04,65.0,250.0
1768639847.8254085,357600,0.0,140.58,0.06,65.0,250.0
1768639847.8455772,357620,0.0,140.58,-0.15,65.0,250.0
1768639847.8607907,357640,0.0,140.58,-0.11,65.0,250.0
1768639847.882079,357660,0.0,140.58,-0.01,65.0,250.0
1768639847.9387352,357680,0.0,140.58,-0.08,65.0,250.0
1768639847.940397,357700,0.0,140.58,-0.15,65.0,250.0
1768639847.94175,357720,0.0,140.58,-0.01,65.0,250.0
1768639847.9576957,357740,0.0,140.58,-0.05,65.0,250.0
1768639847.9940102,357760,0.0,140.58,-0.01,65.0,250.0
1768639848.0043492,357780,0.0,140.58,-0.01,65.0,250.0
1768639848.019363,357800,0.0,140.58,-0.08,65.0,250.0
1768639848.0344396,357820,0.0,140.58,0.1,65.0,250.0
1768639848.0697498,357840,0.0,140.58,0.06,65.0,250.0
1768639848.0849288,357860,0.0,140.58,-0.04,65.0,250.0
1768639848.132368,357880,0.0,140.58,-0.01,65.0,250.0
1768639848.133526,357900,0.0,140.58,-0.01,65.0,250.0
1768639848.1465802,357920,0.0,140.58,-0.08,65.0,250.0
1768639848.1618085,357940,0.0,140.58,-0.08,65.0,250.0
1768639848.1820343,357960,0.0,140.58,-0.05,65.0,250.0
1768639848.1973922,357980,0.0,140.58,-0.01,65.0,250.0
1768639848.2281225,358000,0.0,140.58,-0.01,65.0,250.0
1768639848.2436094,358020,0.0,140.58,-0.08,65.0,250.0
1768639848.2587311,358040,0.0,140.58,-0.01,65.0,250.0
1768639848.2735837,358060,0.0,140.58,0.06,65.0,250.0
1768639848.3303974,358080,0.0,140.58,-0.01,65.0,250.0
1768639848.3322966,358100,0.0,140.58,-0.08,65.0,250.0
1768639848.340035,358120,0.0,140.58,-0.17,65.0,250.0
1768639848.3548257,358140,0.0,140.58,-0.08,65.0,250.0
1768639848.3900833,358160,0.0,140.58,-0.01,65.0,250.0
1768639848.405613,358180,0.0,140.58,-0.08,65.0,250.0
1768639848.4207287,358200,0.0,140.58,-0.01,65.0,250.0
1768639848.4425955,358220,0.0,140.58,-0.08,65.0,250.0
1768639848.4676843,358240,0.0,140.58,0.06,65.0,250.0
1768639848.482994,358260,0.0,140.58,0.06,65.0,250.0
1768639848.4981482,358280,0.0,140.58,0.06,65.0,250.0
1768639848.5182343,358300,0.0,140.58,-0.08,65.0,250.0
1768639848.5545537,358320,0.0,140.58,-0.08,65.0,250.0
1768639848.5644772,358340,0.0,140.58,-0.11,65.0,250.0
1768639848.5800426,358360,0.0,140.58,0.06,65.0,250.0
1768639848.5945323,358380,0.0,140.58,-0.05,65.0,250.0
1768639848.6300118,358400,0.0,140.58,0.1,65.0,250.0
1768639848.6452172,358420,0.0,140.58,0.06,65.0,250.0
1768639848.6666203,358440,0.0,140.58,-0.04,65.0,250.0
1768639848.6765325,358460,0.0,140.58,0.03,65.0,250.0
1768639848.7175183,358480,0.0,140.58,-0.01,65.0,250.0
1768639848.7219586,358500,0.0,140.58,-0.03,65.0,250.0
1768639848.742916,358520,0.0,140.58,-0.01,65.0,250.0
1768639848.757651,358540,0.0,140.58,-0.08,65.0,250.0
1768639848.7886534,358560,0.0,140.58,0.13,65.0,250.0
1768639848.8040853,358580,0.0,140.58,-0.08,65.0,250.0
1768639848.8191993,358600,0.0,140.58,-0.01,65.0,250.0
1768639848.8342497,358620,0.0,140.58,-0.01,65.0,250.0
1768639848.8699136,358640,0.0,140.58,-0.01,65.0,250.0
1768639848.9158907,358660,0.0,140.58,-0.01,65.0,250.0
1768639848.9171169,358680,0.0,140.58,0.06,65.0,250.0
1768639848.9182186,358700,0.0,140.58,-0.08,65.0,250.0
1768639848.9471283,358720,0.0,140.58,0.08,65.0,250.0
1768639848.9676445,358740,0.0,140.58,-0.01,65.0,250.0
1768639848.981984,358760,0.0,140.58,-0.01,65.0,250.0
1768639849.0028281,358780,0.0,140.58,-0.01,65.0,250.0
1768639849.0276818,358800,0.0,140.58,0.06,65.0,250.0
1768639849.0433278,358820,0.0,140.58,-0.11,65.0,250.0
1768639849.058431,358840,0.0,140.58,-0.01,65.0,250.0
1768639849.0790637,358860,0.0,140.58,0.03,65.0,250.0
1768639849.1298356,358880,0.0,140.58,-0.04,65.0,250.0
1768639849.1308377,358900,0.0,140.58,0.06,65.0,250.0
1768639849.1402726,358920,0.0,140.58,-0.08,65.0,250.0
1768639849.1552925,358940,0.0,140.58,-0.01,65.0,250.0
1768639849.1904886,358960,0.0,140.58,-0.08,65.0,250.0
1768639849.2058558,358980,0.0,140.58,0.06,65.0,250.0
1768639849.2264996,359000,0.0,140.58,-0.01,65.0,250.0
1768639849.2366962,359020,0.0,140.58,-0.01,65.0,250.0
1768639849.2669458,359040,0.0,140.58,-0.05,65.0,250.0
1768639849.2871368,359060,0.0,140.58,-0.01,65.0,250.0
1768639849.334595,359080,0.0,140.58,-0.08,65.0,250.0
1768639849.3358157,359100,0.0,140.58,0.06,65.0,250.0
1768639849.3487473,359120,0.0,140.58,0.06,65.0,250.0
1768639849.3641615,359140,0.0,140.58,-0.01,65.0,250.0
1768639849.3792896,359160,0.0,140.58,-0.08,65.0,250.0
1768639849.3990633,359180,0.0,140.58,0.06,65.0,250.0
1768639849.4294827,359200,0.0,140.58,-0.01,65.0,250.0
1768639849.4513915,359220,0.0,140.58,0.06,65.0,250.0
1768639849.461594,359240,0.0,140.58,-0.01,65.0,250.0
1768639849.476537,359260,0.0,140.58,0.03,65.0,250.0
1768639849.50681,359280,0.0,140.58,-0.04,65.0,250.0
1768639849.540414,359300,0.0,140.58,-0.01,65.0,250.0
1768639849.5421853,359320,0.0,140.58,-0.06,65.0,250.0
1768639849.5633888,359340,0.0,140.59,0.03,65.0,250.0
1768639849.588607,359360,0.0,140.58,-0.01,65.0,250.0
1768639849.6039453,359380,0.0,140.58,-0.08,65.0,250.0
1768639849.6193712,359400,0.0,140.58,0.06,65.0,250.0
1768639849.6393344,359420,0.0,140.59,-0.01,65.0,250.0
1768639849.6753147,359440,0.0,140.58,0.06,65.0,250.0
1768639849.685493,359460,0.0,140.58,-0.08,65.0,250.0
1768639849.70073,359480,0.0,140.58,-0.01,65.0,250.0
1768639849.7423112,359500,0.0,140.58,-0.11,65.0,250.0
1768639849.7512295,359520,0.0,140.58,-0.04,65.0,250.0
1768639849.7664456,359540,0.0,140.58,-0.01,65.0,250.0
1768639849.7878618,359560,0.0,140.58,-0.08,65.0,250.0
1768639849.7978008,359580,0.0,140.58,-0.01,65.0,250.0
1768639849.8279247,359600,0.0,140.58,-0.01,65.0,250.0
1768639849.8433616,359620,0.0,140.58,0.1,65.0,250.0
1768639849.863785,359640,0.0,140.58,-0.08,65.0,250.0
1768639849.8790622,359660,0.0,140.58,0.03,65.0,250.0
1768639849.9176614,359680,0.0,140.58,-0.08,65.0,250.0
1768639849.9301023,359700,0.0,140.58,-0.04,65.0,250.0
1768639849.9405925,359720,0.0,140.58,-0.01,65.0,250.0
1768639849.9555936,359740,0.0,140.58,0.06,65.0,250.0
1768639849.9758484,359760,0.0,140.58,-0.13,65.0,250.0
1768639850.012026,359780,0.0,140.58,0.06,65.0,250.0
1768639850.0222394,359800,0.0,140.58,0.06,65.0,250.0
1768639850.0374534,359820,0.0,140.58,0.06,65.0,250.0
1768639850.0522747,359840,0.0,140.58,0.13,65.0,250.0
1768639850.1062481,359860,0.0,140.58,-0.01,65.0,250.0
1768639850.1208456,359880,0.0,140.59,0.13,65.0,250.0
1768639850.1242244,359900,0.0,140.59,-0.01,65.0,250.0
1768639850.1341891,359920,0.0,140.59,-0.08,65.0,250.0
1768639850.1642966,359940,0.0,140.59,-0.08,65.0,250.0
1768639850.1797376,359960,0.0,140.59,-0.01,65.0,250.0
1768639850.2001715,359980,0.0,140.59,0.15,65.0,250.0
1768639850.2151163,360000,0.0,140.59,0.06,65.0,250.0
1768639850.2464402,360020,0.0,140.59,-0.01,65.0,250.0
1768639850.2616823,360040,0.0,140.59,-0.01,65.0,250.0
1768639850.3020303,360060,0.0,140.59,-0.04,65.0,250.0
1768639850.3029048,360080,0.0,140.59,0.06,65.0,250.0
1768639850.3276358,360100,0.0,140.59,-0.15,65.0,250.0
1768639850.348606,360120,0.0,140.59,0.06,65.0,250.0
1768639850.358677,360140,0.0,140.59,-0.08,65.0,250.0
1768639850.3734674,360160,0.0,140.59,0.06,65.0,250.0
1768639850.4039,360180,0.0,140.59,-0.08,65.0,250.0
1768639850.4242632,360200,0.0,140.59,-0.06,65.0,250.0
1768639850.439376,360220,0.0,140.59,-0.01,65.0,250.0
1768639850.4599707,360240,0.0,140.59,-0.05,65.0,250.0
1768639850.4850209,360260,0.0,140.59,0.02,65.0,250.0
1768639850.500341,360280,0.0,140.59,-0.01,65.0,250.0
1768639850.5365455,360300,0.0,140.59,-0.11,65.0,250.0
1768639850.5373185,360320,0.0,140.59,-0.01,65.0,250.0
1768639850.5724385,360340,0.0,140.59,-0.01,65.0,250.0
1768639850.582796,360360,0.0,140.59,-0.15,65.0,250.0
1768639850.5979123,360380,0.0,140.59,0.03,65.0,250.0
1768639850.612886,360400,0.0,140.59,0.06,65.0,250.0
1768639850.6482964,360420,0.0,140.59,-0.08,65.0,250.0
1768639850.6634932,360440,0.0,140.59,0.02,65.0,250.0
1768639850.6847596,360460,0.0,140.59,-0.15,65.0,250.0
1768639850.6949837,360480,0.0,140.59,-0.01,65.0,250.0
1768639850.7405014,360500,0.0,140.59,-0.08,65.0,250.0
1768639850.7418108,360520,0.0,140.59,-0.08,65.0,250.0
1768639850.7606683,360540,0.0,140.59,-0.01,65.0,250.0
1768639850.7758293,360560,0.0,140.59,-0.01,65.0,250.0
1768639850.8069355,360580,0.0,140.59,0.06,65.0,250.0
1768639850.8220675,360600,0.0,140.59,-0.01,65.0,250.0
1768639850.837322,360620,0.0,140.59,0.06,65.0,250.0
1768639850.8522484,360640,0.0,140.59,-0.08,65.0,250.0
1768639850.887359,360660,0.0,140.59,0.06,65.0,250.0
1768639850.9088988,360680,0.0,140.59,0.06,65.0,250.0
1768639850.9193833,360700,0.0,140.59,-0.04,65.0,250.0
1768639850.9584668,360720,0.0,140.59,-0.15,65.0,250.0
1768639850.964463,360740,0.0,140.59,0.03,65.0,250.0
1768639850.9846766,360760,0.0,140.59,0.03,65.0,250.0
1768639850.9998326,360780,0.0,140.59,0.06,65.0,250.0
1768639851.0208366,360800,0.0,140.59,-0.01,65.0,250.0
1768639851.0462377,360820,0.0,140.59,-0.01,65.0,250.0
1768639851.0613816,360840,0.0,140.59,-0.08,65.0,250.0
1768639851.0768163,360860,0.0,140.59,-0.01,65.0,250.0
1768639851.096762,360880,0.0,140.59,-0.08,65.0,250.0
1768639851.1523294,360900,0.0,140.59,-0.08,65.0,250.0
1768639851.1655543,360920,0.0,140.59,0.06,65.0,250.0
1768639851.1667922,360940,0.0,140.59,0.03,65.0,250.0
1768639851.1733046,360960,0.0,140.59,-0.04,65.0,250.0
1768639851.2089064,360980,0.0,140.59,-0.08,65.0,250.0
1768639851.2241461,361000,0.0,140.59,-0.01,65.0,250.0
1768639851.2452285,361020,0.0,140.59,-0.01,65.0,250.0
1768639851.2552524,361040,0.0,140.59,0.06,65.0,250.0
1768639851.2857125,361060,0.0,140.59,-0.01,65.0,250.0
1768639851.3007495,361080,0.0,140.59,0.06,65.0,250.0
1768639851.328088,361100,0.0,140.59,-0.01,65.0,250.0
1768639851.359694,361120,0.0,140.59,-0.01,65.0,250.0
1768639851.367299,361140,0.0,140.59,-0.08,65.0,250.0
1768639851.3826127,361160,0.0,140.59,0.02,65.0,250.0
1768639851.3976731,361180,0.0,140.59,0.06,65.0,250.0
1768639851.4129255,361200,0.0,140.59,-0.01,65.0,250.0
1768639851.4477968,361220,0.0,140.59,0.06,65.0,250.0
1768639851.4691806,361240,0.0,140.59,-0.03,65.0,250.0
1768639851.479421,361260,0.0,140.59,-0.08,65.0,250.0
1768639851.4945214,361280,0.0,140.59,-0.22,65.0,250.0
1768639851.542119,361300,0.0,140.59,-0.05,65.0,250.0
1768639851.5495338,361320,0.0,140.59,0.06,65.0,250.0
1768639851.5650043,361340,0.0,140.59,-0.04,65.0,250.0
1768639851.5814588,361360,0.0,140.59,-0.01,65.0,250.0
1768639851.6066628,361380,0.0,140.59,-0.01,65.0,250.0
1768639851.6217923,361400,0.0,140.59,-0.08,65.0,250.0
1768639851.637073,361420,0.0,140.59,-0.05,65.0,250.0
1768639851.6570756,361440,0.0,140.59,-0.08,65.0,250.0
1768639851.6933951,361460,0.0,140.59,0.06,65.0,250.0
1768639851.7036247,361480,0.0,140.59,-0.08,65.0,250.0
1768639851.71888,361500,0.0,140.59,0.02,65.0,250.0
1768639851.7336702,361520,0.0,140.59,0.02,65.0,250.0
1768639851.7878025,361540,0.0,140.59,-0.01,65.0,250.0
1768639851.7890723,361560,0.0,140.59,-0.15,65.0,250.0
1768639851.805665,361580,0.0,140.59,0.06,65.0,250.0
1768639851.8157108,361600,0.0,140.59,0.06,65.0,250.0
1768639851.8459275,361620,0.0,140.59,0.06,65.0,250.0
1768639851.8612704,361640,0.0,140.59,-0.05,65.0,250.0
1768639851.881468,361660,0.0,140.59,0.13,65.0,250.0
1768639851.8964007,361680,0.0,140.59,-0.08,65.0,250.0
1768639851.9271724,361700,0.0,140.59,0.06,65.0,250.0
1768639851.9426801,361720,0.0,140.59,-0.01,65.0,250.0
1768639851.9608521,361740,0.0,140.59,0.06,65.0,250.0
1768639851.977835,361760,0.0,140.59,-0.01,65.0,250.0
1768639852.0077837,361780,0.0,140.59,-0.01,65.0,250.0
1768639852.0298436,361800,0.0,140.59,-0.01,65.0,250.0
1768639852.0399017,361820,0.0,140.59,0.06,65.0,250.0
1768639852.0551012,361840,0.0,140.59,-0.06,65.0,250.0
1768639852.0853236,361860,0.0,140.6,0.03,65.0,250.0
1768639852.1052766,361880,0.0,140.59,-0.01,65.0,250.0
1768639852.1204753,361900,0.0,140.59,-0.03,65.0,250.0
1768639852.1416543,361920,0.0,140.59,-0.01,65.0,250.0
1768639852.169921,361940,0.0,140.59,0.06,65.0,250.0
1768639852.1988091,361960,0.0,140.59,-0.08,65.0,250.0
1768639852.2000022,361980,0.0,140.59,-0.04,65.0,250.0
1768639852.2177012,362000,0.0,140.59,-0.11,65.0,250.0
1768639852.2539337,362020,0.0,140.59,0.03,65.0,250.0
1768639852.2641604,362040,0.0,140.59,-0.08,65.0,250.0
1768639852.2791803,362060,0.0,140.59,-0.03,65.0,250.0
1768639852.294304,362080,0.0,140.59,-0.08,65.0,250.0
1768639852.329862,362100,0.0,140.59,0.1,65.0,250.0
1768639852.3449395,362120,0.0,140.59,-0.03,65.0,250.0
1768639852.3664436,362140,0.0,140.59,-0.01,65.0,250.0
1768639852.376325,362160,0.0,140.59,-0.01,65.0,250.0
1768639852.4277544,362180,0.0,140.59,-0.01,65.0,250.0
1768639852.4291832,362200,0.0,140.59,-0.08,65.0,250.0
1768639852.4420242,362220,0.0,140.59,0.13,65.0,250.0
1768639852.456931,362240,0.0,140.59,0.06,65.0,250.0
1768639852.4882517,362260,0.0,140.59,-0.01,65.0,250.0
1768639852.5035126,362280,0.0,140.59,-0.01,65.0,250.0
1768639852.5188277,362300,0.0,140.59,-0.01,65.0,250.0
1768639852.5339763,362320,0.0,140.59,-0.04,65.0,250.0
1768639852.569083,362340,0.0,140.59,-0.15,65.0,250.0
1768639852.6204162,362360,0.0,140.59,0.06,65.0,250.0
1768639852.6216545,362380,0.0,140.59,-0.05,65.0,250.0
1768639852.6227956,362400,0.0,140.59,-0.01,65.0,250.0
1768639852.6457005,362420,0.0,140.59,-0.04,65.0,250.0
1768639852.665876,362440,0.0,140.59,0.03,65.0,250.0
1768639852.6810513,362460,0.0,140.59,0.03,65.0,250.0
1768639852.7019556,362480,0.0,140.59,0.03,65.0,250.0
1768639852.7273018,362500,0.0,140.59,-0.08,65.0,250.0
1768639852.7426991,362520,0.0,140.59,0.06,65.0,250.0
1768639852.7581215,362540,0.0,140.59,-0.01,65.0,250.0
1768639852.7939904,362560,0.0,140.59,0.1,65.0,250.0
1768639852.8146017,362580,0.0,140.59,-0.01,65.0,250.0
1768639852.824666,362600,0.0,140.59,-0.08,65.0,250.0
1768639852.8398778,362620,0.0,140.59,-0.01,65.0,250.0
1768639852.8551116,362640,0.0,140.59,-0.08,65.0,250.0
1768639852.8902462,362660,0.0,140.59,0.06,65.0,250.0
1768639852.9058235,362680,0.0,140.59,-0.05,65.0,250.0
1768639852.9266422,362700,0.0,140.59,-0.01,65.0,250.0
1768639852.9367797,362720,0.0,140.59,-0.08,65.0,250.0
1768639852.9669735,362740,0.0,140.59,-0.08,65.0,250.0
1768639852.9831777,362760,0.0,140.59,0.06,65.0,250.0
1768639853.002212,362780,0.0,140.59,-0.01,65.0,250.0
1768639853.017159,362800,0.0,140.59,-0.01,65.0,250.0
1768639853.0486057,362820,0.0,140.59,0.03,65.0,250.0
1768639853.0639086,362840,0.0,140.59,0.06,65.0,250.0
1768639853.0791438,362860,0.0,140.59,0.03,65.0,250.0
1768639853.094099,362880,0.0,140.59,-0.05,65.0,250.0
1768639853.1297085,362900,0.0,140.59,-0.08,65.0,250.0
1768639853.159334,362920,0.0,140.59,-0.08,65.0,250.0
1768639853.160952,362940,0.0,140.59,-0.01,65.0,250.0
1768639853.1763747,362960,0.0,140.59,-0.01,65.0,250.0
1768639853.2063022,362980,0.0,140.59,-0.01,65.0,250.0
1768639853.226592,363000,0.0,140.59,0.06,65.0,250.0
1768639853.2415543,363020,0.0,140.59,-0.08,65.0,250.0
1768639853.2633035,363040,0.0,140.59,-0.01,65.0,250.0
1768639853.2879424,363060,0.0,140.59,0.03,65.0,250.0
1768639853.3031008,363080,0.0,140.59,-0.01,65.0,250.0
1768639853.3297117,363100,0.0,140.59,0.06,65.0,250.0
1768639853.337431,363120,0.0,140.59,-0.08,65.0,250.0
1768639853.3749254,363140,0.0,140.59,-0.01,65.0,250.0
1768639853.385057,363160,0.0,140.59,0.01,65.0,250.0
1768639853.400224,363180,0.0,140.59,-0.04,65.0,250.0
1768639853.4162853,363200,0.0,140.59,-0.05,65.0,250.0
1768639853.4505048,363220,0.0,140.59,-0.01,65.0,250.0
1768639853.4658663,363240,0.0,140.59,0.06,65.0,250.0
1768639853.4868193,363260,0.0,140.59,-0.01,65.0,250.0
1768639853.4966006,363280,0.0,140.59,-0.01,65.0,250.0
1768639853.531942,363300,0.0,140.59,-0.01,65.0,250.0
1768639853.5578537,363320,0.0,140.59,-0.08,65.0,250.0
1768639853.562496,363340,0.0,140.59,-0.08,65.0,250.0
1768639853.577919,363360,0.0,140.59,-0.01,65.0,250.0
1768639853.6089823,363380,0.0,140.59,-0.01,65.0,250.0
1768639853.6241827,363400,0.0,140.59,-0.01,65.0,250.0
1768639853.6394606,363420,0.0,140.59,-0.15,65.0,250.0
1768639853.654231,363440,0.0,140.59,0.06,65.0,250.0
1768639853.6902974,363460,0.0,140.59,0.1,65.0,250.0
1768639853.7110047,363480,0.0,140.59,-0.08,65.0,250.0
1768639853.721902,363500,0.0,140.59,-0.01,65.0,250.0
1768639853.7566974,363520,0.0,140.59,-0.08,65.0,250.0
1768639853.7664561,363540,0.0,140.59,0.01,65.0,250.0
1768639853.7867417,363560,0.0,140.59,-0.01,65.0,250.0
1768639853.8020437,363580,0.0,140.59,-0.01,65.0,250.0
1768639853.8225613,363600,0.0,140.59,0.06,65.0,250.0
1768639853.8477237,363620,0.0,140.59,-0.08,65.0,250.0
1768639853.863351,363640,0.0,140.59,-0.04,65.0,250.0
1768639853.8829398,363660,0.0,140.59,-0.01,65.0,250.0
1768639853.8981361,363680,0.0,140.59,-0.08,65.0,250.0
1768639853.946863,363700,0.0,140.59,-0.01,65.0,250.0
1768639853.948135,363720,0.0,140.59,-0.01,65.0,250.0
1768639853.960198,363740,0.0,140.58,-0.11,65.0,250.0
1768639853.97503,363760,0.0,140.58,0.13,65.0,250.0
1768639854.0103285,363780,0.0,140.58,-0.01,65.0,250.0
1768639854.0255656,363800,0.0,140.58,-0.04,65.0,250.0
1768639854.0467272,363820,0.0,140.58,-0.08,65.0,250.0
1768639854.0566974,363840,0.0,140.58,0.06,65.0,250.0
1768639854.0868757,363860,0.0,140.59,-0.01,65.0,250.0
1768639854.1069324,363880,0.0,140.58,0.06,65.0,250.0
1768639854.1466546,363900,0.0,140.59,0.06,65.0,250.0
1768639854.14767,363920,0.0,140.59,-0.01,65.0,250.0
1768639854.1692507,363940,0.0,140.59,0.06,65.0,250.0
1768639854.1844788,363960,0.0,140.59,-0.15,65.0,250.0
1768639854.1996856,363980,0.0,140.59,-0.03,65.0,250.0
1768639854.2147264,364000,0.0,140.59,0.06,65.0,250.0
1768639854.249963,364020,0.0,140.59,-0.01,65.0,250.0
1768639854.2715378,364040,0.0,140.59,-0.01,65.0,250.0
1768639854.2819126,364060,0.0,140.59,-0.01,65.0,250.0
1768639854.2971897,364080,0.0,140.59,-0.11,65.0,250.0
1768639854.3417664,364100,0.0,140.58,0.06,65.0,250.0
1768639854.347096,364120,0.0,140.59,-0.04,65.0,250.0
1768639854.36239,364140,0.0,140.59,0.06,65.0,250.0
1768639854.3826888,364160,0.0,140.59,-0.05,65.0,250.0
1768639854.4080217,364180,0.0,140.59,-0.08,65.0,250.0
1768639854.4236305,364200,0.0,140.59,0.13,65.0,250.0
1768639854.4434154,364220,0.0,140.59,-0.01,65.0,250.0
1768639854.4584446,364240,0.0,140.59,-0.08,65.0,250.0
1768639854.4950962,364260,0.0,140.59,0.06,65.0,250.0
1768639854.5049362,364280,0.0,140.59,0.02,65.0,250.0
1768639854.5377119,364300,0.0,140.59,-0.08,65.0,250.0
1768639854.538831,364320,0.0,140.59,-0.01,65.0,250.0
1768639854.5706854,364340,0.0,140.59,-0.04,65.0,250.0
1768639854.5866644,364360,0.0,140.59,0.03,65.0,250.0
1768639854.6079094,364380,0.0,140.59,-0.01,65.0,250.0
1768639854.6177318,364400,0.0,140.59,-0.01,65.0,250.0
1768639854.6479027,364420,0.0,140.59,-0.08,65.0,250.0
1768639854.663231,364440,0.0,140.59,-0.08,65.0,250.0
1768639854.6837072,364460,0.0,140.59,-0.08,65.0,250.0
1768639854.7041433,364480,0.0,140.59,-0.11,65.0,250.0
1768639854.7297523,364500,0.0,140.59,-0.04,65.0,250.0
1768639854.7449434,364520,0.0,140.59,-0.08,65.0,250.0
1768639854.7601187,364540,0.0,140.59,0.06,65.0,250.0
1768639854.7751155,364560,0.0,140.59,-0.01,65.0,250.0
1768639854.810352,364580,0.0,140.59,-0.01,65.0,250.0
1768639854.8311121,364600,0.0,140.59,0.06,65.0,250.0
1768639854.8412893,364620,0.0,140.59,-0.04,65.0,250.0
1768639854.8561687,364640,0.0,140.59,0.06,65.0,250.0
1768639854.8914533,364660,0.0,140.59,-0.08,65.0,250.0
1768639854.9278314,364680,0.0,140.59,-0.01,65.0,250.0
1768639854.9288793,364700,0.0,140.59,-0.08,65.0,250.0
1768639854.9435375,364720,0.0,140.59,-0.01,65.0,250.0
1768639854.9687734,364740,0.0,140.59,-0.01,65.0,250.0
1768639854.9842064,364760,0.0,140.59,0.02,65.0,250.0
1768639854.9993863,364780,0.0,140.59,0.03,65.0,250.0
1768639855.0189073,364800,0.0,140.59,0.04,65.0,250.0
1768639855.0555913,364820,0.0,140.59,-0.04,65.0,250.0
1768639855.0655668,364840,0.0,140.59,0.03,65.0,250.0
1768639855.0807338,364860,0.0,140.59,-0.08,65.0,250.0
1768639855.0962038,364880,0.0,140.59,0.03,65.0,250.0
1768639855.1167815,364900,0.0,140.59,-0.11,65.0,250.0
1768639855.1466162,364920,0.0,140.59,-0.08,65.0,250.0
1768639855.1680644,364940,0.0,140.59,-0.08,65.0,250.0
1768639855.1781516,364960,0.0,140.59,0.06,65.0,250.0
1768639855.1932263,364980,0.0,140.59,-0.08,65.0,250.0
1768639855.2232437,365000,0.0,140.59,-0.05,65.0,250.0
1768639855.2434092,365020,0.0,140.59,-0.03,65.0,250.0
1768639855.2593012,365040,0.0,140.59,-0.01,65.0,250.0
1768639855.2804286,365060,0.0,140.59,-0.01,65.0,250.0
1768639855.3054867,365080,0.0,140.59,0.01,65.0,250.0
1768639855.3205009,365100,0.0,140.59,0.13,65.0,250.0
1768639855.33582,365120,0.0,140.59,0.06,65.0,250.0
1768639855.3555703,365140,0.0,140.59,-0.01,65.0,250.0
1768639855.392085,365160,0.0,140.59,-0.11,65.0,250.0
1768639855.402176,365180,0.0,140.59,-0.01,65.0,250.0
1768639855.417494,365200,0.0,140.59,0.06,65.0,250.0
1768639855.4326482,365220,0.0,140.59,-0.01,65.0,250.0
1768639855.4678078,365240,0.0,140.59,-0.05,65.0,250.0
1768639855.4831517,365260,0.0,140.59,-0.01,65.0,250.0
1768639855.524067,365280,0.0,140.59,-0.08,65.0,250.0
1768639855.5250454,365300,0.0,140.59,-0.08,65.0,250.0
1768639855.5444534,365320,0.0,140.59,-0.01,65.0,250.0
1768639855.5595455,365340,0.0,140.59,0.13,65.0,250.0
1768639855.580138,365360,0.0,140.59,0.06,65.0,250.0
1768639855.594841,365380,0.0,140.59,-0.01,65.0,250.0
1768639855.6261988,365400,0.0,140.59,0.06,65.0,250.0
1768639855.6412733,365420,0.0,140.59,-0.01,65.0,250.0
1768639855.6568916,365440,0.0,140.59,0.06,65.0,250.0
1768639855.6714427,365460,0.0,140.59,-0.06,65.0,250.0
1768639855.7077477,365480,0.0,140.59,-0.08,65.0,250.0
1768639855.7307975,365500,0.0,140.59,-0.08,65.0,250.0
1768639855.738716,365520,0.0,140.59,0.13,65.0,250.0
1768639855.7538438,365540,0.0,140.59,-0.08,65.0,250.0
1768639855.7841716,365560,0.0,140.59,-0.08,65.0,250.0
1768639855.8042865,365580,0.0,140.59,0.06,65.0,250.0
1768639855.819256,365600,0.0,140.59,0.06,65.0,250.0
1768639855.8402553,365620,0.0,140.59,-0.01,65.0,250.0
1768639855.865619,365640,0.0,140.59,-0.01,65.0,250.0
1768639855.8807807,365660,0.0,140.59,-0.08,65.0,250.0
1768639855.9164414,365680,0.0,140.59,0.06,65.0,250.0
1768639855.9175425,365700,0.0,140.59,-0.01,65.0,250.0
1768639855.952472,365720,0.0,140.59,-0.05,65.0,250.0
1768639855.962607,365740,0.0,140.59,0.06,65.0,250.0
1768639855.97779,365760,0.0,140.59,-0.01,65.0,250.0
1768639855.9928567,365780,0.0,140.59,-0.08,65.0,250.0
1768639856.0281298,365800,0.0,140.59,0.09,65.0,250.0
1768639856.0432475,365820,0.0,140.59,0.06,65.0,250.0
1768639856.0641057,365840,0.0,140.59,0.11,65.0,250.0
1768639856.093351,365860,0.0,140.59,-0.04,65.0,250.0
1768639856.1057434,365880,0.0,140.59,-0.04,65.0,250.0
1768639856.124627,365900,0.0,140.59,-0.06,65.0,250.0
1768639856.1397262,365920,0.0,140.59,-0.01,65.0,250.0
1768639856.1551147,365940,0.0,140.59,0.06,65.0,250.0
1768639856.1866624,365960,0.0,140.59,-0.01,65.0,250.0
1768639856.2019908,365980,0.0,140.59,-0.01,65.0,250.0
1768639856.217333,366000,0.0,140.59,-0.09,65.0,250.0
1768639856.232462,366020,0.0,140.59,-0.08,65.0,250.0
1768639856.2675402,366040,0.0,140.59,0.06,65.0,250.0
1768639856.3045778,366060,0.0,140.59,-0.01,65.0,250.0
1768639856.3058887,366080,0.0,140.59,0.06,65.0,250.0
1768639856.3134446,366100,0.0,140.59,-0.08,65.0,250.0
1768639856.3488505,366120,0.0,140.59,-0.06,65.0,250.0
1768639856.363966,366140,0.0,140.59,0.06,65.0,250.0
1768639856.3791995,366160,0.0,140.59,-0.01,65.0,250.0
1768639856.4008996,366180,0.0,140.59,-0.01,65.0,250.0
1768639856.4260511,366200,0.0,140.59,-0.08,65.0,250.0
1768639856.441401,366220,0.0,140.59,-0.08,65.0,250.0
1768639856.4619458,366240,0.0,140.59,0.03,65.0,250.0
1768639856.4769757,366260,0.0,140.59,-0.08,65.0,250.0
1768639856.5131967,366280,0.0,140.59,0.13,65.0,250.0
1768639856.5234718,366300,0.0,140.59,-0.08,65.0,250.0
1768639856.5386448,366320,0.0,140.59,-0.01,65.0,250.0
1768639856.553714,366340,0.0,140.59,-0.03,65.0,250.0
1768639856.5889647,366360,0.0,140.59,-0.01,65.0,250.0
1768639856.6042523,366380,0.0,140.59,-0.08,65.0,250.0
1768639856.6254818,366400,0.0,140.59,-0.01,65.0,250.0
1768639856.6360931,366420,0.0,140.59,0.06,65.0,250.0
1768639856.6657305,366440,0.0,140.59,-0.08,65.0,250.0
1768639856.6808605,366460,0.0,140.59,-0.01,65.0,250.0
1768639856.703263,366480,0.0,140.59,0.06,65.0,250.0
1768639856.719191,366500,0.0,140.59,-0.06,65.0,250.0
1768639856.7472234,366520,0.0,140.59,0.06,65.0,250.0
1768639856.7626004,366540,0.0,140.59,0.03,65.0,250.0
1768639856.777825,366560,0.0,140.59,-0.01,65.0,250.0
1768639856.792313,366580,0.0,140.59,-0.08,65.0,250.0
1768639856.8280659,366600,0.0,140.59,0.03,65.0,250.0
1768639856.8500316,366620,0.0,140.59,0.06,65.0,250.0
1768639856.859651,366640,0.0,140.59,-0.01,65.0,250.0
1768639856.874489,366660,0.0,140.59,-0.08,65.0,250.0
1768639856.9179645,366680,0.0,140.59,-0.08,65.0,250.0
1768639856.9251525,366700,0.0,140.59,-0.08,65.0,250.0
1768639856.9402547,366720,0.0,140.59,-0.01,65.0,250.0
1768639856.961618,366740,0.0,140.59,-0.08,65.0,250.0
1768639856.9867384,366760,0.0,140.59,0.03,65.0,250.0
1768639857.001996,366780,0.0,140.59,-0.01,65.0,250.0
1768639857.0171258,366800,0.0,140.59,-0.01,65.0,250.0
1768639857.0373504,366820,0.0,140.59,-0.01,65.0,250.0
1768639857.0735738,366840,0.0,140.59,-0.05,65.0,250.0
1768639857.083996,366860,0.0,140.59,0.09,65.0,250.0
1768639857.1199381,366880,0.0,140.59,-0.04,65.0,250.0
1768639857.1211858,366900,0.0,140.59,-0.15,65.0,250.0
1768639857.1492934,366920,0.0,140.59,-0.08,65.0,250.0
1768639857.1643658,366940,0.0,140.59,0.01,65.0,250.0
1768639857.1859887,366960,0.0,140.59,0.02,65.0,250.0
1768639857.1954863,366980,0.0,140.59,-0.01,65.0,250.0
1768639857.2259772,367000,0.0,140.59,-0.15,65.0,250.0
1768639857.2414005,367020,0.0,140.59,0.06,65.0,250.0
1768639857.2621255,367040,0.0,140.59,0.02,65.0,250.0
1768639857.309694,367060,0.0,140.59,-0.04,65.0,250.0
1768639857.3106086,367080,0.0,140.59,-0.08,65.0,250.0
1768639857.3240952,367100,0.0,140.59,-0.08,65.0,250.0
1768639857.3381975,367120,0.0,140.59,-0.04,65.0,250.0
1768639857.353442,367140,0.0,140.59,-0.01,65.0,250.0
1768639857.3885975,367160,0.0,140.59,-0.06,65.0,250.0
1768639857.409965,367180,0.0,140.59,0.03,65.0,250.0
1768639857.4202998,367200,0.0,140.59,0.13,65.0,250.0
1768639857.435094,367220,0.0,140.59,0.06,65.0,250.0
1768639857.465634,367240,0.0,140.59,-0.04,65.0,250.0
1768639857.4861739,367260,0.0,140.59,-0.01,65.0,250.0
1768639857.5012624,367280,0.0,140.59,-0.08,65.0,250.0
1768639857.5225618,367300,0.0,140.59,-0.08,65.0,250.0
1768639857.547381,367320,0.0,140.59,-0.06,65.0,250.0
1768639857.5627067,367340,0.0,140.59,-0.08,65.0,250.0
1768639857.5778875,367360,0.0,140.59,0.06,65.0,250.0
1768639857.5981085,367380,0.0,140.59,-0.15,65.0,250.0
1768639857.6342154,367400,0.0,140.59,0.03,65.0,250.0
1768639857.6443882,367420,0.0,140.59,-0.01,65.0,250.0
1768639857.6799815,367440,0.0,140.59,0.13,65.0,250.0
1768639857.6821504,367460,0.0,140.59,0.06,65.0,250.0
1768639857.710119,367480,0.0,140.59,-0.08,65.0,250.0
1768639857.725337,367500,0.0,140.59,0.03,65.0,250.0
1768639857.7467184,367520,0.0,140.59,0.06,65.0,250.0
1768639857.7562394,367540,0.0,140.59,-0.01,65.0,250.0
1768639857.7865136,367560,0.0,140.59,0.02,65.0,250.0
1768639857.8021348,367580,0.0,140.59,0.03,65.0,250.0
1768639857.8225868,367600,0.0,140.59,0.06,65.0,250.0
1768639857.8369381,367620,0.0,140.59,0.03,65.0,250.0
1768639857.8818338,367640,0.0,140.59,0.06,65.0,250.0
1768639857.8833656,367660,0.0,140.59,-0.01,65.0,250.0
1768639857.8985078,367680,0.0,140.59,-0.08,65.0,250.0
1768639857.9188526,367700,0.0,140.59,-0.04,65.0,250.0
1768639857.9489858,367720,0.0,140.59,-0.05,65.0,250.0
1768639857.970737,367740,0.0,140.59,0.06,65.0,250.0
1768639857.980864,367760,0.0,140.59,-0.01,65.0,250.0
1768639857.9959617,367780,0.0,140.59,-0.01,65.0,250.0
1768639858.0265768,367800,0.0,140.59,-0.01,65.0,250.0
1768639858.069753,367820,0.0,140.59,-0.08,65.0,250.0
1768639858.070716,367840,0.0,140.59,-0.11,65.0,250.0
1768639858.0830643,367860,0.0,140.59,-0.01,65.0,250.0
1768639858.1079981,367880,0.0,140.59,-0.01,65.0,250.0
1768639858.1231852,367900,0.0,140.59,-0.05,65.0,250.0
1768639858.1385324,367920,0.0,140.59,-0.08,65.0,250.0
1768639858.1585774,367940,0.0,140.59,0.06,65.0,250.0
1768639858.194835,367960,0.0,140.59,-0.04,65.0,250.0
1768639858.2048225,367980,0.0,140.59,0.01,65.0,250.0
1768639858.2201006,368000,0.0,140.59,0.06,65.0,250.0
1768639858.2351272,368020,0.0,140.59,-0.01,65.0,250.0
1768639858.2812815,368040,0.0,140.59,-0.01,65.0,250.0
1768639858.2854762,368060,0.0,140.59,-0.05,65.0,250.0
1768639858.307109,368080,0.0,140.59,-0.05,65.0,250.0
1768639858.3172102,368100,0.0,140.59,-0.01,65.0,250.0
1768639858.3473585,368120,0.0,140.59,-0.04,65.0,250.0
1768639858.362563,368140,0.0,140.59,-0.04,65.0,250.0
1768639858.3829188,368160,0.0,140.59,-0.08,65.0,250.0
1768639858.3977838,368180,0.0,140.59,0.03,65.0,250.0
1768639858.4290664,368200,0.0,140.59,-0.06,65.0,250.0
1768639858.4441829,368220,0.0,140.59,-0.01,65.0,250.0
1768639858.4595811,368240,0.0,140.59,-0.15,65.0,250.0
1768639858.474652,368260,0.0,140.58,-0.01,65.0,250.0
1768639858.5097713,368280,0.0,140.58,-0.08,65.0,250.0
1768639858.5311112,368300,0.0,140.58,0.06,65.0,250.0
1768639858.5413089,368320,0.0,140.58,-0.01,65.0,250.0
1768639858.556413,368340,0.0,140.58,-0.01,65.0,250.0
1768639858.5864723,368360,0.0,140.58,0.06,65.0,250.0
1768639858.6067684,368380,0.0,140.59,-0.08,65.0,250.0
1768639858.6222703,368400,0.0,140.59,-0.01,65.0,250.0
1768639858.6425338,368420,0.0,140.59,-0.01,65.0,250.0
1768639858.6917114,368440,0.0,140.59,-0.08,65.0,250.0
1768639858.694678,368460,0.0,140.59,-0.01,65.0,250.0
1768639858.7034154,368480,0.0,140.59,0.06,65.0,250.0
1768639858.7182033,368500,0.0,140.59,0.06,65.0,250.0
1768639858.755151,368520,0.0,140.59,0.06,65.0,250.0
1768639858.7653003,368540,0.0,140.59,-0.01,65.0,250.0
1768639858.7805793,368560,0.0,140.59,-0.01,65.0,250.0
1768639858.795668,368580,0.0,140.58,-0.01,65.0,250.0
1768639858.8309298,368600,0.0,140.59,-0.01,65.0,250.0
1768639858.8463054,368620,0.0,140.59,0.06,65.0,250.0
1768639858.8817234,368640,0.0,140.59,-0.03,65.0,250.0
1768639858.882565,368660,0.0,140.59,-0.04,65.0,250.0
1768639858.907528,368680,0.0,140.59,-0.01,65.0,250.0
1768639858.9229445,368700,0.0,140.59,-0.01,65.0,250.0
1768639858.942959,368720,0.0,140.59,0.13,65.0,250.0
1768639858.9581428,368740,0.0,140.59,0.06,65.0,250.0
1768639858.9890373,368760,0.0,140.59,0.06,65.0,250.0
1768639859.0043063,368780,0.0,140.59,0.06,65.0,250.0
1768639859.019577,368800,0.0,140.59,-0.15,65.0,250.0
1768639859.0348618,368820,0.0,140.59,-0.01,65.0,250.0
1768639859.0705273,368840,0.0,140.59,0.13,65.0,250.0
1768639859.0913606,368860,0.0,140.59,-0.01,65.0,250.0
1768639859.101386,368880,0.0,140.59,0.03,65.0,250.0
1768639859.116429,368900,0.0,140.59,0.06,65.0,250.0
1768639859.1465101,368920,0.0,140.59,-0.05,65.0,250.0
1768639859.167288,368940,0.0,140.59,-0.01,65.0,250.0
1768639859.1823735,368960,0.0,140.59,-0.08,65.0,250.0
1768639859.2034407,368980,0.0,140.59,-0.08,65.0,250.0
1768639859.2282946,369000,0.0,140.59,-0.01,65.0,250.0
1768639859.2434368,369020,0.0,140.59,-0.01,65.0,250.0
1768639859.2765908,369040,0.0,140.59,-0.18,65.0,250.0
1768639859.2906985,369060,0.0,140.59,-0.11,65.0,250.0
1768639859.3156235,369080,0.0,140.59,-0.01,65.0,250.0
1768639859.3258047,369100,0.0,140.59,0.06,65.0,250.0
1768639859.340731,369120,0.0,140.59,-0.01,65.0,250.0
1768639859.3556786,369140,0.0,140.59,0.06,65.0,250.0
1768639859.3911707,369160,0.0,140.59,-0.01,65.0,250.0
1768639859.4073377,369180,0.0,140.59,-0.08,65.0,250.0
1768639859.427761,369200,0.0,140.59,-0.12,65.0,250.0
1768639859.437358,369220,0.0,140.59,-0.01,65.0,250.0
1768639859.4674845,369240,0.0,140.59,-0.08,65.0,250.0
1768639859.4880984,369260,0.0,140.59,-0.08,65.0,250.0
1768639859.503415,369280,0.0,140.59,-0.01,65.0,250.0
1768639859.536889,369300,0.0,140.59,-0.11,65.0,250.0
1768639859.5498593,369320,0.0,140.59,0.06,65.0,250.0
1768639859.5650463,369340,0.0,140.59,0.13,65.0,250.0
1768639859.5803292,369360,0.0,140.59,0.03,65.0,250.0
1768639859.5952258,369380,0.0,140.59,-0.04,65.0,250.0
1768639859.6303806,369400,0.0,140.59,-0.11,65.0,250.0
1768639859.6516783,369420,0.0,140.59,-0.01,65.0,250.0
1768639859.6622772,369440,0.0,140.58,-0.08,65.0,250.0
1768639859.6771076,369460,0.0,140.58,-0.05,65.0,250.0
1768639859.707059,369480,0.0,140.58,-0.01,65.0,250.0
1768639859.7414935,369500,0.0,140.58,-0.08,65.0,250.0
1768639859.7429972,369520,0.0,140.58,-0.01,65.0,250.0
1768639859.7637165,369540,0.0,140.58,0.03,65.0,250.0
1768639859.7891178,369560,0.0,140.58,-0.01,65.0,250.0
1768639859.804227,369580,0.0,140.58,-0.08,65.0,250.0
1768639859.8195095,369600,0.0,140.58,-0.08,65.0,250.0
1768639859.839939,369620,0.0,140.58,-0.01,65.0,250.0
1768639859.8551824,369640,0.0,140.58,-0.04,65.0,250.0
1768639859.8853736,369660,0.0,140.58,-0.12,65.0,250.0
1768639859.9004169,369680,0.0,140.58,-0.03,65.0,250.0
1768639859.915943,369700,0.0,140.58,-0.08,65.0,250.0
1768639859.9359198,369720,0.0,140.58,-0.04,65.0,250.0
1768639859.9773562,369740,0.0,140.58,-0.08,65.0,250.0
1768639859.9873931,369760,0.0,140.58,-0.08,65.0,250.0
1768639859.9976888,369780,0.0,140.58,0.06,65.0,250.0
1768639860.0127769,369800,0.0,140.58,-0.08,65.0,250.0
1768639860.0479808,369820,0.0,140.58,0.06,65.0,250.0
1768639860.0633013,369840,0.0,140.58,-0.01,65.0,250.0
1768639860.0784817,369860,0.0,140.58,-0.08,65.0,250.0
1768639860.099537,369880,0.0,140.58,0.13,65.0,250.0
1768639860.1249602,369900,0.0,140.58,-0.01,65.0,250.0
1768639860.140209,369920,0.0,140.58,0.06,65.0,250.0
1768639860.1646185,369940,0.0,140.58,-0.08,65.0,250.0
1768639860.177084,369960,0.0,140.58,-0.04,65.0,250.0
1768639860.2119904,369980,0.0,140.58,0.06,65.0,250.0
1768639860.2222295,370000,0.0,140.58,-0.08,65.0,250.0
1768639860.2375922,370020,0.0,140.58,-0.08,65.0,250.0
1768639860.252402,370040,0.0,140.58,0.06,65.0,250.0
1768639860.2878337,370060,0.0,140.58,-0.15,65.0,250.0
1768639860.3028576,370080,0.0,140.58,0.06,65.0,250.0
1768639860.3241594,370100,0.0,140.58,-0.08,65.0,250.0
1768639860.334069,370120,0.0,140.58,0.06,65.0,250.0
1768639860.3644655,370140,0.0,140.58,0.06,65.0,250.0
1768639860.3837924,370160,0.0,140.58,-0.05,65.0,250.0
1768639860.40031,370180,0.0,140.58,-0.01,65.0,250.0
1768639860.414996,370200,0.0,140.58,0.03,65.0,250.0
1768639860.446508,370220,0.0,140.59,0.13,65.0,250.0
1768639860.4616995,370240,0.0,140.59,-0.08,65.0,250.0
1768639860.4766128,370260,0.0,140.59,0.06,65.0,250.0
1768639860.4917378,370280,0.0,140.59,-0.08,65.0,250.0
1768639860.5277307,370300,0.0,140.59,-0.01,65.0,250.0
1768639860.5490792,370320,0.0,140.59,-0.08,65.0,250.0
1768639860.5863252,370340,0.0,140.59,-0.01,65.0,250.0
1768639860.5875385,370360,0.0,140.59,-0.01,65.0,250.0
1768639860.6040587,370380,0.0,140.59,-0.04,65.0,250.0
1768639860.6242366,370400,0.0,140.59,-0.08,65.0,250.0
1768639860.6397917,370420,0.0,140.59,0.06,65.0,250.0
1768639860.6603167,370440,0.0,140.59,-0.01,65.0,250.0
1768639860.6855352,370460,0.0,140.59,-0.01,65.0,250.0
1768639860.7010736,370480,0.0,140.59,-0.01,65.0,250.0
1768639860.7162037,370500,0.0,140.59,-0.03,65.0,250.0
1768639860.736427,370520,0.0,140.59,-0.04,65.0,250.0
1768639860.7925184,370540,0.0,140.59,-0.05,65.0,250.0
1768639860.8042748,370560,0.0,140.59,-0.01,65.0,250.0
1768639860.805632,370580,0.0,140.58,-0.01,65.0,250.0
1768639860.812227,370600,0.0,140.58,-0.01,65.0,250.0
1768639860.8477216,370620,0.0,140.59,0.03,65.0,250.0
1768639860.8628821,370640,0.0,140.59,-0.01,65.0,250.0
1768639860.8847165,370660,0.0,140.59,-0.01,65.0,250.0
1768639860.8951757,370680,0.0,140.59,-0.04,65.0,250.0
1768639860.9251366,370700,0.0,140.59,-0.01,65.0,250.0
1768639860.9409134,370720,0.0,140.59,0.08,65.0,250.0
1768639860.9605846,370740,0.0,140.59,-0.01,65.0,250.0
1768639860.9754717,370760,0.0,140.59,-0.08,65.0,250.0
1768639861.020582,370780,0.0,140.59,-0.01,65.0,250.0
1768639861.0216663,370800,0.0,140.59,-0.01,65.0,250.0
1768639861.045529,370820,0.0,140.59,-0.08,65.0,250.0
1768639861.0517395,370840,0.0,140.59,0.06,65.0,250.0
1768639861.0871215,370860,0.0,140.59,0.06,65.0,250.0
1768639861.1082327,370880,0.0,140.59,0.03,65.0,250.0
1768639861.1185923,370900,0.0,140.59,0.06,65.0,250.0
1768639861.133373,370920,0.0,140.59,-0.04,65.0,250.0
1768639861.1687732,370940,0.0,140.59,-0.03,65.0,250.0
1768639861.184032,370960,0.0,140.59,-0.04,65.0,250.0
1768639861.1990514,370980,0.0,140.59,-0.08,65.0,250.0
1768639861.236574,371000,0.0,140.59,-0.08,65.0,250.0
1768639861.2459822,371020,0.0,140.59,-0.01,65.0,250.0
1768639861.2611775,371040,0.0,140.59,-0.04,65.0,250.0
1768639861.2767267,371060,0.0,140.59,-0.15,65.0,250.0
1768639861.2965288,371080,0.0,140.59,-0.08,65.0,250.0
1768639861.3328397,371100,0.0,140.59,-0.05,65.0,250.0
1768639861.3430758,371120,0.0,140.59,0.06,65.0,250.0
1768639861.3584664,371140,0.0,140.59,0.13,65.0,250.0
1768639861.373348,371160,0.0,140.59,0.06,65.0,250.0
1768639861.4087982,371180,0.0,140.59,0.06,65.0,250.0
1768639861.4237819,371200,0.0,140.59,-0.01,65.0,250.0
1768639861.4517648,371220,0.0,140.59,-0.01,65.0,250.0
1768639861.4541097,371240,0.0,140.59,0.03,65.0,250.0
1768639861.4849548,371260,0.0,140.59,-0.08,65.0,250.0
1768639861.5052419,371280,0.0,140.59,-0.01,65.0,250.0
1768639861.520679,371300,0.0,140.59,0.06,65.0,250.0
1768639861.5352633,371320,0.0,140.59,0.01,65.0,250.0
1768639861.5670302,371340,0.0,140.59,0.06,65.0,250.0
1768639861.5821254,371360,0.0,140.59,0.06,65.0,250.0
1768639861.5976732,371380,0.0,140.59,-0.01,65.0,250.0
1768639861.6125045,371400,0.0,140.59,-0.08,65.0,250.0
1768639861.6478884,371420,0.0,140.59,-0.08,65.0,250.0
1768639861.6691287,371440,0.0,140.59,-0.08,65.0,250.0
1768639861.6799743,371460,0.0,140.59,-0.0,65.0,250.0
1768639861.6947346,371480,0.0,140.59,0.13,65.0,250.0
1768639861.7290852,371500,0.0,140.59,0.06,65.0,250.0
1768639861.7468438,371520,0.0,140.59,-0.05,65.0,250.0
1768639861.7601812,371540,0.0,140.59,-0.01,65.0,250.0
1768639861.781143,371560,0.0,140.59,0.03,65.0,250.0
1768639861.8062458,371580,0.0,140.59,-0.01,65.0,250.0
1768639861.8213222,371600,0.0,140.59,-0.15,65.0,250.0
1768639861.841723,371620,0.0,140.59,-0.01,65.0,250.0
1768639861.8566527,371640,0.0,140.59,-0.05,65.0,250.0
1768639861.8868759,371660,0.0,140.59,-0.08,65.0,250.0
1768639861.9020782,371680,0.0,140.59,-0.15,65.0,250.0
1768639861.917793,371700,0.0,140.59,-0.08,65.0,250.0
1768639861.9455538,371720,0.0,140.59,-0.08,65.0,250.0
1768639861.9714432,371740,0.0,140.59,-0.08,65.0,250.0
1768639861.9896746,371760,0.0,140.59,-0.01,65.0,250.0
1768639861.99993,371780,0.0,140.59,-0.04,65.0,250.0
1768639862.0150547,371800,0.0,140.59,-0.01,65.0,250.0
1768639862.0450692,371820,0.0,140.59,0.04,65.0,250.0
1768639862.0654433,371840,0.0,140.59,0.13,65.0,250.0
1768639862.0807397,371860,0.0,140.59,-0.08,65.0,250.0
1768639862.1011882,371880,0.0,140.59,0.06,65.0,250.0
1768639862.1262953,371900,0.0,140.59,-0.08,65.0,250.0
1768639862.1414485,371920,0.0,140.59,-0.04,65.0,250.0
1768639862.1620066,371940,0.0,140.59,-0.04,65.0,250.0
1768639862.177444,371960,0.0,140.59,0.13,65.0,250.0
1768639862.2223022,371980,0.0,140.59,0.04,65.0,250.0
1768639862.2252982,372000,0.0,140.59,-0.04,65.0,250.0
1768639862.239297,372020,0.0,140.59,-0.08,65.0,250.0
1768639862.25424,372040,0.0,140.59,-0.01,65.0,250.0
1768639862.28989,372060,0.0,140.59,-0.01,65.0,250.0
1768639862.3044438,372080,0.0,140.59,0.03,65.0,250.0
1768639862.3262308,372100,0.0,140.59,-0.01,65.0,250.0
1768639862.335897,372120,0.0,140.59,-0.01,65.0,250.0
1768639862.3662596,372140,0.0,140.59,0.06,65.0,250.0
1768639862.3818643,372160,0.0,140.59,0.06,65.0,250.0
1768639862.4324348,372180,0.0,140.59,0.13,65.0,250.0
1768639862.4336164,372200,0.0,140.59,-0.01,65.0,250.0
1768639862.4480708,372220,0.0,140.59,-0.01,65.0,250.0
1768639862.4634678,372240,0.0,140.59,-0.01,65.0,250.0
1768639862.4788,372260,0.0,140.59,0.06,65.0,250.0
1768639862.4936643,372280,0.0,140.59,0.06,65.0,250.0
1768639862.528848,372300,0.0,140.59,-0.01,65.0,250.0
1768639862.5503035,372320,0.0,140.59,-0.01,65.0,250.0
1768639862.5603852,372340,0.0,140.59,-0.15,65.0,250.0
1768639862.5755665,372360,0.0,140.59,-0.01,65.0,250.0
1768639862.6316185,372380,0.0,140.59,-0.08,65.0,250.0
1768639862.6335146,372400,0.0,140.59,0.02,65.0,250.0
1768639862.6412735,372420,0.0,140.59,0.01,65.0,250.0
1768639862.6623163,372440,0.0,140.59,0.03,65.0,250.0
1768639862.6876256,372460,0.0,140.59,0.06,65.0,250.0
1768639862.702806,372480,0.0,140.59,-0.01,65.0,250.0
1768639862.7181225,372500,0.0,140.6,0.1,65.0,250.0
1768639862.7381468,372520,0.0,140.6,-0.01,65.0,250.0
1768639862.7741272,372540,0.0,140.6,0.06,65.0,250.0
1768639862.7844853,372560,0.0,140.6,0.03,65.0,250.0
1768639862.7997339,372580,0.0,140.6,-0.01,65.0,250.0
1768639862.8396966,372600,0.0,140.6,-0.01,65.0,250.0
1768639862.8500152,372620,0.0,140.6,-0.08,65.0,250.0
1768639862.8653605,372640,0.0,140.6,-0.08,65.0,250.0
1768639862.8866422,372660,0.0,140.6,-0.04,65.0,250.0
1768639862.8968017,372680,0.0,140.6,-0.08,65.0,250.0
1768639862.9266148,372700,0.0,140.6,-0.08,65.0,250.0
1768639862.9418902,372720,0.0,140.6,0.06,65.0,250.0
1768639862.9623823,372740,0.0,140.6,-0.04,65.0,250.0
1768639862.9772375,372760,0.0,140.6,0.06,65.0,250.0
1768639863.0081553,372780,0.0,140.6,0.02,65.0,250.0
1768639863.0435646,372800,0.0,140.6,-0.08,65.0,250.0
1768639863.0447948,372820,0.0,140.6,-0.01,65.0,250.0
1768639863.0596998,372840,0.0,140.6,-0.01,65.0,250.0
1768639863.0887496,372860,0.0,140.6,-0.01,65.0,250.0
1768639863.1105301,372880,0.0,140.6,-0.08,65.0,250.0
1768639863.1207685,372900,0.0,140.6,-0.08,65.0,250.0
1768639863.1358316,372920,0.0,140.6,-0.11,65.0,250.0
1768639863.1661887,372940,0.0,140.6,0.06,65.0,250.0
1768639863.186312,372960,0.0,140.6,-0.01,65.0,250.0
1768639863.201688,372980,0.0,140.6,0.02,65.0,250.0
1768639863.2249787,373000,0.0,140.6,-0.01,65.0,250.0
1768639863.2607503,373020,0.0,140.6,-0.08,65.0,250.0
1768639863.2654324,373040,0.0,140.6,-0.08,65.0,250.0
1768639863.278653,373060,0.0,140.6,-0.01,65.0,250.0
1768639863.2986405,373080,0.0,140.6,-0.01,65.0,250.0
1768639863.3345673,373100,0.0,140.6,0.06,65.0,250.0
1768639863.3447986,373120,0.0,140.6,-0.01,65.0,250.0
1768639863.3603568,373140,0.0,140.6,-0.08,65.0,250.0
1768639863.3751483,373160,0.0,140.6,-0.01,65.0,250.0
1768639863.4104161,373180,0.0,140.6,0.06,65.0,250.0
1768639863.425615,373200,0.0,140.6,0.06,65.0,250.0
1768639863.4469106,373220,0.0,140.6,-0.08,65.0,250.0
1768639863.4701383,373240,0.0,140.6,-0.08,65.0,250.0
1768639863.487056,373260,0.0,140.6,0.09,65.0,250.0
1768639863.5025666,373280,0.0,140.6,-0.01,65.0,250.0
1768639863.522906,373300,0.0,140.6,0.06,65.0,250.0
1768639863.5376873,373320,0.0,140.6,-0.01,65.0,250.0
1768639863.5689025,373340,0.0,140.6,-0.01,65.0,250.0
1768639863.5841107,373360,0.0,140.6,-0.01,65.0,250.0
1768639863.5994887,373380,0.0,140.6,-0.01,65.0,250.0
1768639863.6146522,373400,0.0,140.6,-0.05,65.0,250.0
1768639863.6495943,373420,0.0,140.6,-0.08,65.0,250.0
1768639863.6717541,373440,0.0,140.6,-0.08,65.0,250.0
1768639863.6814437,373460,0.0,140.6,-0.03,65.0,250.0
1768639863.7299082,373480,0.0,140.6,-0.08,65.0,250.0
1768639863.731062,373500,0.0,140.6,-0.08,65.0,250.0
1768639863.746928,373520,0.0,140.6,-0.08,65.0,250.0
1768639863.7621071,373540,0.0,140.6,-0.01,65.0,250.0
1768639863.7827277,373560,0.0,140.6,-0.01,65.0,250.0
1768639863.8076694,373580,0.0,140.6,0.03,65.0,250.0
1768639863.8228729,373600,0.0,140.6,0.06,65.0,250.0
1768639863.8431973,373620,0.0,140.6,-0.08,65.0,250.0
1768639863.858495,373640,0.0,140.6,-0.08,65.0,250.0
1768639863.8898878,373660,0.0,140.6,-0.08,65.0,250.0
1768639863.933901,373680,0.0,140.6,0.01,65.0,250.0
1768639863.9352615,373700,0.0,140.6,-0.01,65.0,250.0
1768639863.9364345,373720,0.0,140.6,-0.01,65.0,250.0
1768639863.9708824,373740,0.0,140.6,-0.04,65.0,250.0
1768639863.9909117,373760,0.0,140.6,0.06,65.0,250.0
1768639864.000955,373780,0.0,140.6,0.06,65.0,250.0
1768639864.0162795,373800,0.0,140.6,-0.04,65.0,250.0
1768639864.0518,373820,0.0,140.6,-0.08,65.0,250.0
1768639864.066646,373840,0.0,140.6,-0.08,65.0,250.0
1768639864.081852,373860,0.0,140.6,0.13,65.0,250.0
1768639864.102905,373880,0.0,140.6,-0.04,65.0,250.0
1768639864.1345577,373900,0.0,140.6,-0.08,65.0,250.0
1768639864.1484597,373920,0.0,140.6,-0.01,65.0,250.0
1768639864.1633992,373940,0.0,140.6,0.06,65.0,250.0
1768639864.178309,373960,0.0,140.6,0.06,65.0,250.0
1768639864.214845,373980,0.0,140.6,-0.01,65.0,250.0
1768639864.2250304,374000,0.0,140.6,-0.08,65.0,250.0
1768639864.2410152,374020,0.0,140.6,0.13,65.0,250.0
1768639864.255229,374040,0.0,140.6,-0.01,65.0,250.0
1768639864.2905622,374060,0.0,140.6,-0.08,65.0,250.0
1768639864.3059263,374080,0.0,140.6,-0.01,65.0,250.0
1768639864.3277376,374100,0.0,140.6,0.02,65.0,250.0
1768639864.3377764,374120,0.0,140.6,-0.06,65.0,250.0
1768639864.3678315,374140,0.0,140.6,-0.15,65.0,250.0
1768639864.3833075,374160,0.0,140.6,-0.01,65.0,250.0
1768639864.4182277,374180,0.0,140.6,-0.08,65.0,250.0
1768639864.440828,374200,0.0,140.6,0.02,65.0,250.0
1768639864.449783,374220,0.0,140.6,-0.01,65.0,250.0
1768639864.4647977,374240,0.0,140.6,-0.01,65.0,250.0
1768639864.4801607,374260,0.0,140.6,-0.08,65.0,250.0
1768639864.4953334,374280,0.0,140.6,0.06,65.0,250.0
1768639864.5305076,374300,0.0,140.6,0.06,65.0,250.0
1768639864.5513783,374320,0.0,140.6,-0.08,65.0,250.0
1768639864.561291,374340,0.0,140.6,-0.01,65.0,250.0
1768639864.5764065,374360,0.0,140.6,-0.01,65.0,250.0
1768639864.6118057,374380,0.0,140.6,0.06,65.0,250.0
1768639864.6293597,374400,0.0,140.59,-0.11,65.0,250.0
1768639864.6428387,374420,0.0,140.59,-0.01,65.0,250.0
1768639864.6633837,374440,0.0,140.59,0.06,65.0,250.0
1768639864.6890233,374460,0.0,140.59,-0.01,65.0,250.0
1768639864.7041523,374480,0.0,140.59,-0.01,65.0,250.0
1768639864.7195199,374500,0.0,140.59,-0.01,65.0,250.0
1768639864.7397149,374520,0.0,140.59,0.06,65.0,250.0
1768639864.775575,374540,0.0,140.59,0.06,65.0,250.0
1768639864.7858386,374560,0.0,140.59,0.06,65.0,250.0
1768639864.801218,374580,0.0,140.6,-0.01,65.0,250.0
1768639864.8163145,374600,0.0,140.6,-0.04,65.0,250.0
1768639864.8549244,374620,0.0,140.59,0.06,65.0,250.0
1768639864.8663142,374640,0.0,140.59,-0.08,65.0,250.0
1768639864.8878074,374660,0.0,140.59,-0.01,65.0,250.0
1768639864.8975039,374680,0.0,140.59,0.1,65.0,250.0
1768639864.9281764,374700,0.0,140.59,-0.08,65.0,250.0
1768639864.943548,374720,0.0,140.59,-0.08,65.0,250.0
1768639864.9637468,374740,0.0,140.59,0.06,65.0,250.0
1768639864.9785764,374760,0.0,140.59,-0.01,65.0,250.0
1768639865.0097542,374780,0.0,140.59,-0.01,65.0,250.0
1768639865.0546315,374800,0.0,140.6,-0.08,65.0,250.0
1768639865.0578427,374820,0.0,140.59,-0.01,65.0,250.0
1768639865.0590708,374840,0.0,140.59,-0.01,65.0,250.0
1768639865.0759304,374860,0.0,140.59,0.06,65.0,250.0
1768639865.1118155,374880,0.0,140.6,-0.05,65.0,250.0
1768639865.1220932,374900,0.0,140.59,0.06,65.0,250.0
1768639865.137068,374920,0.0,140.59,-0.01,65.0,250.0
1768639865.1524935,374940,0.0,140.6,-0.13,65.0,250.0
1768639865.1878095,374960,0.0,140.59,-0.08,65.0,250.0
1768639865.2030373,374980,0.0,140.59,-0.08,65.0,250.0
1768639865.2241051,375000,0.0,140.59,-0.04,65.0,250.0
1768639865.2594585,375020,0.0,140.59,0.13,65.0,250.0
1768639865.264173,375040,0.0,140.6,0.13,65.0,250.0
1768639865.2794006,375060,0.0,140.6,-0.01,65.0,250.0
1768639865.2997074,375080,0.0,140.59,-0.01,65.0,250.0
1768639865.3147898,375100,0.0,140.59,-0.01,65.0,250.0
1768639865.3455575,375120,0.0,140.59,-0.08,65.0,250.0
1768639865.3610847,375140,0.0,140.59,0.02,65.0,250.0
1768639865.3760395,375160,0.0,140.59,-0.03,65.0,250.0
1768639865.3963082,375180,0.0,140.59,-0.01,65.0,250.0
1768639865.4265969,375200,0.0,140.59,-0.08,65.0,250.0
1768639865.4635162,375220,0.0,140.59,-0.01,65.0,250.0
1768639865.4647076,375240,0.0,140.59,-0.01,65.0,250.0
1768639865.4732697,375260,0.0,140.59,-0.05,65.0,250.0
1768639865.5080209,375280,0.0,140.59,-0.08,65.0,250.0
1768639865.5233874,375300,0.0,140.59,0.1,65.0,250.0
1768639865.5385199,375320,0.0,140.59,-0.08,65.0,250.0
1768639865.560377,375340,0.0,140.59,-0.01,65.0,250.0
1768639865.5854034,375360,0.0,140.59,-0.01,65.0,250.0
1768639865.6006777,375380,0.0,140.59,0.06,65.0,250.0
1768639865.61602,375400,0.0,140.59,-0.01,65.0,250.0
1768639865.638491,375420,0.0,140.59,-0.01,65.0,250.0
1768639865.6720757,375440,0.0,140.59,-0.01,65.0,250.0
1768639865.6820621,375460,0.0,140.59,-0.01,65.0,250.0
1768639865.6978302,375480,0.0,140.59,0.03,65.0,250.0
1768639865.7123506,375500,0.0,140.59,0.09,65.0,250.0
1768639865.7478566,375520,0.0,140.59,-0.04,65.0,250.0
1768639865.763066,375540,0.0,140.59,0.01,65.0,250.0
1768639865.7839024,375560,0.0,140.59,-0.01,65.0,250.0
1768639865.7939205,375580,0.0,140.59,-0.08,65.0,250.0
1768639865.8239849,375600,0.0,140.59,-0.01,65.0,250.0
1768639865.8444083,375620,0.0,140.59,-0.01,65.0,250.0
1768639865.859836,375640,0.0,140.59,-0.08,65.0,250.0
1768639865.9013095,375660,0.0,140.59,-0.08,65.0,250.0
1768639865.9063556,375680,0.0,140.59,-0.01,65.0,250.0
1768639865.9214275,375700,0.0,140.59,-0.04,65.0,250.0
1768639865.9367356,375720,0.0,140.59,-0.15,65.0,250.0
1768639865.9518194,375740,0.0,140.59,0.06,65.0,250.0
1768639865.9871626,375760,0.0,140.59,-0.03,65.0,250.0
1768639866.0083375,375780,0.0,140.59,-0.08,65.0,250.0
1768639866.0185428,375800,0.0,140.58,-0.04,65.0,250.0
1768639866.0335875,375820,0.0,140.58,0.08,65.0,250.0
1768639866.0686166,375840,0.0,140.58,0.06,65.0,250.0
1768639866.0839977,375860,0.0,140.58,-0.01,65.0,250.0
1768639866.0993493,375880,0.0,140.58,-0.01,65.0,250.0
1768639866.1205308,375900,0.0,140.58,0.06,65.0,250.0
1768639866.146257,375920,0.0,140.58,0.06,65.0,250.0
1768639866.183233,375940,0.0,140.58,-0.01,65.0,250.0
1768639866.1843555,375960,0.0,140.58,0.02,65.0,250.0
1768639866.1960583,375980,0.0,140.58,-0.01,65.0,250.0
1768639866.2319505,376000,0.0,140.58,-0.01,65.0,250.0
1768639866.2421005,376020,0.0,140.58,-0.04,65.0,250.0
1768639866.2573369,376040,0.0,140.58,-0.08,65.0,250.0
1768639866.2727275,376060,0.0,140.58,-0.01,65.0,250.0
1768639866.3081033,376080,0.0,140.58,-0.01,65.0,250.0
1768639866.3235638,376100,0.0,140.58,0.03,65.0,250.0
1768639866.3449402,376120,0.0,140.58,-0.01,65.0,250.0
1768639866.3851302,376140,0.0,140.58,-0.01,65.0,250.0
1768639866.3860269,376160,0.0,140.58,-0.08,65.0,250.0
1768639866.4002433,376180,0.0,140.58,-0.01,65.0,250.0
1768639866.4207058,376200,0.0,140.58,0.06,65.0,250.0
1768639866.4360352,376220,0.0,140.58,-0.08,65.0,250.0
1768639866.4666753,376240,0.0,140.58,-0.01,65.0,250.0
1768639866.4823158,376260,0.0,140.58,-0.01,65.0,250.0
1768639866.4972827,376280,0.0,140.58,-0.08,65.0,250.0
1768639866.517426,376300,0.0,140.58,-0.08,65.0,250.0
1768639866.5472298,376320,0.0,140.58,-0.05,65.0,250.0
1768639866.5688598,376340,0.0,140.58,-0.01,65.0,250.0
1768639866.5796237,376360,0.0,140.58,-0.04,65.0,250.0
1768639866.5943918,376380,0.0,140.58,0.02,65.0,250.0
1768639866.6243293,376400,0.0,140.58,-0.12,65.0,250.0
1768639866.6448667,376420,0.0,140.58,0.13,65.0,250.0
1768639866.6602569,376440,0.0,140.59,0.13,65.0,250.0
1768639866.680932,376460,0.0,140.59,-0.08,65.0,250.0
1768639866.706604,376480,0.0,140.58,-0.08,65.0,250.0
1768639866.721225,376500,0.0,140.58,-0.01,65.0,250.0
1768639866.743682,376520,0.0,140.58,-0.01,65.0,250.0
1768639866.7576072,376540,0.0,140.58,0.06,65.0,250.0
1768639866.7928202,376560,0.0,140.58,-0.01,65.0,250.0
1768639866.8030748,376580,0.0,140.59,-0.01,65.0,250.0
1768639866.8183603,376600,0.0,140.59,0.06,65.0,250.0
1768639866.8334813,376620,0.0,140.59,0.06,65.0,250.0
1768639866.8688521,376640,0.0,140.59,-0.01,65.0,250.0
1768639866.8838813,376660,0.0,140.59,-0.01,65.0,250.0
1768639866.9052618,376680,0.0,140.58,0.06,65.0,250.0
1768639866.9151616,376700,0.0,140.58,0.06,65.0,250.0
1768639866.9451716,376720,0.0,140.58,0.13,65.0,250.0
1768639866.9606836,376740,0.0,140.59,-0.01,65.0,250.0
1768639866.9845557,376760,0.0,140.58,-0.01,65.0,250.0
1768639866.997044,376780,0.0,140.58,0.06,65.0,250.0
1768639867.0270889,376800,0.0,140.58,0.06,65.0,250.0
1768639867.0430691,376820,0.0,140.58,-0.08,65.0,250.0
1768639867.0576887,376840,0.0,140.58,-0.08,65.0,250.0
1768639867.0726328,376860,0.0,140.58,-0.03,65.0,250.0
1768639867.1078582,376880,0.0,140.58,0.03,65.0,250.0
1768639867.128742,376900,0.0,140.58,-0.08,65.0,250.0
1768639867.138781,376920,0.0,140.58,0.06,65.0,250.0
1768639867.1537752,376940,0.0,140.58,-0.01,65.0,250.0
1768639867.1940467,376960,0.0,140.58,-0.01,65.0,250.0
1768639867.2210891,376980,0.0,140.58,0.06,65.0,250.0
1768639867.2224326,377000,0.0,140.58,-0.05,65.0,250.0
1768639867.2412128,377020,0.0,140.58,0.06,65.0,250.0
1768639867.2665474,377040,0.0,140.58,0.06,65.0,250.0
1768639867.281775,377060,0.0,140.58,-0.01,65.0,250.0
1768639867.2968566,377080,0.0,140.58,0.01,65.0,250.0
1768639867.3168707,377100,0.0,140.58,0.02,65.0,250.0
1768639867.3476887,377120,0.0,140.58,-0.08,65.0,250.0
1768639867.3630147,377140,0.0,140.58,-0.08,65.0,250.0
1768639867.37826,377160,0.0,140.58,0.06,65.0,250.0
1768639867.3933458,377180,0.0,140.58,-0.01,65.0,250.0
1768639867.4441895,377200,0.0,140.58,-0.01,65.0,250.0
1768639867.4496996,377220,0.0,140.58,-0.01,65.0,250.0
1768639867.4599178,377240,0.0,140.58,-0.01,65.0,250.0
1768639867.4749415,377260,0.0,140.58,-0.01,65.0,250.0
1768639867.5052054,377280,0.0,140.58,-0.01,65.0,250.0
1768639867.5253556,377300,0.0,140.58,-0.08,65.0,250.0
1768639867.540424,377320,0.0,140.58,-0.08,65.0,250.0
1768639867.5620239,377340,0.0,140.58,-0.01,65.0,250.0
1768639867.587491,377360,0.0,140.58,0.06,65.0,250.0
1768639867.6027477,377380,0.0,140.58,-0.05,65.0,250.0
1768639867.6416569,377400,0.0,140.58,-0.01,65.0,250.0
1768639867.643161,377420,0.0,140.58,-0.01,65.0,250.0
1768639867.6738086,377440,0.0,140.58,-0.08,65.0,250.0
1768639867.6840408,377460,0.0,140.58,-0.06,65.0,250.0
1768639867.6992166,377480,0.0,140.58,-0.01,65.0,250.0
1768639867.7144265,377500,0.0,140.58,-0.08,65.0,250.0
1768639867.7495127,377520,0.0,140.58,-0.05,65.0,250.0
1768639867.764582,377540,0.0,140.58,-0.01,65.0,250.0
1768639867.7860148,377560,0.0,140.58,0.13,65.0,250.0
1768639867.7958667,377580,0.0,140.58,-0.01,65.0,250.0
1768639867.8319516,377600,0.0,140.58,-0.01,65.0,250.0
1768639867.8415887,377620,0.0,140.58,-0.01,65.0,250.0
1768639867.8622625,377640,0.0,140.58,-0.08,65.0,250.0
1768639867.87703,377660,0.0,140.58,0.06,65.0,250.0
1768639867.9074535,377680,0.0,140.58,-0.15,65.0,250.0
1768639867.9229395,377700,0.0,140.58,0.06,65.0,250.0
1768639867.9381502,377720,0.0,140.58,0.03,65.0,250.0
1768639867.9581127,377740,0.0,140.58,0.13,65.0,250.0
1768639867.9883013,377760,0.0,140.59,0.06,65.0,250.0
1768639868.010242,377780,0.0,140.58,-0.08,65.0,250.0
1768639868.0207145,377800,0.0,140.58,-0.01,65.0,250.0
1768639868.0483792,377820,0.0,140.58,-0.01,65.0,250.0
1768639868.0658536,377840,0.0,140.58,-0.01,65.0,250.0
1768639868.0862527,377860,0.0,140.58,0.06,65.0,250.0
1768639868.1015124,377880,0.0,140.58,-0.08,65.0,250.0
1768639868.1224556,377900,0.0,140.58,-0.08,65.0,250.0
1768639868.1475916,377920,0.0,140.58,-0.01,65.0,250.0
1768639868.1629581,377940,0.0,140.58,-0.15,65.0,250.0
1768639868.1780305,377960,0.0,140.58,-0.11,65.0,250.0
1768639868.1981795,377980,0.0,140.58,-0.08,65.0,250.0
1768639868.234148,378000,0.0,140.58,-0.04,65.0,250.0
1768639868.2444196,378020,0.0,140.58,-0.01,65.0,250.0
1768639868.263434,378040,0.0,140.58,0.06,65.0,250.0
1768639868.2769635,378060,0.0,140.58,-0.08,65.0,250.0
1768639868.3098817,378080,0.0,140.58,-0.08,65.0,250.0
1768639868.3255353,378100,0.0,140.58,-0.01,65.0,250.0
1768639868.3464978,378120,0.0,140.58,0.04,65.0,250.0
1768639868.356478,378140,0.0,140.58,-0.11,65.0,250.0
1768639868.3866117,378160,0.0,140.58,-0.01,65.0,250.0
1768639868.4018385,378180,0.0,140.58,-0.01,65.0,250.0
1768639868.422541,378200,0.0,140.58,0.06,65.0,250.0
1768639868.4653592,378220,0.0,140.58,-0.08,65.0,250.0
1768639868.4680192,378240,0.0,140.58,-0.04,65.0,250.0
1768639868.483538,378260,0.0,140.57,0.06,65.0,250.0
1768639868.4983993,378280,0.0,140.57,0.01,65.0,250.0
1768639868.5185604,378300,0.0,140.57,-0.01,65.0,250.0
1768639868.5489619,378320,0.0,140.57,-0.08,65.0,250.0
1768639868.5702453,378340,0.0,140.57,-0.01,65.0,250.0
1768639868.58046,378360,0.0,140.57,0.02,65.0,250.0
1768639868.5953758,378380,0.0,140.58,0.02,65.0,250.0
1768639868.6307435,378400,0.0,140.58,-0.01,65.0,250.0
1768639868.645885,378420,0.0,140.58,-0.01,65.0,250.0
1768639868.6613019,378440,0.0,140.58,-0.01,65.0,250.0
1768639868.6830692,378460,0.0,140.57,-0.01,65.0,250.0
1768639868.7078428,378480,0.0,140.57,-0.04,65.0,250.0
1768639868.7230597,378500,0.0,140.57,0.04,65.0,250.0
1768639868.7384086,378520,0.0,140.57,-0.08,65.0,250.0
1768639868.7591765,378540,0.0,140.57,-0.01,65.0,250.0
1768639868.7947564,378560,0.0,140.57,-0.01,65.0,250.0
1768639868.804791,378580,0.0,140.57,-0.01,65.0,250.0
1768639868.8200958,378600,0.0,140.57,-0.04,65.0,250.0
1768639868.8349335,378620,0.0,140.57,-0.04,65.0,250.0
1768639868.870813,378640,0.0,140.57,-0.01,65.0,250.0
1768639868.885504,378660,0.0,140.57,-0.05,65.0,250.0
1768639868.9069226,378680,0.0,140.57,-0.01,65.0,250.0
1768639868.9167757,378700,0.0,140.57,0.06,65.0,250.0
1768639868.9549723,378720,0.0,140.57,-0.03,65.0,250.0
1768639868.9718308,378740,0.0,140.57,-0.11,65.0,250.0
1768639868.9834783,378760,0.0,140.57,-0.01,65.0,250.0
1768639868.9979875,378780,0.0,140.57,-0.05,65.0,250.0
1768639869.0290048,378800,0.0,140.57,0.06,65.0,250.0
1768639869.0441902,378820,0.0,140.57,0.06,65.0,250.0
1768639869.05976,378840,0.0,140.57,0.1,65.0,250.0
1768639869.074122,378860,0.0,140.58,0.06,65.0,250.0
1768639869.111098,378880,0.0,140.57,0.06,65.0,250.0
1768639869.1308863,378900,0.0,140.57,-0.05,65.0,250.0
1768639869.1409082,378920,0.0,140.57,0.06,65.0,250.0
1768639869.1559527,378940,0.0,140.57,-0.01,65.0,250.0
1768639869.1860766,378960,0.0,140.57,-0.01,65.0,250.0
1768639869.2064414,378980,0.0,140.58,0.06,65.0,250.0
1768639869.2216864,379000,0.0,140.58,-0.01,65.0,250.0
1768639869.2563205,379020,0.0,140.57,-0.01,65.0,250.0
1768639869.2680047,379040,0.0,140.57,-0.08,65.0,250.0
1768639869.2833664,379060,0.0,140.57,-0.01,65.0,250.0
1768639869.2986255,379080,0.0,140.57,-0.08,65.0,250.0
1768639869.3186665,379100,0.0,140.57,-0.01,65.0,250.0
1768639869.3549721,379120,0.0,140.57,0.06,65.0,250.0
1768639869.3648899,379140,0.0,140.58,0.03,65.0,250.0
1768639869.380199,379160,0.0,140.57,-0.03,65.0,250.0
1768639869.3952897,379180,0.0,140.57,-0.01,65.0,250.0
1768639869.4454794,379200,0.0,140.57,0.03,65.0,250.0
1768639869.4461277,379220,0.0,140.57,-0.01,65.0,250.0
1768639869.4667299,379240,0.0,140.57,-0.01,65.0,250.0
1768639869.4764476,379260,0.0,140.57,-0.01,65.0,250.0
1768639869.5068846,379280,0.0,140.57,-0.08,65.0,250.0
1768639869.527314,379300,0.0,140.57,-0.01,65.0,250.0
1768639869.542261,379320,0.0,140.57,0.02,65.0,250.0
1768639869.5633187,379340,0.0,140.57,-0.12,65.0,250.0
1768639869.5949435,379360,0.0,140.57,-0.08,65.0,250.0
1768639869.6237297,379380,0.0,140.57,0.06,65.0,250.0
1768639869.6251094,379400,0.0,140.57,-0.08,65.0,250.0
1768639869.6389484,379420,0.0,140.57,-0.08,65.0,250.0
1768639869.6751277,379440,0.0,140.57,-0.08,65.0,250.0
1768639869.6852832,379460,0.0,140.57,-0.08,65.0,250.0
1768639869.7005477,379480,0.0,140.57,-0.01,65.0,250.0
1768639869.7157996,379500,0.0,140.57,-0.08,65.0,250.0
1768639869.750766,379520,0.0,140.57,0.06,65.0,250.0
1768639869.76597,379540,0.0,140.57,-0.08,65.0,250.0
1768639869.7877793,379560,0.0,140.57,-0.01,65.0,250.0
1768639869.797817,379580,0.0,140.57,-0.08,65.0,250.0
1768639869.8538418,379600,0.0,140.57,-0.1,65.0,250.0
1768639869.8560555,379620,0.0,140.57,-0.08,65.0,250.0
1768639869.8634675,379640,0.0,140.57,-0.01,65.0,250.0
1768639869.878918,379660,0.0,140.57,-0.01,65.0,250.0
1768639869.9090598,379680,0.0,140.57,0.06,65.0,250.0
1768639869.9241645,379700,0.0,140.57,-0.08,65.0,250.0
1768639869.9396863,379720,0.0,140.57,-0.01,65.0,250.0
1768639869.9596086,379740,0.0,140.56,-0.08,65.0,250.0
1768639869.9897237,379760,0.0,140.56,-0.01,65.0,250.0
1768639870.011265,379780,0.0,140.56,-0.01,65.0,250.0
1768639870.0216057,379800,0.0,140.56,-0.01,65.0,250.0
1768639870.042582,379820,0.0,140.56,-0.01,65.0,250.0
1768639870.0715666,379840,0.0,140.56,-0.01,65.0,250.0
1768639870.0868592,379860,0.0,140.56,-0.01,65.0,250.0
1768639870.102102,379880,0.0,140.56,-0.04,65.0,250.0
1768639870.1236553,379900,0.0,140.56,0.09,65.0,250.0
1768639870.1486397,379920,0.0,140.56,-0.01,65.0,250.0
1768639870.1639252,379940,0.0,140.56,-0.01,65.0,250.0
1768639870.1793938,379960,0.0,140.56,0.06,65.0,250.0
1768639870.1996834,379980,0.0,140.56,-0.1,65.0,250.0
1768639870.2152627,380000,0.0,140.56,0.06,65.0,250.0
1768639870.2452986,380020,0.0,140.56,-0.08,65.0,250.0
1768639870.2605422,380040,0.0,140.56,0.06,65.0,250.0
1768639870.2758486,380060,0.0,140.56,-0.01,65.0,250.0
1768639870.310998,380080,0.0,140.56,-0.01,65.0,250.0
1768639870.3269548,380100,0.0,140.56,-0.15,65.0,250.0
1768639870.3482742,380120,0.0,140.56,-0.01,65.0,250.0
1768639870.3582222,380140,0.0,140.56,0.06,65.0,250.0
1768639870.3737853,380160,0.0,140.56,-0.08,65.0,250.0
1768639870.4032767,380180,0.0,140.56,0.03,65.0,250.0
1768639870.423727,380200,0.0,140.56,0.06,65.0,250.0
1768639870.4389997,380220,0.0,140.56,-0.05,65.0,250.0
1768639870.459334,380240,0.0,140.56,-0.01,65.0,250.0
1768639870.4848151,380260,0.0,140.56,-0.01,65.0,250.0
1768639870.4999452,380280,0.0,140.56,-0.01,65.0,250.0
1768639870.5403547,380300,0.0,140.56,0.02,65.0,250.0
1768639870.5416183,380320,0.0,140.56,-0.05,65.0,250.0
1768639870.5720787,380340,0.0,140.56,-0.01,65.0,250.0
1768639870.5823128,380360,0.0,140.56,-0.01,65.0,250.0
1768639870.5976,380380,0.0,140.56,-0.04,65.0,250.0
1768639870.6126218,380400,0.0,140.56,-0.08,65.0,250.0
1768639870.6477394,380420,0.0,140.56,-0.01,65.0,250.0
1768639870.662959,380440,0.0,140.56,-0.01,65.0,250.0
1768639870.6843896,380460,0.0,140.56,-0.01,65.0,250.0
1768639870.6942773,380480,0.0,140.56,-0.15,65.0,250.0
1768639870.72431,380500,0.0,140.56,-0.05,65.0,250.0
1768639870.7534628,380520,0.0,140.55,-0.01,65.0,250.0
1768639870.7601564,380540,0.0,140.56,-0.04,65.0,250.0
1768639870.7752795,380560,0.0,140.56,0.06,65.0,250.0
1768639870.805931,380580,0.0,140.56,0.06,65.0,250.0
1768639870.8210635,380600,0.0,140.56,-0.01,65.0,250.0
1768639870.8364468,380620,0.0,140.56,-0.08,65.0,250.0
1768639870.8566217,380640,0.0,140.56,0.06,65.0,250.0
1768639870.886779,380660,0.0,140.56,-0.01,65.0,250.0
1768639870.9082232,380680,0.0,140.56,0.06,65.0,250.0
1768639870.9184365,380700,0.0,140.56,-0.01,65.0,250.0
1768639870.9336283,380720,0.0,140.56,0.06,65.0,250.0
1768639870.963895,380740,0.0,140.56,-0.01,65.0,250.0
1768639870.984311,380760,0.0,140.56,-0.11,65.0,250.0
1768639870.9996386,380780,0.0,140.56,-0.01,65.0,250.0
1768639871.0202143,380800,0.0,140.56,-0.01,65.0,250.0
1768639871.0452409,380820,0.0,140.56,-0.01,65.0,250.0
1768639871.0605347,380840,0.0,140.56,-0.01,65.0,250.0
1768639871.0809116,380860,0.0,140.56,-0.08,65.0,250.0
1768639871.0976028,380880,0.0,140.56,0.02,65.0,250.0
1768639871.1320028,380900,0.0,140.56,-0.15,65.0,250.0
1768639871.1423109,380920,0.0,140.56,-0.01,65.0,250.0
1768639871.1574767,380940,0.0,140.56,-0.01,65.0,250.0
1768639871.1726983,380960,0.0,140.56,-0.01,65.0,250.0
1768639871.2077415,380980,0.0,140.56,0.06,65.0,250.0
1768639871.2231784,381000,0.0,140.56,-0.01,65.0,250.0
1768639871.2450345,381020,0.0,140.56,-0.01,65.0,250.0
1768639871.254889,381040,0.0,140.56,-0.08,65.0,250.0
1768639871.2850988,381060,0.0,140.56,0.06,65.0,250.0
1768639871.3003256,381080,0.0,140.56,-0.08,65.0,250.0
1768639871.3206992,381100,0.0,140.56,-0.04,65.0,250.0
1768639871.3356209,381120,0.0,140.56,0.06,65.0,250.0
1768639871.3669713,381140,0.0,140.56,-0.05,65.0,250.0
1768639871.3823488,381160,0.0,140.56,-0.15,65.0,250.0
1768639871.4114263,381180,0.0,140.56,-0.01,65.0,250.0
1768639871.4330435,381200,0.0,140.56,-0.01,65.0,250.0
1768639871.4477718,381220,0.0,140.56,0.1,65.0,250.0
1768639871.4690974,381240,0.0,140.56,-0.15,65.0,250.0
1768639871.4793491,381260,0.0,140.56,-0.08,65.0,250.0
1768639871.4943426,381280,0.0,140.56,-0.01,65.0,250.0
1768639871.529423,381300,0.0,140.56,-0.08,65.0,250.0
1768639871.5446653,381320,0.0,140.56,-0.04,65.0,250.0
1768639871.5600102,381340,0.0,140.56,-0.01,65.0,250.0
1768639871.5812473,381360,0.0,140.56,0.13,65.0,250.0
1768639871.6081161,381380,0.0,140.56,-0.08,65.0,250.0
1768639871.6345985,381400,0.0,140.56,-0.15,65.0,250.0
1768639871.6369338,381420,0.0,140.55,0.06,65.0,250.0
1768639871.6569042,381440,0.0,140.55,-0.04,65.0,250.0
1768639871.6933157,381460,0.0,140.55,-0.01,65.0,250.0
1768639871.7035947,381480,0.0,140.55,-0.15,65.0,250.0
1768639871.7187696,381500,0.0,140.55,-0.01,65.0,250.0
1768639871.7340715,381520,0.0,140.55,0.06,65.0,250.0
1768639871.7689903,381540,0.0,140.56,-0.01,65.0,250.0
1768639871.7842536,381560,0.0,140.56,0.06,65.0,250.0
1768639871.8080437,381580,0.0,140.56,-0.15,65.0,250.0
1768639871.8362782,381600,0.0,140.55,-0.04,65.0,250.0
1768639871.8457346,381620,0.0,140.55,-0.08,65.0,250.0
1768639871.8609192,381640,0.0,140.55,0.03,65.0,250.0
1768639871.8815112,381660,0.0,140.55,-0.15,65.0,250.0
1768639871.8963687,381680,0.0,140.55,0.04,65.0,250.0
1768639871.9276674,381700,0.0,140.55,0.06,65.0,250.0
1768639871.9431813,381720,0.0,140.55,-0.01,65.0,250.0
1768639871.9582016,381740,0.0,140.55,0.02,65.0,250.0
1768639871.9733038,381760,0.0,140.56,0.1,65.0,250.0
1768639872.0329204,381780,0.0,140.56,0.03,65.0,250.0
1768639872.0356898,381800,0.0,140.56,-0.01,65.0,250.0
1768639872.0399969,381820,0.0,140.56,0.06,65.0,250.0
1768639872.0549164,381840,0.0,140.56,-0.04,65.0,250.0
1768639872.085251,381860,0.0,140.56,-0.01,65.0,250.0
1768639872.1055331,381880,0.0,140.56,0.03,65.0,250.0
1768639872.1207173,381900,0.0,140.56,0.01,65.0,250.0
1768639872.141458,381920,0.0,140.56,-0.08,65.0,250.0
1768639872.1673028,381940,0.0,140.56,0.02,65.0,250.0
1768639872.182782,381960,0.0,140.56,0.03,65.0,250.0
1768639872.1980193,381980,0.0,140.56,-0.08,65.0,250.0
1768639872.2368712,382000,0.0,140.56,-0.01,65.0,250.0
1768639872.2538114,382020,0.0,140.56,-0.08,65.0,250.0
1768639872.2639878,382040,0.0,140.56,-0.01,65.0,250.0
1768639872.2791703,382060,0.0,140.56,-0.08,65.0,250.0
1768639872.2940817,382080,0.0,140.56,-0.08,65.0,250.0
1768639872.3296087,382100,0.0,140.56,-0.08,65.0,250.0
1768639872.344661,382120,0.0,140.56,0.06,65.0,250.0
1768639872.3661168,382140,0.0,140.56,-0.08,65.0,250.0
1768639872.375974,382160,0.0,140.56,0.06,65.0,250.0
1768639872.4270163,382180,0.0,140.56,-0.01,65.0,250.0
1768639872.4293585,382200,0.0,140.56,-0.08,65.0,250.0
1768639872.441701,382220,0.0,140.56,-0.04,65.0,250.0
1768639872.4566576,382240,0.0,140.56,-0.01,65.0,250.0
1768639872.4880433,382260,0.0,140.56,-0.01,65.0,250.0
1768639872.503278,382280,0.0,140.56,-0.01,65.0,250.0
1768639872.5186045,382300,0.0,140.56,-0.08,65.0,250.0
1768639872.533721,382320,0.0,140.56,0.02,65.0,250.0
1768639872.5693963,382340,0.0,140.56,0.06,65.0,250.0
1768639872.6242027,382360,0.0,140.56,-0.01,65.0,250.0
1768639872.6255305,382380,0.0,140.56,0.06,65.0,250.0
1768639872.6267142,382400,0.0,140.56,-0.01,65.0,250.0
1768639872.6458035,382420,0.0,140.56,0.06,65.0,250.0
1768639872.6661816,382440,0.0,140.56,0.03,65.0,250.0
1768639872.681215,382460,0.0,140.56,-0.08,65.0,250.0
1768639872.7024732,382480,0.0,140.56,-0.04,65.0,250.0
1768639872.727462,382500,0.0,140.56,0.06,65.0,250.0
1768639872.7427297,382520,0.0,140.56,-0.08,65.0,250.0
1768639872.7579055,382540,0.0,140.56,-0.01,65.0,250.0
1768639872.778059,382560,0.0,140.56,-0.03,65.0,250.0
1768639872.8145938,382580,0.0,140.56,-0.04,65.0,250.0
1768639872.8549008,382600,0.0,140.56,0.03,65.0,250.0
1768639872.859325,382620,0.0,140.56,-0.08,65.0,250.0
1768639872.8602998,382640,0.0,140.56,-0.01,65.0,250.0
1768639872.8898897,382660,0.0,140.56,0.02,65.0,250.0
1768639872.905276,382680,0.0,140.57,0.06,65.0,250.0
1768639872.926698,382700,0.0,140.57,-0.01,65.0,250.0
1768639872.936754,382720,0.0,140.57,-0.01,65.0,250.0
1768639872.9667568,382740,0.0,140.56,-0.01,65.0,250.0
1768639872.9825163,382760,0.0,140.57,-0.01,65.0,250.0
1768639873.0029836,382780,0.0,140.57,-0.06,65.0,250.0
1768639873.018021,382800,0.0,140.56,-0.15,65.0,250.0
1768639873.0588899,382820,0.0,140.56,-0.01,65.0,250.0
1768639873.0638993,382840,0.0,140.56,-0.04,65.0,250.0
1768639873.0790849,382860,0.0,140.56,-0.01,65.0,250.0
1768639873.0943975,382880,0.0,140.56,-0.08,65.0,250.0
1768639873.1291964,382900,0.0,140.56,-0.04,65.0,250.0
1768639873.1505857,382920,0.0,140.56,-0.01,65.0,250.0
1768639873.1610165,382940,0.0,140.56,-0.01,65.0,250.0
1768639873.1762872,382960,0.0,140.56,-0.01,65.0,250.0
1768639873.2064347,382980,0.0,140.56,-0.01,65.0,250.0
1768639873.2483704,383000,0.0,140.56,0.06,65.0,250.0
1768639873.249572,383020,0.0,140.57,-0.01,65.0,250.0
1768639873.262819,383040,0.0,140.57,-0.01,65.0,250.0
1768639873.2879698,383060,0.0,140.57,-0.01,65.0,250.0
1768639873.3032253,383080,0.0,140.57,0.03,65.0,250.0
1768639873.3186085,383100,0.0,140.57,-0.08,65.0,250.0
1768639873.338624,383120,0.0,140.57,-0.01,65.0,250.0
1768639873.3756611,383140,0.0,140.57,-0.04,65.0,250.0
1768639873.3851304,383160,0.0,140.57,-0.01,65.0,250.0
1768639873.4003117,383180,0.0,140.57,0.06,65.0,250.0
1768639873.4329307,383200,0.0,140.57,0.1,65.0,250.0
1768639873.4503884,383220,0.0,140.57,0.03,65.0,250.0
1768639873.4659786,383240,0.0,140.57,-0.01,65.0,250.0
1768639873.4873056,383260,0.0,140.57,-0.01,65.0,250.0
1768639873.4971917,383280,0.0,140.57,-0.04,65.0,250.0
1768639873.5273173,383300,0.0,140.57,0.03,65.0,250.0
1768639873.5424483,383320,0.0,140.57,-0.01,65.0,250.0
1768639873.5631077,383340,0.0,140.57,-0.01,65.0,250.0
1768639873.5777256,383360,0.0,140.57,-0.01,65.0,250.0
1768639873.6092212,383380,0.0,140.57,-0.1,65.0,250.0
1768639873.6263013,383400,0.0,140.57,-0.01,65.0,250.0
1768639873.6402376,383420,0.0,140.57,-0.01,65.0,250.0
1768639873.6547465,383440,0.0,140.57,-0.08,65.0,250.0
1768639873.6959004,383460,0.0,140.57,-0.08,65.0,250.0
1768639873.7153583,383480,0.0,140.57,-0.01,65.0,250.0
1768639873.7212918,383500,0.0,140.57,0.06,65.0,250.0
1768639873.7364037,383520,0.0,140.57,-0.08,65.0,250.0
1768639873.766582,383540,0.0,140.57,-0.08,65.0,250.0
1768639873.7870197,383560,0.0,140.57,-0.01,65.0,250.0
1768639873.801997,383580,0.0,140.57,-0.01,65.0,250.0
1768639873.8231814,383600,0.0,140.57,-0.01,65.0,250.0
1768639873.8482199,383620,0.0,140.57,-0.01,65.0,250.0
1768639873.863332,383640,0.0,140.57,0.06,65.0,250.0
1768639873.8788638,383660,0.0,140.57,-0.01,65.0,250.0
1768639873.9189067,383680,0.0,140.57,-0.01,65.0,250.0
1768639873.9352474,383700,0.0,140.57,-0.01,65.0,250.0
1768639873.9453988,383720,0.0,140.57,0.1,65.0,250.0
1768639873.9606156,383740,0.0,140.57,-0.08,65.0,250.0
1768639873.9758208,383760,0.0,140.58,-0.01,65.0,250.0
1768639874.0111034,383780,0.0,140.58,-0.08,65.0,250.0
1768639874.0266452,383800,0.0,140.58,-0.04,65.0,250.0
1768639874.047431,383820,0.0,140.58,-0.01,65.0,250.0
1768639874.0572002,383840,0.0,140.57,-0.08,65.0,250.0
1768639874.0875838,383860,0.0,140.57,0.06,65.0,250.0
1768639874.122152,383880,0.0,140.57,-0.08,65.0,250.0
1768639874.1235366,383900,0.0,140.57,-0.08,65.0,250.0
1768639874.1381545,383920,0.0,140.58,-0.01,65.0,250.0
1768639874.169363,383940,0.0,140.58,0.06,65.0,250.0
1768639874.1845646,383960,0.0,140.58,-0.08,65.0,250.0
1768639874.1997564,383980,0.0,140.58,-0.06,65.0,250.0
1768639874.2170947,384000,0.0,140.58,0.06,65.0,250.0
1768639874.250305,384020,0.0,140.58,-0.04,65.0,250.0
1768639874.271554,384040,0.0,140.58,-0.01,65.0,250.0
1768639874.2816856,384060,0.0,140.58,-0.08,65.0,250.0
1768639874.309292,384080,0.0,140.58,0.03,65.0,250.0
1768639874.3286908,384100,0.0,140.58,0.1,65.0,250.0
1768639874.346925,384120,0.0,140.58,0.1,65.0,250.0
1768639874.3621645,384140,0.0,140.58,-0.08,65.0,250.0
1768639874.3833039,384160,0.0,140.58,0.03,65.0,250.0
1768639874.408577,384180,0.0,140.58,0.09,65.0,250.0
1768639874.4237578,384200,0.0,140.58,-0.01,65.0,250.0
1768639874.439178,384220,0.0,140.58,-0.15,65.0,250.0
1768639874.4592633,384240,0.0,140.58,-0.01,65.0,250.0
1768639874.4955397,384260,0.0,140.58,0.01,65.0,250.0
1768639874.5313582,384280,0.0,140.58,-0.05,65.0,250.0
1768639874.5327141,384300,0.0,140.59,0.03,65.0,250.0
1768639874.5358703,384320,0.0,140.59,-0.08,65.0,250.0
1768639874.5713158,384340,0.0,140.59,-0.08,65.0,250.0
1768639874.586914,384360,0.0,140.59,-0.04,65.0,250.0
1768639874.6075687,384380,0.0,140.59,-0.01,65.0,250.0
1768639874.6175954,384400,0.0,140.59,0.03,65.0,250.0
1768639874.6478975,384420,0.0,140.59,0.01,65.0,250.0
1768639874.6631987,384440,0.0,140.59,-0.08,65.0,250.0
1768639874.6836903,384460,0.0,140.59,0.06,65.0,250.0
1768639874.6990123,384480,0.0,140.59,-0.04,65.0,250.0
1768639874.735996,384500,0.0,140.59,0.06,65.0,250.0
1768639874.7445784,384520,0.0,140.59,-0.01,65.0,250.0
1768639874.75964,384540,0.0,140.59,0.06,65.0,250.0
1768639874.7800558,384560,0.0,140.59,-0.01,65.0,250.0
1768639874.7952135,384580,0.0,140.59,-0.08,65.0,250.0
1768639874.8319478,384600,0.0,140.59,-0.08,65.0,250.0
1768639874.8421476,384620,0.0,140.59,-0.01,65.0,250.0
1768639874.8570964,384640,0.0,140.59,-0.06,65.0,250.0
1768639874.8724074,384660,0.0,140.59,-0.01,65.0,250.0
1768639874.918754,384680,0.0,140.59,-0.01,65.0,250.0
1768639874.9249697,384700,0.0,140.59,-0.01,65.0,250.0
1768639874.943711,384720,0.0,140.59,0.03,65.0,250.0
1768639874.9535017,384740,0.0,140.59,0.03,65.0,250.0
1768639874.9837797,384760,0.0,140.59,-0.01,65.0,250.0
1768639875.004093,384780,0.0,140.59,0.06,65.0,250.0
1768639875.019554,384800,0.0,140.59,-0.08,65.0,250.0
1768639875.0343816,384820,0.0,140.59,0.02,65.0,250.0
1768639875.06565,384840,0.0,140.59,-0.15,65.0,250.0
1768639875.0807557,384860,0.0,140.59,-0.08,65.0,250.0
1768639875.0962236,384880,0.0,140.59,-0.01,65.0,250.0
1768639875.1162095,384900,0.0,140.59,-0.01,65.0,250.0
1768639875.1624901,384920,0.0,140.59,-0.08,65.0,250.0
1768639875.168408,384940,0.0,140.59,-0.08,65.0,250.0
1768639875.1786664,384960,0.0,140.59,-0.12,65.0,250.0
1768639875.193496,384980,0.0,140.59,-0.01,65.0,250.0
1768639875.2237957,385000,0.0,140.59,-0.01,65.0,250.0
1768639875.243919,385020,0.0,140.59,0.01,65.0,250.0
1768639875.2592895,385040,0.0,140.59,-0.08,65.0,250.0
1768639875.2803805,385060,0.0,140.59,-0.01,65.0,250.0
1768639875.3053799,385080,0.0,140.59,0.01,65.0,250.0
1768639875.3206768,385100,0.0,140.59,0.06,65.0,250.0
1768639875.3360486,385120,0.0,140.59,0.06,65.0,250.0
1768639875.3717768,385140,0.0,140.6,-0.01,65.0,250.0
1768639875.3923607,385160,0.0,140.59,-0.11,65.0,250.0
1768639875.4023428,385180,0.0,140.59,-0.01,65.0,250.0
1768639875.4177182,385200,0.0,140.59,-0.08,65.0,250.0
1768639875.432773,385220,0.0,140.59,-0.01,65.0,250.0
1768639875.4679918,385240,0.0,140.59,0.01,65.0,250.0
1768639875.4832437,385260,0.0,140.59,-0.08,65.0,250.0
1768639875.5046477,385280,0.0,140.59,-0.11,65.0,250.0
1768639875.5146291,385300,0.0,140.59,-0.08,65.0,250.0
1768639875.5606852,385320,0.0,140.59,0.03,65.0,250.0
1768639875.561837,385340,0.0,140.59,-0.01,65.0,250.0
1768639875.5802374,385360,0.0,140.59,-0.15,65.0,250.0
1768639875.5953577,385380,0.0,140.59,0.06,65.0,250.0
1768639875.62604,385400,0.0,140.59,-0.01,65.0,250.0
1768639875.641213,385420,0.0,140.59,-0.04,65.0,250.0
1768639875.656883,385440,0.0,140.59,-0.01,65.0,250.0
1768639875.676448,385460,0.0,140.59,0.04,65.0,250.0
1768639875.7068958,385480,0.0,140.59,0.03,65.0,250.0
1768639875.72852,385500,0.0,140.59,-0.04,65.0,250.0
1768639875.7640076,385520,0.0,140.59,0.06,65.0,250.0
1768639875.7647085,385540,0.0,140.59,0.06,65.0,250.0
1768639875.783853,385560,0.0,140.59,-0.08,65.0,250.0
1768639875.8041844,385580,0.0,140.59,-0.08,65.0,250.0
1768639875.8195083,385600,0.0,140.59,-0.08,65.0,250.0
1768639875.840742,385620,0.0,140.59,-0.05,65.0,250.0
1768639875.8657417,385640,0.0,140.59,-0.15,65.0,250.0
1768639875.880944,385660,0.0,140.59,-0.08,65.0,250.0
1768639875.896203,385680,0.0,140.59,-0.03,65.0,250.0
1768639875.9171479,385700,0.0,140.59,-0.01,65.0,250.0
1768639875.9569373,385720,0.0,140.59,-0.01,65.0,250.0
1768639875.9627967,385740,0.0,140.59,-0.08,65.0,250.0
1768639875.9780123,385760,0.0,140.59,0.03,65.0,250.0
1768639875.9927087,385780,0.0,140.59,0.06,65.0,250.0
1768639876.0282779,385800,0.0,140.59,-0.08,65.0,250.0
1768639876.0435743,385820,0.0,140.59,-0.08,65.0,250.0
1768639876.064843,385840,0.0,140.59,0.02,65.0,250.0
1768639876.074754,385860,0.0,140.59,-0.15,65.0,250.0
1768639876.1050582,385880,0.0,140.59,-0.08,65.0,250.0
1768639876.1203768,385900,0.0,140.59,-0.01,65.0,250.0
1768639876.1422203,385920,0.0,140.59,-0.08,65.0,250.0
1768639876.1645036,385940,0.0,140.59,0.06,65.0,250.0
1768639876.1867642,385960,0.0,140.59,-0.01,65.0,250.0
1768639876.202019,385980,0.0,140.59,0.06,65.0,250.0
1768639876.2172058,386000,0.0,140.59,0.06,65.0,250.0
1768639876.2322853,386020,0.0,140.59,0.06,65.0,250.0
1768639876.2676015,386040,0.0,140.59,0.06,65.0,250.0
1768639876.2892985,386060,0.0,140.59,-0.04,65.0,250.0
1768639876.299263,386080,0.0,140.59,-0.08,65.0,250.0
1768639876.3142006,386100,0.0,140.59,0.06,65.0,250.0
1768639876.3492656,386120,0.0,140.59,0.01,65.0,250.0
1768639876.3714232,386140,0.0,140.59,0.06,65.0,250.0
1768639876.379944,386160,0.0,140.59,-0.01,65.0,250.0
1768639876.4010692,386180,0.0,140.59,-0.01,65.0,250.0
1768639876.426257,386200,0.0,140.59,0.06,65.0,250.0
1768639876.4414806,386220,0.0,140.59,-0.01,65.0,250.0
1768639876.4569094,386240,0.0,140.59,-0.01,65.0,250.0
1768639876.4767725,386260,0.0,140.59,-0.01,65.0,250.0
1768639876.5132842,386280,0.0,140.59,-0.12,65.0,250.0
1768639876.5237012,386300,0.0,140.59,0.13,65.0,250.0
1768639876.5385513,386320,0.0,140.59,-0.01,65.0,250.0
1768639876.5535858,386340,0.0,140.59,0.01,65.0,250.0
1768639876.5891922,386360,0.0,140.59,-0.01,65.0,250.0
1768639876.6043127,386380,0.0,140.59,-0.08,65.0,250.0
1768639876.6248045,386400,0.0,140.59,-0.05,65.0,250.0
1768639876.635203,386420,0.0,140.59,-0.08,65.0,250.0
1768639876.6648202,386440,0.0,140.59,-0.01,65.0,250.0
1768639876.6853938,386460,0.0,140.59,-0.08,65.0,250.0
1768639876.7006679,386480,0.0,140.59,-0.08,65.0,250.0
1768639876.7157273,386500,0.0,140.59,-0.03,65.0,250.0
1768639876.7472463,386520,0.0,140.59,0.06,65.0,250.0
1768639876.762497,386540,0.0,140.59,-0.04,65.0,250.0
1768639876.7776604,386560,0.0,140.59,0.08,65.0,250.0
1768639876.7925167,386580,0.0,140.59,-0.08,65.0,250.0
1768639876.8339002,386600,0.0,140.58,-0.08,65.0,250.0
1768639876.8494263,386620,0.0,140.59,-0.01,65.0,250.0
1768639876.8594642,386640,0.0,140.59,-0.01,65.0,250.0
1768639876.874809,386660,0.0,140.59,-0.08,65.0,250.0
1768639876.9048605,386680,0.0,140.58,-0.08,65.0,250.0
1768639876.9251032,386700,0.0,140.58,-0.01,65.0,250.0
1768639876.9404824,386720,0.0,140.58,-0.08,65.0,250.0
1768639876.9613361,386740,0.0,140.58,0.03,65.0,250.0
1768639876.9864757,386760,0.0,140.58,-0.01,65.0,250.0
1768639877.0350149,386780,0.0,140.58,0.04,65.0,250.0
1768639877.0362186,386800,0.0,140.58,-0.08,65.0,250.0
1768639877.037317,386820,0.0,140.58,0.02,65.0,250.0
1768639877.0734563,386840,0.0,140.58,-0.01,65.0,250.0
1768639877.083872,386860,0.0,140.58,0.13,65.0,250.0
1768639877.0990343,386880,0.0,140.59,0.13,65.0,250.0
1768639877.113948,386900,0.0,140.59,-0.01,65.0,250.0
1768639877.149675,386920,0.0,140.59,-0.01,65.0,250.0
1768639877.164706,386940,0.0,140.59,-0.03,65.0,250.0
1768639877.1854174,386960,0.0,140.59,-0.04,65.0,250.0
1768639877.1964183,386980,0.0,140.59,-0.01,65.0,250.0
1768639877.2361064,387000,0.0,140.59,-0.01,65.0,250.0
1768639877.2457476,387020,0.0,140.59,0.02,65.0,250.0
1768639877.2610226,387040,0.0,140.59,-0.01,65.0,250.0
1768639877.2762878,387060,0.0,140.59,-0.01,65.0,250.0
1768639877.3073413,387080,0.0,140.59,-0.08,65.0,250.0
1768639877.3226602,387100,0.0,140.59,-0.01,65.0,250.0
1768639877.3379056,387120,0.0,140.59,0.06,65.0,250.0
1768639877.357838,387140,0.0,140.59,-0.08,65.0,250.0
1768639877.3884156,387160,0.0,140.59,0.04,65.0,250.0
1768639877.4389443,387180,0.0,140.59,-0.08,65.0,250.0
1768639877.440172,387200,0.0,140.59,0.03,65.0,250.0
1768639877.441447,387220,0.0,140.59,-0.04,65.0,250.0
1768639877.4654655,387240,0.0,140.59,-0.05,65.0,250.0
1768639877.4861484,387260,0.0,140.59,-0.01,65.0,250.0
1768639877.5012,387280,0.0,140.59,-0.08,65.0,250.0
1768639877.5225325,387300,0.0,140.59,-0.01,65.0,250.0
1768639877.5473552,387320,0.0,140.59,0.06,65.0,250.0
1768639877.562297,387340,0.0,140.59,-0.08,65.0,250.0
1768639877.5778685,387360,0.0,140.59,-0.01,65.0,250.0
1768639877.5981016,387380,0.0,140.59,0.06,65.0,250.0
1768639877.6442325,387400,0.0,140.59,-0.11,65.0,250.0
1768639877.6451197,387420,0.0,140.59,0.06,65.0,250.0
1768639877.6590536,387440,0.0,140.59,-0.01,65.0,250.0
1768639877.6738706,387460,0.0,140.59,-0.08,65.0,250.0
1768639877.7093604,387480,0.0,140.59,0.06,65.0,250.0
1768639877.7246175,387500,0.0,140.59,-0.01,65.0,250.0
1768639877.746676,387520,0.0,140.59,0.06,65.0,250.0
1768639877.7565892,387540,0.0,140.59,-0.01,65.0,250.0
1768639877.786624,387560,0.0,140.59,-0.01,65.0,250.0
1768639877.8019192,387580,0.0,140.59,-0.08,65.0,250.0
1768639877.8222706,387600,0.0,140.59,0.01,65.0,250.0
1768639877.837226,387620,0.0,140.59,0.02,65.0,250.0
1768639877.8777409,387640,0.0,140.59,-0.08,65.0,250.0
1768639877.88361,387660,0.0,140.59,0.06,65.0,250.0
1768639877.898904,387680,0.0,140.59,-0.11,65.0,250.0
1768639877.9139175,387700,0.0,140.59,-0.08,65.0,250.0
1768639877.9494925,387720,0.0,140.59,-0.08,65.0,250.0
1768639877.9705937,387740,0.0,140.59,-0.08,65.0,250.0
1768639877.980874,387760,0.0,140.59,-0.01,65.0,250.0
1768639877.9965959,387780,0.0,140.59,-0.01,65.0,250.0
1768639878.0260477,387800,0.0,140.59,-0.01,65.0,250.0
1768639878.0808117,387820,0.0,140.59,-0.01,65.0,250.0
1768639878.082011,387840,0.0,140.59,0.06,65.0,250.0
1768639878.0832245,387860,0.0,140.59,0.03,65.0,250.0
1768639878.1078868,387880,0.0,140.59,0.02,65.0,250.0
1768639878.123116,387900,0.0,140.59,-0.04,65.0,250.0
1768639878.1380513,387920,0.0,140.59,0.06,65.0,250.0
1768639878.1580865,387940,0.0,140.59,-0.01,65.0,250.0
1768639878.194593,387960,0.0,140.59,-0.08,65.0,250.0
1768639878.2047927,387980,0.0,140.59,-0.1,65.0,250.0
1768639878.2198288,388000,0.0,140.59,-0.01,65.0,250.0
1768639878.2350743,388020,0.0,140.59,-0.08,65.0,250.0
1768639878.2816176,388040,0.0,140.59,-0.01,65.0,250.0
1768639878.285598,388060,0.0,140.59,-0.01,65.0,250.0
1768639878.306953,388080,0.0,140.59,-0.01,65.0,250.0
1768639878.3168883,388100,0.0,140.59,-0.01,65.0,250.0
1768639878.3469906,388120,0.0,140.59,-0.08,65.0,250.0
1768639878.3623974,388140,0.0,140.59,0.06,65.0,250.0
1768639878.3819199,388160,0.0,140.59,-0.08,65.0,250.0
1768639878.3970022,388180,0.0,140.59,-0.08,65.0,250.0
1768639878.4295466,388200,0.0,140.59,-0.08,65.0,250.0
1768639878.4706485,388220,0.0,140.59,-0.08,65.0,250.0
1768639878.4718938,388240,0.0,140.59,-0.01,65.0,250.0
1768639878.4745815,388260,0.0,140.59,-0.01,65.0,250.0
1768639878.5098317,388280,0.0,140.59,-0.15,65.0,250.0
1768639878.5310473,388300,0.0,140.59,-0.01,65.0,250.0
1768639878.5415585,388320,0.0,140.59,-0.15,65.0,250.0
1768639878.5565338,388340,0.0,140.59,-0.01,65.0,250.0
1768639878.5873353,388360,0.0,140.59,0.03,65.0,250.0
1768639878.6069806,388380,0.0,140.59,-0.08,65.0,250.0
1768639878.624028,388400,0.0,140.58,-0.01,65.0,250.0
1768639878.6564028,388420,0.0,140.59,-0.01,65.0,250.0
1768639878.678112,388440,0.0,140.58,-0.08,65.0,250.0
1768639878.6835248,388460,0.0,140.58,-0.08,65.0,250.0
1768639878.7036037,388480,0.0,140.58,-0.05,65.0,250.0
1768639878.7185922,388500,0.0,140.58,-0.01,65.0,250.0
1768639878.7486603,388520,0.0,140.58,-0.08,65.0,250.0
1768639878.76405,388540,0.0,140.58,-0.08,65.0,250.0
1768639878.7794206,388560,0.0,140.58,-0.08,65.0,250.0
1768639878.7992291,388580,0.0,140.58,-0.01,65.0,250.0
1768639878.82959,388600,0.0,140.58,0.06,65.0,250.0
1768639878.8793628,388620,0.0,140.58,-0.01,65.0,250.0
1768639878.880533,388640,0.0,140.58,-0.08,65.0,250.0
1768639878.8817775,388660,0.0,140.58,-0.11,65.0,250.0
1768639878.9069293,388680,0.0,140.58,-0.01,65.0,250.0
1768639878.9274812,388700,0.0,140.58,0.06,65.0,250.0
1768639878.942602,388720,0.0,140.58,0.03,65.0,250.0
1768639878.9630125,388740,0.0,140.58,-0.01,65.0,250.0
1768639878.988216,388760,0.0,140.58,-0.11,65.0,250.0
1768639879.0033932,388780,0.0,140.58,0.06,65.0,250.0
1768639879.0237894,388800,0.0,140.58,-0.08,65.0,250.0
1768639879.0391397,388820,0.0,140.58,-0.01,65.0,250.0
1768639879.0765798,388840,0.0,140.58,0.03,65.0,250.0
1768639879.0947142,388860,0.0,140.58,-0.01,65.0,250.0
1768639879.100584,388880,0.0,140.58,-0.04,65.0,250.0
1768639879.1156912,388900,0.0,140.58,-0.01,65.0,250.0
1768639879.1509485,388920,0.0,140.58,-0.01,65.0,250.0
1768639879.1660924,388940,0.0,140.58,-0.01,65.0,250.0
1768639879.1881144,388960,0.0,140.58,0.1,65.0,250.0
1768639879.197777,388980,0.0,140.58,0.03,65.0,250.0
1768639879.228089,389000,0.0,140.58,-0.01,65.0,250.0
1768639879.24325,389020,0.0,140.58,-0.01,65.0,250.0
1768639879.2730362,389040,0.0,140.58,0.06,65.0,250.0
1768639879.2853067,389060,0.0,140.58,-0.04,65.0,250.0
1768639879.3002698,389080,0.0,140.58,0.11,65.0,250.0
1768639879.3251417,389100,0.0,140.58,-0.01,65.0,250.0
1768639879.3408036,389120,0.0,140.58,-0.12,65.0,250.0
1768639879.355718,389140,0.0,140.58,0.13,65.0,250.0
1768639879.375726,389160,0.0,140.58,-0.01,65.0,250.0
1768639879.4116595,389180,0.0,140.58,0.13,65.0,250.0
1768639879.421556,389200,0.0,140.58,0.06,65.0,250.0
1768639879.4369972,389220,0.0,140.58,-0.01,65.0,250.0
1768639879.4520373,389240,0.0,140.58,-0.01,65.0,250.0
1768639879.5075026,389260,0.0,140.58,0.06,65.0,250.0
1768639879.5090232,389280,0.0,140.58,-0.08,65.0,250.0
1768639879.5245051,389300,0.0,140.58,-0.01,65.0,250.0
1768639879.5342977,389320,0.0,140.58,-0.15,65.0,250.0
1768639879.5643945,389340,0.0,140.58,0.06,65.0,250.0
1768639879.5797126,389360,0.0,140.58,-0.15,65.0,250.0
1768639879.600189,389380,0.0,140.58,-0.08,65.0,250.0
1768639879.6150777,389400,0.0,140.58,-0.11,65.0,250.0
1768639879.6462884,389420,0.0,140.58,-0.08,65.0,250.0
1768639879.6616263,389440,0.0,140.58,-0.08,65.0,250.0
1768639879.6768198,389460,0.0,140.58,0.08,65.0,250.0
1768639879.6919868,389480,0.0,140.58,-0.01,65.0,250.0
1768639879.7351015,389500,0.0,140.58,0.16,65.0,250.0
1768639879.7698376,389520,0.0,140.58,-0.08,65.0,250.0
1768639879.7711012,389540,0.0,140.58,-0.01,65.0,250.0
1768639879.7727468,389560,0.0,140.58,-0.01,65.0,250.0
1768639879.808412,389580,0.0,140.58,-0.01,65.0,250.0
1768639879.8235621,389600,0.0,140.58,-0.01,65.0,250.0
1768639879.8447597,389620,0.0,140.58,0.03,65.0,250.0
1768639879.8547952,389640,0.0,140.58,-0.08,65.0,250.0
1768639879.8850644,389660,0.0,140.58,0.13,65.0,250.0
1768639879.9003901,389680,0.0,140.58,-0.08,65.0,250.0
1768639879.9207926,389700,0.0,140.58,-0.11,65.0,250.0
1768639879.935679,389720,0.0,140.58,-0.01,65.0,250.0
1768639879.9667425,389740,0.0,140.58,-0.01,65.0,250.0
1768639880.0062883,389760,0.0,140.58,-0.08,65.0,250.0
1768639880.0074265,389780,0.0,140.58,-0.08,65.0,250.0
1768639880.012467,389800,0.0,140.58,0.06,65.0,250.0
1768639880.047403,389820,0.0,140.58,0.06,65.0,250.0
1768639880.0689154,389840,0.0,140.58,-0.08,65.0,250.0
1768639880.0788963,389860,0.0,140.58,0.02,65.0,250.0
1768639880.0940456,389880,0.0,140.58,0.06,65.0,250.0
1768639880.1243973,389900,0.0,140.58,-0.08,65.0,250.0
1768639880.1447434,389920,0.0,140.58,0.06,65.0,250.0
1768639880.1598883,389940,0.0,140.58,-0.01,65.0,250.0
1768639880.1911075,389960,0.0,140.58,-0.11,65.0,250.0
1768639880.2056293,389980,0.0,140.58,-0.08,65.0,250.0
1768639880.2211905,390000,0.0,140.58,-0.04,65.0,250.0
1768639880.2414374,390020,0.0,140.58,0.03,65.0,250.0
1768639880.2565248,390040,0.0,140.58,-0.08,65.0,250.0
1768639880.2930968,390060,0.0,140.58,-0.11,65.0,250.0
1768639880.3034904,390080,0.0,140.58,-0.01,65.0,250.0
1768639880.3187377,390100,0.0,140.58,-0.01,65.0,250.0
1768639880.3338325,390120,0.0,140.58,-0.15,65.0,250.0
1768639880.3690348,390140,0.0,140.58,-0.08,65.0,250.0
1768639880.414649,390160,0.0,140.57,-0.08,65.0,250.0
1768639880.4158964,390180,0.0,140.57,-0.22,65.0,250.0
1768639880.4171584,390200,0.0,140.57,-0.08,65.0,250.0
1768639880.4456973,390220,0.0,140.57,-0.15,65.0,250.0
1768639880.4609478,390240,0.0,140.57,-0.01,65.0,250.0
1768639880.4812677,390260,0.0,140.57,-0.05,65.0,250.0
1768639880.496085,390280,0.0,140.57,0.06,65.0,250.0
1768639880.5274084,390300,0.0,140.57,0.02,65.0,250.0
1768639880.5426066,390320,0.0,140.57,-0.11,65.0,250.0
1768639880.5579078,390340,0.0,140.57,-0.01,65.0,250.0
1768639880.573216,390360,0.0,140.57,-0.05,65.0,250.0
1768639880.6145077,390380,0.0,140.57,0.06,65.0,250.0
1768639880.6293314,390400,0.0,140.57,0.13,65.0,250.0
1768639880.6398156,390420,0.0,140.57,-0.01,65.0,250.0
1768639880.6545749,390440,0.0,140.57,0.06,65.0,250.0
1768639880.6849728,390460,0.0,140.57,-0.01,65.0,250.0
1768639880.7054853,390480,0.0,140.57,-0.01,65.0,250.0
1768639880.720888,390500,0.0,140.57,-0.08,65.0,250.0
1768639880.7422078,390520,0.0,140.57,-0.08,65.0,250.0
1768639880.7666607,390540,0.0,140.57,0.03,65.0,250.0
1768639880.782223,390560,0.0,140.57,-0.03,65.0,250.0
1768639880.815279,390580,0.0,140.57,-0.08,65.0,250.0
1768639880.8199072,390600,0.0,140.57,-0.01,65.0,250.0
1768639880.8545046,390620,0.0,140.57,0.06,65.0,250.0
1768639880.8638425,390640,0.0,140.57,-0.08,65.0,250.0
1768639880.8790493,390660,0.0,140.57,0.06,65.0,250.0
1768639880.8939106,390680,0.0,140.57,0.06,65.0,250.0
1768639880.9292908,390700,0.0,140.57,-0.04,65.0,250.0
1768639880.944578,390720,0.0,140.57,-0.15,65.0,250.0
1768639880.9656563,390740,0.0,140.57,-0.01,65.0,250.0
1768639880.9761221,390760,0.0,140.57,-0.01,65.0,250.0
1768639881.0059423,390780,0.0,140.57,0.06,65.0,250.0
1768639881.0261543,390800,0.0,140.57,-0.01,65.0,250.0
1768639881.0410442,390820,0.0,140.57,0.06,65.0,250.0
1768639881.0575113,390840,0.0,140.57,-0.01,65.0,250.0
1768639881.0874286,390860,0.0,140.57,-0.01,65.0,250.0
1768639881.1026514,390880,0.0,140.57,0.06,65.0,250.0
1768639881.117837,390900,0.0,140.57,0.02,65.0,250.0
1768639881.1382697,390920,0.0,140.57,-0.01,65.0,250.0
1768639881.1682153,390940,0.0,140.57,-0.03,65.0,250.0
1768639881.1899574,390960,0.0,140.57,0.06,65.0,250.0
1768639881.2004216,390980,0.0,140.57,-0.08,65.0,250.0
1768639881.2154799,391000,0.0,140.57,-0.08,65.0,250.0
1768639881.2576098,391020,0.0,140.57,0.06,65.0,250.0
1768639881.270007,391040,0.0,140.57,-0.15,65.0,250.0
1768639881.2820187,391060,0.0,140.57,-0.01,65.0,250.0
1768639881.3021963,391080,0.0,140.57,-0.01,65.0,250.0
1768639881.327544,391100,0.0,140.57,-0.01,65.0,250.0
1768639881.3425326,391120,0.0,140.57,0.02,65.0,250.0
1768639881.3576782,391140,0.0,140.57,0.06,65.0,250.0
1768639881.3775606,391160,0.0,140.57,-0.03,65.0,250.0
1768639881.4144294,391180,0.0,140.57,-0.01,65.0,250.0
1768639881.4241073,391200,0.0,140.57,-0.01,65.0,250.0
1768639881.4395888,391220,0.0,140.57,-0.15,65.0,250.0
1768639881.4750907,391240,0.0,140.57,-0.08,65.0,250.0
1768639881.48985,391260,0.0,140.57,0.06,65.0,250.0
1768639881.505023,391280,0.0,140.57,-0.01,65.0,250.0
1768639881.5266206,391300,0.0,140.57,-0.01,65.0,250.0
1768639881.5367463,391320,0.0,140.57,-0.01,65.0,250.0
1768639881.5666292,391340,0.0,140.57,-0.01,65.0,250.0
1768639881.5821142,391360,0.0,140.57,-0.08,65.0,250.0
1768639881.6024497,391380,0.0,140.57,-0.08,65.0,250.0
1768639881.6175933,391400,0.0,140.57,-0.08,65.0,250.0
1768639881.6730678,391420,0.0,140.57,-0.04,65.0,250.0
1768639881.6753876,391440,0.0,140.57,0.06,65.0,250.0
1768639881.6787457,391460,0.0,140.57,0.06,65.0,250.0
1768639881.693902,391480,0.0,140.57,-0.08,65.0,250.0
1768639881.7292275,391500,0.0,140.57,-0.01,65.0,250.0
1768639881.7507396,391520,0.0,140.57,-0.04,65.0,250.0
1768639881.760871,391540,0.0,140.57,-0.01,65.0,250.0
1768639881.7756832,391560,0.0,140.57,-0.08,65.0,250.0
1768639881.8071675,391580,0.0,140.57,-0.01,65.0,250.0
1768639881.8260646,391600,0.0,140.57,-0.08,65.0,250.0
1768639881.8415825,391620,0.0,140.57,-0.01,65.0,250.0
1768639881.8687305,391640,0.0,140.57,-0.01,65.0,250.0
1768639881.8877354,391660,0.0,140.57,-0.08,65.0,250.0
1768639881.9029212,391680,0.0,140.56,-0.01,65.0,250.0
1768639881.9182117,391700,0.0,140.57,0.13,65.0,250.0
1768639881.9381256,391720,0.0,140.57,-0.01,65.0,250.0
1768639881.9738777,391740,0.0,140.57,-0.08,65.0,250.0
1768639881.9842887,391760,0.0,140.57,-0.08,65.0,250.0
1768639881.999476,391780,0.0,140.57,-0.01,65.0,250.0
1768639882.0146797,391800,0.0,140.57,0.03,65.0,250.0
1768639882.050325,391820,0.0,140.57,-0.06,65.0,250.0
1768639882.0709949,391840,0.0,140.57,0.02,65.0,250.0
1768639882.086924,391860,0.0,140.57,-0.04,65.0,250.0
1768639882.096691,391880,0.0,140.57,0.02,65.0,250.0
1768639882.1268487,391900,0.0,140.57,0.09,65.0,250.0
1768639882.1421428,391920,0.0,140.57,0.06,65.0,250.0
1768639882.1623173,391940,0.0,140.57,0.06,65.0,250.0
1768639882.17752,391960,0.0,140.57,-0.01,65.0,250.0
1768639882.2087767,391980,0.0,140.57,-0.01,65.0,250.0
1768639882.2237182,392000,0.0,140.57,-0.01,65.0,250.0
1768639882.2393217,392020,0.0,140.57,0.1,65.0,250.0
1768639882.2708135,392040,0.0,140.57,0.08,65.0,250.0
1768639882.289657,392060,0.0,140.57,-0.08,65.0,250.0
1768639882.3109426,392080,0.0,140.57,-0.04,65.0,250.0
1768639882.3209877,392100,0.0,140.57,-0.15,65.0,250.0
1768639882.336143,392120,0.0,140.57,-0.08,65.0,250.0
1768639882.3664691,392140,0.0,140.57,0.06,65.0,250.0
1768639882.3866875,392160,0.0,140.57,-0.01,65.0,250.0
1768639882.4019604,392180,0.0,140.57,-0.01,65.0,250.0
1768639882.4233449,392200,0.0,140.57,-0.08,65.0,250.0
1768639882.4563541,392220,0.0,140.57,-0.08,65.0,250.0
1768639882.4774716,392240,0.0,140.57,-0.01,65.0,250.0
1768639882.4787362,392260,0.0,140.57,-0.1,65.0,250.0
1768639882.498848,392280,0.0,140.57,0.06,65.0,250.0
1768639882.5350559,392300,0.0,140.57,-0.01,65.0,250.0
1768639882.545252,392320,0.0,140.57,-0.04,65.0,250.0
1768639882.5604846,392340,0.0,140.57,-0.08,65.0,250.0
1768639882.5758471,392360,0.0,140.57,-0.08,65.0,250.0
1768639882.610827,392380,0.0,140.57,-0.01,65.0,250.0
1768639882.6258144,392400,0.0,140.57,-0.01,65.0,250.0
1768639882.6529098,392420,0.0,140.57,-0.03,65.0,250.0
1768639882.663632,392440,0.0,140.57,0.03,65.0,250.0
1768639882.6873314,392460,0.0,140.57,-0.08,65.0,250.0
1768639882.7026641,392480,0.0,140.57,-0.01,65.0,250.0
1768639882.723296,392500,0.0,140.57,-0.05,65.0,250.0
1768639882.7380888,392520,0.0,140.57,-0.15,65.0,250.0
1768639882.769137,392540,0.0,140.57,-0.01,65.0,250.0
1768639882.7844872,392560,0.0,140.57,-0.08,65.0,250.0
1768639882.7995858,392580,0.0,140.57,-0.08,65.0,250.0
1768639882.8147514,392600,0.0,140.57,-0.01,65.0,250.0
1768639882.867941,392620,0.0,140.57,0.06,65.0,250.0
1768639882.8712955,392640,0.0,140.57,-0.2,65.0,250.0
1768639882.8815439,392660,0.0,140.57,-0.01,65.0,250.0
1768639882.8965604,392680,0.0,140.57,-0.15,65.0,250.0
1768639882.9268107,392700,0.0,140.57,-0.04,65.0,250.0
1768639882.947273,392720,0.0,140.57,-0.05,65.0,250.0
1768639882.9624753,392740,0.0,140.57,0.06,65.0,250.0
1768639882.9838943,392760,0.0,140.57,-0.01,65.0,250.0
1768639883.0084167,392780,0.0,140.57,-0.01,65.0,250.0
1768639883.0237992,392800,0.0,140.57,-0.08,65.0,250.0
1768639883.0701578,392820,0.0,140.57,-0.05,65.0,250.0
1768639883.0727355,392840,0.0,140.57,-0.04,65.0,250.0
1768639883.089127,392860,0.0,140.57,-0.01,65.0,250.0
1768639883.1043313,392880,0.0,140.57,-0.01,65.0,250.0
1768639883.119608,392900,0.0,140.57,-0.01,65.0,250.0
1768639883.140393,392920,0.0,140.57,-0.01,65.0,250.0
1768639883.1698036,392940,0.0,140.58,-0.04,65.0,250.0
1768639883.1916022,392960,0.0,140.57,-0.01,65.0,250.0
1768639883.2019207,392980,0.0,140.58,-0.01,65.0,250.0
1768639883.2169435,393000,0.0,140.58,0.06,65.0,250.0
1768639883.2718968,393020,0.0,140.58,0.02,65.0,250.0
1768639883.2734864,393040,0.0,140.58,-0.01,65.0,250.0
1768639883.2828286,393060,0.0,140.58,0.06,65.0,250.0
1768639883.3028152,393080,0.0,140.58,-0.08,65.0,250.0
1768639883.3285003,393100,0.0,140.58,-0.08,65.0,250.0
1768639883.3437295,393120,0.0,140.58,-0.15,65.0,250.0
1768639883.364094,393140,0.0,140.58,-0.01,65.0,250.0
1768639883.3793793,393160,0.0,140.58,0.13,65.0,250.0
1768639883.3946974,393180,0.0,140.58,0.03,65.0,250.0
1768639883.4260209,393200,0.0,140.58,-0.04,65.0,250.0
1768639883.4596882,393220,0.0,140.58,-0.01,65.0,250.0
1768639883.4605374,393240,0.0,140.58,-0.08,65.0,250.0
1768639883.4717622,393260,0.0,140.58,-0.01,65.0,250.0
1768639883.5068219,393280,0.0,140.58,0.06,65.0,250.0
1768639883.528346,393300,0.0,140.58,-0.1,65.0,250.0
1768639883.5384386,393320,0.0,140.58,0.06,65.0,250.0
1768639883.5536492,393340,0.0,140.58,-0.08,65.0,250.0
1768639883.583797,393360,0.0,140.58,-0.01,65.0,250.0
1768639883.6040576,393380,0.0,140.58,-0.08,65.0,250.0
1768639883.6486583,393400,0.0,140.58,0.06,65.0,250.0
1768639883.6501687,393420,0.0,140.58,-0.01,65.0,250.0
1768639883.6651447,393440,0.0,140.58,-0.08,65.0,250.0
1768639883.6803539,393460,0.0,140.58,0.06,65.0,250.0
1768639883.695549,393480,0.0,140.58,-0.08,65.0,250.0
1768639883.7162645,393500,0.0,140.58,-0.01,65.0,250.0
1768639883.7522824,393520,0.0,140.58,-0.13,65.0,250.0
1768639883.7624426,393540,0.0,140.58,0.03,65.0,250.0
1768639883.7776763,393560,0.0,140.58,0.06,65.0,250.0
1768639883.7923684,393580,0.0,140.58,-0.15,65.0,250.0
1768639883.8373992,393600,0.0,140.58,-0.02,65.0,250.0
1768639883.8432457,393620,0.0,140.58,-0.15,65.0,250.0
1768639883.8638484,393640,0.0,140.58,-0.05,65.0,250.0
1768639883.8738468,393660,0.0,140.58,-0.01,65.0,250.0
1768639883.9041061,393680,0.0,140.58,0.01,65.0,250.0
1768639883.9242887,393700,0.0,140.58,0.06,65.0,250.0
1768639883.9395814,393720,0.0,140.58,0.03,65.0,250.0
1768639883.954516,393740,0.0,140.58,-0.01,65.0,250.0
1768639883.9867592,393760,0.0,140.58,-0.01,65.0,250.0
1768639884.0018098,393780,0.0,140.58,-0.08,65.0,250.0
1768639884.0418339,393800,0.0,140.58,0.06,65.0,250.0
1768639884.043226,393820,0.0,140.58,-0.08,65.0,250.0
